{
    "fold_number": 5,
    "duration": 551.8191292285919,
    "primary_checkpoint": {
        "selection_metric": "joint_score",
        "epoch": 16,
        "joint_score": 0.5302917659282684,
        "loss": 1.1679959297180176,
        "time": 188.0588800907135,
        "task_metrics": {
            "next": {
                "accuracy": 0.4014017879962921,
                "f1": 0.3264778256416321
            },
            "category": {
                "accuracy": 0.7698185443878174,
                "f1": 0.7341057062149048
            }
        }
    },
    "diagnostic_best_epochs": {
        "next": {
            "epoch": 16,
            "time": 188.10654997825623,
            "metrics": {
                "accuracy": 0.4014017879962921,
                "accuracy_macro": 0.32255056500434875,
                "f1": 0.3264778256416321,
                "f1_weighted": 0.3915923237800598,
                "mrr": 0.6157501935958862,
                "top3_acc": 0.7897329330444336,
                "ndcg_3": 0.6287772059440613,
                "top5_acc": 0.9249857664108276,
                "ndcg_5": 0.6844456195831299,
                "loss": 1.6311219930648804
            },
            "accuracy": 0.4014017879962921,
            "f1": 0.3264778256416321
        },
        "category": {
            "epoch": 46,
            "time": 517.9401390552521,
            "metrics": {
                "accuracy": 0.7793696522712708,
                "accuracy_macro": 0.7576462030410767,
                "f1": 0.7648923397064209,
                "f1_weighted": 0.7788804769515991,
                "mrr": 0.8721404075622559,
                "top3_acc": 0.9684813618659973,
                "ndcg_3": 0.891933023929596,
                "top5_acc": 0.9914039969444275,
                "ndcg_5": 0.9015960097312927,
                "loss": 0.9148028492927551
            },
            "accuracy": 0.7793696522712708,
            "f1": 0.7648923397064209
        }
    }
}