{
    "fold_number": 1,
    "duration": 40.63848805427551,
    "primary_checkpoint": {
        "selection_metric": "joint_score",
        "epoch": 7,
        "joint_score": 0.5103308334946632,
        "loss": 1.0595189332962036,
        "time": 32.58911204338074,
        "task_metrics": {
            "next": {
                "accuracy": 0.38158929347991943,
                "f1": 0.24987275898456573
            },
            "category": {
                "accuracy": 0.8315364122390747,
                "f1": 0.7707889080047607
            }
        }
    },
    "diagnostic_best_epochs": {
        "next": {
            "epoch": 5,
            "time": 24.584585189819336,
            "metrics": {
                "accuracy": 0.37411487102508545,
                "accuracy_macro": 0.25071999430656433,
                "f1": 0.2574922442436218,
                "f1_weighted": 0.33909207582473755,
                "mrr": 0.6017580628395081,
                "top3_acc": 0.7942565083503723,
                "ndcg_3": 0.6195192337036133,
                "top5_acc": 0.9366640448570251,
                "ndcg_5": 0.6782820224761963,
                "loss": 1.5610851049423218
            },
            "accuracy": 0.37411487102508545,
            "f1": 0.2574922442436218
        },
        "category": {
            "epoch": 7,
            "time": 32.63834309577942,
            "metrics": {
                "accuracy": 0.8315364122390747,
                "accuracy_macro": 0.7633579969406128,
                "f1": 0.7707889080047607,
                "f1_weighted": 0.8310093879699707,
                "mrr": 0.9027659893035889,
                "top3_acc": 0.973045825958252,
                "ndcg_3": 0.9165840148925781,
                "top5_acc": 0.9959568977355957,
                "ndcg_5": 0.9260377883911133,
                "loss": 0.558332085609436
            },
            "accuracy": 0.8315364122390747,
            "f1": 0.7707889080047607
        }
    }
}