{
    "fold_number": 1,
    "duration": 48.72837829589844,
    "primary_checkpoint": {
        "selection_metric": "joint_score",
        "epoch": 9,
        "joint_score": 0.5151915848255157,
        "loss": 1.0712740421295166,
        "time": 48.03465914726257,
        "task_metrics": {
            "next": {
                "accuracy": 0.3713611364364624,
                "f1": 0.2610151171684265
            },
            "category": {
                "accuracy": 0.822102427482605,
                "f1": 0.769368052482605
            }
        }
    },
    "diagnostic_best_epochs": {
        "next": {
            "epoch": 7,
            "time": 38.98761200904846,
            "metrics": {
                "accuracy": 0.36900079250335693,
                "accuracy_macro": 0.25716593861579895,
                "f1": 0.2676231861114502,
                "f1_weighted": 0.34885597229003906,
                "mrr": 0.5981585383415222,
                "top3_acc": 0.7918961644172668,
                "ndcg_3": 0.6157304644584656,
                "top5_acc": 0.9339103102684021,
                "ndcg_5": 0.6745307445526123,
                "loss": 1.5567587614059448
            },
            "accuracy": 0.36900079250335693,
            "f1": 0.2676231861114502
        },
        "category": {
            "epoch": 9,
            "time": 48.08376407623291,
            "metrics": {
                "accuracy": 0.822102427482605,
                "accuracy_macro": 0.773391842842102,
                "f1": 0.769368052482605,
                "f1_weighted": 0.8229045271873474,
                "mrr": 0.8964991569519043,
                "top3_acc": 0.9663072824478149,
                "ndcg_3": 0.9093800783157349,
                "top5_acc": 0.9919137358665466,
                "ndcg_5": 0.9198175072669983,
                "loss": 0.5852099061012268
            },
            "accuracy": 0.822102427482605,
            "f1": 0.769368052482605
        }
    }
}