{
    "Community": {
        "precision": 0.507057546145494,
        "recall": 0.5772558714462299,
        "f1-score": 0.5398843930635838,
        "support": 809.0
    },
    "Entertainment": {
        "precision": 0.4485294117647059,
        "recall": 0.3730886850152905,
        "f1-score": 0.4073455759599332,
        "support": 327.0
    },
    "Food": {
        "precision": 0.5800106326422116,
        "recall": 0.5900486749594376,
        "f1-score": 0.5849865951742628,
        "support": 1849.0
    },
    "Nightlife": {
        "precision": 0.33004926108374383,
        "recall": 0.3850574712643678,
        "f1-score": 0.35543766578249336,
        "support": 174.0
    },
    "Outdoors": {
        "precision": 0.44556962025316454,
        "recall": 0.49025069637883006,
        "f1-score": 0.46684350132625996,
        "support": 359.0
    },
    "Shopping": {
        "precision": 0.6117775354416576,
        "recall": 0.5774575398867731,
        "f1-score": 0.5941223193010325,
        "support": 1943.0
    },
    "Travel": {
        "precision": 0.4810126582278481,
        "recall": 0.42105263157894735,
        "f1-score": 0.44903988183161003,
        "support": 361.0
    },
    "macro avg": {
        "precision": 0.4862866665084037,
        "recall": 0.4877445100756966,
        "f1-score": 0.4853799903484536,
        "support": 5822.0
    },
    "weighted avg": {
        "precision": 0.5511912947985338,
        "recall": 0.5491240123668842,
        "f1-score": 0.549215858187899,
        "support": 5822.0
    }
}