{
    "fold_number": 1,
    "duration": 51.55443811416626,
    "best_epochs": {
        "category": {
            "epoch": 14,
            "accuracy": 0.5595054095826894,
            "f1": 0.4833342239406657,
            "time": 16.643499851226807
        }
    }
}