{
    "model": {
        "joint_score": {
            "mean": 0.5033607333898544,
            "std": 0,
            "min": 0.5033607333898544,
            "max": 0.5033607333898544
        },
        "loss": {
            "mean": 1.1121833324432373,
            "std": 0,
            "min": 1.1121833324432373,
            "max": 1.1121833324432373
        }
    },
    "next": {
        "accuracy": {
            "mean": 0.40291720628738403,
            "std": 0,
            "min": 0.40291720628738403,
            "max": 0.40291720628738403
        },
        "accuracy_macro": {
            "mean": 0.30872002243995667,
            "std": 0,
            "min": 0.30872002243995667,
            "max": 0.30872002243995667
        },
        "f1": {
            "mean": 0.30849453806877136,
            "std": 0,
            "min": 0.30849453806877136,
            "max": 0.30849453806877136
        },
        "f1_weighted": {
            "mean": 0.38705241680145264,
            "std": 0,
            "min": 0.38705241680145264,
            "max": 0.38705241680145264
        },
        "mrr": {
            "mean": 0.6212819814682007,
            "std": 0,
            "min": 0.6212819814682007,
            "max": 0.6212819814682007
        },
        "top3_acc": {
            "mean": 0.8046978712081909,
            "std": 0,
            "min": 0.8046978712081909,
            "max": 0.8046978712081909
        },
        "ndcg_3": {
            "mean": 0.6388730406761169,
            "std": 0,
            "min": 0.6388730406761169,
            "max": 0.6388730406761169
        },
        "top5_acc": {
            "mean": 0.928963840007782,
            "std": 0,
            "min": 0.928963840007782,
            "max": 0.928963840007782
        },
        "ndcg_5": {
            "mean": 0.6903493404388428,
            "std": 0,
            "min": 0.6903493404388428,
            "max": 0.6903493404388428
        },
        "loss": {
            "mean": 1.5471839904785156,
            "std": 0,
            "min": 1.5471839904785156,
            "max": 1.5471839904785156
        }
    },
    "category": {
        "accuracy": {
            "mean": 0.7643478512763977,
            "std": 0,
            "min": 0.7643478512763977,
            "max": 0.7643478512763977
        },
        "accuracy_macro": {
            "mean": 0.7247017621994019,
            "std": 0,
            "min": 0.7247017621994019,
            "max": 0.7247017621994019
        },
        "f1": {
            "mean": 0.6982269287109375,
            "std": 0,
            "min": 0.6982269287109375,
            "max": 0.6982269287109375
        },
        "f1_weighted": {
            "mean": 0.7675503492355347,
            "std": 0,
            "min": 0.7675503492355347,
            "max": 0.7675503492355347
        },
        "mrr": {
            "mean": 0.8640020489692688,
            "std": 0,
            "min": 0.8640020489692688,
            "max": 0.8640020489692688
        },
        "top3_acc": {
            "mean": 0.9626086950302124,
            "std": 0,
            "min": 0.9626086950302124,
            "max": 0.9626086950302124
        },
        "ndcg_3": {
            "mean": 0.883402407169342,
            "std": 0,
            "min": 0.883402407169342,
            "max": 0.883402407169342
        },
        "top5_acc": {
            "mean": 0.9930434823036194,
            "std": 0,
            "min": 0.9930434823036194,
            "max": 0.9930434823036194
        },
        "ndcg_5": {
            "mean": 0.8960525989532471,
            "std": 0,
            "min": 0.8960525989532471,
            "max": 0.8960525989532471
        },
        "loss": {
            "mean": 0.6771827340126038,
            "std": 0,
            "min": 0.6771827340126038,
            "max": 0.6771827340126038
        }
    },
    "_selection": {
        "primary": "joint_score",
        "diagnostic_task_best": "per-task best validation f1"
    },
    "diagnostic_task_best": {
        "next": {
            "accuracy": {
                "mean": 0.40291720628738403,
                "std": 0,
                "min": 0.40291720628738403,
                "max": 0.40291720628738403
            },
            "accuracy_macro": {
                "mean": 0.30872002243995667,
                "std": 0,
                "min": 0.30872002243995667,
                "max": 0.30872002243995667
            },
            "f1": {
                "mean": 0.30849453806877136,
                "std": 0,
                "min": 0.30849453806877136,
                "max": 0.30849453806877136
            },
            "f1_weighted": {
                "mean": 0.38705241680145264,
                "std": 0,
                "min": 0.38705241680145264,
                "max": 0.38705241680145264
            },
            "mrr": {
                "mean": 0.6212819814682007,
                "std": 0,
                "min": 0.6212819814682007,
                "max": 0.6212819814682007
            },
            "top3_acc": {
                "mean": 0.8046978712081909,
                "std": 0,
                "min": 0.8046978712081909,
                "max": 0.8046978712081909
            },
            "ndcg_3": {
                "mean": 0.6388730406761169,
                "std": 0,
                "min": 0.6388730406761169,
                "max": 0.6388730406761169
            },
            "top5_acc": {
                "mean": 0.928963840007782,
                "std": 0,
                "min": 0.928963840007782,
                "max": 0.928963840007782
            },
            "ndcg_5": {
                "mean": 0.6903493404388428,
                "std": 0,
                "min": 0.6903493404388428,
                "max": 0.6903493404388428
            },
            "loss": {
                "mean": 1.5471839904785156,
                "std": 0,
                "min": 1.5471839904785156,
                "max": 1.5471839904785156
            }
        },
        "category": {
            "accuracy": {
                "mean": 0.7643478512763977,
                "std": 0,
                "min": 0.7643478512763977,
                "max": 0.7643478512763977
            },
            "accuracy_macro": {
                "mean": 0.7247017621994019,
                "std": 0,
                "min": 0.7247017621994019,
                "max": 0.7247017621994019
            },
            "f1": {
                "mean": 0.6982269287109375,
                "std": 0,
                "min": 0.6982269287109375,
                "max": 0.6982269287109375
            },
            "f1_weighted": {
                "mean": 0.7675503492355347,
                "std": 0,
                "min": 0.7675503492355347,
                "max": 0.7675503492355347
            },
            "mrr": {
                "mean": 0.8640020489692688,
                "std": 0,
                "min": 0.8640020489692688,
                "max": 0.8640020489692688
            },
            "top3_acc": {
                "mean": 0.9626086950302124,
                "std": 0,
                "min": 0.9626086950302124,
                "max": 0.9626086950302124
            },
            "ndcg_3": {
                "mean": 0.883402407169342,
                "std": 0,
                "min": 0.883402407169342,
                "max": 0.883402407169342
            },
            "top5_acc": {
                "mean": 0.9930434823036194,
                "std": 0,
                "min": 0.9930434823036194,
                "max": 0.9930434823036194
            },
            "ndcg_5": {
                "mean": 0.8960525989532471,
                "std": 0,
                "min": 0.8960525989532471,
                "max": 0.8960525989532471
            },
            "loss": {
                "mean": 0.6771827340126038,
                "std": 0,
                "min": 0.6771827340126038,
                "max": 0.6771827340126038
            }
        }
    }
}