{
    "fold_number": 1,
    "duration": 473.71034121513367,
    "primary_checkpoint": {
        "selection_metric": "joint_score",
        "epoch": 19,
        "joint_score": 0.5594103932380676,
        "loss": 1.1141108274459839,
        "time": 184.18460416793823,
        "task_metrics": {
            "next": {
                "accuracy": 0.35444530844688416,
                "f1": 0.2771596908569336
            },
            "category": {
                "accuracy": 0.8584905862808228,
                "f1": 0.8416610956192017
            }
        }
    },
    "diagnostic_best_epochs": {
        "next": {
            "epoch": 12,
            "time": 119.95656228065491,
            "metrics": {
                "accuracy": 0.3713611364364624,
                "accuracy_macro": 0.26691266894340515,
                "f1": 0.28332191705703735,
                "f1_weighted": 0.35353538393974304,
                "mrr": 0.5976415276527405,
                "top3_acc": 0.7769472599029541,
                "ndcg_3": 0.6091786623001099,
                "top5_acc": 0.9307631850242615,
                "ndcg_5": 0.6728548407554626,
                "loss": 1.6219398975372314
            },
            "accuracy": 0.3713611364364624,
            "f1": 0.28332191705703735
        },
        "category": {
            "epoch": 27,
            "time": 258.69875717163086,
            "metrics": {
                "accuracy": 0.8611859679222107,
                "accuracy_macro": 0.8393992781639099,
                "f1": 0.844927191734314,
                "f1_weighted": 0.8614996075630188,
                "mrr": 0.9189963340759277,
                "top3_acc": 0.9743935465812683,
                "ndcg_3": 0.9292594194412231,
                "top5_acc": 0.993261456489563,
                "ndcg_5": 0.9371491074562073,
                "loss": 0.5544959902763367
            },
            "accuracy": 0.8611859679222107,
            "f1": 0.844927191734314
        }
    }
}