{
    "fold_number": 2,
    "duration": 525.7672719955444,
    "primary_checkpoint": {
        "selection_metric": "joint_score",
        "epoch": 23,
        "joint_score": 0.5622253566980362,
        "loss": 1.2024867534637451,
        "time": 250.79615807533264,
        "task_metrics": {
            "next": {
                "accuracy": 0.3619197607040405,
                "f1": 0.2837198078632355
            },
            "category": {
                "accuracy": 0.8591022491455078,
                "f1": 0.8407309055328369
            }
        }
    },
    "diagnostic_best_epochs": {
        "next": {
            "epoch": 13,
            "time": 146.07059693336487,
            "metrics": {
                "accuracy": 0.389457106590271,
                "accuracy_macro": 0.28806272149086,
                "f1": 0.294347882270813,
                "f1_weighted": 0.37517914175987244,
                "mrr": 0.6088747382164001,
                "top3_acc": 0.7974036335945129,
                "ndcg_3": 0.6262915730476379,
                "top5_acc": 0.9319433569908142,
                "ndcg_5": 0.681803822517395,
                "loss": 1.6043169498443604
            },
            "accuracy": 0.389457106590271,
            "f1": 0.294347882270813
        },
        "category": {
            "epoch": 26,
            "time": 282.6556580066681,
            "metrics": {
                "accuracy": 0.8591022491455078,
                "accuracy_macro": 0.8305248022079468,
                "f1": 0.8478150367736816,
                "f1_weighted": 0.8588907122612,
                "mrr": 0.9144964218139648,
                "top3_acc": 0.9688279032707214,
                "ndcg_3": 0.923270583152771,
                "top5_acc": 0.9950124621391296,
                "ndcg_5": 0.9342197775840759,
                "loss": 0.5466765761375427
            },
            "accuracy": 0.8591022491455078,
            "f1": 0.8478150367736816
        }
    }
}