{
    "fold_number": 1,
    "duration": 48.734782218933105,
    "primary_checkpoint": {
        "selection_metric": "joint_score",
        "epoch": 8,
        "joint_score": 0.5092452168464661,
        "loss": 1.1104421615600586,
        "time": 43.69928503036499,
        "task_metrics": {
            "category": {
                "accuracy": 0.7704347968101501,
                "f1": 0.7084059715270996
            },
            "next": {
                "accuracy": 0.3877628445625305,
                "f1": 0.3100844621658325
            }
        }
    },
    "diagnostic_best_epochs": {
        "category": {
            "epoch": 8,
            "time": 43.75756883621216,
            "metrics": {
                "accuracy": 0.7704347968101501,
                "accuracy_macro": 0.7369399070739746,
                "f1": 0.7084059715270996,
                "f1_weighted": 0.7738562822341919,
                "mrr": 0.8671759963035583,
                "top3_acc": 0.9582608938217163,
                "ndcg_3": 0.8837026953697205,
                "top5_acc": 0.9965217709541321,
                "ndcg_5": 0.8996471762657166,
                "loss": 0.6717240810394287
            },
            "accuracy": 0.7704347968101501,
            "f1": 0.7084059715270996
        },
        "next": {
            "epoch": 8,
            "time": 43.73539733886719,
            "metrics": {
                "accuracy": 0.3877628445625305,
                "accuracy_macro": 0.3040919005870819,
                "f1": 0.3100844621658325,
                "f1_weighted": 0.37616807222366333,
                "mrr": 0.6143949031829834,
                "top3_acc": 0.8092441558837891,
                "ndcg_3": 0.6358170509338379,
                "top5_acc": 0.9306687116622925,
                "ndcg_5": 0.6859478950500488,
                "loss": 1.549160122871399
            },
            "accuracy": 0.3877628445625305,
            "f1": 0.3100844621658325
        }
    }
}