{
    "next": {
        "loss": {
            "mean": 2.1743356371723737,
            "std": 0.5349947765224243,
            "min": 1.7549498503270062,
            "max": 2.902152048706727
        },
        "accuracy": {
            "mean": 0.31135430932044983,
            "std": 0.004858655192711381,
            "min": 0.30448466539382935,
            "max": 0.31667977571487427
        },
        "accuracy_macro": {
            "mean": 0.3122231841087341,
            "std": 0.013371803259949164,
            "min": 0.2967124581336975,
            "max": 0.3299643397331238
        },
        "f1": {
            "mean": 0.2741787374019623,
            "std": 0.007555944170588992,
            "min": 0.26523882150650024,
            "max": 0.28366339206695557
        },
        "f1_weighted": {
            "mean": 0.31479449272155763,
            "std": 0.007322619807552669,
            "min": 0.30874502658843994,
            "max": 0.32562530040740967
        },
        "mrr": {
            "mean": 0.5544377326965332,
            "std": 0.003937968769541559,
            "min": 0.5504608750343323,
            "max": 0.558631181716919
        },
        "top3_acc": {
            "mean": 0.7548968315124511,
            "std": 0.017517492308970442,
            "min": 0.7386855483055115,
            "max": 0.7832415699958801
        },
        "ndcg_3": {
            "mean": 0.5678436040878296,
            "std": 0.00913273729263668,
            "min": 0.5590027570724487,
            "max": 0.5827087759971619
        },
        "top5_acc": {
            "mean": 0.9254857659339905,
            "std": 0.004711468048924651,
            "min": 0.9193548560142517,
            "max": 0.9323367476463318
        },
        "ndcg_5": {
            "mean": 0.6383398175239563,
            "std": 0.0043745002802099645,
            "min": 0.635107696056366,
            "max": 0.6438499093055725
        }
    }
}