{
    "fold_number": 2,
    "duration": 130.32490921020508,
    "best_epochs": {
        "category": {
            "epoch": 26,
            "accuracy": 0.5425032037590773,
            "f1": 0.47354740230767145,
            "time": 78.73861026763916
        },
        "next": {
            "epoch": 16,
            "accuracy": 0.31006160164271046,
            "f1": 0.2656867667440279,
            "time": 54.30443215370178
        }
    }
}