{
    "Community": {
        "precision": 0.5444126074498568,
        "recall": 0.5413105413105413,
        "f1-score": 0.5428571428571428,
        "support": 351.0
    },
    "Entertainment": {
        "precision": 0.47651006711409394,
        "recall": 0.46710526315789475,
        "f1-score": 0.4717607973421927,
        "support": 152.0
    },
    "Food": {
        "precision": 0.5926892950391645,
        "recall": 0.5958005249343832,
        "f1-score": 0.5942408376963351,
        "support": 762.0
    },
    "Nightlife": {
        "precision": 0.38461538461538464,
        "recall": 0.25862068965517243,
        "f1-score": 0.30927835051546393,
        "support": 58.0
    },
    "Outdoors": {
        "precision": 0.42105263157894735,
        "recall": 0.3888888888888889,
        "f1-score": 0.4043321299638989,
        "support": 144.0
    },
    "Shopping": {
        "precision": 0.5693606755126659,
        "recall": 0.6430517711171662,
        "f1-score": 0.6039667306461932,
        "support": 734.0
    },
    "Travel": {
        "precision": 0.38961038961038963,
        "recall": 0.2127659574468085,
        "f1-score": 0.27522935779816515,
        "support": 141.0
    },
    "macro avg": {
        "precision": 0.4826072929886432,
        "recall": 0.44393480521583656,
        "f1-score": 0.4573807638313417,
        "support": 2342.0
    },
    "weighted avg": {
        "precision": 0.5426697994246403,
        "recall": 0.5499573014517506,
        "f1-score": 0.5436989357181995,
        "support": 2342.0
    }
}