{
    "Community": {
        "precision": 0.33030852994555354,
        "recall": 0.41647597254004576,
        "f1-score": 0.3684210526315789,
        "support": 437.0
    },
    "Entertainment": {
        "precision": 0.17054263565891473,
        "recall": 0.1476510067114094,
        "f1-score": 0.15827338129496402,
        "support": 149.0
    },
    "Food": {
        "precision": 0.4834307992202729,
        "recall": 0.2962962962962963,
        "f1-score": 0.3674074074074074,
        "support": 837.0
    },
    "Nightlife": {
        "precision": 0.1848341232227488,
        "recall": 0.4431818181818182,
        "f1-score": 0.2608695652173913,
        "support": 88.0
    },
    "Outdoors": {
        "precision": 0.18333333333333332,
        "recall": 0.08461538461538462,
        "f1-score": 0.11578947368421053,
        "support": 130.0
    },
    "Shopping": {
        "precision": 0.39313572542901715,
        "recall": 0.39313572542901715,
        "f1-score": 0.39313572542901715,
        "support": 641.0
    },
    "Travel": {
        "precision": 0.19090909090909092,
        "recall": 0.4117647058823529,
        "f1-score": 0.2608695652173913,
        "support": 153.0
    },
    "macro avg": {
        "precision": 0.2766420339598473,
        "recall": 0.3133029870937606,
        "f1-score": 0.2749665958402801,
        "support": 2435.0
    },
    "weighted avg": {
        "precision": 0.36784192457198345,
        "recall": 0.33552361396303904,
        "f1-score": 0.33758724049662764,
        "support": 2435.0
    }
}