{
    "fold_number": 5,
    "duration": 253.71089482307434,
    "primary_checkpoint": {
        "selection_metric": "joint_score",
        "epoch": 24,
        "joint_score": 0.5522707402706146,
        "loss": 1.17305588722229,
        "time": 128.02141189575195,
        "task_metrics": {
            "category": {
                "accuracy": 0.8388278484344482,
                "f1": 0.8229619264602661
            },
            "next": {
                "accuracy": 0.3439590632915497,
                "f1": 0.28157955408096313
            }
        }
    },
    "diagnostic_best_epochs": {
        "category": {
            "epoch": 46,
            "time": 238.5210268497467,
            "metrics": {
                "accuracy": 0.8339438438415527,
                "accuracy_macro": 0.8204013109207153,
                "f1": 0.8244761824607849,
                "f1_weighted": 0.8338934183120728,
                "mrr": 0.9023140668869019,
                "top3_acc": 0.9658119678497314,
                "ndcg_3": 0.9133066534996033,
                "top5_acc": 0.9877899885177612,
                "ndcg_5": 0.9226649403572083,
                "loss": 0.6852788329124451
            },
            "accuracy": 0.8339438438415527,
            "f1": 0.8244761824607849
        },
        "next": {
            "epoch": 18,
            "time": 97.76472973823547,
            "metrics": {
                "accuracy": 0.3581267297267914,
                "accuracy_macro": 0.30035972595214844,
                "f1": 0.2937330901622772,
                "f1_weighted": 0.3533421456813812,
                "mrr": 0.5841681957244873,
                "top3_acc": 0.7662337422370911,
                "ndcg_3": 0.594642162322998,
                "top5_acc": 0.9295552968978882,
                "ndcg_5": 0.6620661616325378,
                "loss": 1.6795082092285156
            },
            "accuracy": 0.3581267297267914,
            "f1": 0.2937330901622772
        }
    }
}