{
    "fold_number": 1,
    "duration": 250.28969812393188,
    "primary_checkpoint": {
        "selection_metric": "joint_score",
        "epoch": 40,
        "joint_score": 0.557631641626358,
        "loss": 1.2829043865203857,
        "time": 207.14917397499084,
        "task_metrics": {
            "category": {
                "accuracy": 0.8679245114326477,
                "f1": 0.8491153120994568
            },
            "next": {
                "accuracy": 0.34028324484825134,
                "f1": 0.2661479711532593
            }
        }
    },
    "diagnostic_best_epochs": {
        "category": {
            "epoch": 34,
            "time": 178.29274320602417,
            "metrics": {
                "accuracy": 0.8692722320556641,
                "accuracy_macro": 0.8461050987243652,
                "f1": 0.8546229600906372,
                "f1_weighted": 0.8695324659347534,
                "mrr": 0.9237549901008606,
                "top3_acc": 0.979784369468689,
                "ndcg_3": 0.9349391460418701,
                "top5_acc": 0.9973045587539673,
                "ndcg_5": 0.9421303868293762,
                "loss": 0.5105871558189392
            },
            "accuracy": 0.8692722320556641,
            "f1": 0.8546229600906372
        },
        "next": {
            "epoch": 13,
            "time": 72.6910891532898,
            "metrics": {
                "accuracy": 0.3784421682357788,
                "accuracy_macro": 0.2732175290584564,
                "f1": 0.27993157505989075,
                "f1_weighted": 0.35799404978752136,
                "mrr": 0.6048818230628967,
                "top3_acc": 0.7977970242500305,
                "ndcg_3": 0.6231955289840698,
                "top5_acc": 0.938630998134613,
                "ndcg_5": 0.6811944842338562,
                "loss": 1.5714099407196045
            },
            "accuracy": 0.3784421682357788,
            "f1": 0.27993157505989075
        }
    }
}