{
    "fold_number": 3,
    "duration": 18.080002069473267,
    "primary_checkpoint": {
        "selection_metric": "joint_score",
        "epoch": 43,
        "joint_score": 0.2732154242694378,
        "loss": 4.09553861618042,
        "time": 15.880746603012085,
        "task_metrics": {
            "next_region": {
                "accuracy": 0.26868608593940735,
                "f1": 0.10389208048582077
            },
            "next_category": {
                "accuracy": 0.4602675139904022,
                "f1": 0.4425387680530548
            }
        }
    },
    "diagnostic_best_epochs": {
        "next_region": {
            "epoch": 27,
            "time": 10.221206188201904,
            "metrics": {
                "accuracy": 0.2804878056049347,
                "accuracy_macro": 0.12654475791781555,
                "f1": 0.10880026966333389,
                "f1_weighted": 0.2629820704460144,
                "mrr": 0.3509584367275238,
                "top3_acc": 0.38276946544647217,
                "ndcg_3": 0.33909711241722107,
                "top5_acc": 0.43312352895736694,
                "ndcg_5": 0.35988694429397583,
                "loss": 6.240823268890381,
                "n_indist": 2467.0,
                "n_ood": 75.0,
                "ood_fraction": 0.029504327301337528,
                "top1_acc_indist": 0.289014995098114,
                "top5_acc_indist": 0.4462910592556,
                "top10_acc_indist": 0.5066882967948914,
                "mrr_indist": 0.36159512400627136
            },
            "accuracy": 0.2804878056049347,
            "f1": 0.10880026966333389,
            "per_metric_best": {
                "top10_acc_indist": {
                    "epoch": 8,
                    "best_value": 0.5245237350463867,
                    "metrics": {
                        "accuracy": 0.27380016446113586,
                        "accuracy_macro": 0.12717613571870304,
                        "f1": 0.10474430024623871,
                        "f1_weighted": 0.2499559372663498,
                        "mrr": 0.3529995083808899,
                        "top3_acc": 0.39693155884742737,
                        "ndcg_3": 0.3440704643726349,
                        "top5_acc": 0.45436665415763855,
                        "ndcg_5": 0.36790695786476135,
                        "loss": 6.519291877746582,
                        "n_indist": 2467.0,
                        "n_ood": 75.0,
                        "ood_fraction": 0.029504327301337528,
                        "top1_acc_indist": 0.28212404251098633,
                        "top5_acc_indist": 0.46818000078201294,
                        "top10_acc_indist": 0.5245237350463867,
                        "mrr_indist": 0.36369815468788147
                    }
                },
                "top5_acc_indist": {
                    "epoch": 8,
                    "best_value": 0.46818000078201294,
                    "metrics": {
                        "accuracy": 0.27380016446113586,
                        "accuracy_macro": 0.12717613571870304,
                        "f1": 0.10474430024623871,
                        "f1_weighted": 0.2499559372663498,
                        "mrr": 0.3529995083808899,
                        "top3_acc": 0.39693155884742737,
                        "ndcg_3": 0.3440704643726349,
                        "top5_acc": 0.45436665415763855,
                        "ndcg_5": 0.36790695786476135,
                        "loss": 6.519291877746582,
                        "n_indist": 2467.0,
                        "n_ood": 75.0,
                        "ood_fraction": 0.029504327301337528,
                        "top1_acc_indist": 0.28212404251098633,
                        "top5_acc_indist": 0.46818000078201294,
                        "top10_acc_indist": 0.5245237350463867,
                        "mrr_indist": 0.36369815468788147
                    }
                },
                "mrr_indist": {
                    "epoch": 17,
                    "best_value": 0.36560213565826416,
                    "metrics": {
                        "accuracy": 0.2789142429828644,
                        "accuracy_macro": 0.12745377927007315,
                        "f1": 0.1057334914803505,
                        "f1_weighted": 0.25734269618988037,
                        "mrr": 0.35484740138053894,
                        "top3_acc": 0.3886703550815582,
                        "ndcg_3": 0.34306350350379944,
                        "top5_acc": 0.44531863927841187,
                        "ndcg_5": 0.3662537634372711,
                        "loss": 6.366966247558594,
                        "n_indist": 2467.0,
                        "n_ood": 75.0,
                        "ood_fraction": 0.029504327301337528,
                        "top1_acc_indist": 0.28739359974861145,
                        "top5_acc_indist": 0.4588569402694702,
                        "top10_acc_indist": 0.5188488364219666,
                        "mrr_indist": 0.36560213565826416
                    }
                },
                "top5_acc": {
                    "epoch": 8,
                    "best_value": 0.45436665415763855,
                    "metrics": {
                        "accuracy": 0.27380016446113586,
                        "accuracy_macro": 0.12717613571870304,
                        "f1": 0.10474430024623871,
                        "f1_weighted": 0.2499559372663498,
                        "mrr": 0.3529995083808899,
                        "top3_acc": 0.39693155884742737,
                        "ndcg_3": 0.3440704643726349,
                        "top5_acc": 0.45436665415763855,
                        "ndcg_5": 0.36790695786476135,
                        "loss": 6.519291877746582,
                        "n_indist": 2467.0,
                        "n_ood": 75.0,
                        "ood_fraction": 0.029504327301337528,
                        "top1_acc_indist": 0.28212404251098633,
                        "top5_acc_indist": 0.46818000078201294,
                        "top10_acc_indist": 0.5245237350463867,
                        "mrr_indist": 0.36369815468788147
                    }
                },
                "top3_acc": {
                    "epoch": 8,
                    "best_value": 0.39693155884742737,
                    "metrics": {
                        "accuracy": 0.27380016446113586,
                        "accuracy_macro": 0.12717613571870304,
                        "f1": 0.10474430024623871,
                        "f1_weighted": 0.2499559372663498,
                        "mrr": 0.3529995083808899,
                        "top3_acc": 0.39693155884742737,
                        "ndcg_3": 0.3440704643726349,
                        "top5_acc": 0.45436665415763855,
                        "ndcg_5": 0.36790695786476135,
                        "loss": 6.519291877746582,
                        "n_indist": 2467.0,
                        "n_ood": 75.0,
                        "ood_fraction": 0.029504327301337528,
                        "top1_acc_indist": 0.28212404251098633,
                        "top5_acc_indist": 0.46818000078201294,
                        "top10_acc_indist": 0.5245237350463867,
                        "mrr_indist": 0.36369815468788147
                    }
                },
                "mrr": {
                    "epoch": 17,
                    "best_value": 0.35484740138053894,
                    "metrics": {
                        "accuracy": 0.2789142429828644,
                        "accuracy_macro": 0.12745377927007315,
                        "f1": 0.1057334914803505,
                        "f1_weighted": 0.25734269618988037,
                        "mrr": 0.35484740138053894,
                        "top3_acc": 0.3886703550815582,
                        "ndcg_3": 0.34306350350379944,
                        "top5_acc": 0.44531863927841187,