{
    "Community": {
        "precision": 0.4326923076923077,
        "recall": 0.5125284738041003,
        "f1-score": 0.4692387904066736,
        "support": 439.0
    },
    "Entertainment": {
        "precision": 0.32989690721649484,
        "recall": 0.5748502994011976,
        "f1-score": 0.4192139737991266,
        "support": 167.0
    },
    "Food": {
        "precision": 0.6215277777777778,
        "recall": 0.20598388952819333,
        "f1-score": 0.3094209161624892,
        "support": 869.0
    },
    "Nightlife": {
        "precision": 0.29292929292929293,
        "recall": 0.6373626373626373,
        "f1-score": 0.4013840830449827,
        "support": 91.0
    },
    "Outdoors": {
        "precision": 0.33488372093023255,
        "recall": 0.5070422535211268,
        "f1-score": 0.40336134453781514,
        "support": 142.0
    },
    "Shopping": {
        "precision": 0.4680573663624511,
        "recall": 0.5455927051671733,
        "f1-score": 0.503859649122807,
        "support": 658.0
    },
    "Travel": {
        "precision": 0.39543726235741444,
        "recall": 0.5909090909090909,
        "f1-score": 0.47380410022779046,
        "support": 176.0
    },
    "macro avg": {
        "precision": 0.4107749478951387,
        "recall": 0.5106099070990742,
        "f1-score": 0.4257546939002407,
        "support": 2542.0
    },
    "weighted avg": {
        "precision": 0.4866015360900957,
        "recall": 0.42997639653815894,
        "f1-score": 0.41448614162177355,
        "support": 2542.0
    }
}