{
    "Community": {
        "precision": 0.4155405405405405,
        "recall": 0.5616438356164384,
        "f1-score": 0.47766990291262135,
        "support": 438.0
    },
    "Entertainment": {
        "precision": 0.2801418439716312,
        "recall": 0.47023809523809523,
        "f1-score": 0.3511111111111111,
        "support": 168.0
    },
    "Food": {
        "precision": 0.5506172839506173,
        "recall": 0.2566168009205984,
        "f1-score": 0.3500784929356358,
        "support": 869.0
    },
    "Nightlife": {
        "precision": 0.344,
        "recall": 0.4725274725274725,
        "f1-score": 0.39814814814814814,
        "support": 91.0
    },
    "Outdoors": {
        "precision": 0.31496062992125984,
        "recall": 0.5633802816901409,
        "f1-score": 0.40404040404040403,
        "support": 142.0
    },
    "Shopping": {
        "precision": 0.4900990099009901,
        "recall": 0.4520547945205479,
        "f1-score": 0.47030878859857483,
        "support": 657.0
    },
    "Travel": {
        "precision": 0.37906137184115524,
        "recall": 0.5965909090909091,
        "f1-score": 0.46357615894039733,
        "support": 176.0
    },
    "macro avg": {
        "precision": 0.39634581144659914,
        "recall": 0.4818645985148861,
        "f1-score": 0.41641900095527035,
        "support": 2541.0
    },
    "weighted avg": {
        "precision": 0.4613519349448602,
        "recall": 0.42227469500196774,
        "f1-score": 0.41582518356609793,
        "support": 2541.0
    }
}