{
    "model": {
        "joint_score": {
            "mean": 0.5218636572360993,
            "std": 0.010673711188879156,
            "min": 0.5061521381139755,
            "max": 0.5331253260374069
        },
        "loss": {
            "mean": 1.179728364944458,
            "std": 0.05359398250377635,
            "min": 1.1396152973175049,
            "max": 1.270200490951538
        }
    },
    "category": {
        "accuracy": {
            "mean": 0.7749174952507019,
            "std": 0.0053565045745691655,
            "min": 0.768649697303772,
            "max": 0.7816482782363892
        },
        "accuracy_macro": {
            "mean": 0.7463895201683044,
            "std": 0.011854020725492102,
            "min": 0.7322000861167908,
            "max": 0.7617895603179932
        },
        "f1": {
            "mean": 0.7345866084098815,
            "std": 0.013829020345636654,
            "min": 0.711789608001709,
            "max": 0.7456932067871094
        },
        "f1_weighted": {
            "mean": 0.775967288017273,
            "std": 0.005370154569696184,
            "min": 0.7703689336776733,
            "max": 0.7825641632080078
        },
        "mrr": {
            "mean": 0.8691509246826172,
            "std": 0.0024208144991448768,
            "min": 0.8659995198249817,
            "max": 0.8718498349189758
        },
        "top3_acc": {
            "mean": 0.9614403128623963,
            "std": 0.0034327237896682994,
            "min": 0.9572719931602478,
            "max": 0.965061366558075
        },
        "ndcg_3": {
            "mean": 0.8867405176162719,
            "std": 0.0027778005696297106,
            "min": 0.8824949264526367,
            "max": 0.8902472853660583
        },
        "top5_acc": {
            "mean": 0.9908406853675842,
            "std": 0.0036822620604951136,
            "min": 0.9872557520866394,
            "max": 0.9962228536605835
        },
        "ndcg_5": {
            "mean": 0.8990672349929809,
            "std": 0.0018699198334257844,
            "min": 0.8967160582542419,
            "max": 0.901563823223114
        },
        "loss": {
            "mean": 0.706454598903656,
            "std": 0.039140352498598915,
            "min": 0.6797366738319397,
            "max": 0.7729710936546326
        }
    },
    "next": {
        "accuracy": {
            "mean": 0.3854373812675476,
            "std": 0.00624493803491464,
            "min": 0.37715476751327515,
            "max": 0.39041486382484436
        },
        "accuracy_macro": {
            "mean": 0.3133468568325043,
            "std": 0.014163295666373431,
            "min": 0.3002351224422455,
            "max": 0.33654648065567017
        },
        "f1": {
            "mean": 0.3091407060623169,
            "std": 0.008454572443116544,
            "min": 0.30051466822624207,
            "max": 0.32089176774024963
        },
        "f1_weighted": {
            "mean": 0.3742594361305237,
            "std": 0.0032305878501025344,
            "min": 0.36913514137268066,
            "max": 0.3772335648536682
        },
        "mrr": {
            "mean": 0.6079841017723083,
            "std": 0.006600884908946374,
            "min": 0.5990285277366638,
            "max": 0.6157136559486389
        },
        "top3_acc": {
            "mean": 0.7943248867988586,
            "std": 0.014665703126409694,
            "min": 0.7793142795562744,
            "max": 0.8154953718185425
        },
        "ndcg_3": {
            "mean": 0.6248803496360779,
            "std": 0.010568994352066511,
            "min": 0.6117420196533203,
            "max": 0.6392697095870972
        },
        "top5_acc": {
            "mean": 0.9258221626281739,
            "std": 0.006267997083488822,
            "min": 0.9170297384262085,
            "max": 0.9333207011222839
        },
        "ndcg_5": {
            "mean": 0.6790892124176026,
            "std": 0.006740454392254048,
            "min": 0.6718975305557251,
            "max": 0.6878393292427063
        },
        "loss": {
            "mean": 1.653002095222473,
            "std": 0.07429057531209024,
            "min": 1.5968284606933594,
            "max": 1.7674298286437988
        }
    },
    "_selection": {
        "primary": "joint_score",
        "diagnostic_task_best": "per-task best validation f1"
    },
    "diagnostic_task_best": {
        "category": {
            "accuracy": {
                "mean": 0.7794111490249633,
                "std": 0.005008698975623165,
                "min": 0.7752596735954285,
                "max": 0.7879655957221985
            },
            "accuracy_macro": {
                "mean": 0.7584441423416137,
                "std": 0.008254919128215762,
                "min": 0.7443525791168213,
                "max": 0.7660351991653442
            },
            "f1": {
                "mean": 0.7410126090049743,
                "std": 0.01457989474737847,
                "min": 0.719784140586853,
                "max": 0.7598862648010254
            },
            "f1_weighted": {
                "mean": 0.7808600068092346,
                "std": 0.004630772972499099,
                "min": 0.7767736911773682,
                "max": 0.788694441318512
            },
            "mrr": {
                "mean": 0.8712690472602844,
                "std": 0.004089657876991066,
                "min": 0.8666343092918396,
                "max": 0.8777322769165039
            },
            "top3_acc": {
                "mean": 0.9622320294380188,
                "std": 0.006191768392483222,
                "min": 0.9515718221664429,
                "max": 0.9665711522102356
            },
            "ndcg_3": {
                "mean": 0.8886785984039307,
                "std": 0.00514872191404835,
                "min": 0.8809294104576111,
                "max": 0.895150899887085
            },
            "top5_acc": {
                "mean": 0.991526985168457,
                "std": 0.004921792824002812,
                "min": 0.983857274055481,
                "max": 0.9961795806884766
            },
            "ndcg_5": {
                "mean": 0.9008761644363403,
                "std": 0.004682418059221197,
                "min": 0.8945361375808716,
                "max": 0.9074420928955078
            },
            "loss": {
                "mean": 0.7567349553108216,
                "std": 0.10742979632703234,
                "min": 0.6576294302940369,
                "max": 0.9313805103302002
            }
        },
        "next": {
            "accuracy": {
                "mean": 0.3871043622493744,
                "std": 0.008700578601082955,
                "min": 0.37715476751327515,
                "max": 0.39912861585617065
            },
            "accuracy_macro": {
                "mean": 0.3214139223098755,
                "std": 0.013659948680536963,
                "min": 0.30375826358795166,
                "max": 0.33654648065567017
            },
            "f1": {
                "mean": 0.31451810598373414,
                "std": 0.012205974121792107,
                "min": 0.30051466822624207,
                "max": 0.3314104676246643
            },
            "f1_weighted": {
                "mean": 0.3764008581638336,
                "std": 0.006231390401266607,
                "min": 0.36913514137268066,
                "max": 0.38582509756088257
            },
            "mrr": {
                "mean": 0.6086918473243713,
                "std": 0.007234552831008999,
                "min": 0.5990285277366638,
                "max": 0.6178785562515259
            },
            "top3_acc": {
                "mean": 0.7933777332305908,
                "std": 0.008630808023567983,
                "min": 0.7793142795562744,
                "max": 0.8005303740501404
            },
            "ndcg_3": {
                "mean": 0.6248483896255493,
                "std": 0.008711171073567312,