{
    "model": {
        "joint_score": {
            "mean": 0.24279617927968503,
            "std": 0.006596585939140221,
            "min": 0.23390414752066135,
            "max": 0.2497008740901947
        },
        "loss": {
            "mean": 5.267366218566894,
            "std": 0.25910679858618285,
            "min": 4.970417022705078,
            "max": 5.587319691975911
        }
    },
    "next_region": {
        "accuracy": {
            "mean": 0.11422117650508881,
            "std": 0.015208510278553746,
            "min": 0.09793521463871002,
            "max": 0.13200756907463074
        },
        "accuracy_macro": {
            "mean": 0.06179897902101142,
            "std": 0.007908297765429109,
            "min": 0.052026147780075575,
            "max": 0.06980142008994052
        },
        "f1": {
            "mean": 0.0520880751311779,
            "std": 0.006989640710661442,
            "min": 0.04320578649640083,
            "max": 0.05979904532432556
        },
        "f1_weighted": {
            "mean": 0.12748461365699768,
            "std": 0.01669048091528051,
            "min": 0.10796754062175751,
            "max": 0.14448517560958862
        },
        "mrr": {
            "mean": 0.2089344710111618,
            "std": 0.018486688077071184,
            "min": 0.18330225348472595,
            "max": 0.23163551092147827
        },
        "top3_acc": {
            "mean": 0.24208090603351592,
            "std": 0.02713118347319528,
            "min": 0.20287933945655823,
            "max": 0.27443182468414307
        },
        "ndcg_3": {
            "mean": 0.1879970133304596,
            "std": 0.02017007941826311,
            "min": 0.16015014052391052,
            "max": 0.21442806720733643
        },
        "top5_acc": {
            "mean": 0.3038707673549652,
            "std": 0.029728671687210054,
            "min": 0.2591399848461151,
            "max": 0.33106061816215515
        },
        "ndcg_5": {
            "mean": 0.21342470347881318,
            "std": 0.02078977856038874,
            "min": 0.18342562019824982,
            "max": 0.2377377599477768
        },
        "loss": {
            "mean": 9.125352350870768,
            "std": 0.4977736070659746,
            "min": 8.501507441202799,
            "max": 9.708419799804688
        },
        "n_indist": {
            "mean": 5174.4,
            "std": 27.555398745073532,
            "min": 5148.0,
            "max": 5212.0
        },
        "n_ood": {
            "mean": 104.8,
            "std": 27.788486824582588,
            "min": 67.0,
            "max": 131.0
        },
        "ood_fraction": {
            "mean": 0.01985130476961316,
            "std": 0.00526286045433171,
            "min": 0.012691797688956242,
            "max": 0.02481530592915325
        },
        "top1_acc_indist": {
            "mean": 0.11653396636247634,
            "std": 0.0155112634163298,
            "min": 0.09959545731544495,
            "max": 0.13536609709262848
        },
        "top5_acc_indist": {
            "mean": 0.3099786102771759,
            "std": 0.029784519289901806,
            "min": 0.2657342553138733,
            "max": 0.339483380317688
        },
        "top10_acc_indist": {
            "mean": 0.40142640471458435,
            "std": 0.031063137961123796,
            "min": 0.35411810874938965,
            "max": 0.430569052696228
        },
        "mrr_indist": {
            "mean": 0.2131287068128586,
            "std": 0.018694815453066723,
            "min": 0.18793714046478271,
            "max": 0.23749904334545135
        }
    },
    "next_category": {
        "accuracy": {
            "mean": 0.4427188396453857,
            "std": 0.006646789027054358,
            "min": 0.4360674321651459,
            "max": 0.45160067081451416
        },
        "accuracy_macro": {
            "mean": 0.5064746260643005,
            "std": 0.010901216616545348,
            "min": 0.4909849762916565,
            "max": 0.5197758674621582
        },
        "f1": {
            "mean": 0.43350428342819214,
            "std": 0.008376281250281286,
            "min": 0.42146429419517517,
            "max": 0.4441392421722412
        },
        "f1_weighted": {
            "mean": 0.43758916258811953,
            "std": 0.006820420748600884,
            "min": 0.4295422434806824,
            "max": 0.44666606187820435
        },
        "mrr": {
            "mean": 0.6576756596565246,
            "std": 0.005686640442779636,
            "min": 0.6506611704826355,
            "max": 0.6639803647994995
        },
        "top3_acc": {
            "mean": 0.8550918340682984,
            "std": 0.009076712248014786,
            "min": 0.8429626822471619,
            "max": 0.8668308258056641
        },
        "ndcg_3": {
            "mean": 0.6858837008476257,
            "std": 0.007858927950976567,
            "min": 0.6757011413574219,
            "max": 0.6940778493881226
        },
        "top5_acc": {
            "mean": 0.9592741370201111,
            "std": 0.0024071605220705836,
            "min": 0.9558628797531128,
            "max": 0.9619246125221252
        },
        "ndcg_5": {
            "mean": 0.7289777755737304,
            "std": 0.004942024257600649,
            "min": 0.722274124622345,
            "max": 0.7335050106048584
        },
        "loss": {
            "mean": 1.4093798001607258,
            "std": 0.050695703653170096,
            "min": 1.3424183527628581,
            "max": 1.4662191073099773
        }
    },
    "_selection": {
        "primary": "joint_score",
        "diagnostic_task_best": "per-task best validation f1"
    },
    "diagnostic_task_best": {
        "next_region": {
            "accuracy": {
                "mean": 0.13198994398117064,
                "std": 0.021378634021879114,
                "min": 0.10020837187767029,
                "max": 0.1524910032749176
            },
            "accuracy_macro": {
                "mean": 0.06392030900223981,
                "std": 0.008221554090799239,
                "min": 0.05466318191082384,
                "max": 0.07165748168467853
            },
            "f1": {
                "mean": 0.05447600856423378,
                "std": 0.00683383353343167,
                "min": 0.04634400084614754,
                "max": 0.062196869403123856
            },
            "f1_weighted": {
                "mean": 0.14315196573734285,
                "std": 0.021557296676397587,
                "min": 0.11124835908412933,
                "max": 0.16424371302127838
            },
            "mrr": {
                "mean": 0.22520491778850554,
                "std": 0.024042124613549744,
                "min": 0.18330225348472595,
                "max": 0.24007007479667664
            },
            "top3_acc": {
                "mean": 0.25787960886955263,
                "std": 0.032475072558637616,
                "min": 0.20287933945655823,
                "max": 0.2894487679004669
            },
            "ndcg_3": {
                "mean": 0.20470137000083924,
                "std": 0.025360458188017385,
                "min": 0.16015014052391052,
                "max": 0.22058473527431488
            },
            "top5_acc": {
                "mean": 0.3185326099395752,
                "std": 0.034728558668786776,
                "min": 0.2591399848461151,
                "max": 0.3504451513290405
            },
            "ndcg_5": {
                "mean": 0.22968094944953918,
                "std": 0.02619298850992472,
                "min": 0.18342562019824982,
                "max": 0.2457171380519867
            },
            "loss": {
                "mean": 9.632115427652995,
                "std": 0.11819470631757321,
                "min": 9.450361887613932,
                "max": 9.752063115437826
            },
            "n_indist": {
                "mean": 5174.4,
                "std": 27.555398745073532,