{
    "model": {
        "joint_score": {
            "mean": 0.0883120745420456,
            "std": 0.012662820490816492,
            "min": 0.07061684504151344,
            "max": 0.10282234475016594
        },
        "loss": {
            "mean": 4.714463901519776,
            "std": 0.17347892088094943,
            "min": 4.454625606536865,
            "max": 4.918935775756836
        }
    },
    "next_region": {
        "accuracy": {
            "mean": 0.1590987592935562,
            "std": 0.026178199904313856,
            "min": 0.12785208225250244,
            "max": 0.19787569344043732
        },
        "accuracy_macro": {
            "mean": 0.08254394956852724,
            "std": 0.010711647324399361,
            "min": 0.06819432882563552,
            "max": 0.09207633207601779
        },
        "f1": {
            "mean": 0.07294907718896866,
            "std": 0.00850546064257136,
            "min": 0.06282061338424683,
            "max": 0.08322492986917496
        },
        "f1_weighted": {
            "mean": 0.16836207807064058,
            "std": 0.026778859627006043,
            "min": 0.13678103685379028,
            "max": 0.20790863037109375
        },
        "mrr": {
            "mean": 0.27212063074111936,
            "std": 0.032605010623647714,
            "min": 0.23962359130382538,
            "max": 0.3175191581249237
        },
        "top3_acc": {
            "mean": 0.3095413982868195,
            "std": 0.040405403942516176,
            "min": 0.2711530923843384,
            "max": 0.36664044857025146
        },
        "ndcg_3": {
            "mean": 0.24580676555633546,
            "std": 0.034816287011585234,
            "min": 0.2094321995973587,
            "max": 0.29590731859207153
        },
        "top5_acc": {
            "mean": 0.3934183418750763,
            "std": 0.043297227897609376,
            "min": 0.3471074402332306,
            "max": 0.443351686000824
        },
        "ndcg_5": {
            "mean": 0.2802547633647919,
            "std": 0.03545050477036794,
            "min": 0.243950754404068,
            "max": 0.32716935873031616
        },
        "loss": {
            "mean": 7.376900959014892,
            "std": 0.31888534865359885,
            "min": 6.895186424255371,
            "max": 7.771280288696289
        },
        "n_indist": {
            "mean": 2466.6,
            "std": 17.586926962946084,
            "min": 2445.0,
            "max": 2492.0
        },
        "n_ood": {
            "mean": 75.2,
            "std": 17.484278652549552,
            "min": 50.0,
            "max": 97.0
        },
        "ood_fraction": {
            "mean": 0.029585544512945986,
            "std": 0.0068793949719817985,
            "min": 0.01966955153422502,
            "max": 0.03815892997639654
        },
        "top1_acc_indist": {
            "mean": 0.16398915350437165,
            "std": 0.027115706979556856,
            "min": 0.1304173320531845,
            "max": 0.20331446826457977
        },
        "top5_acc_indist": {
            "mean": 0.4054588556289673,
            "std": 0.04495656355439623,
            "min": 0.35868239402770996,
            "max": 0.4555375874042511
        },
        "top10_acc_indist": {
            "mean": 0.522650521993637,
            "std": 0.05025161398073327,
            "min": 0.46319642663002014,
            "max": 0.578819751739502
        },
        "mrr_indist": {
            "mean": 0.28039964139461515,
            "std": 0.033791344578832434,
            "min": 0.2443932145833969,
            "max": 0.3261975646018982
        }
    },
    "next_category": {
        "accuracy": {
            "mean": 0.14745026379823684,
            "std": 0.05816902782111213,
            "min": 0.09287682175636292,
            "max": 0.23288749158382416
        },
        "accuracy_macro": {
            "mean": 0.15455608069896698,
            "std": 0.019071329070728567,
            "min": 0.12696440517902374,
            "max": 0.17353391647338867
        },
        "f1": {
            "mean": 0.10367507189512253,
            "std": 0.023760258956198526,
            "min": 0.07400484383106232,
            "max": 0.13396771252155304
        },
        "f1_weighted": {
            "mean": 0.1281032919883728,
            "std": 0.0468409682934053,
            "min": 0.07996749132871628,
            "max": 0.19435946643352509
        },
        "mrr": {
            "mean": 0.3730355858802795,
            "std": 0.056016004659680464,
            "min": 0.3201383054256439,
            "max": 0.4539976418018341
        },
        "top3_acc": {
            "mean": 0.4287459373474121,
            "std": 0.08373737175040663,
            "min": 0.3608815371990204,
            "max": 0.5511408448219299
        },
        "ndcg_3": {
            "mean": 0.3054981529712677,
            "std": 0.07371857665342149,
            "min": 0.24115213751792908,
            "max": 0.41436800360679626
        },
        "top5_acc": {
            "mean": 0.7242058992385865,
            "std": 0.07246340873835555,
            "min": 0.6471282243728638,
            "max": 0.8048780560493469
        },
        "ndcg_5": {
            "mean": 0.42653552889823915,
            "std": 0.06579884916735597,
            "min": 0.36219358444213867,
            "max": 0.5112097263336182
        },
        "loss": {
            "mean": 2.0520269870758057,
            "std": 0.0416343212066247,
            "min": 2.0017104148864746,
            "max": 2.0928659439086914
        }
    },
    "_selection": {
        "primary": "joint_score",
        "diagnostic_task_best": "per-task best validation f1"
    },
    "diagnostic_task_best": {
        "next_region": {
            "accuracy": {
                "mean": 0.16539279818534852,
                "std": 0.023628510413030254,
                "min": 0.1424635946750641,
                "max": 0.19866247475147247
            },
            "accuracy_macro": {
                "mean": 0.08360776717226308,
                "std": 0.011041521619405754,
                "min": 0.0687614040249547,
                "max": 0.09549083751453091
            },
            "f1": {
                "mean": 0.07569366991519928,
                "std": 0.009189813856673251,
                "min": 0.06510862708091736,
                "max": 0.08663737028837204
            },
            "f1_weighted": {
                "mean": 0.17400235533714295,
                "std": 0.024473799894034167,
                "min": 0.14777661859989166,
                "max": 0.20904308557510376
            },
            "mrr": {
                "mean": 0.2776167392730713,
                "std": 0.02983600509793971,
                "min": 0.24259045720100403,
                "max": 0.318214476108551
            },
            "top3_acc": {
                "mean": 0.31504924297332765,
                "std": 0.03546186819540099,
                "min": 0.27587562799453735,
                "max": 0.36506688594818115
            },
            "ndcg_3": {
                "mean": 0.2517798274755478,
                "std": 0.030888805456719088,
                "min": 0.2183414101600647,
                "max": 0.29577144980430603
            },
            "top5_acc": {
                "mean": 0.3962507307529449,
                "std": 0.03958586034907972,
                "min": 0.3467139005661011,
                "max": 0.43981117010116577
            },
            "ndcg_5": {
                "mean": 0.2850962460041046,
                "std": 0.031851854325049445,
                "min": 0.24729758501052856,
                "max": 0.326272577047348
            },
            "loss": {
                "mean": 7.495316123962402,
                "std": 0.1826518963172408,
                "min": 7.357188701629639,
                "max": 7.808056831359863
            },
            "n_indist": {
                "mean": 2466.6,
                "std": 17.586926962946084,