{
    "fold_number": 1,
    "duration": 28.236862421035767,
    "best_epochs": {
        "category": {
            "epoch": 29,
            "accuracy": 0.5469684030742955,
            "f1": 0.4772728011995665,
            "time": 14.732871294021606
        }
    }
}