{
    "Community": {
        "precision": 0.5468785994010597,
        "recall": 0.7548489666136725,
        "f1-score": 0.6342506011220945,
        "support": 3145.0
    },
    "Entertainment": {
        "precision": 0.676450034940601,
        "recall": 0.6986647419704078,
        "f1-score": 0.6873779513580686,
        "support": 2771.0
    },
    "Food": {
        "precision": 0.7550060679611651,
        "recall": 0.6332866776943632,
        "f1-score": 0.6888104629437409,
        "support": 7859.0
    },
    "Nightlife": {
        "precision": 0.4139477977161501,
        "recall": 0.7198581560283688,
        "f1-score": 0.5256343863283273,
        "support": 1410.0
    },
    "Outdoors": {
        "precision": 0.6703749484960857,
        "recall": 0.7342057761732852,
        "f1-score": 0.7008399741546414,
        "support": 2216.0
    },
    "Shopping": {
        "precision": 0.7944596443228454,
        "recall": 0.6932259027156072,
        "f1-score": 0.7403984063745019,
        "support": 6702.0
    },
    "Travel": {
        "precision": 0.8479420210583891,
        "recall": 0.8019917227108122,
        "f1-score": 0.8243270189431705,
        "support": 7732.0
    },
    "macro avg": {
        "precision": 0.6721513019851851,
        "recall": 0.719440277700931,
        "f1-score": 0.685948400174935,
        "support": 31835.0
    },
    "weighted avg": {
        "precision": 0.7374883761195479,
        "recall": 0.7154389822522381,
        "f1-score": 0.7206802691835146,
        "support": 31835.0
    }
}