{
    "fold_number": 4,
    "duration": 326.47062849998474,
    "primary_checkpoint": {
        "selection_metric": "joint_score",
        "epoch": 34,
        "joint_score": 0.3958343379199505,
        "loss": 4.464988708496094,
        "time": 228.48582863807678,
        "task_metrics": {
            "next_category": {
                "accuracy": 0.715438961982727,
                "f1": 0.6859484314918518
            },
            "next_region": {
                "accuracy": 0.22566357254981995,
                "f1": 0.10572024434804916
            }
        }
    },
    "diagnostic_best_epochs": {
        "next_category": {
            "epoch": 36,
            "time": 241.54703998565674,
            "metrics": {
                "accuracy": 0.71993088722229,
                "accuracy_macro": 0.7204306125640869,
                "f1": 0.6905884146690369,
                "f1_weighted": 0.7235715389251709,
                "mrr": 0.8230360150337219,
                "top3_acc": 0.9076802134513855,
                "ndcg_3": 0.8309026956558228,
                "top5_acc": 0.9670802354812622,
                "ndcg_5": 0.8553811311721802,
                "loss": 0.8095974326133728
            },
            "accuracy": 0.71993088722229,
            "f1": 0.6905884146690369,
            "per_metric_best": {
                "top5_acc": {
                    "epoch": 36,
                    "best_value": 0.9670802354812622,
                    "metrics": {
                        "accuracy": 0.71993088722229,
                        "accuracy_macro": 0.7204306125640869,
                        "f1": 0.6905884146690369,
                        "f1_weighted": 0.7235715389251709,
                        "mrr": 0.8230360150337219,
                        "top3_acc": 0.9076802134513855,
                        "ndcg_3": 0.8309026956558228,
                        "top5_acc": 0.9670802354812622,
                        "ndcg_5": 0.8553811311721802,
                        "loss": 0.8095974326133728
                    }
                },
                "top3_acc": {
                    "epoch": 36,
                    "best_value": 0.9076802134513855,
                    "metrics": {
                        "accuracy": 0.71993088722229,
                        "accuracy_macro": 0.7204306125640869,
                        "f1": 0.6905884146690369,
                        "f1_weighted": 0.7235715389251709,
                        "mrr": 0.8230360150337219,
                        "top3_acc": 0.9076802134513855,
                        "ndcg_3": 0.8309026956558228,
                        "top5_acc": 0.9670802354812622,
                        "ndcg_5": 0.8553811311721802,
                        "loss": 0.8095974326133728
                    }
                },
                "mrr": {
                    "epoch": 36,
                    "best_value": 0.8230360150337219,
                    "metrics": {
                        "accuracy": 0.71993088722229,
                        "accuracy_macro": 0.7204306125640869,
                        "f1": 0.6905884146690369,
                        "f1_weighted": 0.7235715389251709,
                        "mrr": 0.8230360150337219,
                        "top3_acc": 0.9076802134513855,
                        "ndcg_3": 0.8309026956558228,
                        "top5_acc": 0.9670802354812622,
                        "ndcg_5": 0.8553811311721802,
                        "loss": 0.8095974326133728
                    }
                },
                "accuracy": {
                    "epoch": 36,
                    "best_value": 0.71993088722229,
                    "metrics": {
                        "accuracy": 0.71993088722229,
                        "accuracy_macro": 0.7204306125640869,
                        "f1": 0.6905884146690369,
                        "f1_weighted": 0.7235715389251709,
                        "mrr": 0.8230360150337219,
                        "top3_acc": 0.9076802134513855,
                        "ndcg_3": 0.8309026956558228,
                        "top5_acc": 0.9670802354812622,
                        "ndcg_5": 0.8553811311721802,
                        "loss": 0.8095974326133728
                    }
                },
                "accuracy_macro": {
                    "epoch": 45,
                    "best_value": 0.7219759225845337,
                    "metrics": {
                        "accuracy": 0.7189885377883911,
                        "accuracy_macro": 0.7219759225845337,
                        "f1": 0.6887702941894531,
                        "f1_weighted": 0.723412811756134,
                        "mrr": 0.8219590783119202,
                        "top3_acc": 0.9067378640174866,
                        "ndcg_3": 0.8296979069709778,
                        "top5_acc": 0.9662635326385498,
                        "ndcg_5": 0.8542717695236206,
                        "loss": 0.8083304762840271
                    }
                },
                "f1_weighted": {
                    "epoch": 36,
                    "best_value": 0.7235715389251709,
                    "metrics": {
                        "accuracy": 0.71993088722229,
                        "accuracy_macro": 0.7204306125640869,
                        "f1": 0.6905884146690369,
                        "f1_weighted": 0.7235715389251709,
                        "mrr": 0.8230360150337219,
                        "top3_acc": 0.9076802134513855,
                        "ndcg_3": 0.8309026956558228,
                        "top5_acc": 0.9670802354812622,
                        "ndcg_5": 0.8553811311721802,
                        "loss": 0.8095974326133728
                    }
                }
            }
        },
        "next_region": {
            "epoch": 9,
            "time": 65.72251224517822,
            "metrics": {
                "accuracy": 0.4746662378311157,
                "accuracy_macro": 0.13883490681805316,
                "f1": 0.12109316885471344,
                "f1_weighted": 0.46872323751449585,
                "mrr": 0.5192200541496277,
                "top3_acc": 0.5366420745849609,
                "ndcg_3": 0.5108979344367981,
                "top5_acc": 0.5673001408576965,
                "ndcg_5": 0.5235220789909363,
                "loss": 7.2628278732299805,
                "n_indist": 31660.0,
                "n_ood": 175.0,
                "ood_fraction": 0.005497094392963719,
                "top1_acc_indist": 0.47728997468948364,
                "top5_acc_indist": 0.5704358816146851,
                "top10_acc_indist": 0.6137397289276123,
                "mrr_indist": 0.5220888257026672
            },
            "accuracy": 0.4746662378311157,
            "f1": 0.12109316885471344,
            "per_metric_best": {
                "top10_acc_indist": {
                    "epoch": 4,
                    "best_value": 0.6426721811294556,
                    "metrics": {
                        "accuracy": 0.47356683015823364,
                        "accuracy_macro": 0.13464292852797574,
                        "f1": 0.11575409024953842,
                        "f1_weighted": 0.4618186354637146,
                        "mrr": 0.5270289182662964,
                        "top3_acc": 0.5539186596870422,
                        "ndcg_3": 0.5198377966880798,
                        "top5_acc": 0.5896026492118835,
                        "ndcg_5": 0.5345205068588257,
                        "loss": 7.619838237762451,
                        "n_indist": 31660.0,
                        "n_ood": 175.0,
                        "ood_fraction": 0.005497094392963719,
                        "top1_acc_indist": 0.4761844575405121,
                        "top5_acc_indist": 0.5928616523742676,
                        "top10_acc_indist": 0.6426721811294556,
                        "mrr_indist": 0.5299407243728638
                    }
                },