{
    "Community": {
        "precision": 0.5466512702078522,
        "recall": 0.7526232114467408,
        "f1-score": 0.6333110367892977,
        "support": 3145.0
    },
    "Entertainment": {
        "precision": 0.6766790415119811,
        "recall": 0.7233044733044733,
        "f1-score": 0.6992153443766347,
        "support": 2772.0
    },
    "Food": {
        "precision": 0.7494917223351728,
        "recall": 0.6566993256139458,
        "f1-score": 0.7000339097999322,
        "support": 7859.0
    },
    "Nightlife": {
        "precision": 0.46784182944259173,
        "recall": 0.6969481902058198,
        "f1-score": 0.5598631698973774,
        "support": 1409.0
    },
    "Outdoors": {
        "precision": 0.6579881656804734,
        "recall": 0.7527075812274369,
        "f1-score": 0.7021679646390233,
        "support": 2216.0
    },
    "Shopping": {
        "precision": 0.8059328091493925,
        "recall": 0.6729334527006864,
        "f1-score": 0.7334525939177102,
        "support": 6702.0
    },
    "Travel": {
        "precision": 0.838944249932669,
        "recall": 0.80574236937403,
        "f1-score": 0.8220081804987466,
        "support": 7732.0
    },
    "macro avg": {
        "precision": 0.6776470126085904,
        "recall": 0.7229940862675905,
        "f1-score": 0.6928645999883889,
        "support": 31835.0
    },
    "weighted avg": {
        "precision": 0.7378858970924517,
        "recall": 0.7200565415423277,
        "f1-score": 0.7239758942833461,
        "support": 31835.0
    }
}