{
    "model": {
        "joint_score": {
            "mean": 0.5081247836351395,
            "std": 0,
            "min": 0.5081247836351395,
            "max": 0.5081247836351395
        },
        "loss": {
            "mean": 1.1105209589004517,
            "std": 0,
            "min": 1.1105209589004517,
            "max": 1.1105209589004517
        }
    },
    "category": {
        "accuracy": {
            "mean": 0.7686956524848938,
            "std": 0,
            "min": 0.7686956524848938,
            "max": 0.7686956524848938
        },
        "accuracy_macro": {
            "mean": 0.7363811731338501,
            "std": 0,
            "min": 0.7363811731338501,
            "max": 0.7363811731338501
        },
        "f1": {
            "mean": 0.7077040672302246,
            "std": 0,
            "min": 0.7077040672302246,
            "max": 0.7077040672302246
        },
        "f1_weighted": {
            "mean": 0.772131085395813,
            "std": 0,
            "min": 0.772131085395813,
            "max": 0.772131085395813
        },
        "mrr": {
            "mean": 0.866848886013031,
            "std": 0,
            "min": 0.866848886013031,
            "max": 0.866848886013031
        },
        "top3_acc": {
            "mean": 0.9600000381469727,
            "std": 0,
            "min": 0.9600000381469727,
            "max": 0.9600000381469727
        },
        "ndcg_3": {
            "mean": 0.8842719197273254,
            "std": 0,
            "min": 0.8842719197273254,
            "max": 0.8842719197273254
        },
        "top5_acc": {
            "mean": 0.9973913431167603,
            "std": 0,
            "min": 0.9973913431167603,
            "max": 0.9973913431167603
        },
        "ndcg_5": {
            "mean": 0.8997277617454529,
            "std": 0,
            "min": 0.8997277617454529,
            "max": 0.8997277617454529
        },
        "loss": {
            "mean": 0.6700909733772278,
            "std": 0,
            "min": 0.6700909733772278,
            "max": 0.6700909733772278
        }
    },
    "next": {
        "accuracy": {
            "mean": 0.400075763463974,
            "std": 0,
            "min": 0.400075763463974,
            "max": 0.400075763463974
        },
        "accuracy_macro": {
            "mean": 0.30028748512268066,
            "std": 0,
            "min": 0.30028748512268066,
            "max": 0.30028748512268066
        },
        "f1": {
            "mean": 0.3085455000400543,
            "std": 0,
            "min": 0.3085455000400543,
            "max": 0.3085455000400543
        },
        "f1_weighted": {
            "mean": 0.38498860597610474,
            "std": 0,
            "min": 0.38498860597610474,
            "max": 0.38498860597610474
        },
        "mrr": {
            "mean": 0.6216230392456055,
            "std": 0,
            "min": 0.6216230392456055,
            "max": 0.6216230392456055
        },
        "top3_acc": {
            "mean": 0.8081076145172119,
            "std": 0,
            "min": 0.8081076145172119,
            "max": 0.8081076145172119
        },
        "ndcg_3": {
            "mean": 0.6406363844871521,
            "std": 0,
            "min": 0.6406363844871521,
            "max": 0.6406363844871521
        },
        "top5_acc": {
            "mean": 0.9280166625976562,
            "std": 0,
            "min": 0.9280166625976562,
            "max": 0.9280166625976562
        },
        "ndcg_5": {
            "mean": 0.6904105544090271,
            "std": 0,
            "min": 0.6904105544090271,
            "max": 0.6904105544090271
        },
        "loss": {
            "mean": 1.5509510040283203,
            "std": 0,
            "min": 1.5509510040283203,
            "max": 1.5509510040283203
        }
    },
    "_selection": {
        "primary": "joint_score",
        "diagnostic_task_best": "per-task best validation f1"
    },
    "diagnostic_task_best": {
        "category": {
            "accuracy": {
                "mean": 0.7686956524848938,
                "std": 0,
                "min": 0.7686956524848938,
                "max": 0.7686956524848938
            },
            "accuracy_macro": {
                "mean": 0.7363811731338501,
                "std": 0,
                "min": 0.7363811731338501,
                "max": 0.7363811731338501
            },
            "f1": {
                "mean": 0.7077040672302246,
                "std": 0,
                "min": 0.7077040672302246,
                "max": 0.7077040672302246
            },
            "f1_weighted": {
                "mean": 0.772131085395813,
                "std": 0,
                "min": 0.772131085395813,
                "max": 0.772131085395813
            },
            "mrr": {
                "mean": 0.866848886013031,
                "std": 0,
                "min": 0.866848886013031,
                "max": 0.866848886013031
            },
            "top3_acc": {
                "mean": 0.9600000381469727,
                "std": 0,
                "min": 0.9600000381469727,
                "max": 0.9600000381469727
            },
            "ndcg_3": {
                "mean": 0.8842719197273254,
                "std": 0,
                "min": 0.8842719197273254,
                "max": 0.8842719197273254
            },
            "top5_acc": {
                "mean": 0.9973913431167603,
                "std": 0,
                "min": 0.9973913431167603,
                "max": 0.9973913431167603
            },
            "ndcg_5": {
                "mean": 0.8997277617454529,
                "std": 0,
                "min": 0.8997277617454529,
                "max": 0.8997277617454529
            },
            "loss": {
                "mean": 0.6700909733772278,
                "std": 0,
                "min": 0.6700909733772278,
                "max": 0.6700909733772278
            }
        },
        "next": {
            "accuracy": {
                "mean": 0.400075763463974,
                "std": 0,
                "min": 0.400075763463974,
                "max": 0.400075763463974
            },
            "accuracy_macro": {
                "mean": 0.30028748512268066,
                "std": 0,
                "min": 0.30028748512268066,
                "max": 0.30028748512268066
            },
            "f1": {
                "mean": 0.3085455000400543,
                "std": 0,
                "min": 0.3085455000400543,
                "max": 0.3085455000400543
            },
            "f1_weighted": {
                "mean": 0.38498860597610474,
                "std": 0,
                "min": 0.38498860597610474,
                "max": 0.38498860597610474
            },
            "mrr": {
                "mean": 0.6216230392456055,
                "std": 0,
                "min": 0.6216230392456055,
                "max": 0.6216230392456055
            },
            "top3_acc": {
                "mean": 0.8081076145172119,
                "std": 0,
                "min": 0.8081076145172119,
                "max": 0.8081076145172119
            },
            "ndcg_3": {
                "mean": 0.6406363844871521,
                "std": 0,
                "min": 0.6406363844871521,
                "max": 0.6406363844871521
            },
            "top5_acc": {
                "mean": 0.9280166625976562,
                "std": 0,
                "min": 0.9280166625976562,
                "max": 0.9280166625976562
            },
            "ndcg_5": {
                "mean": 0.6904105544090271,
                "std": 0,
                "min": 0.6904105544090271,
                "max": 0.6904105544090271
            },
            "loss": {
                "mean": 1.5509510040283203,
                "std": 0,
                "min": 1.5509510040283203,
                "max": 1.5509510040283203
            }
        }
    }
}