{
    "Community": {
        "precision": 0.4853345554537122,
        "recall": 0.5758564437194127,
        "f1-score": 0.5267346431236011,
        "support": 1839.0
    },
    "Entertainment": {
        "precision": 0.4482758620689655,
        "recall": 0.3706140350877193,
        "f1-score": 0.4057623049219688,
        "support": 912.0
    },
    "Food": {
        "precision": 0.6037349705807111,
        "recall": 0.5143853530950305,
        "f1-score": 0.5554901730022361,
        "support": 4588.0
    },
    "Nightlife": {
        "precision": 0.3577405857740586,
        "recall": 0.2840531561461794,
        "f1-score": 0.31666666666666665,
        "support": 602.0
    },
    "Outdoors": {
        "precision": 0.46306306306306305,
        "recall": 0.47460757156048017,
        "f1-score": 0.4687642498860009,
        "support": 1083.0
    },
    "Shopping": {
        "precision": 0.5960761684939412,
        "recall": 0.6442827442827442,
        "f1-score": 0.619242681586572,
        "support": 4810.0
    },
    "Travel": {
        "precision": 0.40514469453376206,
        "recall": 0.4836852207293666,
        "f1-score": 0.4409448818897638,
        "support": 1042.0
    },
    "macro avg": {
        "precision": 0.47990998570974475,
        "recall": 0.47821207494584755,
        "f1-score": 0.4762293715824013,
        "support": 14876.0
    },
    "weighted avg": {
        "precision": 0.5429845489919262,
        "recall": 0.5408039795643991,
        "f1-score": 0.5393678425549754,
        "support": 14876.0
    }
}