time pressure_lvl free_pct swap_total_MB swap_used_MB wired_GB child_rss_GB disk_int_GB disk_ssd_GB
03:47:01 1 80 4096 2871 2.8 0.0 16 7
03:47:02 1 80 4096 2871 3.1 0.2 16 7
03:47:03 1 80 4096 2871 3.0 0.3 16 7
03:47:04 1 80 4096 2871 3.0 1.1 16 7
03:47:05 1 80 4096 2871 3.1 5.1 16 7
03:47:06 1 79 4096 2871 3.1 10.3 16 7
03:47:07 1 75 4096 2871 3.0 11.8 16 7
03:47:08 1 77 4096 2871 3.1 12.7 16 7
03:47:09 1 77 4096 2871 3.1 12.7 16 7
03:47:10 1 77 4096 2871 3.1 12.7 16 7
03:47:11 1 77 4096 2871 3.1 13.3 16 7
03:47:13 1 61 4096 2871 4.7 5.0 16 7
03:47:14 2 39 4096 2871 7.4 5.1 16 7
03:47:15 2 40 4096 2871 7.3 5.2 16 7
03:47:16 2 41 4096 2871 7.2 5.3 16 7
03:47:17 2 42 4096 2871 7.3 5.4 16 7
03:47:19 2 43 4096 2871 7.2 5.5 16 7
03:47:20 2 43 4096 2871 7.2 5.6 16 7
03:47:21 1 50 4096 2871 7.3 4.8 16 7
03:47:22 1 51 4096 2871 7.2 4.8 16 7
03:47:23 1 51 4096 2871 7.3 4.9 16 7
03:47:24 1 52 4096 2871 7.3 4.9 16 7
03:47:25 1 52 4096 2871 7.2 5.0 16 7
03:47:26 1 52 4096 2871 7.3 5.0 16 7
03:47:27 1 53 4096 2871 7.3 5.0 16 7
03:47:28 1 53 4096 2871 7.2 5.0 16 7
03:47:29 1 53 4096 2871 7.4 5.0 16 7
03:47:30 1 53 4096 2871 7.3 5.0 16 7
03:47:31 1 53 4096 2871 7.3 5.0 16 7
03:47:32 1 53 4096 2871 7.3 5.0 16 7
03:47:34 1 53 4096 2871 7.3 5.1 16 7
03:47:35 1 53 4096 2871 7.2 5.1 16 7
03:47:36 1 53 4096 2871 7.3 5.1 16 7
03:47:37 1 53 4096 2863 7.3 5.1 16 7
03:47:38 1 54 4096 2831 7.3 5.1 16 7
03:47:39 1 54 4096 2831 7.2 5.1 16 7
03:47:40 1 54 4096 2831 7.3 5.1 16 7
03:47:41 1 53 4096 2823 7.4 5.1 16 7
03:47:42 1 54 4096 2815 7.2 5.1 16 7
03:47:43 1 54 4096 2815 7.3 5.1 16 7
03:47:44 1 53 4096 2815 7.4 5.1 16 7
03:47:45 1 54 4096 2815 7.2 5.1 16 7
03:47:46 1 54 4096 2815 7.3 5.1 16 7
03:47:47 1 53 4096 2815 7.4 5.1 16 7
03:47:48 1 54 4096 2815 7.2 5.1 16 7
03:47:49 1 54 4096 2815 7.3 5.1 16 7
03:47:51 1 53 4096 2815 7.4 5.1 16 7
03:47:52 1 54 4096 2815 7.3 5.1 16 7
03:47:53 1 54 4096 2815 7.4 5.1 16 7
03:47:54 1 53 4096 2815 7.4 5.1 16 7
03:47:55 1 54 4096 2815 7.3 5.1 16 7
03:47:56 1 54 4096 2815 7.4 5.1 16 7
03:47:57 1 54 4096 2815 7.3 5.1 16 7
03:47:58 1 54 4096 2815 7.3 5.1 16 7
03:47:59 1 54 4096 2815 7.4 5.1 16 7
03:48:00 1 50 4096 2815 8.7 5.1 16 7
03:48:01 1 53 4096 2815 7.5 5.2 16 7
03:48:02 1 57 4096 2815 6.3 5.2 16 7
03:48:03 1 57 4096 2815 6.2 5.2 16 7
03:48:04 1 57 4096 2815 6.3 5.2 16 7
03:48:05 1 57 4096 2815 6.4 5.2 16 7
03:48:06 1 57 4096 2815 6.2 5.2 16 7
03:48:07 1 58 4096 2815 6.2 5.3 16 7
03:48:09 1 58 4096 2815 6.3 5.4 16 7
03:48:10 1 58 4096 2815 6.2 5.6 16 7
03:48:11 1 59 4096 2815 6.1 5.7 16 7
03:48:12 1 55 4096 2815 7.5 5.8 16 7
03:48:13 1 62 4096 2815 5.1 5.8 16 7
03:48:14 1 52 4096 2815 8.5 5.8 16 7
03:48:15 1 56 4096 2815 7.4 5.8 16 7
03:48:16 1 56 4096 2815 7.5 5.8 16 7
03:48:17 1 55 4096 2815 7.6 5.8 16 7
03:48:18 1 56 4096 2815 7.5 5.8 16 7
03:48:19 1 56 4096 2815 7.5 5.8 16 7
03:48:20 1 55 4096 2815 7.6 5.8 16 7
03:48:21 1 56 4096 2815 7.5 5.8 16 7
03:48:22 1 56 4096 2815 7.5 5.8 16 7
03:48:23 1 56 4096 2815 7.5 5.8 16 7
03:48:25 1 56 4096 2815 7.5 5.8 16 7
03:48:26 1 56 4096 2815 7.5 5.8 16 7
03:48:27 1 56 4096 2815 7.6 5.8 16 7
03:48:28 1 56 4096 2815 7.4 5.8 16 7
03:48:29 1 56 4096 2815 7.5 5.8 16 7
03:48:30 1 56 4096 2815 7.4 5.8 16 7
03:48:31 1 56 4096 2815 7.4 5.8 16 7
03:48:32 1 56 4096 2815 7.5 5.8 16 7
03:48:33 1 56 4096 2815 7.4 5.8 16 7
03:48:34 1 56 4096 2815 7.6 5.8 16 7
03:48:35 1 55 4096 2815 7.6 5.8 16 7
03:48:36 1 56 4096 2815 7.4 5.8 16 7
03:48:37 1 57 4096 2815 7.2 5.8 16 7
03:48:38 1 57 4096 2815 7.2 5.8 16 7
03:48:39 1 57 4096 2815 7.2 5.8 16 7
03:48:41 1 57 4096 2815 7.2 5.8 16 7
03:48:42 1 56 4096 2815 7.3 5.8 16 7
03:48:43 1 57 4096 2815 7.2 5.8 16 7
03:48:44 1 57 4096 2815 7.2 5.8 16 7
03:48:45 1 57 4096 2815 7.3 5.8 16 7
03:48:46 1 57 4096 2815 7.2 5.8 16 7
03:48:47 1 56 4096 2815 7.3 5.8 16 7
03:48:48 1 57 4096 2815 7.2 5.8 16 7
03:48:49 1 57 4096 2815 7.2 5.8 16 7
03:48:50 1 56 4096 2815 7.4 5.8 16 7
03:48:51 1 57 4096 2815 7.2 5.8 16 7
03:48:52 1 57 4096 2815 7.2 5.8 16 7
03:48:53 1 57 4096 2815 7.2 5.8 16 7
03:48:54 1 57 4096 2815 7.2 5.8 16 7
03:48:55 1 57 4096 2815 7.2 5.8 16 7
03:48:57 1 56 4096 2815 7.3 5.8 16 7
03:48:58 1 57 4096 2815 7.2 5.8 16 7
03:48:59 1 52 4096 2815 8.8 5.8 16 7
03:49:00 1 60 4096 2815 6.2 5.8 16 7
03:49:01 1 60 4096 2815 6.1 5.8 16 7
03:49:02 1 60 4096 2815 6.2 5.8 16 7
03:49:03 1 60 4096 2815 6.1 5.8 16 7
03:49:04 1 61 4096 2815 5.9 5.8 16 7
03:49:05 1 59 4096 2815 6.6 5.8 16 7
03:49:06 1 59 4096 2815 6.4 5.8 16 7
03:49:07 1 59 4096 2815 6.3 5.8 16 7
03:49:08 1 59 4096 2815 6.4 5.8 16 7
03:49:09 1 56 4096 2815 7.4 5.8 16 7
03:49:10 1 60 4096 2815 6.2 5.8 16 7
03:49:11 1 53 4096 2815 8.4 5.8 16 7
03:49:12 1 56 4096 2815 7.5 5.8 16 7
03:49:13 1 56 4096 2815 7.5 5.8 16 7
03:49:14 1 55 4096 2815 7.6 5.8 16 7
03:49:16 1 56 4096 2815 7.5 5.8 16 7
03:49:17 1 56 4096 2815 7.5 5.8 16 7
03:49:18 1 55 4096 2815 7.6 5.8 16 7
03:49:19 1 56 4096 2815 7.5 5.8 16 7
03:49:20 1 56 4096 2815 7.6 5.8 16 7
03:49:21 1 56 4096 2815 7.5 5.8 16 7
03:49:22 1 56 4096 2815 7.4 5.8 16 7
03:49:23 1 56 4096 2815 7.5 5.8 16 7
03:49:24 1 56 4096 2815 7.4 5.8 16 7
03:49:25 1 56 4096 2815 7.4 5.8 16 7
03:49:26 1 56 4096 2815 7.5 5.8 16 7
03:49:27 1 56 4096 2815 7.4 5.8 16 7
03:49:28 1 56 4096 2815 7.4 5.8 16 7
03:49:29 1 56 4096 2815 7.5 5.8 16 7
03:49:30 1 56 4096 2815 7.4 5.8 16 7
03:49:31 1 56 4096 2815 7.4 5.8 16 7
03:49:33 1 56 4096 2815 7.5 5.8 16 7
03:49:34 1 57 4096 2815 7.2 5.8 16 7
03:49:35 1 57 4096 2815 7.2 5.8 16 7
03:49:36 1 57 4096 2815 7.2 5.8 16 7
03:49:37 1 57 4096 2815 7.2 5.8 16 7
03:49:38 1 56 4096 2815 7.4 5.8 16 7
03:49:39 1 56 4096 2815 7.3 5.8 16 7
03:49:40 1 57 4096 2815 7.2 5.8 16 7
03:49:41 1 56 4096 2815 7.3 5.8 16 7
03:49:42 1 57 4096 2815 7.1 5.8 16 7
03:49:43 1 57 4096 2815 7.2 5.8 16 7
03:49:44 1 57 4096 2815 7.3 5.8 16 7
03:49:45 1 57 4096 2815 7.2 5.8 16 7
03:49:46 1 57 4096 2815 7.2 5.8 16 7
03:49:47 1 57 4096 2815 7.3 5.8 16 7
03:49:48 1 57 4096 2815 7.2 5.8 16 7
03:49:50 1 57 4096 2815 7.2 5.8 16 7
03:49:51 1 56 4096 2815 7.4 5.8 16 7
03:49:52 1 57 4096 2815 7.2 5.8 16 7
03:49:53 1 57 4096 2815 7.1 5.8 16 7
03:49:54 1 56 4096 2815 7.4 5.8 16 7
03:49:55 1 57 4096 2815 7.2 5.8 16 7
03:49:56 1 53 4096 2815 8.4 5.8 16 7
03:49:57 1 61 4096 2815 5.9 5.8 16 7
03:49:58 1 61 4096 2815 5.9 5.8 16 7
03:49:59 1 60 4096 2815 6.1 5.8 16 7
03:50:00 1 61 4096 2815 5.9 5.8 16 7
03:50:01 1 59 4096 2815 6.3 5.8 16 7
03:50:02 1 59 4096 2815 6.5 5.8 16 7
03:50:03 1 60 4096 2815 6.3 5.8 16 7
03:50:04 1 60 4096 2815 6.3 5.8 16 7
03:50:05 1 59 4096 2815 6.5 5.8 16 7
03:50:06 1 56 4096 2815 7.5 5.8 16 7
03:50:07 1 53 4096 2815 8.7 5.8 16 7
03:50:09 1 55 4096 2815 7.6 5.8 16 7
03:50:10 1 56 4096 2815 7.5 5.8 16 7
03:50:11 1 56 4096 2815 7.5 5.8 16 7
03:50:12 1 56 4096 2815 7.6 5.8 16 7
03:50:13 1 56 4096 2815 7.5 5.8 16 7
03:50:14 1 56 4096 2815 7.6 5.8 16 7
03:50:15 1 56 4096 2815 7.5 5.8 16 7
03:50:16 1 56 4096 2815 7.6 5.8 16 7
03:50:17 1 56 4096 2815 7.6 5.8 16 7
03:50:18 1 56 4096 2815 7.4 5.8 16 7
03:50:19 1 56 4096 2815 7.4 5.8 16 7
03:50:20 1 56 4096 2815 7.6 5.8 16 7
03:50:21 1 56 4096 2815 7.4 5.8 16 7
03:50:22 1 56 4096 2815 7.4 5.8 16 7
03:50:23 1 56 4096 2815 7.5 5.8 16 7
03:50:24 1 56 4096 2815 7.4 5.8 16 7
03:50:26 1 56 4096 2815 7.4 5.8 16 7
03:50:27 1 56 4096 2815 7.5 5.8 16 7
03:50:28 1 56 4096 2815 7.4 5.8 16 7
03:50:29 1 56 4096 2815 7.4 5.8 16 7
03:50:30 1 56 4096 2815 7.5 5.8 16 7
03:50:31 1 57 4096 2815 7.2 5.8 16 7
03:50:32 1 57 4096 2815 7.3 5.8 16 7
03:50:33 1 57 4096 2815 7.2 5.8 16 7
03:50:34 1 57 4096 2815 7.2 5.8 16 7
03:50:35 1 57 4096 2815 7.3 5.8 16 7
03:50:36 1 57 4096 2815 7.2 5.8 16 7
03:50:37 1 57 4096 2815 7.3 5.8 16 7
03:50:38 1 56 4096 2815 7.4 5.8 16 7
03:50:39 1 57 4096 2815 7.2 5.8 16 7
03:50:40 1 57 4096 2815 7.2 5.8 16 7
03:50:41 1 56 4096 2815 7.4 5.8 16 7
03:50:42 1 57 4096 2815 7.2 5.8 16 7
03:50:44 1 57 4096 2815 7.2 5.8 16 7
03:50:45 1 56 4096 2815 7.4 5.8 16 7
03:50:46 1 57 4096 2815 7.2 5.8 16 7
03:50:47 1 57 4096 2815 7.2 5.8 16 7
03:50:48 1 56 4096 2815 7.4 5.8 16 7
03:50:49 1 57 4096 2815 7.2 5.8 16 7
03:50:50 1 56 4096 2815 7.4 5.8 16 7
03:50:51 1 56 4096 2815 7.4 5.8 16 7
03:50:52 1 52 4096 2815 8.8 5.8 16 7
03:50:53 1 56 4096 2815 7.5 5.8 16 7
03:50:54 1 60 4096 2815 6.2 5.8 16 7
03:50:55 1 60 4096 2815 6.2 5.8 16 7
03:50:56 1 60 4096 2815 6.1 5.8 16 7
03:50:57 1 61 4096 2815 5.9 5.8 16 7
03:50:58 1 60 4096 2815 6.4 5.8 16 7
03:50:59 1 59 4096 2815 6.4 5.8 16 7
03:51:00 1 60 4096 2815 6.3 5.8 16 7
03:51:02 1 60 4096 2815 6.3 5.8 16 7
03:51:03 1 56 4096 2815 7.7 5.8 16 7
03:51:04 1 61 4096 2815 5.9 5.8 16 7
03:51:05 1 54 4096 2815 8.3 5.8 16 7
03:51:06 1 55 4096 2815 7.8 5.8 16 7
03:51:07 1 56 4096 2815 7.6 5.8 16 7
03:51:08 1 55 4096 2815 7.8 5.8 16 7
03:51:09 1 56 4096 2815 7.7 5.8 16 7
03:51:10 1 56 4096 2815 7.6 5.8 16 7
03:51:11 1 55 4096 2815 7.8 5.8 16 7
03:51:12 1 56 4096 2815 7.6 5.8 16 7
03:51:13 1 56 4096 2815 7.6 5.8 16 7
03:51:14 1 56 4096 2815 7.7 5.8 16 7
03:51:15 1 56 4096 2815 7.4 5.8 16 7
03:51:16 1 56 4096 2815 7.4 5.8 16 7
03:51:17 1 56 4096 2815 7.6 5.8 16 7
03:51:18 1 56 4096 2815 7.4 5.8 16 7
03:51:19 1 56 4096 2815 7.4 5.8 16 7
03:51:21 1 56 4096 2815 7.5 5.8 16 7
03:51:22 1 56 4096 2815 7.4 5.8 16 7
03:51:23 1 56 4096 2815 7.4 5.8 16 7
03:51:24 1 56 4096 2815 7.5 5.8 16 7
03:51:25 1 56 4096 2815 7.5 5.8 16 7
03:51:26 1 56 4096 2815 7.6 5.8 16 7
03:51:27 1 56 4096 2815 7.5 5.8 16 7
03:51:28 1 57 4096 2815 7.2 5.8 16 7
03:51:29 1 56 4096 2815 7.4 5.8 16 7
03:51:30 1 57 4096 2815 7.2 5.8 16 7
03:51:31 1 57 4096 2815 7.2 5.8 16 7
03:51:32 1 57 4096 2815 7.3 5.8 16 7
03:51:33 1 57 4096 2815 7.2 5.8 16 7
03:51:34 1 57 4096 2815 7.2 5.8 16 7
03:51:35 1 56 4096 2815 7.4 5.8 16 7
03:51:37 1 57 4096 2815 7.2 5.8 16 7
03:51:38 1 57 4096 2815 7.2 5.8 16 7
03:51:39 1 56 4096 2815 7.4 5.8 16 7
03:51:40 1 57 4096 2815 7.2 5.8 16 7
03:51:41 1 57 4096 2815 7.2 5.8 16 7
03:51:42 1 57 4096 2815 7.3 5.8 16 7
03:51:43 1 57 4096 2815 7.2 5.8 16 7
03:51:44 1 56 4096 2815 7.4 5.8 16 7
03:51:45 1 57 4096 2815 7.2 5.8 16 7
03:51:46 1 57 4096 2815 7.3 5.8 16 7
03:51:47 1 56 4096 2815 7.4 5.8 16 7
03:51:48 1 57 4096 2815 7.2 5.8 16 7
03:51:49 1 52 4096 2815 8.6 5.7 16 7
03:51:50 1 60 4096 2815 6.1 5.7 16 7
03:51:51 1 60 4096 2815 5.9 5.7 16 7
03:51:52 1 60 4096 2815 6.0 5.7 16 7
03:51:54 1 59 4096 2815 6.2 5.7 16 7
03:51:55 1 60 4096 2815 5.9 5.7 16 7
03:51:56 1 59 4096 2815 6.4 5.7 16 7
03:51:57 1 59 4096 2815 6.4 5.7 16 7
03:51:58 1 59 4096 2815 6.3 5.7 16 7
03:51:59 1 59 4096 2815 6.4 5.7 16 7
03:52:00 1 55 4096 2815 7.6 5.7 16 7
03:52:01 1 60 4096 2815 5.8 5.7 16 7
03:52:02 1 52 4096 2815 8.5 5.7 16 7
03:52:03 1 55 4096 2815 7.7 5.7 16 7
03:52:04 1 57 4096 2815 7.1 5.7 16 7
03:52:05 1 55 4096 2815 7.7 5.7 16 7
03:52:06 1 55 4096 2815 7.5 5.7 16 7
03:52:07 1 55 4096 2815 7.5 5.7 16 7
03:52:08 1 55 4096 2815 7.6 5.7 16 7
03:52:09 1 55 4096 2815 7.5 5.7 16 7
03:52:10 1 55 4096 2815 7.5 5.7 16 7
03:52:12 1 55 4096 2815 7.6 5.7 16 7
03:52:13 1 56 4096 2815 7.4 5.7 16 7
03:52:14 1 56 4096 2815 7.4 5.7 16 7
03:52:15 1 55 4096 2815 7.5 5.7 16 7
03:52:16 1 56 4096 2815 7.4 5.7 16 7
03:52:17 1 55 4096 2815 7.5 5.7 16 7
03:52:18 1 56 4096 2815 7.4 5.7 16 7
03:52:19 1 56 4096 2815 7.4 5.7 16 7
03:52:20 1 56 4096 2815 7.5 5.7 16 7
03:52:21 1 56 4096 2815 7.4 5.7 16 7
03:52:22 1 56 4096 2815 7.4 5.7 16 7
03:52:23 1 56 4096 2815 7.5 5.7 16 7
03:52:24 1 56 4096 2815 7.4 5.7 16 7
03:52:25 1 57 4096 2815 7.1 5.7 16 7
03:52:26 1 56 4096 2815 7.3 5.7 16 7
03:52:27 1 57 4096 2815 7.2 5.7 16 7
03:52:29 1 57 4096 2815 7.2 5.7 16 7
03:52:30 1 56 4096 2815 7.3 5.7 16 7
03:52:31 1 57 4096 2815 7.2 5.7 16 7
03:52:32 1 57 4096 2815 7.2 5.7 16 7
03:52:33 1 56 4096 2815 7.4 5.7 16 7
03:52:34 1 57 4096 2815 7.2 5.7 16 7
03:52:35 1 56 4096 2815 7.4 5.7 16 7
03:52:36 1 56 4096 2815 7.4 5.7 16 7
03:52:37 1 57 4096 2815 7.2 5.7 16 7
03:52:38 1 56 4096 2815 7.3 5.7 16 7
03:52:39 1 56 4096 2815 7.3 5.7 16 7
03:52:40 1 56 4096 2815 7.3 5.7 16 7
03:52:41 1 56 4096 2815 7.4 5.7 16 7
03:52:42 1 57 4096 2815 7.2 5.7 16 7
03:52:43 1 57 4096 2815 7.1 5.7 16 7
03:52:44 1 56 4096 2815 7.4 5.7 16 7
03:52:46 1 57 4096 2815 7.2 5.7 16 7
03:52:47 1 51 4096 2815 8.8 5.7 16 7
03:52:48 1 59 4096 2815 6.4 5.7 16 7
03:52:49 1 59 4096 2815 6.1 5.7 16 7
03:52:50 1 59 4096 2815 6.4 5.7 16 7
03:52:51 1 59 4096 2815 6.1 5.7 16 7
03:52:52 1 60 4096 2815 5.9 5.7 16 7
03:52:53 1 58 4096 2815 6.5 5.7 16 7
03:52:54 1 59 4096 2815 6.3 5.7 16 7
03:52:55 1 59 4096 2815 6.3 5.7 16 7
03:52:56 1 58 4096 2815 6.4 5.7 16 7
03:52:57 1 55 4096 2815 7.4 5.7 16 7
03:52:58 1 63 4096 2815 4.8 5.7 16 7
03:52:59 1 52 4096 2815 8.4 5.8 16 7
03:53:00 1 55 4096 2815 7.6 5.8 16 7
03:53:01 1 55 4096 2815 7.5 5.8 16 7
03:53:02 1 54 4096 2815 7.7 5.8 16 7
03:53:04 1 55 4096 2815 7.5 5.8 16 7
03:53:05 1 55 4096 2815 7.5 5.8 16 7
03:53:06 1 54 4096 2815 7.8 5.8 16 7
03:53:07 1 55 4096 2815 7.6 5.8 16 7
03:53:08 1 54 4096 2815 7.8 5.8 16 7
03:53:09 1 55 4096 2815 7.7 5.8 16 7
03:53:10 1 55 4096 2815 7.6 5.8 16 7
03:53:11 1 55 4096 2815 7.7 5.8 16 7
03:53:12 1 55 4096 2815 7.5 5.8 16 7
03:53:13 1 55 4096 2815 7.4 5.8 16 7
03:53:14 1 55 4096 2815 7.5 5.8 16 7
03:53:15 1 55 4096 2815 7.4 5.8 16 7
03:53:16 1 55 4096 2815 7.4 5.8 16 7
03:53:17 1 55 4096 2815 7.5 5.8 16 7
03:53:19 1 55 4096 2815 7.4 5.8 16 7
03:53:20 1 55 4096 2815 7.4 5.8 16 7
03:53:21 1 55 4096 2815 7.5 5.8 16 7
03:53:22 1 55 4096 2815 7.4 5.8 16 7
03:53:23 1 56 4096 2815 7.2 5.8 16 7
03:53:24 1 56 4096 2815 7.3 5.8 16 7
03:53:25 1 56 4096 2815 7.2 5.8 16 7
03:53:26 1 56 4096 2815 7.3 5.8 16 7
03:53:27 1 56 4096 2815 7.2 5.8 16 7
03:53:28 1 56 4096 2815 7.2 5.8 16 7
03:53:29 1 56 4096 2815 7.3 5.8 16 7
03:53:30 1 56 4096 2815 7.2 5.8 16 7
03:53:31 1 56 4096 2815 7.2 5.8 16 7
03:53:32 1 56 4096 2815 7.3 5.8 16 7
03:53:33 1 56 4096 2815 7.2 5.8 16 7
03:53:34 1 56 4096 2815 7.2 5.8 16 7
03:53:36 1 56 4096 2815 7.3 5.8 16 7
03:53:37 1 56 4096 2815 7.2 5.8 16 7
03:53:38 1 56 4096 2815 7.2 5.8 16 7
03:53:39 1 56 4096 2815 7.2 5.8 16 7
03:53:40 1 56 4096 2815 7.2 5.8 16 7
03:53:41 1 56 4096 2815 7.3 5.8 16 7
03:53:42 1 56 4096 2815 7.3 5.8 16 7
03:53:43 1 56 4096 2815 7.2 5.8 16 7
03:53:44 1 52 4096 2815 8.5 5.7 16 7
03:53:45 1 57 4096 2815 7.0 5.7 16 7
03:53:46 1 60 4096 2815 5.9 5.7 16 7
03:53:47 1 59 4096 2815 6.1 5.7 16 7
03:53:48 1 57 4096 2815 6.0 5.4 16 7
03:53:49 1 58 4096 2815 5.9 5.4 16 7
03:53:50 1 56 4096 2815 6.5 5.4 16 7
03:53:51 1 56 4096 2815 6.4 5.4 16 7
03:53:52 1 56 4096 2815 6.4 5.4 16 7
03:53:54 1 55 4096 2815 6.5 5.3 16 7
03:53:55 1 53 4096 2815 7.5 5.3 16 7
03:53:56 1 53 4096 2815 7.1 5.3 16 7
03:53:57 1 49 4096 2815 8.5 5.4 16 7
03:53:58 1 52 4096 2815 7.6 5.4 16 7
03:53:59 1 52 4096 2815 7.8 5.4 16 7
03:54:00 1 52 4096 2815 7.6 5.4 16 7
03:54:01 1 50 4096 2815 7.6 4.8 16 7
03:54:02 1 49 4096 2815 7.8 4.8 16 7
03:54:03 1 49 4096 2815 7.6 4.6 16 7
03:54:04 1 48 4096 2815 7.7 4.1 16 7
03:54:05 1 47 4096 2815 7.8 4.0 16 7
03:54:06 1 47 4096 2815 7.6 3.7 16 7
03:54:07 1 46 4096 2815 7.5 3.6 16 7
03:54:09 1 46 4096 2815 7.8 3.6 16 7
03:54:10 1 46 4096 2815 7.6 3.6 16 7
03:54:11 1 46 4096 2815 7.6 3.6 16 7
03:54:12 1 46 4096 2815 7.8 3.6 16 7
03:54:13 1 46 4096 2815 7.5 3.6 16 7
03:54:14 1 46 4096 2815 7.6 3.6 16 7
03:54:15 1 46 4096 2815 7.6 3.6 16 7
03:54:16 1 45 4096 2815 7.6 3.3 16 7
03:54:17 1 45 4096 2815 7.7 3.3 16 7
03:54:18 1 45 4096 2815 7.6 3.2 16 7
03:54:19 1 45 4096 2815 7.6 3.2 16 7
03:54:20 1 45 4096 2815 7.4 3.2 16 7
03:54:21 1 46 4096 2815 7.3 3.2 16 7
03:54:22 1 46 4096 2815 7.3 3.2 16 7
03:54:23 1 46 4096 2815 7.4 3.2 16 7
03:54:25 1 46 4096 2815 7.3 3.2 16 7
03:54:26 1 46 4096 2815 7.3 3.2 16 7
03:54:27 1 45 4096 2815 7.4 3.2 16 7
03:54:28 1 46 4096 2815 7.3 3.2 16 7
03:54:29 1 46 4096 2815 7.3 3.2 16 7
03:54:30 1 45 4096 2815 7.5 3.2 16 7
03:54:31 1 46 4096 2815 7.3 3.2 16 7
03:54:32 1 45 4096 2815 7.6 3.2 16 7
03:54:33 1 45 4096 2815 7.6 3.2 16 7
03:54:34 1 46 4096 2815 7.3 3.2 16 7
03:54:35 1 45 4096 2815 7.5 3.2 16 7
03:54:36 1 46 4096 2815 7.3 3.2 16 7
03:54:37 1 46 4096 2815 7.4 3.2 16 7
03:54:38 1 45 4096 2815 7.4 3.2 16 7
03:54:39 1 46 4096 2815 7.3 3.2 16 7
03:54:40 1 46 4096 2815 7.3 3.2 16 7
03:54:42 1 46 4096 2815 7.4 3.2 16 7
03:54:43 1 42 4096 2815 8.8 3.2 16 7
03:54:44 1 49 4096 2815 6.3 3.2 16 7
03:54:45 1 49 4096 2815 6.4 3.2 16 7
03:54:46 1 49 4096 2815 6.4 3.2 16 7
03:54:47 1 50 4096 2815 6.2 3.2 16 7
03:54:48 1 48 4096 2815 6.3 2.8 16 7
03:54:49 1 45 4096 2815 6.5 2.8 16 7
03:54:50 1 44 4096 2815 6.7 2.8 16 7
03:54:51 1 45 4096 2815 6.4 2.8 16 7
03:54:52 1 45 4096 2815 6.4 2.8 16 7
03:54:53 1 42 4096 2815 7.3 2.8 16 7
03:54:54 1 42 4096 2815 8.2 2.9 16 7
03:54:55 1 45 4096 2815 7.3 2.9 16 7
03:54:56 1 44 4096 2815 7.9 3.0 16 7
03:54:57 1 45 4096 2815 7.4 3.0 16 7
03:54:59 1 44 4096 2815 7.7 3.0 16 7
03:55:00 1 44 4096 2815 7.9 3.1 16 7
03:55:01 1 45 4096 2815 7.7 3.1 16 7
03:55:02 1 45 4096 2815 7.7 3.1 16 7
03:55:03 1 44 4096 2815 7.8 3.1 16 7
03:55:04 1 45 4096 2815 7.7 3.1 16 7
03:55:05 1 45 4096 2815 7.8 3.1 16 7
03:55:06 1 45 4096 2815 7.7 3.1 16 7
03:55:07 1 45 4096 2815 7.6 3.2 16 7
03:55:08 1 45 4096 2815 7.7 3.2 16 7
03:55:09 1 45 4096 2815 7.6 3.2 16 7
03:55:10 1 45 4096 2815 7.6 3.2 16 7
03:55:11 1 45 4096 2815 7.8 3.2 16 7
03:55:12 1 46 4096 2815 7.6 3.2 16 7
03:55:13 1 46 4096 2815 7.6 3.2 16 7
03:55:15 1 45 4096 2815 7.8 3.2 16 7
03:55:16 1 45 4096 2815 7.6 3.2 16 7
03:55:17 1 46 4096 2815 7.6 3.2 16 7
03:55:18 1 45 4096 2815 7.6 3.2 16 7
03:55:19 1 46 4096 2815 7.3 3.2 16 7
03:55:20 1 46 4096 2815 7.4 3.2 16 7
03:55:21 1 46 4096 2815 7.3 3.2 16 7
03:55:22 1 46 4096 2815 7.3 3.2 16 7
03:55:23 1 46 4096 2815 7.5 3.2 16 7
03:55:24 1 46 4096 2815 7.3 3.2 16 7
03:55:25 1 46 4096 2815 7.3 3.2 16 7
03:55:26 1 46 4096 2815 7.5 3.2 16 7
03:55:27 1 46 4096 2815 7.3 3.2 16 7
03:55:28 1 46 4096 2815 7.3 3.2 16 7
03:55:29 1 46 4096 2815 7.4 3.2 16 7
03:55:30 1 46 4096 2815 7.3 3.2 16 7
03:55:32 1 46 4096 2815 7.3 3.2 16 7
03:55:33 1 46 4096 2815 7.4 3.2 16 7
03:55:34 1 46 4096 2815 7.3 3.2 16 7
03:55:35 1 46 4096 2815 7.3 3.2 16 7
03:55:36 1 46 4096 2815 7.5 3.2 16 7
03:55:37 1 46 4096 2815 7.3 3.2 16 7
03:55:38 1 46 4096 2815 7.5 3.2 16 7
03:55:39 1 46 4096 2815 7.5 3.2 16 7
03:55:40 1 42 4096 2815 8.7 3.2 16 7
03:55:41 1 49 4096 2815 6.3 3.2 16 7
03:55:42 1 50 4096 2815 6.0 3.2 16 7
03:55:43 1 50 4096 2815 6.1 3.2 16 7
03:55:44 1 49 4096 2815 6.3 3.2 16 7
03:55:45 1 50 4096 2815 6.0 3.2 16 7
03:55:46 1 49 4096 2815 6.5 3.2 16 7
03:55:47 1 49 4096 2815 6.6 3.2 16 7
03:55:48 1 49 4096 2815 6.4 3.2 16 7
03:55:50 1 49 4096 2815 6.4 3.2 16 7
03:55:51 1 45 4096 2815 7.7 3.2 16 7
03:55:52 1 54 4096 2815 4.9 3.2 16 7
03:55:53 1 43 4096 2815 8.4 3.2 16 7
03:55:54 1 45 4096 2815 7.8 3.2 16 7
03:55:55 1 45 4096 2815 7.6 3.2 16 7
03:55:56 1 45 4096 2815 7.8 3.2 16 7
03:55:57 1 45 4096 2815 7.7 3.2 16 7
03:55:58 1 45 4096 2815 7.7 3.2 16 7
03:55:59 1 45 4096 2815 7.8 3.2 16 7
03:56:00 1 45 4096 2815 7.7 3.2 16 7
03:56:01 1 45 4096 2815 7.7 3.2 16 7
03:56:02 1 44 4096 2815 7.9 3.2 16 7
03:56:03 1 45 4096 2815 7.6 3.2 16 7
03:56:04 1 45 4096 2815 7.6 3.2 16 7
03:56:05 1 45 4096 2815 7.8 3.2 16 7
03:56:07 1 45 4096 2815 7.6 3.2 16 7
03:56:08 1 45 4096 2815 7.6 3.2 16 7
03:56:09 1 45 4096 2815 7.8 3.2 16 7
03:56:10 1 45 4096 2815 7.6 3.2 16 7
03:56:11 1 45 4096 2815 7.7 3.2 16 7
03:56:12 1 45 4096 2815 7.8 3.2 16 7
03:56:13 1 46 4096 2815 7.6 3.2 16 7
03:56:14 1 45 4096 2815 7.8 3.2 16 7
03:56:15 1 46 4096 2815 7.6 3.2 16 7
03:56:16 1 46 4096 2815 7.3 3.2 16 7
03:56:17 1 46 4096 2815 7.4 3.2 16 7
03:56:18 1 46 4096 2815 7.3 3.2 16 7
03:56:19 1 46 4096 2815 7.3 3.2 16 7
03:56:20 1 46 4096 2815 7.4 3.2 16 7
03:56:21 1 46 4096 2815 7.3 3.2 16 7
03:56:23 1 46 4096 2815 7.3 3.2 16 7
03:56:24 1 46 4096 2815 7.4 3.2 16 7
03:56:25 1 46 4096 2815 7.3 3.2 16 7
03:56:26 1 46 4096 2815 7.3 3.2 16 7
03:56:27 1 46 4096 2815 7.4 3.2 16 7
03:56:28 1 46 4096 2815 7.3 3.2 16 7
03:56:29 1 46 4096 2815 7.4 3.2 16 7
03:56:30 1 46 4096 2815 7.3 3.2 16 7
03:56:31 1 46 4096 2815 7.3 3.2 16 7
03:56:32 1 46 4096 2815 7.4 3.2 16 7
03:56:33 1 46 4096 2815 7.3 3.2 16 7
03:56:34 1 46 4096 2815 7.3 3.2 16 7
03:56:35 1 45 4096 2815 7.5 3.2 16 7
03:56:36 1 46 4096 2815 7.3 3.2 16 7
03:56:37 1 42 4096 2815 8.9 3.2 16 7
03:56:38 1 49 4096 2815 6.5 3.2 16 7
03:56:40 1 49 4096 2815 6.3 3.2 16 7
03:56:41 1 49 4096 2815 6.4 3.2 16 7
03:56:42 1 49 4096 2815 6.5 3.2 16 7
03:56:43 1 50 4096 2815 6.0 3.2 16 7
03:56:44 1 49 4096 2815 6.5 3.2 16 7
03:56:45 1 48 4096 2815 6.6 3.2 16 7
03:56:46 1 49 4096 2815 6.4 3.2 16 7
03:56:47 1 49 4096 2815 6.5 3.2 16 7
03:56:48 1 45 4096 2815 7.7 3.2 16 7
03:56:49 1 50 4096 2815 6.0 3.2 16 7
03:56:50 1 43 4096 2815 8.5 3.2 16 7
03:56:51 1 45 4096 2815 7.7 3.2 16 7
03:56:52 1 45 4096 2815 7.6 3.2 16 7
03:56:53 1 44 4096 2815 7.9 3.2 16 7
03:56:54 1 45 4096 2815 7.7 3.2 16 7
03:56:55 1 45 4096 2815 7.7 3.2 16 7
03:56:56 1 44 4096 2815 7.9 3.2 16 7
03:56:58 1 45 4096 2815 7.7 3.2 16 7
03:56:59 1 45 4096 2815 7.7 3.2 16 7
03:57:00 1 45 4096 2815 7.8 3.2 16 7
03:57:01 1 45 4096 2815 7.6 3.2 16 7
03:57:02 1 45 4096 2815 7.7 3.2 16 7
03:57:03 1 45 4096 2815 7.7 3.2 16 7
03:57:04 1 45 4096 2815 7.6 3.2 16 7
03:57:05 1 45 4096 2815 7.8 3.2 16 7
03:57:06 1 45 4096 2815 7.7 3.2 16 7
03:57:07 1 45 4096 2815 7.6 3.2 16 7
03:57:08 1 45 4096 2815 7.7 3.2 16 7
03:57:09 1 45 4096 2815 7.5 3.2 16 7
03:57:10 1 45 4096 2815 7.6 3.2 16 7
03:57:11 1 45 4096 2815 7.6 3.2 16 7
03:57:12 1 45 4096 2815 7.6 3.2 16 7
03:57:14 1 46 4096 2815 7.3 3.2 16 7
03:57:15 1 46 4096 2815 7.4 3.2 16 7
03:57:16 1 46 4096 2815 7.3 3.2 16 7
03:57:17 1 46 4096 2815 7.3 3.2 16 7
03:57:18 1 46 4096 2815 7.4 3.2 16 7
03:57:19 1 46 4096 2815 7.3 3.2 16 7
03:57:20 1 46 4096 2815 7.4 3.2 16 7
03:57:21 1 46 4096 2815 7.3 3.2 16 7
03:57:22 1 46 4096 2815 7.3 3.2 16 7
03:57:23 1 46 4096 2815 7.4 3.2 16 7
03:57:24 1 46 4096 2815 7.3 3.2 16 7
03:57:25 1 46 4096 2815 7.3 3.2 16 7
03:57:26 1 46 4096 2815 7.4 3.2 16 7
03:57:27 1 46 4096 2815 7.3 3.2 16 7
03:57:28 1 46 4096 2815 7.3 3.2 16 7
03:57:29 1 46 4096 2815 7.4 3.2 16 7
03:57:31 1 46 4096 2815 7.3 3.2 16 7
03:57:32 1 46 4096 2815 7.3 3.2 16 7
03:57:33 1 46 4096 2815 7.4 3.2 16 7
03:57:34 1 46 4096 2815 7.3 3.2 16 7
03:57:35 1 46 4096 2815 7.3 3.2 16 7
03:57:36 1 42 4096 2815 8.6 3.2 16 7
03:57:37 1 50 4096 2815 6.0 3.2 16 7
03:57:38 1 49 4096 2815 6.2 3.2 16 7
03:57:39 1 49 4096 2815 6.2 3.2 16 7
03:57:40 1 50 4096 2815 6.1 3.2 16 7
03:57:41 1 48 4096 2815 6.7 3.2 16 7
03:57:42 1 48 4096 2815 6.5 3.2 16 7
03:57:43 1 48 4096 2815 6.4 3.2 16 7
03:57:44 1 48 4096 2815 6.5 3.2 16 7
03:57:45 1 49 4096 2815 6.4 3.2 16 7
03:57:46 1 46 4096 2815 7.2 3.2 16 7
03:57:47 1 42 4096 2815 8.5 3.2 16 7
03:57:49 1 45 4096 2815 7.7 3.2 16 7
03:57:50 1 45 4096 2815 7.7 3.2 16 7
03:57:51 1 44 4096 2815 7.8 3.2 16 7
03:57:52 1 45 4096 2815 7.7 3.2 16 7
03:57:53 1 45 4096 2815 7.7 3.2 16 7
03:57:54 1 44 4096 2815 7.8 3.2 16 7
03:57:55 1 45 4096 2815 7.7 3.2 16 7
03:57:56 1 44 4096 2815 7.9 3.2 16 7
03:57:57 1 45 4096 2815 7.7 3.2 16 7
03:57:58 1 45 4096 2815 7.5 3.2 16 7
03:57:59 1 44 4096 2815 7.8 3.2 16 7
03:58:00 1 45 4096 2815 7.6 3.2 16 7
03:58:01 1 45 4096 2815 7.6 3.2 16 7
03:58:02 1 44 4096 2815 7.8 3.2 16 7
03:58:03 1 45 4096 2815 7.6 3.2 16 7
03:58:04 1 45 4096 2815 7.5 3.2 16 7
03:58:06 1 44 4096 2815 7.7 3.2 16 7
03:58:07 1 45 4096 2815 7.5 3.2 16 7
03:58:08 1 45 4096 2815 7.6 3.2 16 7
03:58:09 1 44 4096 2815 7.8 3.2 16 7
03:58:10 1 45 4096 2815 7.7 3.2 16 7
03:58:11 1 46 4096 2815 7.4 3.2 16 7
03:58:12 1 46 4096 2815 7.4 3.2 16 7
03:58:13 1 46 4096 2815 7.3 3.2 16 7
03:58:14 1 46 4096 2815 7.4 3.2 16 7
03:58:15 1 46 4096 2815 7.4 3.2 16 7
03:58:16 1 46 4096 2815 7.3 3.2 16 7
03:58:17 1 45 4096 2815 7.5 3.2 16 7
03:58:18 1 46 4096 2815 7.3 3.2 16 7
03:58:19 1 46 4096 2815 7.3 3.2 16 7
03:58:20 1 45 4096 2815 7.5 3.2 16 7
03:58:21 1 46 4096 2815 7.3 3.2 16 7
03:58:23 1 46 4096 2815 7.3 3.2 16 7
03:58:24 1 45 4096 2815 7.5 3.2 16 7
03:58:25 1 46 4096 2815 7.3 3.2 16 7
03:58:26 1 46 4096 2815 7.3 3.2 16 7
03:58:27 1 45 4096 2815 7.5 3.2 16 7
03:58:28 1 46 4096 2815 7.3 3.2 16 7
03:58:29 1 46 4096 2815 7.4 3.2 16 7
03:58:30 1 46 4096 2815 7.3 3.2 16 7
03:58:31 1 46 4096 2815 7.4 3.2 16 7
03:58:32 1 45 4096 2815 7.5 3.2 16 7
03:58:33 1 42 4096 2815 8.8 3.2 16 7
03:58:34 1 49 4096 2815 6.3 3.2 16 7
03:58:35 1 49 4096 2815 6.4 3.2 16 7
03:58:36 1 49 4096 2815 6.3 3.2 16 7
03:58:37 1 49 4096 2815 6.0 3.0 16 7
03:58:38 1 49 4096 2815 6.1 3.0 16 7
03:58:40 1 48 4096 2815 6.5 3.0 16 7
03:58:41 1 48 4096 2815 6.5 3.1 16 7
03:58:42 1 48 4096 2815 6.6 3.1 16 7
03:58:43 1 48 4096 2815 6.4 3.1 16 7
03:58:44 1 45 4096 2815 7.5 3.1 16 7
03:58:45 1 42 4096 2815 8.6 3.2 16 7
03:58:46 1 45 4096 2815 7.7 3.2 16 7
03:58:47 1 44 4096 2815 7.7 3.2 16 7
03:58:48 1 44 4096 2815 7.6 3.2 16 7
03:58:49 1 45 4096 2815 7.6 3.2 16 7
03:58:50 1 44 4096 2815 7.9 3.2 16 7
03:58:51 1 45 4096 2815 7.7 3.2 16 7
03:58:52 1 45 4096 2815 7.7 3.2 16 7
03:58:53 1 44 4096 2815 7.9 3.2 16 7
03:58:54 1 44 4096 2815 7.9 3.1 16 7
03:58:55 1 43 4096 2815 7.9 3.0 16 7
03:58:57 1 43 4096 2815 7.9 3.0 16 7
03:58:58 1 44 4096 2815 7.8 3.0 16 7
03:58:59 1 44 4096 2815 7.8 3.0 16 7
03:59:00 1 43 4096 2815 7.9 3.0 16 7
03:59:01 1 45 4096 2815 7.8 3.0 16 7
03:59:02 1 45 4096 2815 7.8 3.0 16 7
03:59:03 1 45 4096 2815 7.8 3.0 16 7
03:59:04 1 45 4096 2815 7.8 3.0 16 7
03:59:05 1 45 4096 2815 7.8 3.0 16 7
03:59:06 1 45 4096 2815 7.7 3.0 16 7
03:59:07 1 46 4096 2815 7.5 3.0 16 7
03:59:08 1 45 4096 2815 7.6 3.0 16 7
03:59:09 1 46 4096 2815 7.3 3.0 16 7
03:59:10 1 46 4096 2815 7.3 3.0 16 7
03:59:12 1 46 4096 2815 7.5 3.0 16 7
03:59:13 1 47 4096 2815 7.3 3.0 16 7
03:59:14 1 46 4096 2815 7.4 3.0 16 7
03:59:15 1 46 4096 2815 7.4 3.0 16 7
03:59:16 1 47 4096 2815 7.3 3.0 16 7
03:59:17 1 46 4096 2815 7.5 3.0 16 7
03:59:18 1 46 4096 2815 7.5 3.0 16 7
03:59:19 1 47 4096 2815 7.3 3.0 16 7
03:59:20 1 46 4096 2815 7.4 3.0 16 7
03:59:21 1 47 4096 2815 7.3 3.0 16 7
03:59:22 1 47 4096 2815 7.3 3.0 16 7
03:59:23 1 46 4096 2815 7.4 3.0 16 7
03:59:24 1 47 4096 2815 7.3 3.0 16 7
03:59:25 1 47 4096 2815 7.3 3.0 16 7
03:59:27 1 46 4096 2815 7.4 3.0 16 7
03:59:28 1 47 4096 2815 7.3 3.0 16 7
03:59:29 1 47 4096 2815 7.3 3.0 16 7
03:59:30 1 46 4096 2815 7.4 3.0 16 7
03:59:31 1 42 4096 2815 8.6 3.0 16 7
03:59:32 1 50 4096 2815 6.1 3.0 16 7
03:59:33 1 50 4096 2815 6.1 3.0 16 7
03:59:34 1 50 4096 2815 6.1 3.0 16 7
03:59:35 1 50 4096 2815 6.2 3.0 16 7
03:59:36 1 50 4096 2815 6.0 3.0 16 7
03:59:37 1 49 4096 2815 6.5 3.0 16 7
03:59:38 1 49 4096 2815 6.5 3.0 16 7
03:59:39 1 49 4096 2815 6.4 3.1 16 7
03:59:40 1 49 4096 2815 6.3 3.1 16 7
03:59:41 1 47 4096 2815 7.6 3.1 16 7
03:59:42 1 46 4096 2815 7.0 2.7 16 7
03:59:43 1 42 4096 2815 8.4 2.8 16 7
03:59:45 1 44 4096 2815 7.8 2.9 16 7
03:59:46 1 44 4096 2815 7.6 2.9 16 7
03:59:47 1 44 4096 2815 7.6 2.9 16 7
03:59:48 1 44 4096 2815 7.7 2.9 16 7
03:59:49 1 44 4096 2815 7.6 2.9 16 7
03:59:50 1 43 4096 2815 7.9 2.9 16 7
03:59:51 1 44 4096 2815 7.7 2.9 16 7
03:59:52 1 44 4096 2815 7.7 2.9 16 7
03:59:53 1 43 4096 2815 7.9 2.9 16 7
03:59:54 1 44 4096 2815 7.5 2.9 16 7
03:59:55 1 44 4096 2815 7.5 2.9 16 7
03:59:56 1 44 4096 2815 7.6 3.0 16 7
03:59:57 1 44 4096 2815 7.5 3.0 16 7
03:59:58 1 45 4096 2815 7.5 3.0 16 7
04:00:00 1 44 4096 2815 7.6 3.0 16 7
04:00:01 1 45 4096 2815 7.5 3.0 16 7
04:00:02 1 44 4096 2815 7.7 3.0 16 7
04:00:03 1 44 4096 2815 7.9 3.0 16 7
04:00:04 1 44 4096 2815 7.8 3.0 16 7
04:00:05 1 44 4096 2815 7.9 3.0 16 7
04:00:06 1 44 4096 2815 7.9 3.0 16 7
04:00:07 1 45 4096 2815 7.5 3.0 16 7
04:00:08 1 45 4096 2815 7.6 3.0 16 7
04:00:09 1 45 4096 2815 7.4 3.0 16 7
04:00:10 1 45 4096 2815 7.3 3.0 16 7
04:00:11 1 45 4096 2815 7.5 3.0 16 7
04:00:12 1 45 4096 2815 7.3 3.0 16 7
04:00:13 1 45 4096 2815 7.3 3.0 16 7
04:00:15 1 45 4096 2815 7.5 3.0 16 7
04:00:16 1 46 4096 2815 7.3 3.0 16 7
04:00:17 1 46 4096 2815 7.3 3.0 16 7
04:00:18 1 45 4096 2815 7.5 3.0 16 7
04:00:19 1 45 4096 2815 7.3 3.0 16 7
04:00:20 1 45 4096 2815 7.5 3.0 16 7
04:00:21 1 45 4096 2815 7.4 3.0 16 7
04:00:22 1 45 4096 2815 7.4 3.0 16 7
04:00:23 1 45 4096 2815 7.5 3.0 16 7
04:00:24 1 45 4096 2815 7.4 3.0 16 7
04:00:25 1 45 4096 2815 7.3 3.0 16 7
04:00:26 1 45 4096 2815 7.3 3.0 16 7
04:00:27 1 45 4096 2815 7.4 3.0 16 7
04:00:29 1 45 4096 2815 7.3 3.0 16 7
04:00:30 1 40 4096 2815 9.0 2.9 16 7
04:00:31 1 48 4096 2815 6.3 2.9 16 7
04:00:32 1 48 4096 2815 6.3 2.9 16 7
04:00:33 1 48 4096 2815 6.4 2.9 16 7
04:00:34 1 49 4096 2815 6.1 2.9 16 7
04:00:35 1 49 4096 2815 6.1 2.9 16 7
04:00:36 1 47 4096 2815 6.7 2.9 16 7
04:00:37 1 48 4096 2815 6.6 3.0 16 7
04:00:38 1 48 4096 2815 6.5 3.0 16 7
04:00:39 1 49 4096 2815 6.4 3.0 16 7
04:00:40 1 45 4096 2815 7.6 3.0 16 7
04:00:41 1 50 4096 2815 6.0 3.0 16 7
04:00:42 1 42 4096 2815 8.5 3.1 16 7
04:00:43 1 45 4096 2815 7.7 3.1 16 7
04:00:44 1 45 4096 2815 7.5 3.1 16 7
04:00:45 1 45 4096 2815 7.6 3.0 16 7
04:00:47 1 45 4096 2815 7.6 3.0 16 7
04:00:48 1 44 4096 2815 7.9 3.0 16 7
04:00:49 1 44 4096 2815 7.7 3.0 16 7
04:00:50 1 45 4096 2815 7.6 3.1 16 7
04:00:51 1 44 4096 2815 7.7 3.1 16 7
04:00:52 1 45 4096 2815 7.6 3.1 16 7
04:00:53 1 45 4096 2815 7.7 3.1 16 7
04:00:54 1 45 4096 2815 7.5 3.1 16 7
04:00:55 1 45 4096 2815 7.5 3.1 16 7
04:00:56 1 45 4096 2815 7.6 3.1 16 7
04:00:57 1 45 4096 2815 7.5 3.2 16 7
04:00:58 1 45 4096 2815 7.6 3.2 16 7
04:00:59 1 45 4096 2815 7.6 3.2 16 7
04:01:00 1 45 4096 2815 7.5 3.2 16 7
04:01:01 1 45 4096 2815 7.5 3.2 16 7
04:01:03 1 45 4096 2815 7.7 3.2 16 7
04:01:04 1 45 4096 2815 7.5 3.2 16 7
04:01:05 1 45 4096 2815 7.5 3.2 16 7
04:01:06 1 45 4096 2815 7.5 3.2 16 7
04:01:07 1 46 4096 2815 7.3 3.2 16 7
04:01:08 1 46 4096 2815 7.4 3.2 16 7
04:01:09 1 46 4096 2815 7.4 3.2 16 7
04:01:10 1 46 4096 2815 7.3 3.2 16 7
04:01:11 1 46 4096 2815 7.5 3.2 16 7
04:01:12 1 46 4096 2815 7.3 3.2 16 7
04:01:13 1 46 4096 2815 7.3 3.2 16 7
04:01:14 1 46 4096 2815 7.5 3.2 16 7
04:01:15 1 46 4096 2815 7.4 3.2 16 7
04:01:16 1 46 4096 2815 7.3 3.2 16 7
04:01:17 1 45 4096 2815 7.5 3.2 16 7
04:01:18 1 46 4096 2815 7.3 3.2 16 7
04:01:20 1 46 4096 2815 7.3 3.2 16 7
04:01:21 1 46 4096 2815 7.5 3.2 16 7
04:01:22 1 46 4096 2815 7.4 3.2 16 7
04:01:23 1 46 4096 2815 7.3 3.1 16 7
04:01:24 1 46 4096 2815 7.4 3.1 16 7
04:01:25 1 46 4096 2815 7.4 3.1 16 7
04:01:26 1 46 4096 2815 7.4 3.1 16 7
04:01:27 1 42 4096 2815 8.6 3.1 16 7
04:01:28 1 50 4096 2815 6.0 3.1 16 7
04:01:29 1 50 4096 2815 6.1 3.1 16 7
04:01:30 1 50 4096 2815 6.1 3.1 16 7
04:01:31 1 50 4096 2815 6.0 3.1 16 7
04:01:32 1 50 4096 2815 6.1 3.1 16 7
04:01:33 1 49 4096 2815 6.5 3.1 16 7
04:01:34 1 49 4096 2815 6.4 3.1 16 7
04:01:35 1 49 4096 2815 6.5 3.2 16 7
04:01:36 1 49 4096 2815 6.3 3.2 16 7
04:01:37 1 46 4096 2815 7.5 3.2 16 7
04:01:39 1 53 4096 2815 5.0 3.2 16 7
04:01:40 1 43 4096 2815 8.4 3.2 16 7
04:01:41 1 45 4096 2815 7.6 3.2 16 7
04:01:42 1 46 4096 2815 7.3 3.2 16 7
04:01:43 1 45 4096 2815 7.6 3.2 16 7
04:01:44 1 45 4096 2815 7.7 3.2 16 7
04:01:45 1 45 4096 2815 7.8 3.2 16 7
04:01:46 1 45 4096 2815 7.8 3.2 16 7
04:01:47 1 45 4096 2815 7.9 3.2 16 7
04:01:48 1 45 4096 2815 7.7 3.2 16 7
04:01:49 1 45 4096 2815 7.6 3.2 16 7
04:01:50 1 45 4096 2815 7.7 3.2 16 7
04:01:51 1 46 4096 2815 7.5 3.2 16 7
04:01:52 1 46 4096 2815 7.5 3.2 16 7
04:01:53 1 45 4096 2815 7.6 3.2 16 7
04:01:54 1 46 4096 2815 7.5 3.2 16 7
04:01:56 1 46 4096 2815 7.5 3.2 16 7
04:01:57 1 45 4096 2815 7.6 3.2 16 7
04:01:58 1 46 4096 2815 7.5 3.2 16 7
04:01:59 1 46 4096 2815 7.5 3.2 16 7
04:02:00 1 45 4096 2815 7.6 3.2 16 7
04:02:01 1 45 4096 2815 7.6 3.2 16 7
04:02:02 1 46 4096 2815 7.5 3.2 16 7
04:02:03 1 46 4096 2815 7.5 3.2 16 7
04:02:04 1 46 4096 2815 7.3 3.2 16 7
04:02:05 1 46 4096 2815 7.5 3.2 16 7
04:02:06 1 46 4096 2815 7.4 3.2 16 7
04:02:07 1 47 4096 2815 7.3 3.2 16 7
04:02:08 1 46 4096 2815 7.4 3.2 16 7
04:02:09 1 46 4096 2815 7.3 3.2 16 7
04:02:10 1 46 4096 2815 7.3 3.2 16 7
04:02:11 1 46 4096 2815 7.5 3.2 16 7
04:02:12 1 47 4096 2815 7.3 3.2 16 7
04:02:14 1 47 4096 2815 7.3 3.2 16 7
04:02:15 1 46 4096 2815 7.5 3.2 16 7
04:02:16 1 47 4096 2815 7.3 3.2 16 7
04:02:17 1 47 4096 2815 7.3 3.2 16 7
04:02:18 1 46 4096 2815 7.4 3.2 16 7
04:02:19 1 47 4096 2815 7.2 3.2 16 7
04:02:20 1 46 4096 2815 7.5 3.2 16 7
04:02:21 1 47 4096 2815 7.2 3.2 16 7
04:02:22 1 47 4096 2815 7.2 3.2 16 7
04:02:23 1 46 4096 2815 7.5 3.2 16 7
04:02:24 1 42 4096 2815 8.9 3.2 16 7
04:02:25 1 50 4096 2815 6.2 3.2 16 7
04:02:26 1 49 4096 2815 6.5 3.2 16 7
04:02:27 1 49 4096 2815 6.3 3.2 16 7
04:02:28 1 50 4096 2815 6.1 3.2 16 7
04:02:29 1 50 4096 2815 6.2 3.2 16 7
04:02:30 1 49 4096 2815 6.5 3.2 16 7
04:02:32 1 49 4096 2815 6.4 3.2 16 7
04:02:33 1 49 4096 2815 6.5 3.2 16 7
04:02:34 1 49 4096 2815 6.3 3.2 16 7
04:02:35 1 46 4096 2815 7.5 3.2 16 7
04:02:36 1 50 4096 2815 6.0 3.2 16 7
04:02:37 1 43 4096 2815 8.4 3.2 16 7
04:02:38 1 45 4096 2815 7.7 3.2 16 7
04:02:39 1 47 4096 2815 7.2 3.2 16 7
04:02:40 1 46 4096 2815 7.6 3.2 16 7
04:02:41 1 45 4096 2815 7.7 3.2 16 7
04:02:42 1 46 4096 2815 7.6 3.2 16 7
04:02:43 1 46 4096 2815 7.6 3.2 16 7
04:02:44 1 45 4096 2815 7.7 3.2 16 7
04:02:45 1 46 4096 2815 7.6 3.2 16 7
04:02:46 1 45 4096 2815 7.7 3.2 16 7
04:02:47 1 45 4096 2815 7.7 3.2 16 7
04:02:49 1 46 4096 2815 7.7 3.2 16 7
04:02:50 1 46 4096 2815 7.5 3.2 16 7
04:02:51 1 45 4096 2815 7.8 3.2 16 7
04:02:52 1 46 4096 2815 7.5 3.2 16 7
04:02:53 1 46 4096 2815 7.5 3.2 16 7
04:02:54 1 46 4096 2815 7.6 3.2 16 7
04:02:55 1 46 4096 2815 7.5 3.2 16 7
04:02:56 1 46 4096 2815 7.6 3.2 16 7
04:02:57 1 46 4096 2815 7.5 3.2 16 7
04:02:58 1 46 4096 2815 7.5 3.2 16 7
04:02:59 1 46 4096 2815 7.3 3.2 16 7
04:03:00 1 47 4096 2815 7.2 3.2 16 7
04:03:01 1 47 4096 2815 7.2 3.2 16 7
04:03:02 1 46 4096 2815 7.4 3.2 16 7
04:03:03 1 47 4096 2815 7.2 3.2 16 7
04:03:04 1 47 4096 2815 7.2 3.2 16 7
04:03:06 1 46 4096 2815 7.5 3.2 16 7
04:03:07 1 47 4096 2815 7.3 3.2 16 7
04:03:08 1 47 4096 2815 7.2 3.2 16 7
04:03:09 1 47 4096 2815 7.3 3.2 16 7
04:03:10 1 47 4096 2815 7.2 3.2 16 7
04:03:11 1 46 4096 2815 7.5 3.2 16 7
04:03:12 1 47 4096 2815 7.3 3.2 16 7
04:03:13 1 47 4096 2815 7.2 3.2 16 7
04:03:14 1 46 4096 2815 7.4 3.2 16 7
04:03:15 1 47 4096 2815 7.2 3.2 16 7
04:03:16 1 47 4096 2815 7.2 3.2 16 7
04:03:17 1 47 4096 2815 7.3 3.2 16 7
04:03:18 1 47 4096 2815 7.2 3.2 16 7
04:03:19 1 47 4096 2815 7.2 3.2 16 7
04:03:20 1 47 4096 2815 7.3 3.2 16 7
04:03:21 1 43 4096 2815 8.5 3.2 16 7
04:03:23 1 51 4096 2815 6.0 3.2 16 7
04:03:24 1 50 4096 2815 6.1 3.2 16 7
04:03:25 1 51 4096 2815 6.0 3.2 16 7
04:03:26 1 51 4096 2815 6.0 3.2 16 7
04:03:27 1 51 4096 2815 6.0 3.2 16 7
04:03:28 1 49 4096 2815 6.4 3.2 16 7
04:03:29 1 49 4096 2815 6.5 3.2 16 7
04:03:30 1 49 4096 2815 6.6 3.2 16 7
04:03:31 1 49 4096 2815 6.5 3.2 16 7
04:03:32 1 45 4096 2815 7.8 3.2 16 7
04:03:33 1 44 4096 2815 8.3 3.2 16 7
04:03:34 1 46 4096 2815 7.6 3.2 16 7
04:03:35 1 46 4096 2815 7.7 3.2 16 7
04:03:36 1 46 4096 2815 7.6 3.2 16 7
04:03:37 1 46 4096 2815 7.6 3.2 16 7
04:03:38 1 45 4096 2815 7.8 3.2 16 7
04:03:39 1 45 4096 2815 7.8 3.2 16 7
04:03:41 1 45 4096 2815 7.9 3.2 16 7
04:03:42 1 45 4096 2815 8.0 3.2 16 7
04:03:43 1 45 4096 2815 7.9 3.2 16 7
04:03:44 1 45 4096 2815 7.9 3.2 16 7
04:03:45 1 45 4096 2815 7.8 3.2 16 7
04:03:46 1 46 4096 2815 7.7 3.2 16 7
04:03:47 1 45 4096 2815 7.8 3.2 16 7
04:03:48 1 46 4096 2815 7.7 3.2 16 7
04:03:49 1 46 4096 2815 7.7 3.2 16 7
04:03:50 1 46 4096 2815 7.8 3.2 16 7
04:03:51 1 46 4096 2815 7.7 3.2 16 7
04:03:52 1 46 4096 2815 7.7 3.2 16 7
04:03:53 1 46 4096 2815 7.8 3.2 16 7
04:03:54 1 46 4096 2815 7.7 3.2 16 7
04:03:56 1 46 4096 2815 7.7 3.2 16 7
04:03:57 1 46 4096 2815 7.5 3.2 16 7
04:03:58 1 47 4096 2815 7.4 3.2 16 7
04:03:59 1 47 4096 2815 7.5 3.2 16 7
04:04:00 1 47 4096 2815 7.6 3.2 16 7
04:04:01 1 47 4096 2815 7.5 3.2 16 7
04:04:02 1 47 4096 2815 7.6 3.2 16 7
04:04:03 1 47 4096 2815 7.5 3.2 16 7
04:04:04 1 48 4096 2815 7.2 3.2 16 7
04:04:05 1 48 4096 2815 7.3 3.2 16 7
04:04:06 1 48 4096 2815 7.2 3.2 16 7
04:04:07 1 47 4096 2815 7.5 3.2 16 7
04:04:08 1 46 4096 2815 7.6 3.1 16 7
04:04:09 1 47 4096 2815 7.5 3.1 16 7
04:04:11 1 47 4096 2815 7.5 3.1 16 7
04:04:12 1 46 4096 2815 7.7 3.2 16 7
04:04:13 1 47 4096 2815 7.5 3.2 16 7
04:04:14 1 47 4096 2815 7.5 3.2 16 7
04:04:15 1 46 4096 2815 7.8 3.2 16 7
04:04:16 1 46 4096 2815 7.7 3.2 16 7
04:04:17 1 47 4096 2815 7.6 3.2 16 7
04:04:18 1 47 4096 2815 7.6 3.2 16 7
04:04:19 1 42 4096 2815 9.1 3.2 16 7
04:04:20 1 49 4096 2815 6.6 3.2 16 7
04:04:21 1 50 4096 2815 6.4 3.2 16 7
04:04:22 1 49 4096 2815 6.5 3.2 16 7
04:04:23 1 50 4096 2815 6.4 3.2 16 7
04:04:24 1 50 4096 2815 6.1 3.2 16 7
04:04:25 1 49 4096 2815 6.6 3.1 16 7
04:04:26 1 49 4096 2815 6.7 3.1 16 7
04:04:27 1 49 4096 2815 6.5 3.1 16 7
04:04:28 1 49 4096 2815 6.5 3.1 16 7
04:04:30 1 46 4096 2815 7.6 3.1 16 7
04:04:31 1 54 4096 2815 4.8 3.1 16 7
04:04:32 1 44 4096 2815 8.3 3.2 16 7
04:04:33 1 46 4096 2815 7.7 3.2 16 7
04:04:34 1 46 4096 2815 7.7 3.2 16 7
04:04:35 1 46 4096 2815 7.7 3.2 16 7
04:04:36 1 46 4096 2815 7.6 3.2 16 7
04:04:37 1 46 4096 2815 7.6 3.2 16 7
04:04:38 1 46 4096 2815 7.7 3.2 16 7
04:04:39 1 46 4096 2815 7.6 3.2 16 7
04:04:40 1 46 4096 2815 7.6 3.2 16 7
04:04:41 1 46 4096 2815 7.7 3.2 16 7
04:04:42 1 46 4096 2815 7.5 3.2 16 7
04:04:43 1 46 4096 2815 7.5 3.2 16 7
04:04:44 1 46 4096 2815 7.6 3.2 16 7
04:04:46 1 46 4096 2815 7.5 3.2 16 7
04:04:47 1 46 4096 2815 7.5 3.2 16 7
04:04:48 1 46 4096 2815 7.6 3.2 16 7
04:04:49 1 46 4096 2815 7.5 3.2 16 7
04:04:50 1 47 4096 2815 7.5 3.2 16 7
04:04:51 1 46 4096 2815 7.6 3.2 16 7
04:04:52 1 46 4096 2815 7.5 3.2 16 7
04:04:53 1 46 4096 2815 7.6 3.2 16 7
04:04:54 1 46 4096 2815 7.6 3.2 16 7
04:04:55 1 47 4096 2815 7.2 3.2 16 7
04:04:56 1 47 4096 2815 7.4 3.2 16 7
04:04:57 1 47 4096 2815 7.2 3.2 16 7
04:04:58 1 47 4096 2815 7.2 3.2 16 7
04:04:59 1 46 4096 2815 7.5 3.2 16 7
04:05:00 1 47 4096 2815 7.3 3.2 16 7
04:05:01 1 47 4096 2815 7.3 3.2 16 7
04:05:03 1 46 4096 2815 7.5 3.2 16 7
04:05:04 1 47 4096 2815 7.2 3.2 16 7
04:05:05 1 47 4096 2815 7.2 3.1 16 7
04:05:06 1 46 4096 2815 7.5 3.1 16 7
04:05:07 1 47 4096 2815 7.3 3.1 16 7
04:05:08 1 47 4096 2815 7.3 3.1 16 7
04:05:09 1 47 4096 2815 7.2 3.1 16 7
04:05:10 1 47 4096 2815 7.2 3.1 16 7
04:05:11 1 47 4096 2815 7.3 3.1 16 7
04:05:12 1 47 4096 2815 7.2 3.1 16 7
04:05:13 1 47 4096 2815 7.2 3.1 16 7
04:05:14 1 47 4096 2815 7.3 3.1 16 7
04:05:15 1 47 4096 2815 7.2 3.1 16 7
04:05:16 1 43 4096 2815 8.6 3.2 16 7
04:05:17 1 47 4096 2815 7.2 3.2 16 7
04:05:18 1 51 4096 2815 6.0 3.2 16 7
04:05:20 1 51 4096 2815 6.0 3.2 16 7
04:05:21 1 51 4096 2815 6.1 3.2 16 7
04:05:22 1 51 4096 2815 5.9 3.2 16 7
04:05:23 1 50 4096 2815 6.4 3.2 16 7
04:05:24 1 49 4096 2815 6.5 3.2 16 7
04:05:25 1 50 4096 2815 6.3 3.2 16 7
04:05:26 1 50 4096 2815 6.4 3.2 16 7
04:05:27 1 46 4096 2815 7.6 3.2 16 7
04:05:28 1 51 4096 2815 5.9 3.2 16 7
04:05:29 1 44 4096 2815 8.5 3.2 16 7
04:05:30 1 46 4096 2815 7.6 3.2 16 7
04:05:31 1 46 4096 2815 7.6 3.2 16 7
04:05:32 1 46 4096 2815 7.7 3.2 16 7
04:05:33 1 46 4096 2815 7.6 3.2 16 7
04:05:34 1 46 4096 2815 7.6 3.2 16 7
04:05:35 1 46 4096 2815 7.7 3.2 16 7
04:05:36 1 46 4096 2815 7.6 3.2 16 7
04:05:37 1 46 4096 2815 7.7 3.2 16 7
04:05:39 1 45 4096 2815 7.8 3.2 16 7
04:05:40 1 46 4096 2815 7.5 3.2 16 7
04:05:41 1 46 4096 2815 7.5 3.2 16 7
04:05:42 1 46 4096 2815 7.7 3.2 16 7
04:05:43 1 46 4096 2815 7.5 3.2 16 7
04:05:44 1 46 4096 2815 7.6 3.2 16 7
04:05:45 1 46 4096 2815 7.5 3.2 16 7
04:05:46 1 47 4096 2815 7.5 3.2 16 7
04:05:47 1 46 4096 2815 7.6 3.2 16 7
04:05:48 1 47 4096 2815 7.5 3.2 16 7
04:05:49 1 46 4096 2815 7.6 3.2 16 7
04:05:50 1 46 4096 2815 7.7 3.2 16 7
04:05:51 1 46 4096 2815 7.6 3.2 16 7
04:05:52 1 47 4096 2815 7.2 3.2 16 7
04:05:53 1 47 4096 2815 7.4 3.2 16 7
04:05:54 1 47 4096 2815 7.3 3.2 16 7
04:05:56 1 47 4096 2815 7.2 3.2 16 7
04:05:57 1 47 4096 2815 7.3 3.2 16 7
04:05:58 1 47 4096 2815 7.2 3.2 16 7
04:05:59 1 47 4096 2815 7.2 3.2 16 7
04:06:00 1 47 4096 2815 7.4 3.2 16 7
04:06:01 1 47 4096 2815 7.2 3.2 16 7
04:06:02 1 47 4096 2815 7.4 3.2 16 7
04:06:03 1 47 4096 2815 7.5 3.2 16 7
04:06:04 1 47 4096 2815 7.2 3.2 16 7
04:06:05 1 47 4096 2815 7.4 3.2 16 7
04:06:06 1 47 4096 2815 7.2 3.2 16 7
04:06:07 1 47 4096 2815 7.2 3.2 16 7
04:06:08 1 47 4096 2815 7.3 3.2 16 7
04:06:09 1 47 4096 2815 7.2 3.2 16 7
04:06:10 1 47 4096 2815 7.2 3.2 16 7
04:06:11 1 47 4096 2815 7.3 3.2 16 7
04:06:13 1 47 4096 2815 7.2 3.2 16 7
04:06:14 1 42 4096 2815 8.8 3.2 16 7
04:06:15 1 50 4096 2815 6.3 3.2 16 7
04:06:16 1 50 4096 2815 6.2 3.2 16 7
04:06:17 1 50 4096 2815 6.3 3.2 16 7
04:06:18 1 51 4096 2815 6.1 3.2 16 7
04:06:19 1 51 4096 2815 6.1 3.2 16 7
04:06:20 1 49 4096 2815 6.6 3.2 16 7
04:06:21 1 50 4096 2815 6.4 3.2 16 7
04:06:22 1 50 4096 2815 6.3 3.2 16 7
04:06:23 1 50 4096 2815 6.4 3.2 16 7
04:06:24 1 46 4096 2815 7.5 3.2 16 7
04:06:25 1 51 4096 2815 5.9 3.2 16 7
04:06:26 1 44 4096 2815 8.4 3.2 16 7
04:06:27 1 46 4096 2815 7.6 3.2 16 7
04:06:28 1 47 4096 2815 7.2 3.2 16 7
04:06:29 1 46 4096 2815 7.7 3.2 16 7
04:06:30 1 46 4096 2815 7.6 3.2 16 7
04:06:32 1 46 4096 2815 7.6 3.2 16 7
04:06:33 1 46 4096 2815 7.7 3.2 16 7
04:06:34 1 46 4096 2815 7.6 3.2 16 7
04:06:35 1 46 4096 2815 7.6 3.2 16 7
04:06:36 1 46 4096 2815 7.7 3.2 16 7
04:06:37 1 47 4096 2815 7.5 3.2 16 7
04:06:38 1 46 4096 2815 7.6 3.2 16 7
04:06:39 1 46 4096 2815 7.6 3.2 16 7
04:06:40 1 47 4096 2815 7.5 3.2 16 7
04:06:41 1 46 4096 2815 7.6 3.2 16 7
04:06:42 1 46 4096 2815 7.6 3.2 16 7
04:06:43 1 47 4096 2815 7.5 3.2 16 7
04:06:44 1 46 4096 2815 7.7 3.2 16 7
04:06:45 1 47 4096 2815 7.5 3.2 16 7
04:06:46 1 47 4096 2815 7.5 3.2 16 7
04:06:47 1 46 4096 2815 7.6 3.2 16 7
04:06:48 1 47 4096 2815 7.2 3.2 16 7
04:06:50 1 47 4096 2815 7.2 3.2 16 7
04:06:51 1 47 4096 2815 7.3 3.2 16 7
04:06:52 1 47 4096 2815 7.2 3.2 16 7
04:06:53 1 47 4096 2815 7.2 3.2 16 7
04:06:54 1 47 4096 2815 7.3 3.2 16 7
04:06:55 1 47 4096 2815 7.2 3.2 16 7
04:06:56 1 47 4096 2815 7.3 3.2 16 7
04:06:57 1 47 4096 2815 7.2 3.2 16 7
04:06:58 1 47 4096 2815 7.2 3.2 16 7
04:06:59 1 47 4096 2815 7.3 3.2 16 7
04:07:00 1 47 4096 2815 7.3 3.2 16 7
04:07:01 1 47 4096 2815 7.2 3.2 16 7
04:07:02 1 47 4096 2815 7.4 3.2 16 7
04:07:03 1 48 4096 2815 7.2 3.2 16 7
04:07:04 1 48 4096 2815 7.2 3.2 16 7
04:07:05 1 47 4096 2815 7.4 3.2 16 7
04:07:06 1 48 4096 2815 7.2 3.2 16 7
04:07:08 1 48 4096 2815 7.2 3.2 16 7
04:07:09 1 47 4096 2815 7.3 3.2 16 7
04:07:10 1 48 4096 2815 7.2 3.2 16 7
04:07:11 1 44 4096 2815 8.5 3.2 16 7
04:07:12 1 51 4096 2815 6.0 3.2 16 7
04:07:13 1 51 4096 2815 5.9 3.2 16 7
04:07:14 1 51 4096 2815 6.1 3.2 16 7
04:07:15 1 51 4096 2815 6.1 3.2 16 7
04:07:16 1 51 4096 2815 6.0 3.2 16 7
04:07:17 1 49 4096 2815 6.6 3.2 16 7
04:07:18 1 49 4096 2815 6.4 3.2 16 7
04:07:19 1 49 4096 2815 6.3 3.2 16 7
04:07:20 1 49 4096 2815 6.5 3.2 16 7
04:07:21 1 46 4096 2815 7.5 3.2 16 7
04:07:22 1 47 4096 2815 7.7 3.2 16 7
04:07:23 1 43 4096 2815 8.4 3.2 16 7
04:07:25 1 45 4096 2815 7.6 3.2 16 7
04:07:26 1 46 4096 2815 7.2 3.2 16 7
04:07:27 1 45 4096 2815 7.7 3.2 16 7
04:07:28 1 45 4096 2815 7.6 3.2 16 7
04:07:29 1 45 4096 2815 7.7 3.2 16 7
04:07:30 1 45 4096 2815 7.7 3.2 16 7
04:07:31 1 45 4096 2815 7.6 3.2 16 7
04:07:32 1 45 4096 2815 7.7 3.2 16 7
04:07:33 1 45 4096 2815 7.6 3.2 16 7
04:07:34 1 46 4096 2815 7.5 3.2 16 7
04:07:35 1 45 4096 2815 7.6 3.2 16 7
04:07:36 1 46 4096 2815 7.5 3.2 16 7
04:07:37 1 46 4096 2815 7.5 3.2 16 7
04:07:38 1 45 4096 2815 7.6 3.2 16 7
04:07:39 1 46 4096 2815 7.5 3.2 16 7
04:07:41 1 46 4096 2815 7.5 3.2 16 7
04:07:42 1 45 4096 2815 7.6 3.2 16 7
04:07:43 1 46 4096 2815 7.5 3.2 16 7
04:07:44 1 46 4096 2815 7.5 3.2 16 7
04:07:45 1 45 4096 2815 7.6 3.2 16 7
04:07:46 1 46 4096 2815 7.3 3.2 16 7
04:07:47 1 46 4096 2815 7.4 3.2 16 7
04:07:48 1 46 4096 2815 7.4 3.2 16 7
04:07:49 1 46 4096 2815 7.2 3.2 16 7
04:07:50 1 46 4096 2815 7.4 3.2 16 7
04:07:51 1 46 4096 2815 7.2 3.2 16 7
04:07:52 1 46 4096 2815 7.2 3.2 16 7
04:07:53 1 46 4096 2815 7.3 3.2 16 7
04:07:54 1 46 4096 2815 7.2 3.2 16 7
04:07:55 1 46 4096 2815 7.3 3.2 16 7
04:07:57 1 45 4096 2815 7.4 3.2 16 7
04:07:58 1 46 4096 2815 7.2 3.2 16 7
04:07:59 1 46 4096 2815 7.2 3.2 16 7
04:08:00 1 46 4096 2815 7.3 3.2 16 7
04:08:01 1 46 4096 2815 7.2 3.2 16 7
04:08:02 1 46 4096 2815 7.4 3.2 16 7
04:08:03 1 46 4096 2815 7.3 3.2 16 7
04:08:04 1 46 4096 2815 7.2 3.2 16 7
04:08:05 1 45 4096 2815 7.4 3.2 16 7
04:08:06 1 46 4096 2815 7.3 3.2 16 7
04:08:07 1 46 4096 2815 7.2 3.2 16 7
04:08:08 1 41 4096 2815 8.9 3.2 16 7
04:08:09 1 49 4096 2815 6.2 3.2 16 7
04:08:10 1 49 4096 2815 6.2 3.2 16 7
04:08:11 1 49 4096 2815 6.4 3.2 16 7
04:08:12 1 50 4096 2815 6.0 3.2 16 7
04:08:13 1 50 4096 2815 5.9 3.2 16 7
04:08:15 1 48 4096 2815 6.5 3.2 16 7
04:08:16 1 49 4096 2815 6.4 3.2 16 7
04:08:17 1 49 4096 2815 6.3 3.2 16 7
04:08:18 1 49 4096 2815 6.4 3.2 16 7
04:08:19 1 46 4096 2815 7.5 3.2 16 7
04:08:20 1 50 4096 2815 6.0 3.2 16 7
04:08:21 1 43 4096 2815 8.4 3.2 16 7
04:08:22 1 45 4096 2815 7.6 3.2 16 7
04:08:23 1 46 4096 2815 7.3 3.2 16 7
04:08:24 1 45 4096 2815 7.6 3.2 16 7
04:08:25 1 45 4096 2815 7.6 3.2 16 7
04:08:26 1 44 4096 2815 7.8 3.2 16 7
04:08:27 1 45 4096 2815 7.6 3.2 16 7
04:08:28 1 45 4096 2815 7.6 3.2 16 7
04:08:29 1 45 4096 2815 7.8 3.2 16 7
04:08:30 1 45 4096 2815 7.6 3.2 16 7
04:08:32 1 46 4096 2815 7.5 3.2 16 7
04:08:33 1 45 4096 2815 7.6 3.2 16 7
04:08:34 1 45 4096 2815 7.5 3.2 16 7
04:08:35 1 46 4096 2815 7.5 3.2 16 7
04:08:36 1 45 4096 2815 7.5 3.2 16 7
04:08:37 1 46 4096 2815 7.4 3.2 16 7
04:08:38 1 45 4096 2815 7.6 3.2 16 7
04:08:39 1 46 4096 2815 7.5 3.2 16 7
04:08:40 1 46 4096 2815 7.5 3.2 16 7
04:08:41 1 45 4096 2815 7.6 3.2 16 7
04:08:42 1 46 4096 2815 7.5 3.2 16 7
04:08:43 1 46 4096 2815 7.4 3.2 16 7
04:08:44 1 46 4096 2815 7.3 3.2 16 7
04:08:45 1 46 4096 2815 7.3 3.2 16 7
04:08:46 1 46 4096 2815 7.2 3.2 16 7
04:08:47 1 46 4096 2815 7.4 3.2 16 7
04:08:49 1 46 4096 2815 7.2 3.2 16 7
04:08:50 1 46 4096 2815 7.4 3.2 16 7
04:08:51 1 46 4096 2815 7.4 3.2 16 7
04:08:52 1 46 4096 2815 7.2 3.2 16 7
04:08:53 1 46 4096 2815 7.2 3.2 16 7
04:08:54 1 46 4096 2815 7.4 3.2 16 7
04:08:55 1 46 4096 2815 7.2 3.2 16 7
04:08:56 1 46 4096 2815 7.3 3.2 16 7
04:08:57 1 46 4096 2815 7.2 3.2 16 7
04:08:58 1 46 4096 2815 7.2 3.2 16 7
04:08:59 1 46 4096 2815 7.3 3.2 16 7
04:09:00 1 47 4096 2815 7.2 3.2 16 7
04:09:01 1 46 4096 2815 7.2 3.2 16 7
04:09:02 1 46 4096 2815 7.4 3.2 16 7
04:09:03 1 46 4096 2815 7.2 3.2 16 7
04:09:05 1 46 4096 2815 7.2 3.2 16 7
04:09:06 1 42 4096 2815 8.8 3.2 16 7
04:09:07 1 43 4096 2815 8.3 3.2 16 7
04:09:08 1 50 4096 2815 5.9 3.2 16 7
04:09:09 1 50 4096 2815 6.1 3.2 16 7
04:09:10 1 50 4096 2815 6.0 3.2 16 7
04:09:11 1 50 4096 2815 6.1 3.2 16 7
04:09:12 1 46 4096 2815 6.7 3.1 16 7
04:09:13 1 46 4096 2815 6.5 3.1 16 7
04:09:14 1 46 4096 2815 6.6 3.1 16 7
04:09:15 1 46 4096 2815 6.3 3.1 16 7
04:09:16 1 46 4096 2815 6.4 3.1 16 7
04:09:17 1 43 4096 2815 7.4 3.1 16 7
04:09:18 1 42 4096 2815 8.3 3.1 16 7
04:09:19 1 44 4096 2815 7.6 3.1 16 7
04:09:20 1 44 4096 2815 7.8 3.0 16 7
04:09:22 1 44 4096 2815 7.6 3.0 16 7
04:09:23 1 44 4096 2815 7.6 3.0 16 7
04:09:24 1 44 4096 2815 7.7 3.0 16 7
04:09:25 1 44 4096 2815 7.6 3.1 16 7
04:09:26 1 44 4096 2815 7.7 3.1 16 7
04:09:27 1 43 4096 2815 7.6 3.0 16 7
04:09:28 1 44 4096 2815 7.6 3.1 16 7
04:09:29 1 43 4096 2815 7.7 3.0 16 7
04:09:30 1 44 4096 2815 7.5 3.1 16 7
04:09:31 1 44 4096 2815 7.5 3.1 16 7
04:09:32 1 44 4096 2815 7.7 3.1 16 7
04:09:33 1 44 4096 2815 7.5 3.1 16 7
04:09:34 1 44 4096 2815 7.5 3.1 16 7
04:09:35 1 44 4096 2815 7.7 3.1 16 7
04:09:36 1 44 4096 2815 7.5 3.1 16 7
04:09:38 1 44 4096 2815 7.5 3.1 16 7
04:09:39 1 44 4096 2815 7.8 3.1 16 7
04:09:40 1 44 4096 2815 7.6 3.1 16 7
04:09:41 1 44 4096 2815 7.6 3.1 16 7
04:09:42 1 45 4096 2815 7.4 3.1 16 7
04:09:43 1 45 4096 2815 7.3 3.1 16 7
04:09:44 1 45 4096 2815 7.4 3.1 16 7
04:09:45 1 45 4096 2815 7.3 3.1 16 7
04:09:46 1 45 4096 2815 7.3 3.1 16 7
04:09:47 1 45 4096 2815 7.4 3.1 16 7
04:09:48 1 45 4096 2815 7.3 3.1 16 7
04:09:49 1 45 4096 2815 7.3 3.1 16 7
04:09:50 1 45 4096 2815 7.4 3.1 16 7
04:09:51 1 45 4096 2815 7.3 3.1 16 7
04:09:52 1 45 4096 2815 7.3 3.1 16 7
04:09:54 1 44 4096 2815 7.6 3.1 16 7
04:09:55 1 45 4096 2815 7.4 3.1 16 7
04:09:56 1 45 4096 2815 7.3 3.1 16 7
04:09:57 1 45 4096 2815 7.5 3.1 16 7
04:09:58 1 45 4096 2815 7.3 3.1 16 7
04:09:59 1 45 4096 2815 7.5 3.1 16 7
04:10:00 1 45 4096 2815 7.4 3.1 16 7
04:10:01 1 45 4096 2815 7.3 3.1 16 7
04:10:02 1 45 4096 2815 7.5 3.1 16 7
04:10:03 1 45 4096 2815 7.3 3.1 16 7
04:10:04 1 41 4096 2815 8.9 3.1 16 7
04:10:05 1 48 4096 2815 6.4 3.1 16 7
04:10:06 1 49 4096 2815 6.3 3.1 16 7
04:10:07 1 48 4096 2815 6.4 3.1 16 7
04:10:08 1 49 4096 2815 6.2 3.1 16 7
04:10:09 1 49 4096 2815 6.0 3.1 16 7
04:10:11 1 48 4096 2815 6.5 3.1 16 7
04:10:12 1 48 4096 2815 6.6 3.1 16 7
04:10:13 1 48 4096 2815 6.4 3.1 16 7
04:10:14 1 48 4096 2815 6.4 3.1 16 7
04:10:15 1 44 4096 2815 7.7 3.1 16 7
04:10:16 1 52 4096 2815 4.9 3.1 16 7
04:10:17 1 41 4096 2815 8.6 3.2 16 7
04:10:18 1 44 4096 2815 7.9 3.2 16 7
04:10:19 1 45 4096 2815 7.3 3.2 16 7
04:10:20 1 44 4096 2815 7.9 3.2 16 7
04:10:21 1 44 4096 2815 7.7 3.2 16 7
04:10:22 1 44 4096 2815 7.7 3.2 16 7
04:10:23 1 44 4096 2815 7.8 3.2 16 7
04:10:24 1 44 4096 2815 7.7 3.2 16 7
04:10:25 1 44 4096 2815 7.7 3.2 16 7
04:10:26 1 44 4096 2815 7.8 3.2 16 7
04:10:28 1 45 4096 2815 7.6 3.2 16 7
04:10:29 1 45 4096 2815 7.6 3.2 16 7
04:10:30 1 44 4096 2815 7.7 3.2 16 7
04:10:31 1 45 4096 2815 7.6 3.2 16 7
04:10:32 1 45 4096 2815 7.6 3.2 16 7
04:10:33 1 44 4096 2815 7.6 3.2 16 7
04:10:34 1 45 4096 2815 7.6 3.2 16 7
04:10:35 1 44 4096 2815 7.7 3.2 16 7
04:10:36 1 45 4096 2815 7.6 3.2 16 7
04:10:37 1 45 4096 2815 7.6 3.2 16 7
04:10:38 1 44 4096 2815 7.7 3.2 16 7
04:10:39 1 45 4096 2815 7.6 3.2 16 7
04:10:40 1 45 4096 2815 7.3 3.2 16 7
04:10:41 1 45 4096 2815 7.4 3.2 16 7
04:10:42 1 45 4096 2815 7.3 3.2 16 7
04:10:44 1 45 4096 2815 7.3 3.2 16 7
04:10:45 1 45 4096 2815 7.4 3.2 16 7
04:10:46 1 45 4096 2815 7.3 3.2 16 7
04:10:47 1 45 4096 2815 7.3 3.2 16 7
04:10:48 1 45 4096 2815 7.4 3.2 16 7
04:10:49 1 45 4096 2815 7.3 3.2 16 7
04:10:50 1 45 4096 2815 7.4 3.2 16 7
04:10:51 1 45 4096 2815 7.3 3.2 16 7
04:10:52 1 45 4096 2815 7.3 3.2 16 7
04:10:53 1 45 4096 2815 7.4 3.2 16 7
04:10:54 1 45 4096 2815 7.3 3.2 16 7
04:10:55 1 45 4096 2815 7.3 3.2 16 7
04:10:56 1 45 4096 2815 7.4 3.2 16 7
04:10:57 1 45 4096 2815 7.3 3.2 16 7
04:10:58 1 45 4096 2815 7.4 3.2 16 7
04:11:00 1 45 4096 2815 7.5 3.2 16 7
04:11:01 1 45 4096 2815 7.3 3.2 16 7
04:11:02 1 41 4096 2815 8.7 3.1 16 7
04:11:03 1 49 4096 2815 6.3 3.1 16 7
04:11:04 1 49 4096 2815 6.0 3.1 16 7
04:11:05 1 49 4096 2815 6.2 3.1 16 7
04:11:06 1 48 4096 2815 6.3 3.1 16 7
04:11:07 1 49 4096 2815 6.0 3.1 16 7
04:11:08 1 47 4096 2815 6.6 3.1 16 7
04:11:09 1 47 4096 2815 6.5 3.1 16 7
04:11:10 1 48 4096 2815 6.4 3.1 16 7
04:11:11 1 48 4096 2815 6.5 3.1 16 7
04:11:12 1 44 4096 2815 7.6 3.1 16 7
04:11:13 1 49 4096 2815 6.0 3.1 16 7
04:11:14 1 42 4096 2815 8.5 3.2 16 7
04:11:15 1 44 4096 2815 7.7 3.2 16 7
04:11:16 1 44 4096 2815 7.7 3.2 16 7
04:11:18 1 44 4096 2815 7.8 3.2 16 7
04:11:19 1 44 4096 2815 7.7 3.2 16 7
04:11:20 1 44 4096 2815 7.7 3.2 16 7
04:11:21 1 44 4096 2815 7.8 3.2 16 7
04:11:22 1 44 4096 2815 7.7 3.2 16 7
04:11:23 1 44 4096 2815 7.8 3.2 16 7
04:11:24 1 44 4096 2815 7.7 3.2 16 7
04:11:25 1 45 4096 2815 7.6 3.2 16 7
04:11:26 1 44 4096 2815 7.8 3.2 16 7
04:11:27 1 44 4096 2815 7.6 3.2 16 7
04:11:28 1 45 4096 2815 7.6 3.2 16 7
04:11:29 1 44 4096 2815 7.8 3.2 16 7
04:11:30 1 45 4096 2815 7.6 3.2 16 7
04:11:31 1 45 4096 2815 7.6 3.2 16 7
04:11:32 1 44 4096 2815 7.6 3.2 16 7
04:11:33 1 45 4096 2815 7.5 3.2 16 7
04:11:35 1 45 4096 2815 7.6 3.2 16 7
04:11:36 1 44 4096 2815 7.7 3.2 16 7
04:11:37 1 45 4096 2815 7.5 3.2 16 7
04:11:38 1 45 4096 2815 7.3 3.2 16 7
04:11:39 1 45 4096 2815 7.5 3.2 16 7
04:11:40 1 45 4096 2815 7.3 3.2 16 7
04:11:41 1 45 4096 2815 7.5 3.2 16 7
04:11:42 1 45 4096 2815 7.5 3.2 16 7
04:11:43 1 45 4096 2815 7.3 3.2 16 7
04:11:44 1 45 4096 2815 7.4 3.2 16 7
04:11:45 1 45 4096 2815 7.3 3.2 16 7
04:11:46 1 45 4096 2815 7.3 3.2 16 7
04:11:47 1 45 4096 2815 7.5 3.2 16 7
04:11:48 1 45 4096 2815 7.3 3.2 16 7
04:11:49 1 45 4096 2815 7.3 3.2 16 7
04:11:50 1 45 4096 2815 7.5 3.2 16 7
04:11:52 1 45 4096 2815 7.3 3.2 16 7
04:11:53 1 45 4096 2815 7.3 3.2 16 7
04:11:54 1 45 4096 2815 7.5 3.2 16 7
04:11:55 1 45 4096 2815 7.3 3.2 16 7
04:11:56 1 45 4096 2815 7.3 3.2 16 7
04:11:57 1 45 4096 2815 7.4 3.2 16 7
04:11:58 1 45 4096 2815 7.4 3.2 16 7
04:11:59 1 45 4096 2815 7.5 3.2 16 7
04:12:00 1 41 4096 2815 8.8 3.2 16 7
04:12:01 1 48 4096 2815 6.3 3.2 16 7
04:12:02 1 48 4096 2815 6.5 3.2 16 7
04:12:03 1 49 4096 2815 6.1 3.2 16 7
04:12:04 1 49 4096 2815 6.0 3.2 16 7
04:12:05 1 47 4096 2815 6.7 3.1 16 7
04:12:06 1 48 4096 2815 6.5 3.1 16 7
04:12:07 1 48 4096 2815 6.4 3.1 16 7
04:12:08 1 48 4096 2815 6.5 3.2 16 7
04:12:10 1 48 4096 2815 6.4 3.2 16 7
04:12:11 1 45 4096 2815 7.2 3.2 16 7
04:12:12 1 41 4096 2815 8.6 3.2 16 7
04:12:13 1 44 4096 2815 7.7 3.2 16 7
04:12:14 1 44 4096 2815 7.7 3.2 16 7
04:12:15 1 43 4096 2815 7.9 3.2 16 7
04:12:16 1 44 4096 2815 7.7 3.2 16 7
04:12:17 1 44 4096 2815 7.8 3.2 16 7
04:12:18 1 44 4096 2815 7.7 3.2 16 7
04:12:19 1 44 4096 2815 7.7 3.2 16 7
04:12:20 1 43 4096 2815 7.9 3.2 16 7
04:12:21 1 44 4096 2815 7.7 3.2 16 7
04:12:22 1 44 4096 2815 7.5 3.2 16 7
04:12:23 1 44 4096 2815 7.8 3.2 16 7
04:12:24 1 44 4096 2815 7.6 3.2 16 7
04:12:26 1 44 4096 2815 7.6 3.2 16 7
04:12:27 1 44 4096 2815 7.6 3.2 16 7
04:12:28 1 44 4096 2815 7.5 3.2 16 7
04:12:29 1 44 4096 2815 7.5 3.2 16 7
04:12:30 1 44 4096 2815 7.8 3.2 16 7
04:12:31 1 44 4096 2815 7.7 3.2 16 7
04:12:32 1 44 4096 2815 7.8 3.2 16 7
04:12:33 1 44 4096 2815 7.6 3.2 16 7
04:12:34 1 44 4096 2815 7.6 3.2 16 7
04:12:35 1 45 4096 2815 7.5 3.2 16 7
04:12:36 1 45 4096 2815 7.3 3.2 16 7
04:12:37 1 45 4096 2815 7.3 3.2 16 7
04:12:38 1 45 4096 2815 7.4 3.2 16 7
04:12:39 1 45 4096 2815 7.3 3.2 16 7
04:12:40 1 45 4096 2815 7.3 3.2 16 7
04:12:42 1 45 4096 2815 7.4 3.2 16 7
04:12:43 1 45 4096 2815 7.3 3.2 16 7
04:12:44 1 45 4096 2815 7.3 3.2 16 7
04:12:45 1 45 4096 2815 7.4 3.2 16 7
04:12:46 1 45 4096 2815 7.4 3.2 16 7
04:12:47 1 45 4096 2815 7.5 3.1 16 7
04:12:48 1 45 4096 2815 7.5 3.1 16 7
04:12:49 1 45 4096 2815 7.3 3.1 16 7
04:12:50 1 45 4096 2815 7.4 3.1 16 7
04:12:51 1 45 4096 2815 7.3 3.1 16 7
04:12:52 1 45 4096 2815 7.3 3.1 16 7
04:12:53 1 45 4096 2815 7.4 3.1 16 7
04:12:54 1 45 4096 2815 7.3 3.1 16 7
04:12:55 1 45 4096 2815 7.3 3.1 16 7
04:12:56 1 45 4096 2815 7.4 3.1 16 7
04:12:58 1 41 4096 2815 8.6 3.2 16 7
04:12:59 1 49 4096 2815 6.0 3.1 16 7
04:13:00 1 48 4096 2815 6.2 3.1 16 7
04:13:01 1 49 4096 2815 6.1 3.1 16 7
04:13:02 1 49 4096 2815 6.1 3.1 16 7
04:13:03 1 48 4096 2815 6.2 3.1 16 7
04:13:04 1 47 4096 2815 6.5 3.1 16 7
04:13:05 1 47 4096 2815 6.6 3.1 16 7
04:13:06 1 47 4096 2815 6.5 3.1 16 7
04:13:07 1 48 4096 2815 6.4 3.1 16 7
04:13:08 1 44 4096 2815 7.8 3.1 16 7
04:13:09 1 42 4096 2815 8.3 3.2 16 7
04:13:10 1 44 4096 2815 7.7 3.2 16 7
04:13:11 1 44 4096 2815 7.7 3.2 16 7
04:13:12 1 44 4096 2815 7.6 3.2 16 7
04:13:13 1 44 4096 2815 7.7 3.2 16 7
04:13:14 1 44 4096 2815 7.8 3.2 16 7
04:13:16 1 44 4096 2815 7.7 3.2 16 7
04:13:17 1 44 4096 2815 7.7 3.2 16 7
04:13:18 1 43 4096 2815 7.9 3.2 16 7
04:13:19 1 44 4096 2815 7.7 3.2 16 7
04:13:20 1 44 4096 2815 7.8 3.2 16 7
04:13:21 1 44 4096 2815 7.8 3.2 16 7
04:13:22 1 44 4096 2815 7.7 3.2 16 7
04:13:23 1 43 4096 2815 7.8 3.2 16 7
04:13:24 1 44 4096 2815 7.6 3.2 16 7
04:13:25 1 44 4096 2815 7.5 3.2 16 7
04:13:26 1 44 4096 2815 7.7 3.2 16 7
04:13:27 1 44 4096 2815 7.5 3.2 16 7
04:13:28 1 44 4096 2815 7.6 3.2 16 7
04:13:29 1 44 4096 2815 7.7 3.2 16 7
04:13:30 1 44 4096 2815 7.7 3.2 16 7
04:13:31 1 44 4096 2815 7.6 3.2 16 7
04:13:33 1 45 4096 2815 7.4 3.2 16 7
04:13:34 1 45 4096 2815 7.4 3.2 16 7
04:13:35 1 45 4096 2815 7.4 3.2 16 7
04:13:36 1 45 4096 2815 7.4 3.2 16 7
04:13:37 1 45 4096 2815 7.4 3.2 16 7
04:13:38 1 45 4096 2815 7.4 3.2 16 7
04:13:39 1 45 4096 2815 7.3 3.2 16 7
04:13:40 1 45 4096 2815 7.3 3.2 16 7
04:13:41 1 45 4096 2815 7.4 3.2 16 7
04:13:42 1 45 4096 2815 7.3 3.2 16 7
04:13:43 1 45 4096 2815 7.3 3.2 16 7
04:13:44 1 45 4096 2815 7.4 3.2 16 7
04:13:45 1 45 4096 2815 7.4 3.2 16 7
04:13:46 1 45 4096 2815 7.4 3.2 16 7
04:13:47 1 45 4096 2815 7.4 3.2 16 7
04:13:48 1 45 4096 2815 7.4 3.2 16 7
04:13:50 1 45 4096 2815 7.3 3.2 16 7
04:13:51 1 45 4096 2815 7.4 3.2 16 7
04:13:52 1 45 4096 2815 7.3 3.2 16 7
04:13:53 1 45 4096 2815 7.4 3.2 16 7
04:13:54 1 45 4096 2815 7.4 3.2 16 7
04:13:55 1 40 4096 2815 8.9 3.2 16 7
04:13:56 1 48 4096 2815 6.4 3.2 16 7
04:13:57 1 48 4096 2815 6.3 3.2 16 7
04:13:58 1 48 4096 2815 6.4 3.2 16 7
04:13:59 1 48 4096 2815 6.2 3.2 16 7
04:14:00 1 49 4096 2815 6.0 3.2 16 7
04:14:01 1 47 4096 2815 6.6 3.2 16 7
04:14:02 1 47 4096 2815 6.7 3.2 16 7
04:14:03 1 48 4096 2815 6.4 3.2 16 7
04:14:04 1 48 4096 2815 6.4 3.2 16 7
04:14:05 1 44 4096 2815 7.7 3.2 16 7
04:14:06 1 49 4096 2815 6.0 3.2 16 7
04:14:08 1 42 4096 2815 8.4 3.2 16 7
04:14:09 1 44 4096 2815 7.7 3.2 16 7
04:14:10 1 45 4096 2815 7.4 3.2 16 7
04:14:11 1 44 4096 2815 7.7 3.2 16 7
04:14:12 1 44 4096 2815 7.8 3.2 16 7
04:14:13 1 44 4096 2815 7.8 3.2 16 7
04:14:14 1 44 4096 2815 7.8 3.2 16 7
04:14:15 1 44 4096 2815 7.8 3.2 16 7
04:14:16 1 44 4096 2815 7.7 3.2 16 7
04:14:17 1 43 4096 2815 7.9 3.2 16 7
04:14:18 1 44 4096 2815 7.6 3.2 16 7
04:14:19 1 44 4096 2815 7.6 3.2 16 7
04:14:20 1 44 4096 2815 7.8 3.2 16 7
04:14:21 1 45 4096 2815 7.6 3.2 16 7
04:14:22 1 46 4096 2815 7.5 3.2 16 7
04:14:24 1 46 4096 2815 7.6 3.2 16 7
04:14:25 1 46 4096 2815 7.5 3.2 16 7
04:14:26 1 46 4096 2815 7.5 3.2 16 7
04:14:27 1 46 4096 2815 7.6 3.2 16 7
04:14:28 1 46 4096 2815 7.5 3.2 16 7
04:14:29 1 45 4096 2815 7.6 3.2 16 7
04:14:30 1 46 4096 2815 7.3 3.2 16 7
04:14:31 1 46 4096 2815 7.4 3.2 16 7
04:14:32 1 45 4096 2815 7.5 3.2 16 7
04:14:33 1 46 4096 2815 7.3 3.2 16 7
04:14:34 1 46 4096 2815 7.4 3.2 16 7
04:14:35 1 45 4096 2815 7.5 3.2 16 7
04:14:36 1 46 4096 2815 7.3 3.2 16 7
04:14:37 1 46 4096 2815 7.3 3.2 16 7
04:14:38 1 46 4096 2815 7.4 3.2 16 7
04:14:40 1 46 4096 2815 7.3 3.2 16 7
04:14:41 1 46 4096 2815 7.3 3.2 16 7
04:14:42 1 45 4096 2815 7.5 3.2 16 7
04:14:43 1 46 4096 2815 7.3 3.2 16 7
04:14:44 1 46 4096 2815 7.4 3.2 16 7
04:14:45 1 45 4096 2815 7.5 3.2 16 7
04:14:46 1 46 4096 2815 7.3 3.2 16 7
04:14:47 1 46 4096 2815 7.4 3.2 16 7
04:14:48 1 46 4096 2815 7.3 3.2 16 7
04:14:49 1 46 4096 2815 7.3 3.2 16 7
04:14:50 1 46 4096 2815 7.4 3.2 16 7
04:14:51 1 46 4096 2815 7.3 3.2 16 7
04:14:52 1 42 4096 2815 8.6 3.2 16 7
04:14:53 1 49 4096 2815 6.2 3.2 16 7
04:14:54 1 50 4096 2815 6.0 3.2 16 7
04:14:55 1 49 4096 2815 6.1 3.2 16 7
04:14:57 1 49 4096 2815 6.3 3.2 16 7
04:14:58 1 50 4096 2815 6.0 3.1 16 7
04:14:59 1 48 4096 2815 6.5 3.1 16 7
04:15:00 1 47 4096 2815 6.7 3.1 16 7
04:15:01 1 48 4096 2815 6.4 3.1 16 7
04:15:02 1 48 4096 2815 6.5 3.1 16 7
04:15:03 1 43 4096 2815 7.7 3.1 16 7
04:15:04 1 48 4096 2815 5.9 3.1 16 7
04:15:05 1 42 4096 2815 8.6 3.2 16 7
04:15:06 1 45 4096 2815 7.7 3.2 16 7
04:15:07 1 45 4096 2815 7.6 3.2 16 7
04:15:08 1 44 4096 2815 7.9 3.2 16 7
04:15:09 1 45 4096 2815 7.6 3.2 16 7
04:15:10 1 45 4096 2815 7.6 3.2 16 7
04:15:11 1 44 4096 2815 7.9 3.2 16 7
04:15:12 1 45 4096 2815 7.7 3.2 16 7
04:15:14 1 44 4096 2815 7.8 3.2 16 7
04:15:15 1 44 4096 2815 7.9 3.2 16 7
04:15:16 1 44 4096 2815 7.8 3.2 16 7
04:15:17 1 44 4096 2815 7.8 3.2 16 7
04:15:18 1 44 4096 2815 7.9 3.2 16 7
04:15:19 1 44 4096 2815 7.8 3.2 16 7
04:15:20 1 44 4096 2815 7.9 3.2 16 7
04:15:21 1 45 4096 2815 7.5 3.2 16 7
04:15:22 1 45 4096 2815 7.5 3.2 16 7
04:15:23 1 45 4096 2815 7.6 3.2 16 7
04:15:24 1 45 4096 2815 7.5 3.2 16 7
04:15:25 1 45 4096 2815 7.5 3.2 16 7
04:15:26 1 45 4096 2815 7.6 3.2 16 7
04:15:27 1 45 4096 2815 7.5 3.2 16 7
04:15:29 1 46 4096 2815 7.3 3.2 16 7
04:15:30 1 45 4096 2815 7.5 3.2 16 7
04:15:31 1 46 4096 2815 7.3 3.2 16 7
04:15:32 1 46 4096 2815 7.3 3.2 16 7
04:15:33 1 45 4096 2815 7.5 3.2 16 7
04:15:34 1 46 4096 2815 7.4 3.2 16 7
04:15:35 1 45 4096 2815 7.5 3.2 16 7
04:15:36 1 46 4096 2815 7.3 3.2 16 7
04:15:37 1 46 4096 2815 7.3 3.2 16 7
04:15:38 1 45 4096 2815 7.5 3.2 16 7
04:15:39 1 46 4096 2815 7.3 3.2 16 7
04:15:40 1 46 4096 2815 7.3 3.2 16 7
04:15:41 1 45 4096 2815 7.5 3.2 16 7
04:15:42 1 46 4096 2815 7.3 3.2 16 7
04:15:43 1 46 4096 2815 7.3 3.2 16 7
04:15:45 1 45 4096 2815 7.5 3.1 16 7
04:15:46 1 46 4096 2815 7.2 3.2 16 7
04:15:47 1 46 4096 2815 7.2 3.1 16 7
04:15:48 1 45 4096 2815 7.3 3.2 16 7
04:15:49 1 46 4096 2815 7.3 3.2 16 7
04:15:50 1 45 4096 2815 7.4 3.1 16 7
04:15:51 1 41 4096 2815 8.8 3.2 16 7
04:15:52 1 49 4096 2815 6.2 3.2 16 7
04:15:53 1 48 4096 2815 6.4 3.2 16 7
04:15:54 1 49 4096 2815 6.3 3.2 16 7
04:15:55 1 50 4096 2815 6.0 3.2 16 7
04:15:56 1 49 4096 2815 6.2 3.2 16 7
04:15:57 1 48 4096 2815 6.5 3.2 16 7
04:15:58 1 48 4096 2815 6.4 3.2 16 7
04:15:59 1 48 4096 2815 6.6 3.2 16 7
04:16:01 1 49 4096 2815 6.3 3.2 16 7
04:16:02 1 45 4096 2815 7.5 3.2 16 7
04:16:03 1 42 4096 2815 8.5 3.2 16 7
04:16:04 1 45 4096 2815 7.7 3.2 16 7
04:16:05 1 45 4096 2815 7.7 3.2 16 7
04:16:06 1 45 4096 2815 7.8 3.2 16 7
04:16:07 1 45 4096 2815 7.7 3.2 16 7
04:16:08 1 44 4096 2815 7.9 3.2 16 7
04:16:09 1 45 4096 2815 7.7 3.2 16 7
04:16:10 1 45 4096 2815 7.6 3.2 16 7
04:16:11 1 44 4096 2815 7.9 3.2 16 7
04:16:12 1 45 4096 2815 7.6 3.2 16 7
04:16:13 1 45 4096 2815 7.6 3.2 16 7
04:16:14 1 45 4096 2815 7.7 3.2 16 7
04:16:16 1 45 4096 2815 7.5 3.2 16 7
04:16:17 1 45 4096 2815 7.5 3.2 16 7
04:16:18 1 45 4096 2815 7.8 3.2 16 7
04:16:19 1 45 4096 2815 7.5 3.2 16 7
04:16:20 1 45 4096 2815 7.6 3.2 16 7
04:16:21 1 45 4096 2815 7.8 3.2 16 7
04:16:22 1 45 4096 2815 7.5 3.2 16 7
04:16:23 1 45 4096 2815 7.7 3.2 16 7
04:16:24 1 45 4096 2815 7.5 3.2 16 7
04:16:25 1 45 4096 2815 7.5 3.2 16 7
04:16:26 1 45 4096 2815 7.4 3.2 16 7
04:16:27 1 46 4096 2815 7.2 3.2 16 7
04:16:28 1 46 4096 2815 7.3 3.2 16 7
04:16:29 1 46 4096 2815 7.4 3.2 16 7
04:16:30 1 46 4096 2815 7.3 3.2 16 7
04:16:32 1 46 4096 2815 7.3 3.2 16 7
04:16:33 1 46 4096 2815 7.4 3.2 16 7
04:16:34 1 46 4096 2815 7.3 3.2 16 7
04:16:35 1 46 4096 2815 7.3 3.2 16 7
04:16:36 1 46 4096 2815 7.4 3.2 16 7
04:16:37 1 46 4096 2815 7.3 3.2 16 7
04:16:38 1 46 4096 2815 7.4 3.2 16 7
04:16:39 1 46 4096 2815 7.4 3.2 16 7
04:16:40 1 46 4096 2815 7.3 3.2 16 7
04:16:41 1 46 4096 2815 7.4 3.2 16 7
04:16:42 1 46 4096 2815 7.3 3.2 16 7
04:16:43 1 46 4096 2815 7.3 3.2 16 7
04:16:44 1 46 4096 2815 7.4 3.1 16 7
04:16:45 1 46 4096 2815 7.3 3.1 16 7
04:16:46 1 46 4096 2815 7.3 3.1 16 7
04:16:47 1 46 4096 2815 7.4 3.1 16 7
04:16:49 1 42 4096 2815 8.6 3.2 16 7
04:16:50 1 50 4096 2815 6.0 3.2 16 7
04:16:51 1 50 4096 2815 6.1 3.2 16 7
04:16:52 1 50 4096 2815 6.1 3.2 16 7
04:16:53 1 50 4096 2815 6.0 3.2 16 7
04:16:54 1 50 4096 2815 6.1 3.2 16 7
04:16:55 1 49 4096 2815 6.5 3.2 16 7
04:16:56 1 48 4096 2815 6.5 3.2 16 7
04:16:57 1 49 4096 2815 6.4 3.2 16 7
04:16:58 1 49 4096 2815 6.4 3.2 16 7
04:16:59 1 45 4096 2815 7.7 3.2 16 7
04:17:00 1 43 4096 2815 8.3 3.2 16 7
04:17:01 1 45 4096 2815 7.7 3.2 16 7
04:17:02 1 45 4096 2815 7.8 3.2 16 7
04:17:03 1 45 4096 2815 7.7 3.2 16 7
04:17:04 1 45 4096 2815 7.7 3.2 16 7
04:17:05 1 45 4096 2815 7.8 3.2 16 7
04:17:06 1 45 4096 2815 7.6 3.2 16 7
04:17:08 1 45 4096 2815 7.6 3.2 16 7
04:17:09 1 45 4096 2815 7.7 3.2 16 7
04:17:10 1 45 4096 2815 7.6 3.2 16 7
04:17:11 1 46 4096 2815 7.5 3.2 16 7
04:17:12 1 45 4096 2815 7.6 3.2 16 7
04:17:13 1 45 4096 2815 7.5 3.2 16 7
04:17:14 1 45 4096 2815 7.6 3.2 16 7
04:17:15 1 45 4096 2815 7.6 3.2 16 7
04:17:16 1 46 4096 2815 7.5 3.2 16 7
04:17:17 1 45 4096 2815 7.6 3.2 16 7
04:17:18 1 45 4096 2815 7.5 3.2 16 7
04:17:19 1 46 4096 2815 7.5 3.2 16 7
04:17:20 1 45 4096 2815 7.6 3.2 16 7
04:17:21 1 46 4096 2815 7.5 3.2 16 7
04:17:22 1 45 4096 2815 7.7 3.2 16 7
04:17:23 1 46 4096 2815 7.3 3.2 16 7
04:17:25 1 46 4096 2815 7.3 3.2 16 7
04:17:26 1 46 4096 2815 7.3 3.2 16 7
04:17:27 1 46 4096 2815 7.4 3.2 16 7
04:17:28 1 46 4096 2815 7.3 3.2 16 7
04:17:29 1 46 4096 2815 7.3 3.2 16 7
04:17:30 1 46 4096 2815 7.4 3.2 16 7
04:17:31 1 46 4096 2815 7.3 3.2 16 7
04:17:32 1 46 4096 2815 7.4 3.2 16 7
04:17:33 1 46 4096 2815 7.3 3.2 16 7
04:17:34 1 46 4096 2815 7.4 3.2 16 7
04:17:35 1 46 4096 2815 7.4 3.2 16 7
04:17:36 1 46 4096 2815 7.4 3.2 16 7
04:17:37 1 46 4096 2815 7.3 3.2 16 7
04:17:38 1 46 4096 2815 7.5 3.2 16 7
04:17:39 1 46 4096 2815 7.3 3.2 16 7
04:17:40 1 46 4096 2815 7.2 3.2 16 7
04:17:42 1 46 4096 2815 7.3 3.2 16 7
04:17:43 1 46 4096 2815 7.2 3.2 16 7
04:17:44 1 46 4096 2815 7.3 3.2 16 7
04:17:45 1 46 4096 2815 7.4 3.2 16 7
04:17:46 1 42 4096 2815 8.7 3.2 16 7
04:17:47 1 49 4096 2815 6.3 3.2 16 7
04:17:48 1 49 4096 2815 6.3 3.2 16 7
04:17:49 1 49 4096 2815 6.3 3.2 16 7
04:17:50 1 50 4096 2815 6.2 3.2 16 7
04:17:51 1 48 4096 2815 6.6 3.2 16 7
04:17:52 1 49 4096 2815 6.4 3.2 16 7
04:17:53 1 49 4096 2815 6.5 3.2 16 7
04:17:54 1 49 4096 2815 6.4 3.2 16 7
04:17:55 1 49 4096 2815 6.3 3.2 16 7
04:17:56 1 46 4096 2815 7.3 3.2 16 7
04:17:57 1 43 4096 2815 8.4 3.2 16 7
04:17:58 1 45 4096 2815 7.7 3.2 16 7
04:17:59 1 45 4096 2815 7.8 3.2 16 7
04:18:01 1 45 4096 2815 7.6 3.2 16 7
04:18:02 1 45 4096 2815 7.6 3.2 16 7
04:18:03 1 45 4096 2815 7.9 3.2 16 7
04:18:04 1 45 4096 2815 7.6 3.2 16 7
04:18:05 1 45 4096 2815 7.7 3.2 16 7
04:18:06 1 45 4096 2815 7.8 3.2 16 7
04:18:07 1 45 4096 2815 7.6 3.2 16 7
04:18:08 1 45 4096 2815 7.6 3.2 16 7
04:18:09 1 46 4096 2815 7.5 3.2 16 7
04:18:10 1 46 4096 2815 7.5 3.2 16 7
04:18:11 1 45 4096 2815 7.6 3.2 16 7
04:18:12 1 46 4096 2815 7.5 3.2 16 7
04:18:13 1 46 4096 2815 7.5 3.2 16 7
04:18:14 1 46 4096 2815 7.6 3.2 16 7
04:18:15 1 46 4096 2815 7.5 3.2 16 7
04:18:16 1 46 4096 2815 7.5 3.2 16 7
04:18:18 1 45 4096 2815 7.6 3.2 16 7
04:18:19 1 46 4096 2815 7.5 3.2 16 7
04:18:20 1 46 4096 2815 7.5 3.2 16 7
04:18:21 1 46 4096 2815 7.3 3.2 16 7
04:18:22 1 47 4096 2815 7.2 3.2 16 7
04:18:23 1 46 4096 2815 7.3 3.2 16 7
04:18:24 1 46 4096 2815 7.3 3.2 16 7
04:18:25 1 47 4096 2815 7.2 3.2 16 7
04:18:26 1 46 4096 2815 7.5 3.2 16 7
04:18:27 1 46 4096 2815 7.3 3.2 16 7
04:18:28 1 46 4096 2815 7.3 3.2 16 7
04:18:29 1 46 4096 2815 7.5 3.2 16 7
04:18:30 1 46 4096 2815 7.3 3.2 16 7
04:18:31 1 47 4096 2815 7.2 3.2 16 7
04:18:32 1 46 4096 2815 7.4 3.2 16 7
04:18:33 1 47 4096 2815 7.2 3.2 16 7
04:18:35 1 46 4096 2815 7.4 3.2 16 7
04:18:36 1 46 4096 2815 7.5 3.2 16 7
04:18:37 1 46 4096 2815 7.3 3.2 16 7
04:18:38 1 47 4096 2815 7.2 3.2 16 7
04:18:39 1 46 4096 2815 7.4 3.2 16 7
04:18:40 1 47 4096 2815 7.2 3.2 16 7
04:18:41 1 46 4096 2815 7.3 3.2 16 7
04:18:42 1 43 4096 2815 8.6 3.2 16 7
04:18:43 1 50 4096 2815 6.0 3.2 16 7
04:18:44 1 50 4096 2815 6.1 3.2 16 7
04:18:45 1 50 4096 2815 6.0 3.2 16 7
04:18:46 1 50 4096 2815 6.0 3.2 16 7
04:18:47 1 50 4096 2815 6.1 3.2 16 7
04:18:48 1 49 4096 2815 6.4 3.2 16 7
04:18:49 1 49 4096 2815 6.4 3.2 16 7
04:18:50 1 49 4096 2815 6.5 3.2 16 7
04:18:51 1 49 4096 2815 6.3 3.2 16 7
04:18:52 1 46 4096 2815 7.5 3.2 16 7
04:18:54 1 53 4096 2815 4.9 3.2 16 7
04:18:55 1 43 4096 2815 8.3 3.2 16 7
04:18:56 1 45 4096 2815 7.6 3.2 16 7
04:18:57 1 45 4096 2815 7.7 3.2 16 7
04:18:58 1 46 4096 2815 7.6 3.2 16 7
04:18:59 1 45 4096 2815 7.8 3.2 16 7
04:19:00 1 45 4096 2815 7.8 3.2 16 7
04:19:01 1 46 4096 2815 7.6 3.2 16 7
04:19:02 1 45 4096 2815 7.8 3.2 16 7
04:19:03 1 46 4096 2815 7.6 3.2 16 7
04:19:04 1 46 4096 2815 7.6 3.2 16 7
04:19:05 1 46 4096 2815 7.6 3.2 16 7
04:19:06 1 46 4096 2815 7.5 3.2 16 7
04:19:07 1 45 4096 2815 7.7 3.2 16 7
04:19:08 1 45 4096 2815 7.7 3.2 16 7
04:19:10 1 46 4096 2815 7.5 3.2 16 7
04:19:11 1 46 4096 2815 7.5 3.2 16 7
04:19:12 1 45 4096 2815 7.7 3.2 16 7
04:19:13 1 46 4096 2815 7.5 3.2 16 7
04:19:14 1 46 4096 2815 7.5 3.2 16 7
04:19:15 1 46 4096 2815 7.6 3.2 16 7
04:19:16 1 46 4096 2815 7.5 3.2 16 7
04:19:17 1 46 4096 2815 7.6 3.2 16 7
04:19:18 1 47 4096 2815 7.2 3.2 16 7
04:19:19 1 47 4096 2815 7.2 3.2 16 7
04:19:20 1 47 4096 2815 7.3 3.2 16 7
04:19:21 1 47 4096 2815 7.2 3.2 16 7
04:19:22 1 47 4096 2815 7.2 3.2 16 7
04:19:23 1 46 4096 2815 7.4 3.2 16 7
04:19:24 1 47 4096 2815 7.3 3.2 16 7
04:19:26 1 47 4096 2815 7.3 3.2 16 7
04:19:27 1 46 4096 2815 7.3 3.2 16 7
04:19:28 1 47 4096 2815 7.3 3.2 16 7
04:19:29 1 47 4096 2815 7.2 3.2 16 7
04:19:30 1 46 4096 2815 7.5 3.2 16 7
04:19:31 1 47 4096 2815 7.3 3.2 16 7
04:19:32 1 46 4096 2815 7.4 3.2 16 7
04:19:33 1 46 4096 2815 7.5 3.2 16 7
04:19:34 1 47 4096 2815 7.2 3.2 16 7
04:19:35 1 46 4096 2815 7.3 3.2 16 7
04:19:36 1 47 4096 2815 7.2 3.2 16 7
04:19:37 1 47 4096 2815 7.2 3.2 16 7
04:19:38 1 46 4096 2815 7.3 3.2 16 7
04:19:39 1 42 4096 2815 8.8 3.2 16 7
04:19:40 1 50 4096 2815 6.2 3.2 16 7
04:19:41 1 50 4096 2815 6.3 3.2 16 7
04:19:43 1 50 4096 2815 6.3 3.2 16 7
04:19:44 1 50 4096 2815 6.0 3.2 16 7
04:19:45 1 50 4096 2815 6.0 3.2 16 7
04:19:46 1 49 4096 2815 6.4 3.2 16 7
04:19:47 1 49 4096 2815 6.4 3.2 16 7
04:19:48 1 49 4096 2815 6.4 3.2 16 7
04:19:49 1 49 4096 2815 6.3 3.2 16 7
04:19:50 1 46 4096 2815 7.6 3.2 16 7
04:19:51 1 51 4096 2815 5.9 3.2 16 7
04:19:52 1 43 4096 2815 8.4 3.2 16 7
04:19:53 1 45 4096 2815 7.7 3.2 16 7
04:19:54 1 46 4096 2815 7.6 3.2 16 7
04:19:55 1 46 4096 2815 7.6 3.2 16 7
04:19:56 1 45 4096 2815 7.7 3.2 16 7
04:19:57 1 46 4096 2815 7.6 3.2 16 7
04:19:58 1 46 4096 2815 7.6 3.2 16 7
04:19:59 1 45 4096 2815 7.7 3.2 16 7
04:20:01 1 45 4096 2815 7.6 3.2 16 7
04:20:02 1 46 4096 2815 7.6 3.2 16 7
04:20:03 1 45 4096 2815 7.7 3.2 16 7
04:20:04 1 46 4096 2815 7.5 3.2 16 7
04:20:05 1 46 4096 2815 7.5 3.2 16 7
04:20:06 1 45 4096 2815 7.7 3.2 16 7
04:20:07 1 46 4096 2815 7.5 3.2 16 7
04:20:08 1 45 4096 2815 7.7 3.2 16 7
04:20:09 1 46 4096 2815 7.5 3.2 16 7
04:20:10 1 46 4096 2815 7.5 3.2 16 7
04:20:11 1 45 4096 2815 7.7 3.2 16 7
04:20:12 1 46 4096 2815 7.5 3.2 16 7
04:20:13 1 46 4096 2815 7.5 3.2 16 7
04:20:14 1 46 4096 2815 7.6 3.2 16 7
04:20:15 1 47 4096 2815 7.2 3.2 16 7
04:20:16 1 47 4096 2815 7.2 3.2 16 7
04:20:18 1 46 4096 2815 7.3 3.2 16 7
04:20:19 1 47 4096 2815 7.2 3.2 16 7
04:20:20 1 46 4096 2815 7.2 3.2 16 7
04:20:21 1 46 4096 2815 7.4 3.2 16 7
04:20:22 1 46 4096 2815 7.3 3.2 16 7
04:20:23 1 46 4096 2815 7.4 3.2 16 7
04:20:24 1 47 4096 2815 7.2 3.2 16 7
04:20:25 1 47 4096 2815 7.2 3.2 16 7
04:20:26 1 46 4096 2815 7.3 3.2 16 7
04:20:27 1 47 4096 2815 7.2 3.2 16 7
04:20:28 1 47 4096 2815 7.2 3.2 16 7
04:20:29 1 46 4096 2815 7.3 3.2 16 7
04:20:30 1 47 4096 2815 7.2 3.2 16 7
04:20:31 1 47 4096 2815 7.2 3.2 16 7
04:20:32 1 46 4096 2815 7.3 3.2 16 7
04:20:33 1 47 4096 2815 7.2 3.2 16 7
04:20:35 1 46 4096 2815 7.4 3.2 16 7
04:20:36 1 46 4096 2815 7.5 3.2 16 7
04:20:37 1 42 4096 2815 8.6 3.2 16 7
04:20:38 1 43 4096 2815 8.5 3.2 16 7
04:20:39 1 50 4096 2815 6.1 3.2 16 7
04:20:40 1 50 4096 2815 6.0 3.2 16 7
04:20:41 1 50 4096 2815 6.1 3.2 16 7
04:20:42 1 50 4096 2815 6.1 3.2 16 7
04:20:43 1 49 4096 2815 6.4 3.2 16 7
04:20:44 1 49 4096 2815 6.5 3.2 16 7
04:20:45 1 49 4096 2815 6.3 3.2 16 7
04:20:46 1 49 4096 2815 6.3 3.2 16 7
04:20:47 1 45 4096 2815 7.6 3.2 16 7
04:20:48 1 46 4096 2815 7.2 3.2 16 7
04:20:49 1 43 4096 2815 8.3 3.2 16 7
04:20:50 1 45 4096 2815 7.7 3.2 16 7
04:20:51 1 45 4096 2815 7.6 3.2 16 7
04:20:52 1 45 4096 2815 7.6 3.2 16 7
04:20:54 1 45 4096 2815 7.7 3.2 16 7
04:20:55 1 45 4096 2815 7.6 3.2 16 7
04:20:56 1 45 4096 2815 7.6 3.2 16 7
04:20:57 1 45 4096 2815 7.7 3.2 16 7
04:20:58 1 45 4096 2815 7.7 3.2 16 7
04:20:59 1 45 4096 2815 7.7 3.2 16 7
04:21:00 1 44 4096 2815 7.7 3.2 16 7
04:21:01 1 45 4096 2815 7.5 3.2 16 7
04:21:02 1 45 4096 2815 7.8 3.2 16 7
04:21:03 1 45 4096 2815 7.6 3.2 16 7
04:21:04 1 45 4096 2815 7.5 3.2 16 7
04:21:05 1 45 4096 2815 7.6 3.2 16 7
04:21:06 1 46 4096 2815 7.5 3.2 16 7
04:21:07 1 46 4096 2815 7.5 3.2 16 7
04:21:08 1 45 4096 2815 7.6 3.2 16 7
04:21:09 1 45 4096 2815 7.5 3.2 16 7
04:21:10 1 45 4096 2815 7.5 3.2 16 7
04:21:12 1 45 4096 2815 7.6 3.2 16 7
04:21:13 1 46 4096 2815 7.2 3.2 16 7
04:21:14 1 46 4096 2815 7.2 3.2 16 7
04:21:15 1 46 4096 2815 7.3 3.2 16 7
04:21:16 1 46 4096 2815 7.2 3.2 16 7
04:21:17 1 46 4096 2815 7.3 3.2 16 7
04:21:18 1 46 4096 2815 7.4 3.2 16 7
04:21:19 1 46 4096 2815 7.3 3.2 16 7
04:21:20 1 46 4096 2815 7.3 3.2 16 7
04:21:21 1 46 4096 2815 7.2 3.2 16 7
04:21:22 1 46 4096 2815 7.2 3.2 16 7
04:21:23 1 46 4096 2815 7.4 3.2 16 7
04:21:24 1 46 4096 2815 7.3 3.2 16 7
04:21:25 1 46 4096 2815 7.3 3.2 16 7
04:21:26 1 46 4096 2815 7.5 3.2 16 7
04:21:27 1 46 4096 2815 7.2 3.2 16 7
04:21:28 1 46 4096 2815 7.2 3.2 16 7
04:21:30 1 46 4096 2815 7.4 3.2 16 7
04:21:31 1 46 4096 2815 7.2 3.2 16 7
04:21:32 1 46 4096 2815 7.2 3.2 16 7
04:21:33 1 46 4096 2815 7.3 3.2 16 7
04:21:34 1 41 4096 2815 8.9 3.2 16 7
04:21:35 1 49 4096 2815 6.3 3.2 16 7
04:21:36 1 49 4096 2815 6.3 3.2 16 7
04:21:37 1 49 4096 2815 6.3 3.2 16 7
04:21:38 1 49 4096 2815 6.3 3.2 16 7
04:21:39 1 50 4096 2815 6.0 3.2 16 7
04:21:40 1 49 4096 2815 6.5 3.2 16 7
04:21:41 1 48 4096 2815 6.6 3.2 16 7
04:21:42 1 49 4096 2815 6.4 3.1 16 7
04:21:43 1 49 4096 2815 6.3 3.1 16 7
04:21:44 1 44 4096 2815 7.6 3.1 16 7
04:21:45 1 51 4096 2815 4.8 3.1 16 7
04:21:46 1 43 4096 2815 8.3 3.1 16 7
04:21:47 1 45 4096 2815 7.7 3.1 16 7
04:21:49 1 45 4096 2815 7.6 3.1 16 7
04:21:50 1 45 4096 2815 7.6 3.1 16 7
04:21:51 1 45 4096 2815 7.7 3.1 16 7
04:21:52 1 45 4096 2815 7.6 3.1 16 7
04:21:53 1 45 4096 2815 7.8 3.1 16 7
04:21:54 1 44 4096 2815 7.9 3.1 16 7
04:21:55 1 45 4096 2815 7.6 3.1 16 7
04:21:56 1 45 4096 2815 7.7 3.1 16 7
04:21:57 1 45 4096 2815 7.6 3.1 16 7
04:21:58 1 45 4096 2815 7.6 3.1 16 7
04:21:59 1 45 4096 2815 7.7 3.1 16 7
04:22:00 1 45 4096 2815 7.5 3.1 16 7
04:22:01 1 45 4096 2815 7.5 3.1 16 7
04:22:02 1 45 4096 2815 7.7 3.1 16 7
04:22:03 1 45 4096 2815 7.5 3.2 16 7
04:22:05 1 45 4096 2815 7.5 3.2 16 7
04:22:06 1 45 4096 2815 7.7 3.2 16 7
04:22:07 1 45 4096 2815 7.6 3.2 16 7
04:22:08 1 45 4096 2815 7.6 3.2 16 7
04:22:09 1 45 4096 2815 7.7 3.2 16 7
04:22:10 1 46 4096 2815 7.2 3.1 16 7
04:22:11 1 45 4096 2815 7.4 3.1 16 7
04:22:12 1 45 4096 2815 7.3 3.1 16 7
04:22:13 1 46 4096 2815 7.2 3.1 16 7
04:22:14 1 45 4096 2815 7.5 3.1 16 7
04:22:15 1 46 4096 2815 7.2 3.1 16 7
04:22:16 1 46 4096 2815 7.2 3.1 16 7
04:22:17 1 45 4096 2815 7.3 3.1 16 7
04:22:18 1 46 4096 2815 7.2 3.1 16 7
04:22:19 1 46 4096 2815 7.2 3.1 16 7
04:22:20 1 45 4096 2815 7.4 3.1 16 7
04:22:22 1 46 4096 2815 7.3 3.1 16 7
04:22:23 1 46 4096 2815 7.2 3.1 16 7
04:22:24 1 46 4096 2815 7.3 3.1 16 7
04:22:25 1 46 4096 2815 7.2 3.1 16 7
04:22:26 1 46 4096 2815 7.2 3.1 16 7
04:22:27 1 46 4096 2815 7.3 3.1 16 7
04:22:28 1 46 4096 2815 7.2 3.1 16 7
04:22:29 1 45 4096 2815 7.4 3.1 16 7
04:22:30 1 46 4096 2815 7.2 3.1 16 7
04:22:31 1 46 4096 2815 7.3 3.1 16 7
04:22:32 1 42 4096 2815 8.6 3.2 16 7
04:22:33 1 50 4096 2815 5.9 3.2 16 7
04:22:34 1 50 4096 2815 5.9 3.2 16 7
04:22:35 1 49 4096 2815 6.1 3.2 16 7
04:22:36 1 50 4096 2815 5.9 3.2 16 7
04:22:38 1 50 4096 2815 6.0 3.1 16 7
04:22:39 1 48 4096 2815 6.5 3.2 16 7
04:22:40 1 49 4096 2815 6.3 3.2 16 7
04:22:41 1 49 4096 2815 6.3 3.2 16 7
04:22:42 1 48 4096 2815 6.6 3.2 16 7
04:22:43 1 46 4096 2815 7.2 3.2 16 7
04:22:44 1 42 4096 2815 8.5 3.1 16 7
04:22:45 1 44 4096 2815 7.8 3.1 16 7
04:22:46 1 45 4096 2815 7.6 3.1 16 7
04:22:47 1 44 4096 2815 7.7 3.1 16 7
04:22:48 1 44 4096 2815 7.6 3.1 16 7
04:22:49 1 44 4096 2815 7.6 3.1 16 7
04:22:50 1 44 4096 2815 7.7 3.1 16 7
04:22:51 1 44 4096 2815 7.6 3.1 16 7
04:22:52 1 44 4096 2815 7.6 3.1 16 7
04:22:53 1 44 4096 2815 7.7 3.1 16 7
04:22:55 1 45 4096 2815 7.5 3.1 16 7
04:22:56 1 45 4096 2815 7.5 3.1 16 7
04:22:57 1 44 4096 2815 7.6 3.1 16 7
04:22:58 1 45 4096 2815 7.5 3.1 16 7
04:22:59 1 45 4096 2815 7.5 3.1 16 7
04:23:00 1 44 4096 2815 7.7 3.1 16 7
04:23:01 1 45 4096 2815 7.5 3.1 16 7
04:23:02 1 44 4096 2815 7.7 3.1 16 7
04:23:03 1 45 4096 2815 7.5 3.1 16 7
04:23:04 1 45 4096 2815 7.5 3.1 16 7
04:23:05 1 45 4096 2815 7.6 3.1 16 7
04:23:06 1 45 4096 2815 7.5 3.1 16 7
04:23:07 1 46 4096 2815 7.2 3.1 16 7
04:23:08 1 45 4096 2815 7.4 3.1 16 7
04:23:09 1 46 4096 2815 7.2 3.1 16 7
04:23:11 1 45 4096 2815 7.3 3.1 16 7
04:23:12 1 45 4096 2815 7.3 3.1 16 7
04:23:13 1 46 4096 2815 7.2 3.1 16 7
04:23:14 1 46 4096 2815 7.2 3.1 16 7
04:23:15 1 45 4096 2815 7.4 3.1 16 7
04:23:16 1 46 4096 2815 7.2 3.1 16 7
04:23:17 1 45 4096 2815 7.3 3.1 16 7
04:23:18 1 45 4096 2815 7.3 3.1 16 7
04:23:19 1 45 4096 2815 7.2 3.1 16 7
04:23:20 1 45 4096 2815 7.3 3.1 16 7
04:23:21 1 45 4096 2815 7.2 3.1 16 7
04:23:22 1 45 4096 2815 7.2 3.1 16 7
04:23:23 1 45 4096 2815 7.3 3.1 16 7
04:23:24 1 46 4096 2815 7.2 3.1 16 7
04:23:25 1 46 4096 2815 7.2 3.1 16 7
04:23:27 1 45 4096 2815 7.3 3.1 16 7
04:23:28 1 46 4096 2815 7.2 3.1 16 7
04:23:29 1 46 4096 2815 7.2 3.1 16 7
04:23:30 1 41 4096 2815 8.9 3.1 16 7
04:23:31 1 49 4096 2815 6.2 3.1 16 7
04:23:32 1 49 4096 2815 6.3 3.1 16 7
04:23:33 1 49 4096 2815 6.3 3.1 16 7
04:23:34 1 50 4096 2815 5.9 3.1 16 7
04:23:35 1 49 4096 2815 6.0 3.1 16 7
04:23:36 1 48 4096 2815 6.4 3.1 16 7
04:23:37 1 48 4096 2815 6.4 3.1 16 7
04:23:38 1 48 4096 2815 6.4 3.2 16 7
04:23:39 1 48 4096 2815 6.4 3.2 16 7
04:23:40 1 45 4096 2815 7.5 3.2 16 7
04:23:41 1 46 4096 2815 7.2 3.2 16 7
04:23:42 1 42 4096 2815 8.4 3.2 16 7
04:23:43 1 45 4096 2815 7.5 3.2 16 7
04:23:45 1 46 4096 2815 7.3 3.2 16 7
04:23:46 1 44 4096 2815 7.7 3.2 16 7
04:23:47 1 44 4096 2815 7.7 3.1 16 7
04:23:48 1 45 4096 2815 7.7 3.1 16 7
04:23:49 1 45 4096 2815 7.6 3.1 16 7
04:23:50 1 44 4096 2815 7.7 3.1 16 7
04:23:51 1 44 4096 2815 7.7 3.1 16 7
04:23:52 1 45 4096 2815 7.6 3.1 16 7
04:23:53 1 45 4096 2815 7.6 3.1 16 7
04:23:54 1 45 4096 2815 7.5 3.1 16 7
04:23:55 1 45 4096 2815 7.5 3.1 16 7
04:23:56 1 44 4096 2815 7.6 3.1 16 7
04:23:57 1 45 4096 2815 7.5 3.1 16 7
04:23:58 1 45 4096 2815 7.4 3.1 16 7
04:23:59 1 44 4096 2815 7.7 3.1 16 7
04:24:01 1 44 4096 2815 7.5 3.1 16 7
04:24:02 1 44 4096 2815 7.4 3.1 16 7
04:24:03 1 44 4096 2815 7.7 3.1 16 7
04:24:04 1 44 4096 2815 7.4 3.1 16 7
04:24:05 1 44 4096 2815 7.4 3.1 16 7
04:24:06 1 45 4096 2815 7.3 3.1 16 7
04:24:07 1 45 4096 2815 7.2 3.1 16 7
04:24:08 1 45 4096 2815 7.3 3.1 16 7
04:24:09 1 45 4096 2815 7.2 3.1 16 7
04:24:10 1 45 4096 2815 7.2 3.1 16 7
04:24:11 1 45 4096 2815 7.3 3.1 16 7
04:24:12 1 45 4096 2815 7.2 3.1 16 7
04:24:13 1 45 4096 2815 7.2 3.1 16 7
04:24:14 1 44 4096 2815 7.4 3.1 16 7
04:24:15 1 45 4096 2815 7.2 3.1 16 7
04:24:17 1 45 4096 2815 7.2 3.1 16 7
04:24:18 1 44 4096 2815 7.4 3.1 16 7
04:24:19 1 45 4096 2815 7.2 3.1 16 7
04:24:20 1 45 4096 2815 7.2 3.1 16 7
04:24:21 1 45 4096 2815 7.3 3.1 16 7
04:24:22 1 45 4096 2815 7.2 3.1 16 7
04:24:23 1 44 4096 2815 7.4 3.1 16 7
04:24:24 1 45 4096 2815 7.2 3.1 16 7
04:24:25 1 45 4096 2815 7.2 3.1 16 7
04:24:26 1 44 4096 2815 7.4 3.1 16 7
04:24:27 1 41 4096 2815 8.6 3.1 16 7
04:24:28 1 46 4096 2815 7.1 3.1 16 7
04:24:29 1 48 4096 2815 6.2 3.1 16 7
04:24:30 1 49 4096 2815 6.0 3.1 16 7
04:24:31 1 47 4096 2815 6.0 2.4 16 7
04:24:32 1 45 4096 2815 6.1 2.3 16 7
04:24:34 1 44 4096 2815 6.5 2.3 16 7
04:24:35 1 45 4096 2815 6.5 2.3 16 7
04:24:36 1 45 4096 2815 6.7 2.3 16 7
04:24:37 1 45 4096 2815 6.4 2.3 16 7
04:24:38 1 41 4096 2815 7.6 2.3 16 7
04:24:39 1 48 4096 2815 5.2 2.3 16 7
04:24:40 1 39 4096 2815 8.6 2.5 16 7
04:24:41 1 41 4096 2815 8.0 2.6 16 7
04:24:42 1 42 4096 2815 7.9 2.7 16 7
04:24:43 1 42 4096 2815 7.8 2.7 16 7
04:24:44 1 42 4096 2815 7.9 2.8 16 7
04:24:45 1 43 4096 2815 7.7 2.9 16 7
04:24:46 1 44 4096 2815 7.7 2.9 16 7
04:24:47 1 43 4096 2815 7.8 3.0 16 7
04:24:48 1 44 4096 2815 7.7 3.0 16 7
04:24:50 1 44 4096 2815 7.8 3.0 16 7
04:24:51 1 44 4096 2815 7.8 3.0 16 7
04:24:52 1 44 4096 2815 7.6 3.1 16 7
04:24:53 1 44 4096 2815 7.6 3.1 16 7
04:24:54 1 44 4096 2815 7.7 3.1 16 7
04:24:55 1 45 4096 2815 7.6 3.1 16 7
04:24:56 1 45 4096 2815 7.7 3.1 16 7
04:24:57 1 45 4096 2815 7.6 3.1 16 7
04:24:58 1 45 4096 2815 7.6 3.1 16 7
04:24:59 1 45 4096 2815 7.7 3.1 16 7
04:25:00 1 45 4096 2815 7.6 3.1 16 7
04:25:01 1 45 4096 2815 7.6 3.1 16 7
04:25:02 1 44 4096 2815 7.8 3.1 16 7
04:25:03 1 46 4096 2815 7.3 3.1 16 7
04:25:04 1 46 4096 2815 7.3 3.1 16 7
04:25:06 1 45 4096 2815 7.5 3.1 16 7
04:25:07 1 46 4096 2815 7.3 3.1 16 7
04:25:08 1 46 4096 2815 7.3 3.1 16 7
04:25:09 1 46 4096 2815 7.4 3.1 16 7
04:25:10 1 46 4096 2815 7.3 3.1 16 7
04:25:11 1 46 4096 2815 7.4 3.1 16 7
04:25:12 1 46 4096 2815 7.4 3.1 16 7
04:25:13 1 46 4096 2815 7.3 3.1 16 7
04:25:14 1 46 4096 2815 7.4 3.1 16 7
04:25:15 1 46 4096 2815 7.3 3.1 16 7
04:25:16 1 46 4096 2815 7.3 3.1 16 7
04:25:17 1 46 4096 2815 7.4 3.1 16 7
04:25:18 1 46 4096 2815 7.3 3.1 16 7
04:25:19 1 46 4096 2815 7.3 3.1 16 7
04:25:20 1 46 4096 2815 7.4 3.1 16 7
04:25:21 1 46 4096 2815 7.3 3.1 16 7
04:25:23 1 46 4096 2815 7.3 3.1 16 7
04:25:24 1 46 4096 2815 7.4 3.1 16 7
04:25:25 1 46 4096 2815 7.3 3.1 16 7
04:25:26 1 42 4096 2815 8.9 3.1 16 7
04:25:27 1 49 4096 2815 6.4 3.1 16 7
04:25:28 1 49 4096 2815 6.3 3.1 16 7
04:25:29 1 49 4096 2815 6.5 3.1 16 7
04:25:30 1 50 4096 2815 6.0 3.1 16 7
04:25:31 1 50 4096 2815 6.0 3.1 16 7
04:25:32 1 48 4096 2815 6.6 3.1 16 7
04:25:33 1 49 4096 2815 6.5 3.1 16 7
04:25:34 1 49 4096 2815 6.4 3.1 16 7
04:25:35 1 49 4096 2815 6.5 3.1 16 7
04:25:36 1 46 4096 2815 7.6 3.1 16 7
04:25:37 1 44 4096 2815 8.4 3.1 16 7
04:25:38 1 42 4096 2815 8.9 3.1 16 7
04:25:39 1 45 4096 2815 7.7 3.1 16 7
04:25:41 1 47 4096 2815 7.7 3.1 16 7
04:25:42 1 45 4096 2815 7.9 3.1 16 7
04:25:43 1 45 4096 2815 7.7 3.1 16 7
04:25:44 1 45 4096 2815 7.8 3.1 16 7
04:25:45 1 45 4096 2815 7.8 3.1 16 7
04:25:46 1 45 4096 2815 7.7 3.1 16 7
04:25:47 1 45 4096 2815 7.9 3.1 16 7
04:25:48 1 45 4096 2815 7.7 3.1 16 7
04:25:49 1 46 4096 2815 7.6 3.1 16 7
04:25:50 1 45 4096 2815 7.7 3.1 16 7
04:25:51 1 46 4096 2815 7.6 3.1 16 7
04:25:52 1 46 4096 2815 7.6 3.1 16 7
04:25:53 1 45 4096 2815 7.7 3.1 16 7
04:25:54 1 45 4096 2815 7.7 3.1 16 7
04:25:55 1 46 4096 2815 7.6 3.1 16 7
04:25:57 1 45 4096 2815 7.8 3.1 16 7
04:25:58 1 46 4096 2815 7.6 3.1 16 7
04:25:59 1 46 4096 2815 7.6 3.1 16 7
04:26:00 1 45 4096 2815 7.8 3.1 16 7
04:26:01 1 46 4096 2815 7.3 3.1 16 7
04:26:02 1 46 4096 2815 7.5 3.1 16 7
04:26:03 1 46 4096 2815 7.5 3.1 16 7
04:26:04 1 46 4096 2815 7.3 3.1 16 7
04:26:05 1 46 4096 2815 7.4 3.1 16 7
04:26:06 1 46 4096 2815 7.3 3.1 16 7
04:26:07 1 46 4096 2815 7.4 3.1 16 7
04:26:08 1 46 4096 2815 7.5 3.1 16 7
04:26:09 1 46 4096 2815 7.4 3.1 16 7
04:26:10 1 46 4096 2815 7.3 3.1 16 7
04:26:11 1 45 4096 2815 7.5 3.1 16 7
04:26:13 1 46 4096 2815 7.5 3.1 16 7
04:26:14 1 46 4096 2815 7.3 3.1 16 7
04:26:15 1 45 4096 2815 7.5 3.1 16 7
04:26:16 1 45 4096 2815 7.3 3.1 16 7
04:26:17 1 45 4096 2815 7.4 3.1 16 7
04:26:18 1 44 4096 2815 7.6 3.1 16 7
04:26:19 1 45 4096 2815 7.3 3.1 16 7
04:26:20 1 44 4096 2815 7.5 3.1 16 7
04:26:21 1 45 4096 2815 7.3 3.1 16 7
04:26:22 1 45 4096 2815 7.3 3.1 16 7
04:26:23 1 40 4096 2815 8.8 3.1 16 7
04:26:24 1 49 4096 2815 6.1 3.1 16 7
04:26:25 1 49 4096 2815 6.1 3.1 16 7
04:26:26 1 48 4096 2815 6.2 3.1 16 7
04:26:27 1 49 4096 2815 6.1 3.1 16 7
04:26:29 1 49 4096 2815 6.1 3.1 16 7
04:26:30 1 47 4096 2815 6.7 3.1 16 7
04:26:31 1 47 4096 2815 6.5 3.1 16 7
04:26:32 1 47 4096 2815 6.4 3.1 16 7
04:26:33 1 47 4096 2815 6.7 3.1 16 7
04:26:34 1 44 4096 2815 7.6 3.1 16 7
04:26:35 1 49 4096 2815 6.1 3.1 16 7
04:26:36 1 41 4096 2815 8.5 3.1 16 7
04:26:37 1 44 4096 2815 7.7 3.1 16 7
04:26:38 1 43 4096 2815 7.9 3.1 16 7
04:26:39 1 44 4096 2815 7.7 3.1 16 7
04:26:40 1 44 4096 2815 7.7 3.1 16 7
04:26:41 1 43 4096 2815 7.9 3.1 16 7
04:26:42 1 44 4096 2815 7.7 3.1 16 7
04:26:43 1 44 4096 2815 7.7 3.1 16 7
04:26:44 1 44 4096 2815 7.8 3.1 16 7
04:26:46 1 44 4096 2815 7.7 3.1 16 7
04:26:47 1 44 4096 2815 7.6 3.1 16 7
04:26:48 1 44 4096 2815 7.7 3.1 16 7
04:26:49 1 44 4096 2815 7.6 3.1 16 7
04:26:50 1 44 4096 2815 7.6 3.1 16 7
04:26:51 1 44 4096 2815 7.7 3.1 16 7
04:26:52 1 44 4096 2815 7.6 3.1 16 7
04:26:53 1 44 4096 2815 7.7 3.1 16 7
04:26:54 1 44 4096 2815 7.6 3.1 16 7
04:26:55 1 44 4096 2815 7.6 3.1 16 7
04:26:56 1 44 4096 2815 7.7 3.1 16 7
04:26:57 1 44 4096 2815 7.6 3.1 16 7
04:26:58 1 44 4096 2815 7.7 3.1 16 7
04:26:59 1 45 4096 2815 7.4 3.1 16 7
04:27:00 1 45 4096 2815 7.4 3.1 16 7
04:27:02 1 45 4096 2815 7.4 3.1 16 7
04:27:03 1 45 4096 2815 7.4 3.1 16 7
04:27:04 1 45 4096 2815 7.3 3.1 16 7
04:27:05 1 45 4096 2815 7.4 3.1 16 7
04:27:06 1 44 4096 2815 7.6 3.1 16 7
04:27:07 1 45 4096 2815 7.4 3.1 16 7
04:27:08 1 44 4096 2815 7.5 3.1 16 7
04:27:09 1 44 4096 2815 7.6 3.1 16 7
04:27:10 1 45 4096 2815 7.5 3.1 16 7
04:27:11 1 45 4096 2815 7.5 3.1 16 7
04:27:12 1 45 4096 2815 7.4 3.1 16 7
04:27:13 1 45 4096 2815 7.3 3.1 16 7
04:27:14 1 45 4096 2815 7.4 3.1 16 7
04:27:15 1 45 4096 2815 7.3 3.1 16 7
04:27:16 1 45 4096 2815 7.3 3.1 16 7
04:27:18 1 45 4096 2815 7.5 3.1 16 7
04:27:19 1 45 4096 2815 7.3 3.1 16 7
04:27:20 1 45 4096 2815 7.3 3.1 16 7
04:27:21 1 40 4096 2815 9.1 3.1 16 7
04:27:22 1 48 4096 2815 6.3 3.1 16 7
04:27:23 1 48 4096 2815 6.4 3.1 16 7
04:27:24 1 47 4096 2815 6.6 3.1 16 7
04:27:25 1 49 4096 2815 6.1 3.1 16 7
04:27:26 1 48 4096 2815 6.3 3.1 16 7
04:27:27 1 47 4096 2815 6.5 3.1 16 7
04:27:28 1 47 4096 2815 6.5 3.1 16 7
04:27:29 1 47 4096 2815 6.7 3.1 16 7
04:27:30 1 48 4096 2815 6.4 3.1 16 7
04:27:31 1 44 4096 2815 7.6 3.1 16 7
04:27:32 1 52 4096 2815 5.1 3.1 16 7
04:27:33 1 42 4096 2815 8.5 3.1 16 7
04:27:34 1 43 4096 2815 7.8 3.1 16 7
04:27:36 1 44 4096 2815 7.8 3.1 16 7
04:27:37 1 44 4096 2815 7.8 3.1 16 7
04:27:38 1 44 4096 2815 7.7 3.1 16 7
04:27:39 1 44 4096 2815 7.8 3.1 16 7
04:27:40 1 44 4096 2815 7.7 3.1 16 7
04:27:41 1 44 4096 2815 7.8 3.1 16 7
04:27:42 1 44 4096 2815 7.8 3.1 16 7
04:27:43 1 43 4096 2815 7.9 3.1 16 7
04:27:44 1 44 4096 2815 7.8 3.1 16 7
04:27:45 1 44 4096 2815 7.6 3.1 16 7
04:27:46 1 44 4096 2815 7.8 3.1 16 7
04:27:47 1 44 4096 2815 7.8 3.1 16 7
04:27:48 1 44 4096 2815 7.6 3.1 16 7
04:27:49 1 44 4096 2815 7.6 3.1 16 7
04:27:50 1 44 4096 2815 7.7 3.1 16 7
04:27:52 1 44 4096 2815 7.7 3.1 16 7
04:27:53 1 44 4096 2815 7.6 3.1 16 7
04:27:54 1 44 4096 2815 7.7 3.1 16 7
04:27:55 1 44 4096 2815 7.6 3.1 16 7
04:27:56 1 44 4096 2815 7.6 3.1 16 7
04:27:57 1 45 4096 2815 7.4 3.1 16 7
04:27:58 1 45 4096 2815 7.5 3.1 16 7
04:27:59 1 44 4096 2815 7.6 3.1 16 7
04:28:00 1 45 4096 2815 7.4 3.1 16 7
04:28:01 1 45 4096 2815 7.3 3.1 16 7
04:28:02 1 44 4096 2815 7.6 3.1 16 7
04:28:03 1 45 4096 2815 7.4 3.1 16 7
04:28:04 1 45 4096 2815 7.4 3.1 16 7
04:28:05 1 44 4096 2815 7.6 3.1 16 7
04:28:06 1 45 4096 2815 7.3 3.1 16 7
04:28:08 1 45 4096 2815 7.3 3.1 16 7
04:28:09 1 45 4096 2815 7.4 3.1 16 7
04:28:10 1 45 4096 2815 7.3 3.1 16 7
04:28:11 1 45 4096 2815 7.3 3.1 16 7
04:28:12 1 45 4096 2815 7.4 3.1 16 7
04:28:13 1 45 4096 2815 7.3 3.1 16 7
04:28:14 1 45 4096 2815 7.4 3.1 16 7
04:28:15 1 45 4096 2815 7.3 3.1 16 7
04:28:16 1 45 4096 2815 7.3 3.1 16 7
04:28:17 1 45 4096 2815 7.4 3.1 16 7
04:28:18 1 45 4096 2815 7.4 3.1 16 7
04:28:19 1 41 4096 2815 8.6 3.1 16 7
04:28:20 1 49 4096 2815 6.2 3.1 16 7
04:28:21 1 48 4096 2815 6.2 3.1 16 7
04:28:22 1 49 4096 2815 6.1 3.1 16 7
04:28:23 1 49 4096 2815 6.1 3.1 16 7
04:28:24 1 47 4096 2815 6.5 3.1 16 7
04:28:26 1 47 4096 2815 6.5 3.1 16 7
04:28:27 1 47 4096 2815 6.5 3.1 16 7
04:28:28 1 48 4096 2815 6.4 3.1 16 7
04:28:29 1 48 4096 2815 6.4 3.1 16 7
04:28:30 1 44 4096 2815 7.7 3.1 16 7
04:28:31 1 42 4096 2815 8.4 3.1 16 7
04:28:32 1 43 4096 2815 7.8 3.1 16 7
04:28:33 1 44 4096 2815 7.8 3.1 16 7
04:28:34 1 44 4096 2815 7.7 3.1 16 7
04:28:35 1 43 4096 2815 7.8 3.1 16 7
04:28:36 1 44 4096 2815 7.7 3.1 16 7
04:28:37 1 44 4096 2815 7.7 3.1 16 7
04:28:38 1 43 4096 2815 7.8 3.1 16 7
04:28:39 1 44 4096 2815 7.7 3.1 16 7
04:28:40 1 44 4096 2815 7.7 3.1 16 7
04:28:42 1 43 4096 2815 7.9 3.1 16 7
04:28:43 1 44 4096 2815 7.6 3.1 16 7
04:28:44 1 44 4096 2815 7.6 3.1 16 7
04:28:45 1 43 4096 2815 7.8 3.1 16 7
04:28:46 1 44 4096 2815 7.6 3.1 16 7
04:28:47 1 44 4096 2815 7.7 3.1 16 7
04:28:48 1 44 4096 2815 7.6 3.1 16 7
04:28:49 1 44 4096 2815 7.6 3.1 16 7
04:28:50 1 44 4096 2815 7.8 3.1 16 7
04:28:51 1 44 4096 2815 7.6 3.1 16 7
04:28:52 1 44 4096 2815 7.6 3.1 16 7
04:28:53 1 44 4096 2815 7.7 3.1 16 7
04:28:54 1 45 4096 2815 7.3 3.1 16 7
04:28:55 1 45 4096 2815 7.3 3.1 16 7
04:28:56 1 45 4096 2815 7.4 3.1 16 7
04:28:57 1 45 4096 2815 7.3 3.1 16 7
04:28:59 1 45 4096 2815 7.4 3.1 16 7
04:29:00 1 45 4096 2815 7.4 3.1 16 7
04:29:01 1 44 4096 2815 7.6 3.1 16 7
04:29:02 1 45 4096 2815 7.5 3.1 16 7
04:29:03 1 44 4096 2815 7.7 3.1 16 7
04:29:04 1 44 4096 2815 7.6 3.1 16 7
04:29:05 1 44 4096 2815 7.7 3.1 16 7
04:29:06 1 44 4096 2815 7.6 3.1 16 7
04:29:07 1 44 4096 2815 7.6 3.1 16 7
04:29:08 1 44 4096 2815 7.7 3.1 16 7
04:29:09 1 44 4096 2815 7.5 3.1 16 7
04:29:10 1 44 4096 2815 7.5 3.1 16 7
04:29:11 1 44 4096 2815 7.7 3.1 16 7
04:29:13 1 44 4096 2815 7.5 3.1 16 7
04:29:14 1 44 4096 2815 7.5 3.1 16 7
04:29:15 1 44 4096 2815 7.7 3.1 16 7
04:29:16 1 45 4096 2815 7.4 3.1 16 7
04:29:17 1 40 4096 2815 8.9 3.1 16 7
04:29:18 1 47 4096 2815 6.5 3.1 16 7
04:29:19 1 48 4096 2815 6.3 3.1 16 7
04:29:20 1 47 4096 2815 6.6 3.1 16 7
04:29:21 1 49 4096 2815 6.0 3.1 16 7
04:29:22 1 49 4096 2815 6.0 3.1 16 7
04:29:23 1 47 4096 2815 6.7 3.1 16 7
04:29:24 1 47 4096 2815 6.5 3.1 16 7
04:29:25 1 48 4096 2815 6.4 3.1 16 7
04:29:26 1 47 4096 2815 6.5 3.1 16 7
04:29:27 1 44 4096 2815 7.6 3.1 16 7
04:29:28 1 43 4096 2815 8.3 3.1 16 7
04:29:30 1 45 4096 2815 7.6 3.1 16 7
04:29:31 1 44 4096 2815 7.7 3.1 16 7
04:29:32 1 45 4096 2815 7.3 3.1 16 7
04:29:33 1 44 4096 2815 7.8 3.1 16 7
04:29:34 1 44 4096 2815 7.7 3.1 16 7
04:29:35 1 44 4096 2815 7.8 3.1 16 7
04:29:36 1 44 4096 2815 7.8 3.1 16 7
04:29:37 1 44 4096 2815 7.7 3.1 16 7
04:29:38 1 44 4096 2815 7.8 3.1 16 7
04:29:39 1 44 4096 2815 7.6 3.1 16 7
04:29:40 1 44 4096 2815 7.6 3.1 16 7
04:29:41 1 44 4096 2815 7.7 3.1 16 7
04:29:42 1 44 4096 2815 7.6 3.1 16 7
04:29:43 1 44 4096 2815 7.6 3.1 16 7
04:29:45 1 44 4096 2815 7.7 3.1 16 7
04:29:46 1 44 4096 2815 7.6 3.1 16 7
04:29:47 1 44 4096 2815 7.6 3.1 16 7
04:29:48 1 44 4096 2815 7.7 3.1 16 7
04:29:49 1 45 4096 2815 7.6 3.1 16 7
04:29:50 1 44 4096 2815 7.7 3.1 16 7
04:29:51 1 44 4096 2815 7.7 3.1 16 7
04:29:52 1 45 4096 2815 7.3 3.1 16 7
04:29:53 1 45 4096 2815 7.4 3.1 16 7
04:29:54 1 45 4096 2815 7.3 3.1 16 7
04:29:55 1 45 4096 2815 7.3 3.1 16 7
04:29:56 1 45 4096 2815 7.4 3.1 16 7
04:29:57 1 45 4096 2815 7.3 3.1 16 7
04:29:58 1 45 4096 2815 7.3 3.1 16 7
04:30:00 1 45 4096 2815 7.6 3.1 16 7
04:30:01 1 45 4096 2815 7.4 3.1 16 7
04:30:02 1 45 4096 2815 7.3 3.1 16 7
04:30:03 1 45 4096 2815 7.6 3.1 16 7
04:30:04 1 45 4096 2815 7.4 3.1 16 7
04:30:05 1 45 4096 2815 7.4 3.1 16 7
04:30:06 1 45 4096 2815 7.4 3.1 16 7
04:30:07 1 45 4096 2815 7.3 3.1 16 7
04:30:08 1 45 4096 2815 7.4 3.1 16 7
04:30:09 1 45 4096 2815 7.3 3.1 16 7
04:30:10 1 45 4096 2815 7.5 3.1 16 7
04:30:11 1 44 4096 2815 7.5 3.1 16 7
04:30:12 1 45 4096 2815 7.3 3.1 16 7
04:30:13 1 45 4096 2815 7.3 3.1 16 7
04:30:14 1 41 4096 2815 8.8 3.1 16 7
04:30:15 1 48 4096 2815 6.2 3.1 16 7
04:30:17 1 49 4096 2815 6.1 3.1 16 7
04:30:18 1 48 4096 2815 6.5 3.1 16 7
04:30:19 1 48 4096 2815 6.4 3.1 16 7
04:30:20 1 48 4096 2815 6.3 3.1 16 7
04:30:21 1 46 4096 2815 6.9 3.0 16 7
04:30:22 1 46 4096 2815 6.7 3.0 16 7
04:30:23 1 46 4096 2815 6.8 3.0 16 7
04:30:24 1 46 4096 2815 6.8 3.0 16 7
04:30:25 1 43 4096 2815 7.6 3.0 16 7
04:30:26 1 46 4096 2815 5.1 3.0 16 7
04:30:27 1 41 4096 2815 8.4 3.0 16 7
04:30:28 1 44 4096 2815 7.7 3.0 16 7
04:30:29 1 43 4096 2815 7.9 3.1 16 7
04:30:30 1 44 4096 2815 7.7 3.1 16 7
04:30:31 1 44 4096 2815 7.7 3.1 16 7
04:30:33 1 43 4096 2815 7.9 3.1 16 7
04:30:34 1 44 4096 2815 7.7 3.1 16 7
04:30:35 1 44 4096 2815 7.8 3.1 16 7
04:30:36 1 44 4096 2815 7.8 3.1 16 7
04:30:37 1 44 4096 2815 7.7 3.1 16 7
04:30:38 1 44 4096 2815 7.8 3.1 16 7
04:30:39 1 44 4096 2815 7.6 3.1 16 7
04:30:40 1 44 4096 2815 7.6 3.1 16 7
04:30:41 1 44 4096 2815 7.8 3.1 16 7
04:30:42 1 45 4096 2815 7.6 3.1 16 7
04:30:43 1 45 4096 2815 7.5 3.1 16 7
04:30:44 1 44 4096 2815 7.6 3.1 16 7
04:30:45 1 45 4096 2815 7.6 3.1 16 7
04:30:46 1 45 4096 2815 7.5 3.1 16 7
04:30:48 1 44 4096 2815 7.7 3.1 16 7
04:30:49 1 44 4096 2815 7.6 3.1 16 7
04:30:50 1 44 4096 2815 7.6 3.1 16 7
04:30:51 1 45 4096 2815 7.5 3.1 16 7
04:30:52 1 45 4096 2815 7.3 3.1 16 7
04:30:53 1 45 4096 2815 7.5 3.1 16 7
04:30:54 1 45 4096 2815 7.5 3.1 16 7
04:30:55 1 45 4096 2815 7.3 3.1 16 7
04:30:56 1 45 4096 2815 7.4 3.1 16 7
04:30:57 1 45 4096 2815 7.3 3.1 16 7
04:30:58 1 45 4096 2815 7.3 3.1 16 7
04:30:59 1 45 4096 2815 7.5 3.1 16 7
04:31:00 1 46 4096 2815 7.3 3.1 16 7
04:31:01 1 46 4096 2815 7.3 3.1 16 7
04:31:02 1 45 4096 2815 7.6 3.1 16 7
04:31:04 1 46 4096 2815 7.3 3.1 16 7
04:31:05 1 46 4096 2815 7.3 3.1 16 7
04:31:06 1 45 4096 2815 7.5 3.1 16 7
04:31:07 1 46 4096 2815 7.3 3.1 16 7
04:31:08 1 46 4096 2815 7.3 3.1 16 7
04:31:09 1 45 4096 2815 7.5 3.1 16 7
04:31:10 1 46 4096 2815 7.3 3.1 16 7
04:31:11 1 46 4096 2815 7.4 3.1 16 7
04:31:12 1 46 4096 2815 7.3 3.1 16 7
04:31:13 1 42 4096 2815 8.8 3.1 16 7
04:31:14 1 48 4096 2815 6.5 3.1 16 7
04:31:15 1 49 4096 2815 6.3 3.1 16 7
04:31:16 1 49 4096 2815 6.5 3.1 16 7
04:31:17 1 50 4096 2815 6.1 3.1 16 7
04:31:18 1 50 4096 2815 6.0 3.1 16 7
04:31:20 1 47 4096 2815 6.5 2.9 16 7
04:31:21 1 46 4096 2815 6.8 2.8 16 7
04:31:22 1 45 4096 2815 6.5 2.8 16 7
04:31:23 1 45 4096 2815 6.4 2.8 16 7
04:31:24 1 41 4096 2815 7.5 2.8 16 7
04:31:25 1 41 4096 2815 7.8 2.9 16 7
04:31:26 1 44 4096 2815 7.5 2.9 16 7
04:31:27 1 43 4096 2815 7.8 2.9 16 7
04:31:28 1 43 4096 2815 7.3 2.9 16 7
04:31:29 1 43 4096 2815 7.8 3.0 16 7
04:31:30 1 43 4096 2815 7.7 3.0 16 7
04:31:31 1 43 4096 2815 7.7 3.0 16 7
04:31:32 1 43 4096 2815 7.8 3.0 16 7
04:31:33 1 44 4096 2815 7.7 3.0 16 7
04:31:34 1 44 4096 2815 7.7 3.1 16 7
04:31:35 1 43 4096 2815 7.8 3.1 16 7
04:31:37 1 44 4096 2815 7.6 3.1 16 7
04:31:38 1 44 4096 2815 7.6 3.1 16 7
04:31:39 1 44 4096 2815 7.7 3.1 16 7
04:31:40 1 44 4096 2815 7.6 3.1 16 7
04:31:41 1 44 4096 2815 7.6 3.1 16 7
04:31:42 1 44 4096 2815 7.6 3.1 16 7
04:31:43 1 44 4096 2815 7.6 3.1 16 7
04:31:44 1 44 4096 2815 7.7 3.1 16 7
04:31:45 1 44 4096 2815 7.6 3.1 16 7
04:31:46 1 44 4096 2815 7.6 3.1 16 7
04:31:47 1 44 4096 2815 7.6 3.1 16 7
04:31:48 1 45 4096 2815 7.3 3.1 16 7
04:31:49 1 45 4096 2815 7.3 3.1 16 7
04:31:50 1 45 4096 2815 7.4 3.1 16 7
04:31:51 1 45 4096 2815 7.3 3.1 16 7
04:31:52 1 45 4096 2815 7.3 3.1 16 7
04:31:53 1 45 4096 2815 7.4 3.1 16 7
04:31:55 1 45 4096 2815 7.3 3.1 16 7
04:31:56 1 45 4096 2815 7.3 3.1 16 7
04:31:57 1 45 4096 2815 7.5 3.1 16 7
04:31:58 1 45 4096 2815 7.3 3.1 16 7
04:31:59 1 45 4096 2815 7.4 3.1 16 7
04:32:00 1 45 4096 2815 7.5 3.1 16 7
04:32:01 1 45 4096 2815 7.3 3.1 16 7
04:32:02 1 45 4096 2815 7.5 3.1 16 7
04:32:03 1 45 4096 2815 7.3 3.1 16 7
04:32:04 1 45 4096 2815 7.3 3.1 16 7
04:32:05 1 45 4096 2815 7.4 3.1 16 7
04:32:06 1 45 4096 2815 7.3 3.1 16 7
04:32:07 1 45 4096 2815 7.3 3.1 16 7
04:32:08 1 45 4096 2815 7.4 3.1 16 7
04:32:09 1 46 4096 2815 7.3 3.1 16 7
04:32:10 1 42 4096 2815 8.7 3.1 16 7
04:32:12 1 49 4096 2815 6.1 3.1 16 7
04:32:13 1 50 4096 2815 6.0 3.1 16 7
04:32:14 1 50 4096 2815 6.1 3.1 16 7
04:32:15 1 49 4096 2815 6.2 3.1 16 7
04:32:16 1 50 4096 2815 6.0 3.1 16 7
04:32:17 1 48 4096 2815 6.7 3.1 16 7
04:32:18 1 48 4096 2815 6.6 3.1 16 7
04:32:19 1 49 4096 2815 6.5 3.1 16 7
04:32:20 1 48 4096 2815 6.6 3.1 16 7
04:32:21 1 45 4096 2815 7.7 3.1 16 7
04:32:22 1 43 4096 2815 8.3 3.1 16 7
04:32:23 1 45 4096 2815 7.8 3.1 16 7
04:32:24 1 45 4096 2815 7.6 3.1 16 7
04:32:25 1 45 4096 2815 7.6 3.1 16 7
04:32:26 1 45 4096 2815 7.8 3.1 16 7
04:32:27 1 45 4096 2815 7.7 3.1 16 7
04:32:29 1 45 4096 2815 7.7 3.1 16 7
04:32:30 1 45 4096 2815 7.8 3.1 16 7
04:32:31 1 45 4096 2815 7.7 3.1 16 7
04:32:32 1 45 4096 2815 7.7 3.1 16 7
04:32:33 1 45 4096 2815 7.8 3.1 16 7
04:32:34 1 45 4096 2815 7.6 3.1 16 7
04:32:35 1 45 4096 2815 7.7 3.1 16 7
04:32:36 1 45 4096 2815 7.7 3.1 16 7
04:32:37 1 45 4096 2815 7.6 3.1 16 7
04:32:38 1 45 4096 2815 7.7 3.1 16 7
04:32:39 1 46 4096 2815 7.6 3.1 16 7
04:32:40 1 46 4096 2815 7.6 3.1 16 7
04:32:41 1 45 4096 2815 7.7 3.1 16 7
04:32:42 1 46 4096 2815 7.6 3.1 16 7
04:32:43 1 46 4096 2815 7.6 3.1 16 7
04:32:44 1 45 4096 2815 7.7 3.1 16 7
04:32:46 1 46 4096 2815 7.3 3.1 16 7
04:32:47 1 46 4096 2815 7.5 3.1 16 7
04:32:48 1 46 4096 2815 7.5 3.1 16 7
04:32:49 1 46 4096 2815 7.4 3.1 16 7
04:32:50 1 46 4096 2815 7.5 3.1 16 7
04:32:51 1 46 4096 2815 7.5 3.1 16 7
04:32:52 1 46 4096 2815 7.4 3.1 16 7
04:32:53 1 46 4096 2815 7.5 3.1 16 7
04:32:54 1 46 4096 2815 7.4 3.1 16 7
04:32:55 1 46 4096 2815 7.3 3.1 16 7
04:32:56 1 46 4096 2815 7.5 3.1 16 7
04:32:57 1 46 4096 2815 7.3 3.1 16 7
04:32:58 1 46 4096 2815 7.3 3.1 16 7
04:32:59 1 46 4096 2815 7.4 3.1 16 7
04:33:00 1 46 4096 2815 7.3 3.1 16 7
04:33:01 1 46 4096 2815 7.3 3.1 16 7
04:33:03 1 46 4096 2815 7.5 3.1 16 7
04:33:04 1 46 4096 2815 7.3 3.1 16 7
04:33:05 1 46 4096 2815 7.3 3.1 16 7
04:33:06 1 46 4096 2815 7.5 3.1 16 7
04:33:07 1 46 4096 2815 7.4 3.1 16 7
04:33:08 1 42 4096 2815 8.9 3.1 16 7
04:33:09 1 49 4096 2815 6.4 3.1 16 7
04:33:10 1 49 4096 2815 6.3 3.1 16 7
04:33:11 1 49 4096 2815 6.5 3.1 16 7
04:33:12 1 50 4096 2815 6.1 3.1 16 7
04:33:13 1 49 4096 2815 6.5 3.1 16 7
04:33:14 1 48 4096 2815 6.6 3.1 16 7
04:33:15 1 49 4096 2815 6.4 3.1 16 7
04:33:16 1 49 4096 2815 6.4 3.1 16 7
04:33:17 1 49 4096 2815 6.5 3.1 16 7
04:33:18 1 47 4096 2815 7.2 3.1 16 7
04:33:19 1 43 4096 2815 8.4 3.1 16 7
04:33:21 1 45 4096 2815 7.8 3.1 16 7
04:33:22 1 45 4096 2815 7.8 3.1 16 7
04:33:23 1 45 4096 2815 7.8 3.1 16 7
04:33:24 1 45 4096 2815 7.9 3.1 16 7
04:33:25 1 46 4096 2815 7.7 3.1 16 7
04:33:26 1 46 4096 2815 7.7 3.1 16 7
04:33:27 1 45 4096 2815 7.8 3.1 16 7
04:33:28 1 46 4096 2815 7.7 3.1 16 7
04:33:29 1 45 4096 2815 7.8 3.1 16 7
04:33:30 1 45 4096 2815 7.7 3.1 16 7
04:33:31 1 46 4096 2815 7.6 3.1 16 7
04:33:32 1 46 4096 2815 7.7 3.1 16 7
04:33:33 1 46 4096 2815 7.6 3.1 16 7
04:33:34 1 46 4096 2815 7.6 3.1 16 7
04:33:35 1 46 4096 2815 7.6 3.1 16 7
04:33:36 1 46 4096 2815 7.5 3.1 16 7
04:33:38 1 46 4096 2815 7.5 3.1 16 7
04:33:39 1 46 4096 2815 7.7 3.1 16 7
04:33:40 1 46 4096 2815 7.6 3.1 16 7
04:33:41 1 46 4096 2815 7.6 3.1 16 7
04:33:42 1 46 4096 2815 7.7 3.1 16 7
04:33:43 1 47 4096 2815 7.3 3.1 16 7
04:33:44 1 46 4096 2815 7.4 3.1 16 7
04:33:45 1 47 4096 2815 7.3 3.1 16 7
04:33:46 1 47 4096 2815 7.3 3.1 16 7
04:33:47 1 46 4096 2815 7.4 3.1 16 7
04:33:48 1 46 4096 2815 7.5 3.1 16 7
04:33:49 1 47 4096 2815 7.3 3.1 16 7
04:33:50 1 46 4096 2815 7.6 3.1 16 7
04:33:51 1 47 4096 2815 7.3 3.1 16 7
04:33:52 1 47 4096 2815 7.3 3.1 16 7
04:33:54 1 46 4096 2815 7.7 3.1 16 7
04:33:55 1 46 4096 2815 7.6 3.1 16 7
04:33:56 1 46 4096 2815 7.5 3.1 16 7
04:33:57 1 46 4096 2815 7.7 3.1 16 7
04:33:58 1 46 4096 2815 7.6 3.1 16 7
04:33:59 1 46 4096 2815 7.6 3.1 16 7
04:34:00 1 46 4096 2815 7.6 3.1 16 7
04:34:01 1 46 4096 2815 7.5 3.1 16 7
04:34:02 1 46 4096 2815 7.6 3.1 16 7
04:34:03 1 46 4096 2815 7.5 3.1 16 7
04:34:04 1 42 4096 2815 8.8 3.1 16 7
04:34:05 1 42 4096 2815 8.9 3.1 16 7
04:34:06 1 50 4096 2815 6.3 3.1 16 7
04:34:07 1 50 4096 2815 6.4 3.1 16 7
04:34:08 1 50 4096 2815 6.2 3.1 16 7
04:34:09 1 51 4096 2815 6.0 3.1 16 7
04:34:10 1 49 4096 2815 6.5 3.1 16 7
04:34:12 1 49 4096 2815 6.6 3.1 16 7
04:34:13 1 49 4096 2815 6.4 3.1 16 7
04:34:14 1 50 4096 2815 6.4 3.1 16 7
04:34:15 1 49 4096 2815 7.5 3.1 16 7
04:34:16 1 47 4096 2815 7.2 3.1 16 7
04:34:17 1 44 4096 2815 8.5 3.1 16 7
04:34:18 1 46 4096 2815 7.7 3.1 16 7
04:34:19 1 46 4096 2815 7.7 3.1 16 7
04:34:20 1 45 4096 2815 7.8 3.1 16 7
04:34:21 1 46 4096 2815 7.7 3.1 16 7
04:34:22 1 46 4096 2815 7.7 3.1 16 7
04:34:23 1 45 4096 2815 7.8 3.1 16 7
04:34:24 1 46 4096 2815 7.7 3.1 16 7
04:34:25 1 46 4096 2815 7.7 3.1 16 7
04:34:26 1 45 4096 2815 7.9 3.1 16 7
04:34:28 1 46 4096 2815 7.6 3.1 16 7
04:34:29 1 46 4096 2815 7.6 3.1 16 7
04:34:30 1 45 4096 2815 7.8 3.1 16 7
04:34:31 1 46 4096 2815 7.6 3.1 16 7
04:34:32 1 46 4096 2815 7.6 3.1 16 7
04:34:33 1 46 4096 2815 7.6 3.1 16 7
04:34:34 1 46 4096 2815 7.5 3.1 16 7
04:34:35 1 46 4096 2815 7.7 3.1 16 7
04:34:36 1 46 4096 2815 7.6 3.1 16 7
04:34:37 1 46 4096 2815 7.6 3.1 16 7
04:34:38 1 46 4096 2815 7.7 3.1 16 7
04:34:39 1 46 4096 2815 7.6 3.1 16 7
04:34:40 1 47 4096 2815 7.3 3.1 16 7
04:34:41 1 47 4096 2815 7.4 3.1 16 7
04:34:42 1 47 4096 2815 7.3 3.1 16 7
04:34:44 1 47 4096 2815 7.3 3.1 16 7
04:34:45 1 47 4096 2815 7.4 3.1 16 7
04:34:46 1 47 4096 2815 7.3 3.1 16 7
04:34:47 1 47 4096 2815 7.3 3.1 16 7
04:34:48 1 47 4096 2815 7.4 3.1 16 7
04:34:49 1 47 4096 2815 7.3 3.1 16 7
04:34:50 1 46 4096 2815 7.4 3.1 16 7
04:34:51 1 46 4096 2815 7.4 3.1 16 7
04:34:52 1 47 4096 2815 7.3 3.1 16 7
04:34:53 1 47 4096 2815 7.4 3.1 16 7
04:34:54 1 47 4096 2815 7.3 3.1 16 7
04:34:55 1 47 4096 2815 7.3 3.1 16 7
04:34:56 1 47 4096 2815 7.4 3.1 16 7
04:34:57 1 47 4096 2815 7.3 3.1 16 7
04:34:58 1 47 4096 2815 7.3 3.1 16 7
04:34:59 1 46 4096 2815 7.5 3.1 16 7
04:35:01 1 47 4096 2815 7.3 3.1 16 7
04:35:02 1 42 4096 2815 8.9 3.1 16 7
04:35:03 1 49 4096 2815 6.5 3.1 16 7
04:35:04 1 50 4096 2815 6.3 3.1 16 7
04:35:05 1 50 4096 2815 6.4 3.1 16 7
04:35:06 1 50 4096 2815 6.2 3.1 16 7
04:35:07 1 51 4096 2815 6.0 3.1 16 7
04:35:08 1 49 4096 2815 6.6 3.1 16 7
04:35:09 1 49 4096 2815 6.6 3.1 16 7
04:35:10 1 49 4096 2815 6.4 3.1 16 7
04:35:11 1 49 4096 2815 6.6 3.1 16 7
04:35:12 1 46 4096 2815 7.6 3.1 16 7
04:35:13 1 51 4096 2815 6.0 3.1 16 7
04:35:14 1 47 4096 2815 7.4 3.1 16 7
04:35:15 1 51 4096 2815 6.1 3.1 16 7
04:35:16 1 51 4096 2815 6.0 3.1 16 7
04:35:17 1 50 4096 2815 6.1 3.1 16 7
04:35:18 1 50 4096 2815 6.3 3.2 16 7
04:35:19 1 51 4096 2815 5.9 3.2 16 7
04:35:21 1 51 4096 2815 6.0 3.2 16 7
04:35:22 1 51 4096 2815 6.1 3.2 16 7
04:35:23 1 55 4096 2815 4.8 3.4 16 7
04:35:24 1 60 4096 2815 3.1 3.4 16 7
04:35:25 1 59 4096 2815 3.5 3.4 16 7
04:35:26 1 59 4096 2815 3.4 3.4 16 7
