{
    "Community": {
        "precision": 0.29913710450623204,
        "recall": 0.3305084745762712,
        "f1-score": 0.3140412682435833,
        "support": 944.0
    },
    "Entertainment": {
        "precision": 0.16361071932299012,
        "recall": 0.2815533980582524,
        "f1-score": 0.20695807314897413,
        "support": 412.0
    },
    "Food": {
        "precision": 0.4411764705882353,
        "recall": 0.18380394246137455,
        "f1-score": 0.25949605114704777,
        "support": 1877.0
    },
    "Nightlife": {
        "precision": 0.13590844062947066,
        "recall": 0.30944625407166126,
        "f1-score": 0.18886679920477137,
        "support": 307.0
    },
    "Outdoors": {
        "precision": 0.1970310391363023,
        "recall": 0.35960591133004927,
        "f1-score": 0.25457715780296425,
        "support": 406.0
    },
    "Shopping": {
        "precision": 0.4223826714801444,
        "recall": 0.36312849162011174,
        "f1-score": 0.39052069425901204,
        "support": 1611.0
    },
    "Travel": {
        "precision": 0.38089171974522296,
        "recall": 0.5093696763202725,
        "f1-score": 0.4358600583090379,
        "support": 587.0
    },
    "macro avg": {
        "precision": 0.2914483093440854,
        "recall": 0.33391659263399903,
        "f1-score": 0.29290287173077006,
        "support": 6144.0
    },
    "weighted avg": {
        "precision": 0.3586656404161161,
        "recall": 0.3089192708333333,
        "f1-score": 0.31170489867592294,
        "support": 6144.0
    }
}