{
    "model": {
        "joint_score": {
            "mean": 0.5018302649259567,
            "std": 0,
            "min": 0.5018302649259567,
            "max": 0.5018302649259567
        },
        "loss": {
            "mean": 1.1376235485076904,
            "std": 0,
            "min": 1.1376235485076904,
            "max": 1.1376235485076904
        }
    },
    "next": {
        "accuracy": {
            "mean": 0.39249858260154724,
            "std": 0,
            "min": 0.39249858260154724,
            "max": 0.39249858260154724
        },
        "accuracy_macro": {
            "mean": 0.3031017780303955,
            "std": 0,
            "min": 0.3031017780303955,
            "max": 0.3031017780303955
        },
        "f1": {
            "mean": 0.30874642729759216,
            "std": 0,
            "min": 0.30874642729759216,
            "max": 0.30874642729759216
        },
        "f1_weighted": {
            "mean": 0.3803861737251282,
            "std": 0,
            "min": 0.3803861737251282,
            "max": 0.3803861737251282
        },
        "mrr": {
            "mean": 0.6164587736129761,
            "std": 0,
            "min": 0.6164587736129761,
            "max": 0.6164587736129761
        },
        "top3_acc": {
            "mean": 0.7956052422523499,
            "std": 0,
            "min": 0.7956052422523499,
            "max": 0.7956052422523499
        },
        "ndcg_3": {
            "mean": 0.6317172050476074,
            "std": 0,
            "min": 0.6317172050476074,
            "max": 0.6317172050476074
        },
        "top5_acc": {
            "mean": 0.9282060861587524,
            "std": 0,
            "min": 0.9282060861587524,
            "max": 0.9282060861587524
        },
        "ndcg_5": {
            "mean": 0.6865007877349854,
            "std": 0,
            "min": 0.6865007877349854,
            "max": 0.6865007877349854
        },
        "loss": {
            "mean": 1.5554473400115967,
            "std": 0,
            "min": 1.5554473400115967,
            "max": 1.5554473400115967
        }
    },
    "category": {
        "accuracy": {
            "mean": 0.7617391347885132,
            "std": 0,
            "min": 0.7617391347885132,
            "max": 0.7617391347885132
        },
        "accuracy_macro": {
            "mean": 0.7236840724945068,
            "std": 0,
            "min": 0.7236840724945068,
            "max": 0.7236840724945068
        },
        "f1": {
            "mean": 0.6949141025543213,
            "std": 0,
            "min": 0.6949141025543213,
            "max": 0.6949141025543213
        },
        "f1_weighted": {
            "mean": 0.7652660608291626,
            "std": 0,
            "min": 0.7652660608291626,
            "max": 0.7652660608291626
        },
        "mrr": {
            "mean": 0.8554700016975403,
            "std": 0,
            "min": 0.8554700016975403,
            "max": 0.8554700016975403
        },
        "top3_acc": {
            "mean": 0.9382609128952026,
            "std": 0,
            "min": 0.9382609128952026,
            "max": 0.9382609128952026
        },
        "ndcg_3": {
            "mean": 0.8669639825820923,
            "std": 0,
            "min": 0.8669639825820923,
            "max": 0.8669639825820923
        },
        "top5_acc": {
            "mean": 0.9852173924446106,
            "std": 0,
            "min": 0.9852173924446106,
            "max": 0.9852173924446106
        },
        "ndcg_5": {
            "mean": 0.8865011930465698,
            "std": 0,
            "min": 0.8865011930465698,
            "max": 0.8865011930465698
        },
        "loss": {
            "mean": 0.7197997570037842,
            "std": 0,
            "min": 0.7197997570037842,
            "max": 0.7197997570037842
        }
    },
    "_selection": {
        "primary": "joint_score",
        "diagnostic_task_best": "per-task best validation f1"
    },
    "diagnostic_task_best": {
        "next": {
            "accuracy": {
                "mean": 0.39249858260154724,
                "std": 0,
                "min": 0.39249858260154724,
                "max": 0.39249858260154724
            },
            "accuracy_macro": {
                "mean": 0.3031017780303955,
                "std": 0,
                "min": 0.3031017780303955,
                "max": 0.3031017780303955
            },
            "f1": {
                "mean": 0.30874642729759216,
                "std": 0,
                "min": 0.30874642729759216,
                "max": 0.30874642729759216
            },
            "f1_weighted": {
                "mean": 0.3803861737251282,
                "std": 0,
                "min": 0.3803861737251282,
                "max": 0.3803861737251282
            },
            "mrr": {
                "mean": 0.6164587736129761,
                "std": 0,
                "min": 0.6164587736129761,
                "max": 0.6164587736129761
            },
            "top3_acc": {
                "mean": 0.7956052422523499,
                "std": 0,
                "min": 0.7956052422523499,
                "max": 0.7956052422523499
            },
            "ndcg_3": {
                "mean": 0.6317172050476074,
                "std": 0,
                "min": 0.6317172050476074,
                "max": 0.6317172050476074
            },
            "top5_acc": {
                "mean": 0.9282060861587524,
                "std": 0,
                "min": 0.9282060861587524,
                "max": 0.9282060861587524
            },
            "ndcg_5": {
                "mean": 0.6865007877349854,
                "std": 0,
                "min": 0.6865007877349854,
                "max": 0.6865007877349854
            },
            "loss": {
                "mean": 1.5554473400115967,
                "std": 0,
                "min": 1.5554473400115967,
                "max": 1.5554473400115967
            }
        },
        "category": {
            "accuracy": {
                "mean": 0.7599999904632568,
                "std": 0,
                "min": 0.7599999904632568,
                "max": 0.7599999904632568
            },
            "accuracy_macro": {
                "mean": 0.7269608974456787,
                "std": 0,
                "min": 0.7269608974456787,
                "max": 0.7269608974456787
            },
            "f1": {
                "mean": 0.6961515545845032,
                "std": 0,
                "min": 0.6961515545845032,
                "max": 0.6961515545845032
            },
            "f1_weighted": {
                "mean": 0.7635852694511414,
                "std": 0,
                "min": 0.7635852694511414,
                "max": 0.7635852694511414
            },
            "mrr": {
                "mean": 0.855904757976532,
                "std": 0,
                "min": 0.855904757976532,
                "max": 0.855904757976532
            },
            "top3_acc": {
                "mean": 0.9399999976158142,
                "std": 0,
                "min": 0.9399999976158142,
                "max": 0.9399999976158142
            },
            "ndcg_3": {
                "mean": 0.868102490901947,
                "std": 0,
                "min": 0.868102490901947,
                "max": 0.868102490901947
            },
            "top5_acc": {
                "mean": 0.9852173924446106,
                "std": 0,
                "min": 0.9852173924446106,
                "max": 0.9852173924446106
            },
            "ndcg_5": {
                "mean": 0.8868906497955322,
                "std": 0,
                "min": 0.8868906497955322,
                "max": 0.8868906497955322
            },
            "loss": {
                "mean": 0.7145410776138306,
                "std": 0,
                "min": 0.7145410776138306,
                "max": 0.7145410776138306
            }
        }
    }
}