{
    "model": {
        "joint_score": {
            "mean": 0.5119674205780029,
            "std": 0,
            "min": 0.5119674205780029,
            "max": 0.5119674205780029
        },
        "loss": {
            "mean": 1.0767300128936768,
            "std": 0,
            "min": 1.0767300128936768,
            "max": 1.0767300128936768
        }
    },
    "next": {
        "accuracy": {
            "mean": 0.3729346990585327,
            "std": 0,
            "min": 0.3729346990585327,
            "max": 0.3729346990585327
        },
        "accuracy_macro": {
            "mean": 0.26028919219970703,
            "std": 0,
            "min": 0.26028919219970703,
            "max": 0.26028919219970703
        },
        "f1": {
            "mean": 0.2739083766937256,
            "std": 0,
            "min": 0.2739083766937256,
            "max": 0.2739083766937256
        },
        "f1_weighted": {
            "mean": 0.3523388206958771,
            "std": 0,
            "min": 0.3523388206958771,
            "max": 0.3523388206958771
        },
        "mrr": {
            "mean": 0.6023106575012207,
            "std": 0,
            "min": 0.6023106575012207,
            "max": 0.6023106575012207
        },
        "top3_acc": {
            "mean": 0.7985838055610657,
            "std": 0,
            "min": 0.7985838055610657,
            "max": 0.7985838055610657
        },
        "ndcg_3": {
            "mean": 0.6216078400611877,
            "std": 0,
            "min": 0.6216078400611877,
            "max": 0.6216078400611877
        },
        "top5_acc": {
            "mean": 0.9394177794456482,
            "std": 0,
            "min": 0.9394177794456482,
            "max": 0.9394177794456482
        },
        "ndcg_5": {
            "mean": 0.6796929836273193,
            "std": 0,
            "min": 0.6796929836273193,
            "max": 0.6796929836273193
        },
        "loss": {
            "mean": 1.5657422542572021,
            "std": 0,
            "min": 1.5657422542572021,
            "max": 1.5657422542572021
        }
    },
    "category": {
        "accuracy": {
            "mean": 0.8315364122390747,
            "std": 0,
            "min": 0.8315364122390747,
            "max": 0.8315364122390747
        },
        "accuracy_macro": {
            "mean": 0.7370983958244324,
            "std": 0,
            "min": 0.7370983958244324,
            "max": 0.7370983958244324
        },
        "f1": {
            "mean": 0.7500264644622803,
            "std": 0,
            "min": 0.7500264644622803,
            "max": 0.7500264644622803
        },
        "f1_weighted": {
            "mean": 0.8296701908111572,
            "std": 0,
            "min": 0.8296701908111572,
            "max": 0.8296701908111572
        },
        "mrr": {
            "mean": 0.8994255661964417,
            "std": 0,
            "min": 0.8994255661964417,
            "max": 0.8994255661964417
        },
        "top3_acc": {
            "mean": 0.9609164595603943,
            "std": 0,
            "min": 0.9609164595603943,
            "max": 0.9609164595603943
        },
        "ndcg_3": {
            "mean": 0.9092841744422913,
            "std": 0,
            "min": 0.9092841744422913,
            "max": 0.9092841744422913
        },
        "top5_acc": {
            "mean": 0.9892183542251587,
            "std": 0,
            "min": 0.9892183542251587,
            "max": 0.9892183542251587
        },
        "ndcg_5": {
            "mean": 0.921000599861145,
            "std": 0,
            "min": 0.921000599861145,
            "max": 0.921000599861145
        },
        "loss": {
            "mean": 0.5877176523208618,
            "std": 0,
            "min": 0.5877176523208618,
            "max": 0.5877176523208618
        }
    },
    "_selection": {
        "primary": "joint_score",
        "diagnostic_task_best": "per-task best validation f1"
    },
    "diagnostic_task_best": {
        "next": {
            "accuracy": {
                "mean": 0.3729346990585327,
                "std": 0,
                "min": 0.3729346990585327,
                "max": 0.3729346990585327
            },
            "accuracy_macro": {
                "mean": 0.26028919219970703,
                "std": 0,
                "min": 0.26028919219970703,
                "max": 0.26028919219970703
            },
            "f1": {
                "mean": 0.2739083766937256,
                "std": 0,
                "min": 0.2739083766937256,
                "max": 0.2739083766937256
            },
            "f1_weighted": {
                "mean": 0.3523388206958771,
                "std": 0,
                "min": 0.3523388206958771,
                "max": 0.3523388206958771
            },
            "mrr": {
                "mean": 0.6023106575012207,
                "std": 0,
                "min": 0.6023106575012207,
                "max": 0.6023106575012207
            },
            "top3_acc": {
                "mean": 0.7985838055610657,
                "std": 0,
                "min": 0.7985838055610657,
                "max": 0.7985838055610657
            },
            "ndcg_3": {
                "mean": 0.6216078400611877,
                "std": 0,
                "min": 0.6216078400611877,
                "max": 0.6216078400611877
            },
            "top5_acc": {
                "mean": 0.9394177794456482,
                "std": 0,
                "min": 0.9394177794456482,
                "max": 0.9394177794456482
            },
            "ndcg_5": {
                "mean": 0.6796929836273193,
                "std": 0,
                "min": 0.6796929836273193,
                "max": 0.6796929836273193
            },
            "loss": {
                "mean": 1.5657422542572021,
                "std": 0,
                "min": 1.5657422542572021,
                "max": 1.5657422542572021
            }
        },
        "category": {
            "accuracy": {
                "mean": 0.8315364122390747,
                "std": 0,
                "min": 0.8315364122390747,
                "max": 0.8315364122390747
            },
            "accuracy_macro": {
                "mean": 0.7370983958244324,
                "std": 0,
                "min": 0.7370983958244324,
                "max": 0.7370983958244324
            },
            "f1": {
                "mean": 0.7500264644622803,
                "std": 0,
                "min": 0.7500264644622803,
                "max": 0.7500264644622803
            },
            "f1_weighted": {
                "mean": 0.8296701908111572,
                "std": 0,
                "min": 0.8296701908111572,
                "max": 0.8296701908111572
            },
            "mrr": {
                "mean": 0.8994255661964417,
                "std": 0,
                "min": 0.8994255661964417,
                "max": 0.8994255661964417
            },
            "top3_acc": {
                "mean": 0.9609164595603943,
                "std": 0,
                "min": 0.9609164595603943,
                "max": 0.9609164595603943
            },
            "ndcg_3": {
                "mean": 0.9092841744422913,
                "std": 0,
                "min": 0.9092841744422913,
                "max": 0.9092841744422913
            },
            "top5_acc": {
                "mean": 0.9892183542251587,
                "std": 0,
                "min": 0.9892183542251587,
                "max": 0.9892183542251587
            },
            "ndcg_5": {
                "mean": 0.921000599861145,
                "std": 0,
                "min": 0.921000599861145,
                "max": 0.921000599861145
            },
            "loss": {
                "mean": 0.5877176523208618,
                "std": 0,
                "min": 0.5877176523208618,
                "max": 0.5877176523208618
            }
        }
    }
}