{
    "Shopping": {
        "precision": 0.3693167123571096,
        "recall": 0.08876291351210233,
        "f1-score": 0.14312632802790362,
        "support": 80439.0
    },
    "Community": {
        "precision": 0.7495769881556683,
        "recall": 0.04527646237181889,
        "f1-score": 0.08539484675191159,
        "support": 29353.0
    },
    "Food": {
        "precision": 0.4222306577884267,
        "recall": 0.9211512015742408,
        "f1-score": 0.5790435162609877,
        "support": 131619.0
    },
    "Entertainment": {
        "precision": 0.6782749205995431,
        "recall": 0.4061592873110674,
        "f1-score": 0.5080762970073877,
        "support": 29971.0
    },
    "Travel": {
        "precision": 0.8784294824262198,
        "recall": 0.567497005988024,
        "f1-score": 0.6895317365617997,
        "support": 41750.0
    },
    "Outdoors": {
        "precision": 0.7148025798332547,
        "recall": 0.15043368867112494,
        "f1-score": 0.24855728468670513,
        "support": 30206.0
    },
    "Nightlife": {
        "precision": 0.44506666666666667,
        "recall": 0.0837094994482897,
        "f1-score": 0.14091523134076325,
        "support": 19938.0
    },
    "accuracy": 0.47288838238694547,
    "macro avg": {
        "precision": 0.6082425725466984,
        "recall": 0.32328429412523835,
        "f1-score": 0.34209217723392266,
        "support": 363276.0
    },
    "weighted avg": {
        "precision": 0.5360977652504121,
        "recall": 0.47288838238694547,
        "f1-score": 0.39794992272124396,
        "support": 363276.0
    }
}