{
    "Shopping": {
        "precision": 0.4829253807321936,
        "recall": 0.14106043145855793,
        "f1-score": 0.21834362652959455,
        "support": 80703.0
    },
    "Community": {
        "precision": 0.6137750653879687,
        "recall": 0.07217058501913615,
        "f1-score": 0.12915456352239718,
        "support": 29264.0
    },
    "Food": {
        "precision": 0.42226488861631956,
        "recall": 0.9186230735993086,
        "f1-score": 0.5785752140139127,
        "support": 131917.0
    },
    "Entertainment": {
        "precision": 0.7909349553615226,
        "recall": 0.27012899983246774,
        "f1-score": 0.40271741845247017,
        "support": 29845.0
    },
    "Travel": {
        "precision": 0.8285951068352971,
        "recall": 0.5536268868719455,
        "f1-score": 0.66376100447395,
        "support": 41537.0
    },
    "Outdoors": {
        "precision": 0.7013623144037961,
        "recall": 0.15231700019945482,
        "f1-score": 0.25027993991533526,
        "support": 30082.0
    },
    "Nightlife": {
        "precision": 0.4468971261974177,
        "recall": 0.1076876756322762,
        "f1-score": 0.17355438738374443,
        "support": 19928.0
    },
    "accuracy": 0.47474647375549167,
    "macro avg": {
        "precision": 0.6123935482192165,
        "recall": 0.3165163789447353,
        "f1-score": 0.3451980220416292,
        "support": 363276.0
    },
    "weighted avg": {
        "precision": 0.5523786696464458,
        "recall": 0.47474647375549167,
        "f1-score": 0.40823430814773193,
        "support": 363276.0
    }
}