{
    "model": {
        "joint_score": {
            "mean": 0.5158342123031616,
            "std": 0,
            "min": 0.5158342123031616,
            "max": 0.5158342123031616
        },
        "loss": {
            "mean": 1.0844452381134033,
            "std": 0,
            "min": 1.0844452381134033,
            "max": 1.0844452381134033
        }
    },
    "category": {
        "accuracy": {
            "mean": 0.8113207817077637,
            "std": 0,
            "min": 0.8113207817077637,
            "max": 0.8113207817077637
        },
        "accuracy_macro": {
            "mean": 0.7705182433128357,
            "std": 0,
            "min": 0.7705182433128357,
            "max": 0.7705182433128357
        },
        "f1": {
            "mean": 0.7544585466384888,
            "std": 0,
            "min": 0.7544585466384888,
            "max": 0.7544585466384888
        },
        "f1_weighted": {
            "mean": 0.813025176525116,
            "std": 0,
            "min": 0.813025176525116,
            "max": 0.813025176525116
        },
        "mrr": {
            "mean": 0.8890643119812012,
            "std": 0,
            "min": 0.8890643119812012,
            "max": 0.8890643119812012
        },
        "top3_acc": {
            "mean": 0.9568732976913452,
            "std": 0,
            "min": 0.9568732976913452,
            "max": 0.9568732976913452
        },
        "ndcg_3": {
            "mean": 0.8998015522956848,
            "std": 0,
            "min": 0.8998015522956848,
            "max": 0.8998015522956848
        },
        "top5_acc": {
            "mean": 0.9878706336021423,
            "std": 0,
            "min": 0.9878706336021423,
            "max": 0.9878706336021423
        },
        "ndcg_5": {
            "mean": 0.9127379655838013,
            "std": 0,
            "min": 0.9127379655838013,
            "max": 0.9127379655838013
        },
        "loss": {
            "mean": 0.6129675507545471,
            "std": 0,
            "min": 0.6129675507545471,
            "max": 0.6129675507545471
        }
    },
    "next": {
        "accuracy": {
            "mean": 0.37372148036956787,
            "std": 0,
            "min": 0.37372148036956787,
            "max": 0.37372148036956787
        },
        "accuracy_macro": {
            "mean": 0.2622588872909546,
            "std": 0,
            "min": 0.2622588872909546,
            "max": 0.2622588872909546
        },
        "f1": {
            "mean": 0.2772098779678345,
            "std": 0,
            "min": 0.2772098779678345,
            "max": 0.2772098779678345
        },
        "f1_weighted": {
            "mean": 0.3554680347442627,
            "std": 0,
            "min": 0.3554680347442627,
            "max": 0.3554680347442627
        },
        "mrr": {
            "mean": 0.6012813448905945,
            "std": 0,
            "min": 0.6012813448905945,
            "max": 0.6012813448905945
        },
        "top3_acc": {
            "mean": 0.7966168522834778,
            "std": 0,
            "min": 0.7966168522834778,
            "max": 0.7966168522834778
        },
        "ndcg_3": {
            "mean": 0.6199876070022583,
            "std": 0,
            "min": 0.6199876070022583,
            "max": 0.6199876070022583
        },
        "top5_acc": {
            "mean": 0.9390243887901306,
            "std": 0,
            "min": 0.9390243887901306,
            "max": 0.9390243887901306
        },
        "ndcg_5": {
            "mean": 0.6787676811218262,
            "std": 0,
            "min": 0.6787676811218262,
            "max": 0.6787676811218262
        },
        "loss": {
            "mean": 1.5559229850769043,
            "std": 0,
            "min": 1.5559229850769043,
            "max": 1.5559229850769043
        }
    },
    "_selection": {
        "primary": "joint_score",
        "diagnostic_task_best": "per-task best validation f1"
    },
    "diagnostic_task_best": {
        "category": {
            "accuracy": {
                "mean": 0.8194069862365723,
                "std": 0,
                "min": 0.8194069862365723,
                "max": 0.8194069862365723
            },
            "accuracy_macro": {
                "mean": 0.7643090486526489,
                "std": 0,
                "min": 0.7643090486526489,
                "max": 0.7643090486526489
            },
            "f1": {
                "mean": 0.7650816440582275,
                "std": 0,
                "min": 0.7650816440582275,
                "max": 0.7650816440582275
            },
            "f1_weighted": {
                "mean": 0.8196093440055847,
                "std": 0,
                "min": 0.8196093440055847,
                "max": 0.8196093440055847
            },
            "mrr": {
                "mean": 0.8945994973182678,
                "std": 0,
                "min": 0.8945994973182678,
                "max": 0.8945994973182678
            },
            "top3_acc": {
                "mean": 0.9622641801834106,
                "std": 0,
                "min": 0.9622641801834106,
                "max": 0.9622641801834106
            },
            "ndcg_3": {
                "mean": 0.9061871767044067,
                "std": 0,
                "min": 0.9061871767044067,
                "max": 0.9061871767044067
            },
            "top5_acc": {
                "mean": 0.993261456489563,
                "std": 0,
                "min": 0.993261456489563,
                "max": 0.993261456489563
            },
            "ndcg_5": {
                "mean": 0.9188282489776611,
                "std": 0,
                "min": 0.9188282489776611,
                "max": 0.9188282489776611
            },
            "loss": {
                "mean": 0.5878828763961792,
                "std": 0,
                "min": 0.5878828763961792,
                "max": 0.5878828763961792
            }
        },
        "next": {
            "accuracy": {
                "mean": 0.37372148036956787,
                "std": 0,
                "min": 0.37372148036956787,
                "max": 0.37372148036956787
            },
            "accuracy_macro": {
                "mean": 0.2622588872909546,
                "std": 0,
                "min": 0.2622588872909546,
                "max": 0.2622588872909546
            },
            "f1": {
                "mean": 0.2772098779678345,
                "std": 0,
                "min": 0.2772098779678345,
                "max": 0.2772098779678345
            },
            "f1_weighted": {
                "mean": 0.3554680347442627,
                "std": 0,
                "min": 0.3554680347442627,
                "max": 0.3554680347442627
            },
            "mrr": {
                "mean": 0.6012813448905945,
                "std": 0,
                "min": 0.6012813448905945,
                "max": 0.6012813448905945
            },
            "top3_acc": {
                "mean": 0.7966168522834778,
                "std": 0,
                "min": 0.7966168522834778,
                "max": 0.7966168522834778
            },
            "ndcg_3": {
                "mean": 0.6199876070022583,
                "std": 0,
                "min": 0.6199876070022583,
                "max": 0.6199876070022583
            },
            "top5_acc": {
                "mean": 0.9390243887901306,
                "std": 0,
                "min": 0.9390243887901306,
                "max": 0.9390243887901306
            },
            "ndcg_5": {
                "mean": 0.6787676811218262,
                "std": 0,
                "min": 0.6787676811218262,
                "max": 0.6787676811218262
            },
            "loss": {
                "mean": 1.5559229850769043,
                "std": 0,
                "min": 1.5559229850769043,
                "max": 1.5559229850769043
            }
        }
    }
}