{
    "Community": {
        "precision": 0.42323651452282157,
        "recall": 0.6191198786039454,
        "f1-score": 0.5027726432532348,
        "support": 659.0
    },
    "Entertainment": {
        "precision": 0.43023255813953487,
        "recall": 0.44984802431610943,
        "f1-score": 0.4398216939078752,
        "support": 329.0
    },
    "Food": {
        "precision": 0.5837606837606838,
        "recall": 0.38028953229398665,
        "f1-score": 0.4605529332434255,
        "support": 1796.0
    },
    "Nightlife": {
        "precision": 0.2752808988764045,
        "recall": 0.5856573705179283,
        "f1-score": 0.37452229299363055,
        "support": 251.0
    },
    "Outdoors": {
        "precision": 0.3598326359832636,
        "recall": 0.6099290780141844,
        "f1-score": 0.45263157894736844,
        "support": 282.0
    },
    "Shopping": {
        "precision": 0.6344086021505376,
        "recall": 0.46724262059035276,
        "f1-score": 0.5381426202321725,
        "support": 1389.0
    },
    "Travel": {
        "precision": 0.5091383812010444,
        "recall": 0.680628272251309,
        "f1-score": 0.5825242718446602,
        "support": 573.0
    },
    "macro avg": {
        "precision": 0.4594128963763272,
        "recall": 0.5418163966554023,
        "f1-score": 0.4787097192031953,
        "support": 5279.0
    },
    "weighted avg": {
        "precision": 0.5327508453330532,
        "recall": 0.4919492328092442,
        "f1-score": 0.4936721510473199,
        "support": 5279.0
    }
}