{
    "fold_number": 4,
    "duration": 33.88881754875183,
    "primary_checkpoint": {
        "selection_metric": "joint_score",
        "epoch": 28,
        "joint_score": 0.278575349599123,
        "loss": 4.157079696655273,
        "time": 19.771573781967163,
        "task_metrics": {
            "next_category": {
                "accuracy": 0.49810606241226196,
                "f1": 0.4719623923301697
            },
            "next_region": {
                "accuracy": 0.20587120950222015,
                "f1": 0.08518830686807632
            }
        }
    },
    "diagnostic_best_epochs": {
        "next_category": {
            "epoch": 28,
            "time": 19.778372764587402,
            "metrics": {
                "accuracy": 0.49810606241226196,
                "accuracy_macro": 0.5209173560142517,
                "f1": 0.4719623923301697,
                "f1_weighted": 0.5008420348167419,
                "mrr": 0.6878629326820374,
                "top3_acc": 0.8573863506317139,
                "ndcg_3": 0.7094574570655823,
                "top5_acc": 0.9547348022460938,
                "ndcg_5": 0.7498476505279541,
                "loss": 1.573634147644043
            },
            "accuracy": 0.49810606241226196,
            "f1": 0.4719623923301697,
            "per_metric_best": {
                "top5_acc": {
                    "epoch": 26,
                    "best_value": 0.9562499523162842,
                    "metrics": {
                        "accuracy": 0.4674242436885834,
                        "accuracy_macro": 0.5194143056869507,
                        "f1": 0.4477577805519104,
                        "f1_weighted": 0.4697956442832947,
                        "mrr": 0.6670829057693481,
                        "top3_acc": 0.8412878513336182,
                        "ndcg_3": 0.6870591640472412,
                        "top5_acc": 0.9562499523162842,
                        "ndcg_5": 0.7346451282501221,
                        "loss": 1.4701258341471355
                    }
                },
                "top3_acc": {
                    "epoch": 39,
                    "best_value": 0.8598484396934509,
                    "metrics": {
                        "accuracy": 0.488446980714798,
                        "accuracy_macro": 0.49096184968948364,
                        "f1": 0.46011507511138916,
                        "f1_weighted": 0.4832940101623535,
                        "mrr": 0.6830289959907532,
                        "top3_acc": 0.8598484396934509,
                        "ndcg_3": 0.7071281671524048,
                        "top5_acc": 0.9520832896232605,
                        "ndcg_5": 0.7453575134277344,
                        "loss": 2.2307875951131186
                    }
                },
                "mrr": {
                    "epoch": 46,
                    "best_value": 0.6940359473228455,
                    "metrics": {
                        "accuracy": 0.5094696879386902,
                        "accuracy_macro": 0.4787759482860565,
                        "f1": 0.46976470947265625,
                        "f1_weighted": 0.509060263633728,
                        "mrr": 0.6940359473228455,
                        "top3_acc": 0.8583332896232605,
                        "ndcg_3": 0.7148191928863525,
                        "top5_acc": 0.9509469270706177,
                        "ndcg_5": 0.7530375123023987,
                        "loss": 2.7102533976236978
                    }
                },
                "accuracy": {
                    "epoch": 46,
                    "best_value": 0.5094696879386902,
                    "metrics": {
                        "accuracy": 0.5094696879386902,
                        "accuracy_macro": 0.4787759482860565,
                        "f1": 0.46976470947265625,
                        "f1_weighted": 0.509060263633728,
                        "mrr": 0.6940359473228455,
                        "top3_acc": 0.8583332896232605,
                        "ndcg_3": 0.7148191928863525,
                        "top5_acc": 0.9509469270706177,
                        "ndcg_5": 0.7530375123023987,
                        "loss": 2.7102533976236978
                    }
                },
                "accuracy_macro": {
                    "epoch": 16,
                    "best_value": 0.5334125757217407,
                    "metrics": {
                        "accuracy": 0.47178030014038086,
                        "accuracy_macro": 0.5334125757217407,
                        "f1": 0.46152573823928833,
                        "f1_weighted": 0.4675526022911072,
                        "mrr": 0.6698042750358582,
                        "top3_acc": 0.8446969389915466,
                        "ndcg_3": 0.6907185912132263,
                        "top5_acc": 0.9518939256668091,
                        "ndcg_5": 0.7351261973381042,
                        "loss": 1.330973466237386
                    }
                },
                "f1_weighted": {
                    "epoch": 46,
                    "best_value": 0.509060263633728,
                    "metrics": {
                        "accuracy": 0.5094696879386902,
                        "accuracy_macro": 0.4787759482860565,
                        "f1": 0.46976470947265625,
                        "f1_weighted": 0.509060263633728,
                        "mrr": 0.6940359473228455,
                        "top3_acc": 0.8583332896232605,
                        "ndcg_3": 0.7148191928863525,
                        "top5_acc": 0.9509469270706177,
                        "ndcg_5": 0.7530375123023987,
                        "loss": 2.7102533976236978
                    }
                }
            }
        },
        "next_region": {
            "epoch": 11,
            "time": 8.373290538787842,
            "metrics": {
                "accuracy": 0.22575756907463074,
                "accuracy_macro": 0.10449533310457894,
                "f1": 0.0921088308095932,
                "f1_weighted": 0.2234509140253067,
                "mrr": 0.26624181866645813,
                "top3_acc": 0.2772727310657501,
                "ndcg_3": 0.25553232431411743,
                "top5_acc": 0.30492421984672546,
                "ndcg_5": 0.266876757144928,
                "loss": 6.743418375651042,
                "n_indist": 5189.0,
                "n_ood": 91.0,
                "ood_fraction": 0.017234848484848485,
                "top1_acc_indist": 0.2297167181968689,
                "top5_acc_indist": 0.3102717399597168,
                "top10_acc_indist": 0.356716126203537,
                "mrr_indist": 0.2708980143070221
            },
            "accuracy": 0.22575756907463074,
            "f1": 0.0921088308095932,
            "per_metric_best": {
                "top10_acc_indist": {
                    "epoch": 5,
                    "best_value": 0.36481019854545593,
                    "metrics": {
                        "accuracy": 0.21571968495845795,
                        "accuracy_macro": 0.09784930046660444,
                        "f1": 0.08566676080226898,
                        "f1_weighted": 0.21269232034683228,
                        "mrr": 0.2619688808917999,
                        "top3_acc": 0.27405300736427307,
                        "ndcg_3": 0.24977143108844757,
                        "top5_acc": 0.31098484992980957,
                        "ndcg_5": 0.26491352915763855,
                        "loss": 6.842940012613933,
                        "n_indist": 5189.0,
                        "n_ood": 91.0,
                        "ood_fraction": 0.017234848484848485,
                        "top1_acc_indist": 0.21950280666351318,
                        "top5_acc_indist": 0.31643861532211304,
                        "top10_acc_indist": 0.36481019854545593,
                        "mrr_indist": 0.26655009388923645
                    }
                },