{
    "fold_number": 1,
    "duration": 34.059696674346924,
    "primary_checkpoint": {
        "selection_metric": "joint_score",
        "epoch": 43,
        "joint_score": 0.28887437656521797,
        "loss": 4.6047108968098955,
        "time": 29.872761249542236,
        "task_metrics": {
            "next_category": {
                "accuracy": 0.5290774703025818,
                "f1": 0.4999231696128845
            },
            "next_region": {
                "accuracy": 0.230536088347435,
                "f1": 0.07782558351755142
            }
        }
    },
    "diagnostic_best_epochs": {
        "next_category": {
            "epoch": 43,
            "time": 29.879068613052368,
            "metrics": {
                "accuracy": 0.5290774703025818,
                "accuracy_macro": 0.5267910361289978,
                "f1": 0.4999231696128845,
                "f1_weighted": 0.5279014110565186,
                "mrr": 0.710777223110199,
                "top3_acc": 0.8776283264160156,
                "ndcg_3": 0.7351242899894714,
                "top5_acc": 0.9588937163352966,
                "ndcg_5": 0.7686789035797119,
                "loss": 2.299590587615967
            },
            "accuracy": 0.5290774703025818,
            "f1": 0.4999231696128845,
            "per_metric_best": {
                "top5_acc": {
                    "epoch": 22,
                    "best_value": 0.9653343558311462,
                    "metrics": {
                        "accuracy": 0.4680810868740082,
                        "accuracy_macro": 0.5344850420951843,
                        "f1": 0.4647369682788849,
                        "f1_weighted": 0.47569382190704346,
                        "mrr": 0.672126293182373,
                        "top3_acc": 0.8596324920654297,
                        "ndcg_3": 0.6980587840080261,
                        "top5_acc": 0.9653343558311462,
                        "ndcg_5": 0.7419633269309998,
                        "loss": 1.3284152348836262
                    }
                },
                "top3_acc": {
                    "epoch": 36,
                    "best_value": 0.8791437745094299,
                    "metrics": {
                        "accuracy": 0.5133547782897949,
                        "accuracy_macro": 0.5290008783340454,
                        "f1": 0.49141213297843933,
                        "f1_weighted": 0.5142402648925781,
                        "mrr": 0.7030051946640015,
                        "top3_acc": 0.8791437745094299,
                        "ndcg_3": 0.7298876643180847,
                        "top5_acc": 0.9583254456520081,
                        "ndcg_5": 0.7627358436584473,
                        "loss": 1.9269366264343262
                    }
                },
                "mrr": {
                    "epoch": 43,
                    "best_value": 0.710777223110199,
                    "metrics": {
                        "accuracy": 0.5290774703025818,
                        "accuracy_macro": 0.5267910361289978,
                        "f1": 0.4999231696128845,
                        "f1_weighted": 0.5279014110565186,
                        "mrr": 0.710777223110199,
                        "top3_acc": 0.8776283264160156,
                        "ndcg_3": 0.7351242899894714,
                        "top5_acc": 0.9588937163352966,
                        "ndcg_5": 0.7686789035797119,
                        "loss": 2.299590587615967
                    }
                },
                "accuracy": {
                    "epoch": 44,
                    "best_value": 0.529266893863678,
                    "metrics": {
                        "accuracy": 0.529266893863678,
                        "accuracy_macro": 0.5077627301216125,
                        "f1": 0.4950576424598694,
                        "f1_weighted": 0.53005051612854,
                        "mrr": 0.7107470035552979,
                        "top3_acc": 0.871377170085907,
                        "ndcg_3": 0.7325466871261597,
                        "top5_acc": 0.9568099975585938,
                        "ndcg_5": 0.7678380608558655,
                        "loss": 2.366931597391764
                    }
                },
                "accuracy_macro": {
                    "epoch": 26,
                    "best_value": 0.5414021015167236,
                    "metrics": {
                        "accuracy": 0.4932752549648285,
                        "accuracy_macro": 0.5414021015167236,
                        "f1": 0.4791524410247803,
                        "f1_weighted": 0.49182724952697754,
                        "mrr": 0.6888890266418457,
                        "top3_acc": 0.8715665936470032,
                        "ndcg_3": 0.7158743143081665,
                        "top5_acc": 0.9615457653999329,
                        "ndcg_5": 0.7532647848129272,
                        "loss": 1.4558803240458171
                    }
                },
                "f1_weighted": {
                    "epoch": 48,
                    "best_value": 0.5307605266571045,
                    "metrics": {
                        "accuracy": 0.529266893863678,
                        "accuracy_macro": 0.5124043226242065,
                        "f1": 0.4970778822898865,
                        "f1_weighted": 0.5307605266571045,
                        "mrr": 0.7101426720619202,
                        "top3_acc": 0.8725137710571289,
                        "ndcg_3": 0.732558012008667,
                        "top5_acc": 0.9573783278465271,
                        "ndcg_5": 0.7675630450248718,
                        "loss": 2.565331141153971
                    }
                }
            }
        },
        "next_region": {
            "epoch": 9,
            "time": 7.1575767993927,
            "metrics": {
                "accuracy": 0.26899033784866333,
                "accuracy_macro": 0.11327312507928419,
                "f1": 0.09545695781707764,
                "f1_weighted": 0.2626507878303528,
                "mrr": 0.31412988901138306,
                "top3_acc": 0.32960787415504456,
                "ndcg_3": 0.3040611147880554,
                "top5_acc": 0.3591589331626892,
                "ndcg_5": 0.3162650465965271,
                "loss": 6.757568359375,
                "n_indist": 5168.0,
                "n_ood": 111.0,
                "ood_fraction": 0.021026709604091684,
                "top1_acc_indist": 0.27476778626441956,
                "top5_acc_indist": 0.3668730556964874,
                "top10_acc_indist": 0.4164086580276489,
                "mrr_indist": 0.32086125016212463
            },
            "accuracy": 0.26899033784866333,
            "f1": 0.09545695781707764,
            "per_metric_best": {
                "top10_acc_indist": {
                    "epoch": 3,
                    "best_value": 0.41892412304878235,
                    "metrics": {
                        "accuracy": 0.2491002082824707,
                        "accuracy_macro": 0.0942975876648302,
                        "f1": 0.07634693384170532,
                        "f1_weighted": 0.23772409558296204,
                        "mrr": 0.30258089303970337,
                        "top3_acc": 0.32146239280700684,
                        "ndcg_3": 0.29108497500419617,
                        "top5_acc": 0.3593483567237854,
                        "ndcg_5": 0.3067208230495453,
                        "loss": 6.944357554117839,
                        "n_indist": 5168.0,
                        "n_ood": 111.0,
                        "ood_fraction": 0.021026709604091684,
                        "top1_acc_indist": 0.2544504702091217,
                        "top5_acc_indist": 0.36706656217575073,
                        "top10_acc_indist": 0.41892412304878235,
                        "mrr_indist": 0.30906423926353455
                    }
                },