{
    "fold_number": 2,
    "duration": 37.534422397613525,
    "primary_checkpoint": {
        "selection_metric": "joint_score",
        "epoch": 43,
        "joint_score": 0.28282662853598595,
        "loss": 4.147956371307373,
        "time": 32.81288528442383,
        "task_metrics": {
            "next_category": {
                "accuracy": 0.46538159251213074,
                "f1": 0.4488619565963745
            },
            "next_region": {
                "accuracy": 0.28088119626045227,
                "f1": 0.11679130047559738
            }
        }
    },
    "diagnostic_best_epochs": {
        "next_category": {
            "epoch": 43,
            "time": 32.818861961364746,
            "metrics": {
                "accuracy": 0.46538159251213074,
                "accuracy_macro": 0.48780572414398193,
                "f1": 0.4488619565963745,
                "f1_weighted": 0.45827722549438477,
                "mrr": 0.6698962450027466,
                "top3_acc": 0.861526370048523,
                "ndcg_3": 0.6976028084754944,
                "top5_acc": 0.9590873122215271,
                "ndcg_5": 0.7380339503288269,
                "loss": 2.259955406188965
            },
            "accuracy": 0.46538159251213074,
            "f1": 0.4488619565963745,
            "per_metric_best": {
                "top5_acc": {
                    "epoch": 15,
                    "best_value": 0.9701023101806641,
                    "metrics": {
                        "accuracy": 0.39535799622535706,
                        "accuracy_macro": 0.47570091485977173,
                        "f1": 0.3925078511238098,
                        "f1_weighted": 0.37694495916366577,
                        "mrr": 0.6252089142799377,
                        "top3_acc": 0.8520849943161011,
                        "ndcg_3": 0.6595185399055481,
                        "top5_acc": 0.9701023101806641,
                        "ndcg_5": 0.7084149718284607,
                        "loss": 1.51096773147583
                    }
                },
                "top3_acc": {
                    "epoch": 41,
                    "best_value": 0.8682140111923218,
                    "metrics": {
                        "accuracy": 0.4732494056224823,
                        "accuracy_macro": 0.46575406193733215,
                        "f1": 0.4465704560279846,
                        "f1_weighted": 0.4738234877586365,
                        "mrr": 0.6785910725593567,
                        "top3_acc": 0.8682140111923218,
                        "ndcg_3": 0.7071282863616943,
                        "top5_acc": 0.9606609344482422,
                        "ndcg_5": 0.7452391386032104,
                        "loss": 2.20270037651062
                    }
                },
                "mrr": {
                    "epoch": 41,
                    "best_value": 0.6785910725593567,
                    "metrics": {
                        "accuracy": 0.4732494056224823,
                        "accuracy_macro": 0.46575406193733215,
                        "f1": 0.4465704560279846,
                        "f1_weighted": 0.4738234877586365,
                        "mrr": 0.6785910725593567,
                        "top3_acc": 0.8682140111923218,
                        "ndcg_3": 0.7071282863616943,
                        "top5_acc": 0.9606609344482422,
                        "ndcg_5": 0.7452391386032104,
                        "loss": 2.20270037651062
                    }
                },
                "accuracy": {
                    "epoch": 49,
                    "best_value": 0.4736427962779999,
                    "metrics": {
                        "accuracy": 0.4736427962779999,
                        "accuracy_macro": 0.46751877665519714,
                        "f1": 0.4470229744911194,
                        "f1_weighted": 0.4756513237953186,
                        "mrr": 0.6752604246139526,
                        "top3_acc": 0.8595594167709351,
                        "ndcg_3": 0.700782835483551,
                        "top5_acc": 0.9579071402549744,
                        "ndcg_5": 0.7416735291481018,
                        "loss": 2.5542140007019043
                    }
                },
                "accuracy_macro": {
                    "epoch": 29,
                    "best_value": 0.521454393863678,
                    "metrics": {
                        "accuracy": 0.4480723738670349,
                        "accuracy_macro": 0.521454393863678,
                        "f1": 0.44421976804733276,
                        "f1_weighted": 0.44305410981178284,
                        "mrr": 0.6592718362808228,
                        "top3_acc": 0.8579858541488647,
                        "ndcg_3": 0.6879926919937134,
                        "top5_acc": 0.9618411064147949,
                        "ndcg_5": 0.7310829758644104,
                        "loss": 1.5992710590362549
                    }
                },
                "f1_weighted": {
                    "epoch": 49,
                    "best_value": 0.4756513237953186,
                    "metrics": {
                        "accuracy": 0.4736427962779999,
                        "accuracy_macro": 0.46751877665519714,
                        "f1": 0.4470229744911194,
                        "f1_weighted": 0.4756513237953186,
                        "mrr": 0.6752604246139526,
                        "top3_acc": 0.8595594167709351,
                        "ndcg_3": 0.700782835483551,
                        "top5_acc": 0.9579071402549744,
                        "ndcg_5": 0.7416735291481018,
                        "loss": 2.5542140007019043
                    }
                }
            }
        },
        "next_region": {
            "epoch": 15,
            "time": 11.849941968917847,
            "metrics": {
                "accuracy": 0.29386308789253235,
                "accuracy_macro": 0.13177245722339312,
                "f1": 0.11126824468374252,
                "f1_weighted": 0.2737307548522949,
                "mrr": 0.36261141300201416,
                "top3_acc": 0.39732494950294495,
                "ndcg_3": 0.35419562458992004,
                "top5_acc": 0.43666404485702515,
                "ndcg_5": 0.37025880813598633,
                "loss": 6.331912994384766,
                "n_indist": 2479.0,
                "n_ood": 63.0,
                "ood_fraction": 0.024783634933123525,
                "top1_acc_indist": 0.30133119225502014,
                "top5_acc_indist": 0.4477611780166626,
                "top10_acc_indist": 0.5098829865455627,
                "mrr_indist": 0.37179967761039734
            },
            "accuracy": 0.29386308789253235,
            "f1": 0.11126824468374252,
            "per_metric_best": {
                "top10_acc_indist": {
                    "epoch": 8,
                    "best_value": 0.5147236585617065,
                    "metrics": {
                        "accuracy": 0.2730133831501007,
                        "accuracy_macro": 0.11949928298980773,
                        "f1": 0.10072155296802521,
                        "f1_weighted": 0.25342249870300293,
                        "mrr": 0.35145753622055054,
                        "top3_acc": 0.3870967626571655,
                        "ndcg_3": 0.3409229815006256,
                        "top5_acc": 0.44020456075668335,
                        "ndcg_5": 0.36295047402381897,
                        "loss": 6.488533973693848,
                        "n_indist": 2479.0,
                        "n_ood": 63.0,
                        "ood_fraction": 0.024783634933123525,
                        "top1_acc_indist": 0.2799516022205353,
                        "top5_acc_indist": 0.45139169692993164,
                        "top10_acc_indist": 0.5147236585617065,