{
    "model": {
        "joint_score": {
            "mean": 0.45999300479888916,
            "std": 0,
            "min": 0.45999300479888916,
            "max": 0.45999300479888916
        },
        "loss": {
            "mean": 1.1024537086486816,
            "std": 0,
            "min": 1.1024537086486816,
            "max": 1.1024537086486816
        }
    },
    "category": {
        "accuracy": {
            "mean": 0.8045822381973267,
            "std": 0,
            "min": 0.8045822381973267,
            "max": 0.8045822381973267
        },
        "accuracy_macro": {
            "mean": 0.6757811307907104,
            "std": 0,
            "min": 0.6757811307907104,
            "max": 0.6757811307907104
        },
        "f1": {
            "mean": 0.649505615234375,
            "std": 0,
            "min": 0.649505615234375,
            "max": 0.649505615234375
        },
        "f1_weighted": {
            "mean": 0.7954449653625488,
            "std": 0,
            "min": 0.7954449653625488,
            "max": 0.7954449653625488
        },
        "mrr": {
            "mean": 0.880859375,
            "std": 0,
            "min": 0.880859375,
            "max": 0.880859375
        },
        "top3_acc": {
            "mean": 0.9474393725395203,
            "std": 0,
            "min": 0.9474393725395203,
            "max": 0.9474393725395203
        },
        "ndcg_3": {
            "mean": 0.8895979523658752,
            "std": 0,
            "min": 0.8895979523658752,
            "max": 0.8895979523658752
        },
        "top5_acc": {
            "mean": 0.9838274717330933,
            "std": 0,
            "min": 0.9838274717330933,
            "max": 0.9838274717330933
        },
        "ndcg_5": {
            "mean": 0.9050330519676208,
            "std": 0,
            "min": 0.9050330519676208,
            "max": 0.9050330519676208
        },
        "loss": {
            "mean": 0.6499822735786438,
            "std": 0,
            "min": 0.6499822735786438,
            "max": 0.6499822735786438
        }
    },
    "next": {
        "accuracy": {
            "mean": 0.381982684135437,
            "std": 0,
            "min": 0.381982684135437,
            "max": 0.381982684135437
        },
        "accuracy_macro": {
            "mean": 0.25917261838912964,
            "std": 0,
            "min": 0.25917261838912964,
            "max": 0.25917261838912964
        },
        "f1": {
            "mean": 0.2704803943634033,
            "std": 0,
            "min": 0.2704803943634033,
            "max": 0.2704803943634033
        },
        "f1_weighted": {
            "mean": 0.3532181978225708,
            "std": 0,
            "min": 0.3532181978225708,
            "max": 0.3532181978225708
        },
        "mrr": {
            "mean": 0.6077573299407959,
            "std": 0,
            "min": 0.6077573299407959,
            "max": 0.6077573299407959
        },
        "top3_acc": {
            "mean": 0.7930763363838196,
            "std": 0,
            "min": 0.7930763363838196,
            "max": 0.7930763363838196
        },
        "ndcg_3": {
            "mean": 0.6233265995979309,
            "std": 0,
            "min": 0.6233265995979309,
            "max": 0.6233265995979309
        },
        "top5_acc": {
            "mean": 0.9346970915794373,
            "std": 0,
            "min": 0.9346970915794373,
            "max": 0.9346970915794373
        },
        "ndcg_5": {
            "mean": 0.6820091605186462,
            "std": 0,
            "min": 0.6820091605186462,
            "max": 0.6820091605186462
        },
        "loss": {
            "mean": 1.5549250841140747,
            "std": 0,
            "min": 1.5549250841140747,
            "max": 1.5549250841140747
        }
    },
    "_selection": {
        "primary": "joint_score",
        "diagnostic_task_best": "per-task best validation f1"
    },
    "diagnostic_task_best": {
        "category": {
            "accuracy": {
                "mean": 0.8059298992156982,
                "std": 0,
                "min": 0.8059298992156982,
                "max": 0.8059298992156982
            },
            "accuracy_macro": {
                "mean": 0.6763618588447571,
                "std": 0,
                "min": 0.6763618588447571,
                "max": 0.6763618588447571
            },
            "f1": {
                "mean": 0.6501806378364563,
                "std": 0,
                "min": 0.6501806378364563,
                "max": 0.6501806378364563
            },
            "f1_weighted": {
                "mean": 0.796758770942688,
                "std": 0,
                "min": 0.796758770942688,
                "max": 0.796758770942688
            },
            "mrr": {
                "mean": 0.8813085556030273,
                "std": 0,
                "min": 0.8813085556030273,
                "max": 0.8813085556030273
            },
            "top3_acc": {
                "mean": 0.9474393725395203,
                "std": 0,
                "min": 0.9474393725395203,
                "max": 0.9474393725395203
            },
            "ndcg_3": {
                "mean": 0.8899187445640564,
                "std": 0,
                "min": 0.8899187445640564,
                "max": 0.8899187445640564
            },
            "top5_acc": {
                "mean": 0.9838274717330933,
                "std": 0,
                "min": 0.9838274717330933,
                "max": 0.9838274717330933
            },
            "ndcg_5": {
                "mean": 0.9053540229797363,
                "std": 0,
                "min": 0.9053540229797363,
                "max": 0.9053540229797363
            },
            "loss": {
                "mean": 0.6508456468582153,
                "std": 0,
                "min": 0.6508456468582153,
                "max": 0.6508456468582153
            }
        },
        "next": {
            "accuracy": {
                "mean": 0.38276946544647217,
                "std": 0,
                "min": 0.38276946544647217,
                "max": 0.38276946544647217
            },
            "accuracy_macro": {
                "mean": 0.260458379983902,
                "std": 0,
                "min": 0.260458379983902,
                "max": 0.260458379983902
            },
            "f1": {
                "mean": 0.27522021532058716,
                "std": 0,
                "min": 0.27522021532058716,
                "max": 0.27522021532058716
            },
            "f1_weighted": {
                "mean": 0.35949304699897766,
                "std": 0,
                "min": 0.35949304699897766,
                "max": 0.35949304699897766
            },
            "mrr": {
                "mean": 0.6078677773475647,
                "std": 0,
                "min": 0.6078677773475647,
                "max": 0.6078677773475647
            },
            "top3_acc": {
                "mean": 0.7970102429389954,
                "std": 0,
                "min": 0.7970102429389954,
                "max": 0.7970102429389954
            },
            "ndcg_3": {
                "mean": 0.6250688433647156,
                "std": 0,
                "min": 0.6250688433647156,
                "max": 0.6250688433647156
            },
            "top5_acc": {
                "mean": 0.9362706542015076,
                "std": 0,
                "min": 0.9362706542015076,
                "max": 0.9362706542015076
            },
            "ndcg_5": {
                "mean": 0.6827004551887512,
                "std": 0,
                "min": 0.6827004551887512,
                "max": 0.6827004551887512
            },
            "loss": {
                "mean": 1.5499727725982666,
                "std": 0,
                "min": 1.5499727725982666,
                "max": 1.5499727725982666
            }
        }
    }
}