{
    "fold_number": 2,
    "duration": 63.277600049972534,
    "primary_checkpoint": {
        "selection_metric": "joint_score",
        "epoch": 12,
        "joint_score": 0.5490116328001022,
        "loss": 1.0530396699905396,
        "time": 54.49447798728943,
        "task_metrics": {
            "next": {
                "accuracy": 0.3843430280685425,
                "f1": 0.2877208888530731
            },
            "category": {
                "accuracy": 0.8541147112846375,
                "f1": 0.8103023767471313
            }
        }
    },
    "diagnostic_best_epochs": {
        "next": {
            "epoch": 8,
            "time": 37.885282039642334,
            "metrics": {
                "accuracy": 0.38630998134613037,
                "accuracy_macro": 0.29752981662750244,
                "f1": 0.28941476345062256,
                "f1_weighted": 0.37140092253685,
                "mrr": 0.609135091304779,
                "top3_acc": 0.7962234616279602,
                "ndcg_3": 0.626548707485199,
                "top5_acc": 0.9291896224021912,
                "ndcg_5": 0.6811764240264893,
                "loss": 1.5684895515441895
            },
            "accuracy": 0.38630998134613037,
            "f1": 0.28941476345062256
        },
        "category": {
            "epoch": 11,
            "time": 50.36506700515747,
            "metrics": {
                "accuracy": 0.852867841720581,
                "accuracy_macro": 0.8183566331863403,
                "f1": 0.8104429244995117,
                "f1_weighted": 0.8530313968658447,
                "mrr": 0.9114357233047485,
                "top3_acc": 0.9625934958457947,
                "ndcg_3": 0.918832004070282,
                "top5_acc": 0.9887780547142029,
                "ndcg_5": 0.9297264814376831,
                "loss": 0.5132012963294983
            },
            "accuracy": 0.852867841720581,
            "f1": 0.8104429244995117
        }
    }
}