{
    "model": {
        "joint_score": {
            "mean": 0.5092324763536453,
            "std": 0,
            "min": 0.5092324763536453,
            "max": 0.5092324763536453
        },
        "loss": {
            "mean": 1.1173133850097656,
            "std": 0,
            "min": 1.1173133850097656,
            "max": 1.1173133850097656
        }
    },
    "next": {
        "accuracy": {
            "mean": 0.3979920446872711,
            "std": 0,
            "min": 0.3979920446872711,
            "max": 0.3979920446872711
        },
        "accuracy_macro": {
            "mean": 0.30199092626571655,
            "std": 0,
            "min": 0.30199092626571655,
            "max": 0.30199092626571655
        },
        "f1": {
            "mean": 0.307380348443985,
            "std": 0,
            "min": 0.307380348443985,
            "max": 0.307380348443985
        },
        "f1_weighted": {
            "mean": 0.3830849528312683,
            "std": 0,
            "min": 0.3830849528312683,
            "max": 0.3830849528312683
        },
        "mrr": {
            "mean": 0.6197178363800049,
            "std": 0,
            "min": 0.6197178363800049,
            "max": 0.6197178363800049
        },
        "top3_acc": {
            "mean": 0.8046978712081909,
            "std": 0,
            "min": 0.8046978712081909,
            "max": 0.8046978712081909
        },
        "ndcg_3": {
            "mean": 0.6379640102386475,
            "std": 0,
            "min": 0.6379640102386475,
            "max": 0.6379640102386475
        },
        "top5_acc": {
            "mean": 0.9310475587844849,
            "std": 0,
            "min": 0.9310475587844849,
            "max": 0.9310475587844849
        },
        "ndcg_5": {
            "mean": 0.69002366065979,
            "std": 0,
            "min": 0.69002366065979,
            "max": 0.69002366065979
        },
        "loss": {
            "mean": 1.5479650497436523,
            "std": 0,
            "min": 1.5479650497436523,
            "max": 1.5479650497436523
        }
    },
    "category": {
        "accuracy": {
            "mean": 0.7721739411354065,
            "std": 0,
            "min": 0.7721739411354065,
            "max": 0.7721739411354065
        },
        "accuracy_macro": {
            "mean": 0.7316335439682007,
            "std": 0,
            "min": 0.7316335439682007,
            "max": 0.7316335439682007
        },
        "f1": {
            "mean": 0.7110846042633057,
            "std": 0,
            "min": 0.7110846042633057,
            "max": 0.7110846042633057
        },
        "f1_weighted": {
            "mean": 0.7745230197906494,
            "std": 0,
            "min": 0.7745230197906494,
            "max": 0.7745230197906494
        },
        "mrr": {
            "mean": 0.8648819923400879,
            "std": 0,
            "min": 0.8648819923400879,
            "max": 0.8648819923400879
        },
        "top3_acc": {
            "mean": 0.9504348039627075,
            "std": 0,
            "min": 0.9504348039627075,
            "max": 0.9504348039627075
        },
        "ndcg_3": {
            "mean": 0.8794068098068237,
            "std": 0,
            "min": 0.8794068098068237,
            "max": 0.8794068098068237
        },
        "top5_acc": {
            "mean": 0.9869565367698669,
            "std": 0,
            "min": 0.9869565367698669,
            "max": 0.9869565367698669
        },
        "ndcg_5": {
            "mean": 0.8942975401878357,
            "std": 0,
            "min": 0.8942975401878357,
            "max": 0.8942975401878357
        },
        "loss": {
            "mean": 0.6866617202758789,
            "std": 0,
            "min": 0.6866617202758789,
            "max": 0.6866617202758789
        }
    },
    "_selection": {
        "primary": "joint_score",
        "diagnostic_task_best": "per-task best validation f1"
    },
    "diagnostic_task_best": {
        "next": {
            "accuracy": {
                "mean": 0.4038643538951874,
                "std": 0,
                "min": 0.4038643538951874,
                "max": 0.4038643538951874
            },
            "accuracy_macro": {
                "mean": 0.3052093982696533,
                "std": 0,
                "min": 0.3052093982696533,
                "max": 0.3052093982696533
            },
            "f1": {
                "mean": 0.3077048063278198,
                "std": 0,
                "min": 0.3077048063278198,
                "max": 0.3077048063278198
            },
            "f1_weighted": {
                "mean": 0.3855622112751007,
                "std": 0,
                "min": 0.3855622112751007,
                "max": 0.3855622112751007
            },
            "mrr": {
                "mean": 0.6231144666671753,
                "std": 0,
                "min": 0.6231144666671753,
                "max": 0.6231144666671753
            },
            "top3_acc": {
                "mean": 0.803561270236969,
                "std": 0,
                "min": 0.803561270236969,
                "max": 0.803561270236969
            },
            "ndcg_3": {
                "mean": 0.6399891376495361,
                "std": 0,
                "min": 0.6399891376495361,
                "max": 0.6399891376495361
            },
            "top5_acc": {
                "mean": 0.9283955693244934,
                "std": 0,
                "min": 0.9283955693244934,
                "max": 0.9283955693244934
            },
            "ndcg_5": {
                "mean": 0.6915275454521179,
                "std": 0,
                "min": 0.6915275454521179,
                "max": 0.6915275454521179
            },
            "loss": {
                "mean": 1.544022560119629,
                "std": 0,
                "min": 1.544022560119629,
                "max": 1.544022560119629
            }
        },
        "category": {
            "accuracy": {
                "mean": 0.7721739411354065,
                "std": 0,
                "min": 0.7721739411354065,
                "max": 0.7721739411354065
            },
            "accuracy_macro": {
                "mean": 0.7318737506866455,
                "std": 0,
                "min": 0.7318737506866455,
                "max": 0.7318737506866455
            },
            "f1": {
                "mean": 0.7116457223892212,
                "std": 0,
                "min": 0.7116457223892212,
                "max": 0.7116457223892212
            },
            "f1_weighted": {
                "mean": 0.7745429873466492,
                "std": 0,
                "min": 0.7745429873466492,
                "max": 0.7745429873466492
            },
            "mrr": {
                "mean": 0.8649834394454956,
                "std": 0,
                "min": 0.8649834394454956,
                "max": 0.8649834394454956
            },
            "top3_acc": {
                "mean": 0.9504348039627075,
                "std": 0,
                "min": 0.9504348039627075,
                "max": 0.9504348039627075
            },
            "ndcg_3": {
                "mean": 0.8795206546783447,
                "std": 0,
                "min": 0.8795206546783447,
                "max": 0.8795206546783447
            },
            "top5_acc": {
                "mean": 0.9869565367698669,
                "std": 0,
                "min": 0.9869565367698669,
                "max": 0.9869565367698669
            },
            "ndcg_5": {
                "mean": 0.8943732380867004,
                "std": 0,
                "min": 0.8943732380867004,
                "max": 0.8943732380867004
            },
            "loss": {
                "mean": 0.6893054246902466,
                "std": 0,
                "min": 0.6893054246902466,
                "max": 0.6893054246902466
            }
        }
    }
}