{
    "Community": {
        "precision": 0.5222672064777328,
        "recall": 0.5872534142640364,
        "f1-score": 0.5528571428571428,
        "support": 659.0
    },
    "Entertainment": {
        "precision": 0.31208053691275167,
        "recall": 0.5653495440729484,
        "f1-score": 0.40216216216216216,
        "support": 329.0
    },
    "Food": {
        "precision": 0.5535143769968051,
        "recall": 0.3860724233983287,
        "f1-score": 0.4548736462093863,
        "support": 1795.0
    },
    "Nightlife": {
        "precision": 0.3163265306122449,
        "recall": 0.4940239043824701,
        "f1-score": 0.3856920684292379,
        "support": 251.0
    },
    "Outdoors": {
        "precision": 0.4151436031331593,
        "recall": 0.5638297872340425,
        "f1-score": 0.4781954887218045,
        "support": 282.0
    },
    "Shopping": {
        "precision": 0.5612612612612613,
        "recall": 0.44852411807055437,
        "f1-score": 0.49859943977591037,
        "support": 1389.0
    },
    "Travel": {
        "precision": 0.47577639751552797,
        "recall": 0.6672473867595818,
        "f1-score": 0.5554749818709209,
        "support": 574.0
    },
    "macro avg": {
        "precision": 0.45090998755849754,
        "recall": 0.5303286540259946,
        "f1-score": 0.47540784714665213,
        "support": 5279.0
    },
    "weighted avg": {
        "precision": 0.5094834043863261,
        "recall": 0.4839931805266149,
        "f1-score": 0.48422040194695826,
        "support": 5279.0
    }
}