{
    "fold_number": 1,
    "duration": 197.57190012931824,
    "primary_checkpoint": {
        "selection_metric": "joint_score",
        "epoch": 28,
        "joint_score": 0.40153952315449715,
        "loss": 4.402615070343018,
        "time": 96.99204158782959,
        "task_metrics": {
            "next_region": {
                "accuracy": 0.20028270781040192,
                "f1": 0.10753611475229263
            },
            "next_category": {
                "accuracy": 0.7200565338134766,
                "f1": 0.6955429315567017
            }
        }
    },
    "diagnostic_best_epochs": {
        "next_region": {
            "epoch": 7,
            "time": 27.154393196105957,
            "metrics": {
                "accuracy": 0.48421549797058105,
                "accuracy_macro": 0.14941630584514692,
                "f1": 0.12867838144302368,
                "f1_weighted": 0.47586724162101746,
                "mrr": 0.5290326476097107,
                "top3_acc": 0.5483273267745972,
                "ndcg_3": 0.5214781761169434,
                "top5_acc": 0.5824093222618103,
                "ndcg_5": 0.5356044769287109,
                "loss": 7.274941921234131,
                "n_indist": 31611.0,
                "n_ood": 224.0,
                "ood_fraction": 0.00703628082299356,
                "top1_acc_indist": 0.4876466989517212,
                "top5_acc_indist": 0.5865363478660583,
                "top10_acc_indist": 0.6200056672096252,
                "mrr_indist": 0.5327798128128052
            },
            "accuracy": 0.48421549797058105,
            "f1": 0.12867838144302368,
            "per_metric_best": {
                "top10_acc_indist": {
                    "epoch": 3,
                    "best_value": 0.6388282775878906,
                    "metrics": {
                        "accuracy": 0.47498035430908203,
                        "accuracy_macro": 0.13290168332561023,
                        "f1": 0.11227360367774963,
                        "f1_weighted": 0.461816668510437,
                        "mrr": 0.527373194694519,
                        "top3_acc": 0.5508402585983276,
                        "ndcg_3": 0.5194661021232605,
                        "top5_acc": 0.5837914347648621,
                        "ndcg_5": 0.5330764055252075,
                        "loss": 7.721336364746094,
                        "n_indist": 31611.0,
                        "n_ood": 224.0,
                        "ood_fraction": 0.00703628082299356,
                        "top1_acc_indist": 0.4783461391925812,
                        "top5_acc_indist": 0.5879282355308533,
                        "top10_acc_indist": 0.6388282775878906,
                        "mrr_indist": 0.5311084985733032
                    }
                },
                "top5_acc_indist": {
                    "epoch": 4,
                    "best_value": 0.593843936920166,
                    "metrics": {
                        "accuracy": 0.47918957471847534,
                        "accuracy_macro": 0.14428792155272788,
                        "f1": 0.12186229228973389,
                        "f1_weighted": 0.46737605333328247,
                        "mrr": 0.5317360758781433,
                        "top3_acc": 0.5588817596435547,
                        "ndcg_3": 0.5256736278533936,
                        "top5_acc": 0.5896654725074768,
                        "ndcg_5": 0.5383298397064209,
                        "loss": 7.5528178215026855,
                        "n_indist": 31611.0,
                        "n_ood": 224.0,
                        "ood_fraction": 0.00703628082299356,
                        "top1_acc_indist": 0.48258519172668457,
                        "top5_acc_indist": 0.593843936920166,
                        "top10_acc_indist": 0.6376894116401672,
                        "mrr_indist": 0.5355023741722107
                    }
                },
                "mrr_indist": {
                    "epoch": 5,
                    "best_value": 0.5361035466194153,
                    "metrics": {
                        "accuracy": 0.4818281829357147,
                        "accuracy_macro": 0.14306908554518624,
                        "f1": 0.12209884822368622,
                        "f1_weighted": 0.47138792276382446,
                        "mrr": 0.5323330760002136,
                        "top3_acc": 0.558944582939148,
                        "ndcg_3": 0.5270121097564697,
                        "top5_acc": 0.5880948901176453,
                        "ndcg_5": 0.5390033721923828,
                        "loss": 7.446791648864746,
                        "n_indist": 31611.0,
                        "n_ood": 224.0,
                        "ood_fraction": 0.00703628082299356,
                        "top1_acc_indist": 0.48524248600006104,
                        "top5_acc_indist": 0.5922622084617615,
                        "top10_acc_indist": 0.6294327974319458,
                        "mrr_indist": 0.5361035466194153
                    }
                },
                "top5_acc": {
                    "epoch": 4,
                    "best_value": 0.5896654725074768,
                    "metrics": {
                        "accuracy": 0.47918957471847534,
                        "accuracy_macro": 0.14428792155272788,
                        "f1": 0.12186229228973389,
                        "f1_weighted": 0.46737605333328247,
                        "mrr": 0.5317360758781433,
                        "top3_acc": 0.5588817596435547,
                        "ndcg_3": 0.5256736278533936,
                        "top5_acc": 0.5896654725074768,
                        "ndcg_5": 0.5383298397064209,
                        "loss": 7.5528178215026855,
                        "n_indist": 31611.0,
                        "n_ood": 224.0,
                        "ood_fraction": 0.00703628082299356,
                        "top1_acc_indist": 0.48258519172668457,
                        "top5_acc_indist": 0.593843936920166,
                        "top10_acc_indist": 0.6376894116401672,
                        "mrr_indist": 0.5355023741722107
                    }
                },
                "top3_acc": {
                    "epoch": 5,
                    "best_value": 0.558944582939148,
                    "metrics": {
                        "accuracy": 0.4818281829357147,
                        "accuracy_macro": 0.14306908554518624,
                        "f1": 0.12209884822368622,
                        "f1_weighted": 0.47138792276382446,
                        "mrr": 0.5323330760002136,
                        "top3_acc": 0.558944582939148,
                        "ndcg_3": 0.5270121097564697,
                        "top5_acc": 0.5880948901176453,
                        "ndcg_5": 0.5390033721923828,
                        "loss": 7.446791648864746,
                        "n_indist": 31611.0,
                        "n_ood": 224.0,
                        "ood_fraction": 0.00703628082299356,
                        "top1_acc_indist": 0.48524248600006104,
                        "top5_acc_indist": 0.5922622084617615,
                        "top10_acc_indist": 0.6294327974319458,
                        "mrr_indist": 0.5361035466194153
                    }
                },
                "mrr": {
                    "epoch": 5,
                    "best_value": 0.5323330760002136,
                    "metrics": {
                        "accuracy": 0.4818281829357147,
                        "accuracy_macro": 0.14306908554518624,
                        "f1": 0.12209884822368622,
                        "f1_weighted": 0.47138792276382446,
                        "mrr": 0.5323330760002136,
                        "top3_acc": 0.558944582939148,
                        "ndcg_3": 0.5270121097564697,
                        "top5_acc": 0.5880948901176453,