{
    "Community": {
        "precision": 0.5414113909689131,
        "recall": 0.758664546899841,
        "f1-score": 0.631885593220339,
        "support": 3145.0
    },
    "Entertainment": {
        "precision": 0.72,
        "recall": 0.7077922077922078,
        "f1-score": 0.7138439148626523,
        "support": 2772.0
    },
    "Food": {
        "precision": 0.7289614410357445,
        "recall": 0.6591169359969462,
        "f1-score": 0.6922819913130638,
        "support": 7859.0
    },
    "Nightlife": {
        "precision": 0.4856567689984902,
        "recall": 0.6848828956706884,
        "f1-score": 0.5683156654888104,
        "support": 1409.0
    },
    "Outdoors": {
        "precision": 0.6726166328600406,
        "recall": 0.7481949458483754,
        "f1-score": 0.7083956419568468,
        "support": 2216.0
    },
    "Shopping": {
        "precision": 0.7967224546722455,
        "recall": 0.6818860041778574,
        "f1-score": 0.7348448303585785,
        "support": 6702.0
    },
    "Travel": {
        "precision": 0.8370900256444864,
        "recall": 0.8021210553543714,
        "f1-score": 0.8192325473878872,
        "support": 7732.0
    },
    "macro avg": {
        "precision": 0.6832083877399887,
        "recall": 0.720379798820041,
        "f1-score": 0.6955428835125969,
        "support": 31835.0
    },
    "weighted avg": {
        "precision": 0.735489543117023,
        "recall": 0.7200565415423277,
        "f1-score": 0.7236217156313194,
        "support": 31835.0
    }
}