{
    "fold_number": 3,
    "duration": 1351.8538689613342,
    "best_epochs": {
        "category": {
            "epoch": 38,
            "accuracy": 0.5532826493138329,
            "f1": 0.484389739041954,
            "time": 1056.0098338127136
        },
        "next": {
            "epoch": 49,
            "accuracy": 0.31591796875,
            "f1": 0.2960469961579009,
            "time": 1349.0768859386444
        }
    }
}