{
    "Community": {
        "precision": 0.3221824686940966,
        "recall": 0.355507303592578,
        "f1-score": 0.3380255255255255,
        "support": 5066.0
    },
    "Entertainment": {
        "precision": 0.33489339573582944,
        "recall": 0.20535714285714285,
        "f1-score": 0.254595769915003,
        "support": 3136.0
    },
    "Food": {
        "precision": 0.42394667936205666,
        "recall": 0.17251065478496708,
        "f1-score": 0.24523235800344234,
        "support": 10324.0
    },
    "Nightlife": {
        "precision": 0.1775631500742942,
        "recall": 0.4596153846153846,
        "f1-score": 0.25616291532690244,
        "support": 2080.0
    },
    "Outdoors": {
        "precision": 0.2058252427184466,
        "recall": 0.30979055041402825,
        "f1-score": 0.24732646315380127,
        "support": 2053.0
    },
    "Shopping": {
        "precision": 0.38737676810973,
        "recall": 0.45540438397581257,
        "f1-score": 0.41864504921829765,
        "support": 7938.0
    },
    "Travel": {
        "precision": 0.25092364532019706,
        "recall": 0.37540304007369873,
        "f1-score": 0.30079350433659346,
        "support": 2171.0
    },
    "macro avg": {
        "precision": 0.3003873357163786,
        "recall": 0.3333697800448017,
        "f1-score": 0.29439736935422367,
        "support": 32768.0
    },
    "weighted avg": {
        "precision": 0.3500631771199468,
        "recall": 0.312744140625,
        "f1-score": 0.30698961493339855,
        "support": 32768.0
    }
}