{
    "Community": {
        "precision": 0.5407151442307693,
        "recall": 0.6175360329444063,
        "f1-score": 0.5765780198654278,
        "support": 5828.0
    },
    "Entertainment": {
        "precision": 0.49053117782909933,
        "recall": 0.4388429752066116,
        "f1-score": 0.46324972737186476,
        "support": 2420.0
    },
    "Food": {
        "precision": 0.5482815057283142,
        "recall": 0.5293652883855675,
        "f1-score": 0.5386573763901916,
        "support": 7594.0
    },
    "Nightlife": {
        "precision": 0.353757225433526,
        "recall": 0.3084677419354839,
        "f1-score": 0.3295638126009693,
        "support": 992.0
    },
    "Outdoors": {
        "precision": 0.4783904619970194,
        "recall": 0.42236842105263156,
        "f1-score": 0.44863731656184486,
        "support": 2280.0
    },
    "Shopping": {
        "precision": 0.6128910667169243,
        "recall": 0.6369601410243855,
        "f1-score": 0.6246938481486818,
        "support": 10211.0
    },
    "Travel": {
        "precision": 0.4263233190271817,
        "recall": 0.3473193473193473,
        "f1-score": 0.3827874116891458,
        "support": 1716.0
    },
    "macro avg": {
        "precision": 0.4929842715661192,
        "recall": 0.47155142112406195,
        "f1-score": 0.4805953589468751,
        "support": 31041.0
    },
    "weighted avg": {
        "precision": 0.5455198603171476,
        "recall": 0.5492735414451854,
        "f1-score": 0.5462890249054049,
        "support": 31041.0
    }
}