{
    "fold_number": 4,
    "duration": 1349.0079290866852,
    "best_epochs": {
        "category": {
            "epoch": 3,
            "accuracy": 0.5492735414451854,
            "f1": 0.4805953589468751,
            "time": 125.08796095848083
        },
        "next": {
            "epoch": 14,
            "accuracy": 0.323699951171875,
            "f1": 0.299851467525207,
            "time": 417.5919599533081
        }
    }
}