{
    "Community": {
        "precision": 0.3008505117485945,
        "recall": 0.4099391082302102,
        "f1-score": 0.3470236115729963,
        "support": 5091.0
    },
    "Entertainment": {
        "precision": 0.3485424588086185,
        "recall": 0.17043693833281687,
        "f1-score": 0.22892819979188345,
        "support": 3227.0
    },
    "Food": {
        "precision": 0.4035120493181394,
        "recall": 0.21044427123928294,
        "f1-score": 0.27662163027470066,
        "support": 10264.0
    },
    "Nightlife": {
        "precision": 0.17895919131411456,
        "recall": 0.4611673902556681,
        "f1-score": 0.25785569790964263,
        "support": 2073.0
    },
    "Outdoors": {
        "precision": 0.20316205533596837,
        "recall": 0.26481195260175167,
        "f1-score": 0.22992619100872289,
        "support": 1941.0
    },
    "Shopping": {
        "precision": 0.4050588646695419,
        "recall": 0.4336702857855984,
        "f1-score": 0.4188765670202507,
        "support": 8013.0
    },
    "Travel": {
        "precision": 0.2968558595345039,
        "recall": 0.3367299675775822,
        "f1-score": 0.3155381944444444,
        "support": 2159.0
    },
    "macro avg": {
        "precision": 0.3052772843899259,
        "recall": 0.3267428448604157,
        "f1-score": 0.29639572743180587,
        "support": 32768.0
    },
    "weighted avg": {
        "precision": 0.3494260431037047,
        "recall": 0.319488525390625,
        "f1-score": 0.31626035803953567,
        "support": 32768.0
    }
}