{
    "Community": {
        "precision": 0.3378719112455875,
        "recall": 0.4260731319554849,
        "f1-score": 0.3768808887638869,
        "support": 3145.0
    },
    "Entertainment": {
        "precision": 0.288468809073724,
        "recall": 0.27535185853482497,
        "f1-score": 0.28175775480059084,
        "support": 2771.0
    },
    "Food": {
        "precision": 0.39938712972420837,
        "recall": 0.19900750731645248,
        "f1-score": 0.2656475583864119,
        "support": 7859.0
    },
    "Nightlife": {
        "precision": 0.1518569463548831,
        "recall": 0.39148936170212767,
        "f1-score": 0.21883052527254707,
        "support": 1410.0
    },
    "Outdoors": {
        "precision": 0.19538077403245943,
        "recall": 0.2824909747292419,
        "f1-score": 0.23099630996309964,
        "support": 2216.0
    },
    "Shopping": {
        "precision": 0.43148880105401843,
        "recall": 0.39092808116980005,
        "f1-score": 0.4102082354783153,
        "support": 6702.0
    },
    "Travel": {
        "precision": 0.6164106228414911,
        "recall": 0.669425763062597,
        "f1-score": 0.6418252836505673,
        "support": 7732.0
    },
    "macro avg": {
        "precision": 0.3458378563323388,
        "recall": 0.37639523978150413,
        "f1-score": 0.34659236518791703,
        "support": 31835.0
    },
    "weighted avg": {
        "precision": 0.4179596247339084,
        "recall": 0.3970786869797393,
        "f1-score": 0.39535143225845915,
        "support": 31835.0
    }
}