{
    "fold_number": 3,
    "duration": 31.88050603866577,
    "primary_checkpoint": {
        "selection_metric": "joint_score",
        "epoch": 46,
        "joint_score": 0.285245418548584,
        "loss": 4.091396331787109,
        "time": 29.239062786102295,
        "task_metrics": {
            "next_category": {
                "accuracy": 0.47206923365592957,
                "f1": 0.4630303382873535
            },
            "next_region": {
                "accuracy": 0.2675059139728546,
                "f1": 0.10746049880981445
            }
        }
    },
    "diagnostic_best_epochs": {
        "next_category": {
            "epoch": 46,
            "time": 29.246809482574463,
            "metrics": {
                "accuracy": 0.47206923365592957,
                "accuracy_macro": 0.4951430857181549,
                "f1": 0.4630303382873535,
                "f1_weighted": 0.4705633521080017,
                "mrr": 0.6766944527626038,
                "top3_acc": 0.8658536672592163,
                "ndcg_3": 0.7042949795722961,
                "top5_acc": 0.9665617942810059,
                "ndcg_5": 0.7458746433258057,
                "loss": 2.080387830734253
            },
            "accuracy": 0.47206923365592957,
            "f1": 0.4630303382873535,
            "per_metric_best": {
                "top5_acc": {
                    "epoch": 46,
                    "best_value": 0.9665617942810059,
                    "metrics": {
                        "accuracy": 0.47206923365592957,
                        "accuracy_macro": 0.4951430857181549,
                        "f1": 0.4630303382873535,
                        "f1_weighted": 0.4705633521080017,
                        "mrr": 0.6766944527626038,
                        "top3_acc": 0.8658536672592163,
                        "ndcg_3": 0.7042949795722961,
                        "top5_acc": 0.9665617942810059,
                        "ndcg_5": 0.7458746433258057,
                        "loss": 2.080387830734253
                    }
                },
                "top3_acc": {
                    "epoch": 46,
                    "best_value": 0.8658536672592163,
                    "metrics": {
                        "accuracy": 0.47206923365592957,
                        "accuracy_macro": 0.4951430857181549,
                        "f1": 0.4630303382873535,
                        "f1_weighted": 0.4705633521080017,
                        "mrr": 0.6766944527626038,
                        "top3_acc": 0.8658536672592163,
                        "ndcg_3": 0.7042949795722961,
                        "top5_acc": 0.9665617942810059,
                        "ndcg_5": 0.7458746433258057,
                        "loss": 2.080387830734253
                    }
                },
                "mrr": {
                    "epoch": 46,
                    "best_value": 0.6766944527626038,
                    "metrics": {
                        "accuracy": 0.47206923365592957,
                        "accuracy_macro": 0.4951430857181549,
                        "f1": 0.4630303382873535,
                        "f1_weighted": 0.4705633521080017,
                        "mrr": 0.6766944527626038,
                        "top3_acc": 0.8658536672592163,
                        "ndcg_3": 0.7042949795722961,
                        "top5_acc": 0.9665617942810059,
                        "ndcg_5": 0.7458746433258057,
                        "loss": 2.080387830734253
                    }
                },
                "accuracy": {
                    "epoch": 46,
                    "best_value": 0.47206923365592957,
                    "metrics": {
                        "accuracy": 0.47206923365592957,
                        "accuracy_macro": 0.4951430857181549,
                        "f1": 0.4630303382873535,
                        "f1_weighted": 0.4705633521080017,
                        "mrr": 0.6766944527626038,
                        "top3_acc": 0.8658536672592163,
                        "ndcg_3": 0.7042949795722961,
                        "top5_acc": 0.9665617942810059,
                        "ndcg_5": 0.7458746433258057,
                        "loss": 2.080387830734253
                    }
                },
                "accuracy_macro": {
                    "epoch": 31,
                    "best_value": 0.5288506746292114,
                    "metrics": {
                        "accuracy": 0.417781263589859,
                        "accuracy_macro": 0.5288506746292114,
                        "f1": 0.4239194393157959,
                        "f1_weighted": 0.4117138385772705,
                        "mrr": 0.6352216601371765,
                        "top3_acc": 0.8304484486579895,
                        "ndcg_3": 0.6584182381629944,
                        "top5_acc": 0.9567269682884216,
                        "ndcg_5": 0.7109587788581848,
                        "loss": 1.4706578254699707
                    }
                },
                "f1_weighted": {
                    "epoch": 46,
                    "best_value": 0.4705633521080017,
                    "metrics": {
                        "accuracy": 0.47206923365592957,
                        "accuracy_macro": 0.4951430857181549,
                        "f1": 0.4630303382873535,
                        "f1_weighted": 0.4705633521080017,
                        "mrr": 0.6766944527626038,
                        "top3_acc": 0.8658536672592163,
                        "ndcg_3": 0.7042949795722961,
                        "top5_acc": 0.9665617942810059,
                        "ndcg_5": 0.7458746433258057,
                        "loss": 2.080387830734253
                    }
                }
            }
        },
        "next_region": {
            "epoch": 20,
            "time": 10.16634225845337,
            "metrics": {
                "accuracy": 0.2844217121601105,
                "accuracy_macro": 0.12556427948234616,
                "f1": 0.10765445232391357,
                "f1_weighted": 0.2659476399421692,
                "mrr": 0.3562069237232208,
                "top3_acc": 0.39181748032569885,
                "ndcg_3": 0.34641215205192566,
                "top5_acc": 0.4374508261680603,
                "ndcg_5": 0.3652723729610443,
                "loss": 6.330907821655273,
                "n_indist": 2459.0,
                "n_ood": 83.0,
                "ood_fraction": 0.032651455546813535,
                "top1_acc_indist": 0.29402196407318115,
                "top5_acc_indist": 0.45221632719039917,
                "top10_acc_indist": 0.5180967450141907,
                "mrr_indist": 0.3681931495666504
            },
            "accuracy": 0.2844217121601105,
            "f1": 0.10765445232391357,
            "per_metric_best": {
                "top10_acc_indist": {
                    "epoch": 12,
                    "best_value": 0.5315168499946594,
                    "metrics": {
                        "accuracy": 0.2623918056488037,
                        "accuracy_macro": 0.11689678068142777,
                        "f1": 0.0964166522026062,
                        "f1_weighted": 0.23810726404190063,
                        "mrr": 0.3476201295852661,
                        "top3_acc": 0.3886703550815582,
                        "ndcg_3": 0.3369140326976776,
                        "top5_acc": 0.4531864821910858,
                        "ndcg_5": 0.36349284648895264,
                        "loss": 6.431170463562012,
                        "n_indist": 2459.0,
                        "n_ood": 83.0,
                        "ood_fraction": 0.032651455546813535,
                        "top1_acc_indist": 0.271248459815979,
                        "top5_acc_indist": 0.4684831202030182,
                        "top10_acc_indist": 0.5315168499946594,
                        "mrr_indist": 0.3593154847621918
                    }
                },