{
    "Community": {
        "precision": 0.5376093294460641,
        "recall": 0.5010869565217392,
        "f1-score": 0.5187060478199719,
        "support": 1840.0
    },
    "Entertainment": {
        "precision": 0.48365122615803813,
        "recall": 0.3896816684961581,
        "f1-score": 0.4316109422492401,
        "support": 911.0
    },
    "Food": {
        "precision": 0.5628630705394191,
        "recall": 0.5899108501848228,
        "f1-score": 0.5760696464592844,
        "support": 4599.0
    },
    "Nightlife": {
        "precision": 0.32084690553745926,
        "recall": 0.3277870216306156,
        "f1-score": 0.3242798353909465,
        "support": 601.0
    },
    "Outdoors": {
        "precision": 0.47749338040600176,
        "recall": 0.5,
        "f1-score": 0.4884875846501129,
        "support": 1082.0
    },
    "Shopping": {
        "precision": 0.6125748502994012,
        "recall": 0.6338289962825279,
        "f1-score": 0.623020706455542,
        "support": 4842.0
    },
    "Travel": {
        "precision": 0.49471458773784355,
        "recall": 0.4266180492251595,
        "f1-score": 0.4581497797356828,
        "support": 1097.0
    },
    "macro avg": {
        "precision": 0.49853619287488954,
        "recall": 0.4812733631915747,
        "f1-score": 0.48861779182296866,
        "support": 14972.0
    },
    "weighted avg": {
        "precision": 0.550138982791006,
        "recall": 0.5520304568527918,
        "f1-score": 0.5503375178421862,
        "support": 14972.0
    }
}