{
    "fold_number": 1,
    "duration": 128.89455103874207,
    "best_epochs": {
        "category": {
            "epoch": 46,
            "accuracy": 0.5497228344353169,
            "f1": 0.484866417564133,
            "time": 70.9673171043396
        }
    }
}