{
    "Shopping": {
        "precision": 0.42997881355932205,
        "recall": 0.4819234194122885,
        "f1-score": 0.45447165850244925,
        "support": 33690.0
    },
    "Community": {
        "precision": 0.396904586427802,
        "recall": 0.34013506291599865,
        "f1-score": 0.3663335251949139,
        "support": 20583.0
    },
    "Food": {
        "precision": 0.4240049876992552,
        "recall": 0.6053454580446497,
        "f1-score": 0.49870186495431756,
        "support": 41568.0
    },
    "Entertainment": {
        "precision": 0.42938401775804663,
        "recall": 0.22657393850658858,
        "f1-score": 0.29662641364769027,
        "support": 13660.0
    },
    "Travel": {
        "precision": 0.41679675304402125,
        "recall": 0.178,
        "f1-score": 0.24946276744837895,
        "support": 7500.0
    },
    "Outdoors": {
        "precision": 0.3619817997977755,
        "recall": 0.19189536878216124,
        "f1-score": 0.2508232326770826,
        "support": 9328.0
    },
    "Nightlife": {
        "precision": 0.4053501764815159,
        "recall": 0.2383397050791917,
        "f1-score": 0.3001788416563489,
        "support": 9155.0
    },
    "accuracy": 0.41925245785480203,
    "macro avg": {
        "precision": 0.40920016210967697,
        "recall": 0.32317327896298265,
        "f1-score": 0.34522832915445445,
        "support": 135484.0
    },
    "weighted avg": {
        "precision": 0.41598580706612326,
        "recall": 0.41925245785480203,
        "f1-score": 0.40294157407901665,
        "support": 135484.0
    }
}