{
    "model": {
        "joint_score": {
            "mean": 0.5451620221138,
            "std": 0.00798594270899569,
            "min": 0.5395151078701019,
            "max": 0.5508089363574982
        },
        "loss": {
            "mean": 1.058920979499817,
            "std": 0.023304509828219702,
            "min": 1.0424422025680542,
            "max": 1.0753997564315796
        }
    },
    "next": {
        "accuracy": {
            "mean": 0.3727380037307739,
            "std": 0.014186629208766932,
            "min": 0.3627065420150757,
            "max": 0.38276946544647217
        },
        "accuracy_macro": {
            "mean": 0.2747935652732849,
            "std": 0.0028801891866889655,
            "min": 0.272756963968277,
            "max": 0.27683016657829285
        },
        "f1": {
            "mean": 0.286813348531723,
            "std": 0.007075065018978249,
            "min": 0.2818105220794678,
            "max": 0.29181617498397827
        },
        "f1_weighted": {
            "mean": 0.3583127558231354,
            "std": 0.01172575901791285,
            "min": 0.3500213921070099,
            "max": 0.36660411953926086
        },
        "mrr": {
            "mean": 0.6006613075733185,
            "std": 0.011136082460396933,
            "min": 0.5927869081497192,
            "max": 0.6085357069969177
        },
        "top3_acc": {
            "mean": 0.7960267663002014,
            "std": 0.006397891603953714,
            "min": 0.7915027737617493,
            "max": 0.8005507588386536
        },
        "ndcg_3": {
            "mean": 0.6195098459720612,
            "std": 0.01138491745400525,
            "min": 0.611459493637085,
            "max": 0.6275601983070374
        },
        "top5_acc": {
            "mean": 0.9317466616630554,
            "std": 0.0052852148032661115,
            "min": 0.9280094504356384,
            "max": 0.9354838728904724
        },
        "ndcg_5": {
            "mean": 0.6756338775157928,
            "std": 0.0066458415137433035,
            "min": 0.6709345579147339,
            "max": 0.6803331971168518
        },
        "loss": {
            "mean": 1.5868182182312012,
            "std": 0.009393183833925931,
            "min": 1.5801762342453003,
            "max": 1.593460202217102
        }
    },
    "category": {
        "accuracy": {
            "mean": 0.845030277967453,
            "std": 0.01712978578713117,
            "min": 0.8329176902770996,
            "max": 0.8571428656578064
        },
        "accuracy_macro": {
            "mean": 0.8030449748039246,
            "std": 0.02260908682778995,
            "min": 0.7870579361915588,
            "max": 0.8190320134162903
        },
        "f1": {
            "mean": 0.8035106956958771,
            "std": 0.023046950436969627,
            "min": 0.7872140407562256,
            "max": 0.8198073506355286
        },
        "f1_weighted": {
            "mean": 0.8448846638202667,
            "std": 0.01749174292214273,
            "min": 0.8325161337852478,
            "max": 0.8572531938552856
        },
        "mrr": {
            "mean": 0.9073306620121002,
            "std": 0.012726620229501051,
            "min": 0.8983315825462341,
            "max": 0.9163297414779663
        },
        "top3_acc": {
            "mean": 0.9666232168674469,
            "std": 0.01098890566539689,
            "min": 0.9588528871536255,
            "max": 0.9743935465812683
        },
        "ndcg_3": {
            "mean": 0.9171055853366852,
            "std": 0.014079534066700749,
            "min": 0.9071498513221741,
            "max": 0.9270613193511963
        },
        "top5_acc": {
            "mean": 0.9936143457889557,
            "std": 0.0033128687335018036,
            "min": 0.9912717938423157,
            "max": 0.9959568977355957
        },
        "ndcg_5": {
            "mean": 0.9284184873104095,
            "std": 0.010796631742490192,
            "min": 0.9207841157913208,
            "max": 0.9360528588294983
        },
        "loss": {
            "mean": 0.5310237258672714,
            "std": 0.05600214027009257,
            "min": 0.49142423272132874,
            "max": 0.5706232190132141
        }
    },
    "_selection": {
        "primary": "joint_score",
        "diagnostic_task_best": "per-task best validation f1"
    },
    "diagnostic_task_best": {
        "next": {
            "accuracy": {
                "mean": 0.37588512897491455,
                "std": 0.008623245205328919,
                "min": 0.3697875738143921,
                "max": 0.381982684135437
            },
            "accuracy_macro": {
                "mean": 0.2719608098268509,
                "std": 0.004648059820902671,
                "min": 0.2686741352081299,
                "max": 0.2752474844455719
            },
            "f1": {
                "mean": 0.2876323312520981,
                "std": 0.007919456055469756,
                "min": 0.28203243017196655,
                "max": 0.2932322323322296
            },
            "f1_weighted": {
                "mean": 0.3631349056959152,
                "std": 0.007120098926612139,
                "min": 0.3581002354621887,
                "max": 0.3681695759296417
            },
            "mrr": {
                "mean": 0.6035756468772888,
                "std": 0.006692666662438907,
                "min": 0.5988432168960571,
                "max": 0.6083080768585205
            },
            "top3_acc": {
                "mean": 0.7950432896614075,
                "std": 0.002781692001719006,
                "min": 0.7930763363838196,
                "max": 0.7970102429389954
            },
            "ndcg_3": {
                "mean": 0.6213127970695496,
                "std": 0.00650376448741308,
                "min": 0.6167139410972595,
                "max": 0.6259116530418396
            },
            "top5_acc": {
                "mean": 0.9323367476463318,
                "std": 0.003338030402062807,
                "min": 0.9299764037132263,
                "max": 0.9346970915794373
            },
            "ndcg_5": {
                "mean": 0.6780541241168976,
                "std": 0.003929055658731074,
                "min": 0.6752758622169495,
                "max": 0.6808323860168457
            },
            "loss": {
                "mean": 1.5945659279823303,
                "std": 0.016497709500013294,
                "min": 1.5829002857208252,
                "max": 1.6062315702438354
            }
        },
        "category": {
            "accuracy": {
                "mean": 0.845030277967453,
                "std": 0.01712978578713117,
                "min": 0.8329176902770996,
                "max": 0.8571428656578064
            },
            "accuracy_macro": {
                "mean": 0.8030449748039246,
                "std": 0.02260908682778995,
                "min": 0.7870579361915588,
                "max": 0.8190320134162903
            },
            "f1": {
                "mean": 0.8035106956958771,
                "std": 0.023046950436969627,
                "min": 0.7872140407562256,
                "max": 0.8198073506355286
            },
            "f1_weighted": {
                "mean": 0.8448846638202667,
                "std": 0.01749174292214273,
                "min": 0.8325161337852478,
                "max": 0.8572531938552856
            },
            "mrr": {
                "mean": 0.9073306620121002,
                "std": 0.012726620229501051,
                "min": 0.8983315825462341,
                "max": 0.9163297414779663
            },
            "top3_acc": {
                "mean": 0.9666232168674469,
                "std": 0.01098890566539689,
                "min": 0.9588528871536255,
                "max": 0.9743935465812683
            },
            "ndcg_3": {
                "mean": 0.9171055853366852,
                "std": 0.014079534066700749,