{
    "Community": {
        "precision": 0.2861294072065091,
        "recall": 0.4612742036227358,
        "f1-score": 0.35318029650884747,
        "support": 3202.0
    },
    "Entertainment": {
        "precision": 0.281947261663286,
        "recall": 0.21786833855799373,
        "f1-score": 0.2458001768346596,
        "support": 2552.0
    },
    "Food": {
        "precision": 0.4096345514950166,
        "recall": 0.16344114528101802,
        "f1-score": 0.2336554860716316,
        "support": 7544.0
    },
    "Nightlife": {
        "precision": 0.1521486643437863,
        "recall": 0.3948756593820648,
        "f1-score": 0.21966044854328234,
        "support": 1327.0
    },
    "Outdoors": {
        "precision": 0.2251448952296032,
        "recall": 0.22768259693417492,
        "f1-score": 0.22640663528356872,
        "support": 2218.0
    },
    "Shopping": {
        "precision": 0.4174122993892913,
        "recall": 0.4406296851574213,
        "f1-score": 0.42870687768944643,
        "support": 6670.0
    },
    "Travel": {
        "precision": 0.6254582227278473,
        "recall": 0.68060522696011,
        "f1-score": 0.6518674659113365,
        "support": 7270.0
    },
    "macro avg": {
        "precision": 0.34255361457933425,
        "recall": 0.36948240798507415,
        "f1-score": 0.33703962669182463,
        "support": 30783.0
    },
    "weighted avg": {
        "precision": 0.4144655427177286,
        "recall": 0.3957379072864893,
        "f1-score": 0.3870016902598085,
        "support": 30783.0
    }
}