{
    "fold_number": 5,
    "duration": 563.2921438217163,
    "primary_checkpoint": {
        "selection_metric": "joint_score",
        "epoch": 15,
        "joint_score": 0.5284179747104645,
        "loss": 1.1840827465057373,
        "time": 181.17322397232056,
        "task_metrics": {
            "next": {
                "accuracy": 0.3748815953731537,
                "f1": 0.31519240140914917
            },
            "category": {
                "accuracy": 0.7717287540435791,
                "f1": 0.7416435480117798
            }
        }
    },
    "diagnostic_best_epochs": {
        "next": {
            "epoch": 14,
            "time": 169.88407278060913,
            "metrics": {
                "accuracy": 0.3979920446872711,
                "accuracy_macro": 0.30915549397468567,
                "f1": 0.3165690004825592,
                "f1_weighted": 0.38600867986679077,
                "mrr": 0.6134129762649536,
                "top3_acc": 0.7897329330444336,
                "ndcg_3": 0.6266010999679565,
                "top5_acc": 0.9285849332809448,
                "ndcg_5": 0.6840106248855591,
                "loss": 1.6090307235717773
            },
            "accuracy": 0.3979920446872711,
            "f1": 0.3165690004825592
        },
        "category": {
            "epoch": 17,
            "time": 203.8324179649353,
            "metrics": {
                "accuracy": 0.7793696522712708,
                "accuracy_macro": 0.7708175182342529,
                "f1": 0.7572126388549805,
                "f1_weighted": 0.7800790071487427,
                "mrr": 0.8721767663955688,
                "top3_acc": 0.9665711522102356,
                "ndcg_3": 0.8911030292510986,
                "top5_acc": 0.9933142066001892,
                "ndcg_5": 0.9022439122200012,
                "loss": 0.6669769287109375
            },
            "accuracy": 0.7793696522712708,
            "f1": 0.7572126388549805
        }
    }
}