{
    "fold_number": 1,
    "duration": 80.45503401756287,
    "primary_checkpoint": {
        "selection_metric": "joint_score",
        "epoch": 9,
        "joint_score": 0.5172958821058273,
        "loss": 1.064633846282959,
        "time": 79.77425408363342,
        "task_metrics": {
            "next": {
                "accuracy": 0.37608182430267334,
                "f1": 0.2640218436717987
            },
            "category": {
                "accuracy": 0.8261455297470093,
                "f1": 0.770569920539856
            }
        }
    },
    "diagnostic_best_epochs": {
        "next": {
            "epoch": 7,
            "time": 65.08185410499573,
            "metrics": {
                "accuracy": 0.3764752149581909,
                "accuracy_macro": 0.2591080367565155,
                "f1": 0.2647446393966675,
                "f1_weighted": 0.35285118222236633,
                "mrr": 0.6042608022689819,
                "top3_acc": 0.8009441494941711,
                "ndcg_3": 0.6239401698112488,
                "top5_acc": 0.9398111701011658,
                "ndcg_5": 0.6812989115715027,
                "loss": 1.5512951612472534
            },
            "accuracy": 0.3764752149581909,
            "f1": 0.2647446393966675
        },
        "category": {
            "epoch": 9,
            "time": 79.82820105552673,
            "metrics": {
                "accuracy": 0.8261455297470093,
                "accuracy_macro": 0.7813378572463989,
                "f1": 0.770569920539856,
                "f1_weighted": 0.8275529742240906,
                "mrr": 0.8975676894187927,
                "top3_acc": 0.9622641801834106,
                "ndcg_3": 0.9083212614059448,
                "top5_acc": 0.9905660152435303,
                "ndcg_5": 0.920096755027771,
                "loss": 0.5779972672462463
            },
            "accuracy": 0.8261455297470093,
            "f1": 0.770569920539856
        }
    }
}