{
    "Community": {
        "precision": 0.5325408618127786,
        "recall": 0.614856750729113,
        "f1-score": 0.5707460785094355,
        "support": 5829.0
    },
    "Entertainment": {
        "precision": 0.4972627737226277,
        "recall": 0.45041322314049587,
        "f1-score": 0.47267996530789247,
        "support": 2420.0
    },
    "Food": {
        "precision": 0.5754207684979359,
        "recall": 0.4772188569923624,
        "f1-score": 0.5217391304347826,
        "support": 7594.0
    },
    "Nightlife": {
        "precision": 0.3515263644773358,
        "recall": 0.3834510595358224,
        "f1-score": 0.3667953667953668,
        "support": 991.0
    },
    "Outdoors": {
        "precision": 0.41744031830238726,
        "recall": 0.5521929824561403,
        "f1-score": 0.4754531722054381,
        "support": 2280.0
    },
    "Shopping": {
        "precision": 0.6258233242929098,
        "recall": 0.6328109696376102,
        "f1-score": 0.6292977500730496,
        "support": 10210.0
    },
    "Travel": {
        "precision": 0.46714285714285714,
        "recall": 0.3808969132207338,
        "f1-score": 0.4196342637151107,
        "support": 1717.0
    },
    "macro avg": {
        "precision": 0.49530818117840464,
        "recall": 0.4988343936731826,
        "f1-score": 0.49376367529158227,
        "support": 31041.0
    },
    "weighted avg": {
        "precision": 0.5531126217441497,
        "recall": 0.549337972359138,
        "f1-score": 0.5485010426328284,
        "support": 31041.0
    }
}