{
    "fold_number": 2,
    "duration": 247.08846521377563,
    "primary_checkpoint": {
        "selection_metric": "joint_score",
        "epoch": 18,
        "joint_score": 0.5432976335287094,
        "loss": 1.078884243965149,
        "time": 94.6699731349945,
        "task_metrics": {
            "next": {
                "accuracy": 0.3638867139816284,
                "f1": 0.2804820239543915
            },
            "category": {
                "accuracy": 0.8266832828521729,
                "f1": 0.8061132431030273
            }
        }
    },
    "diagnostic_best_epochs": {
        "next": {
            "epoch": 18,
            "time": 94.69992113113403,
            "metrics": {
                "accuracy": 0.3638867139816284,
                "accuracy_macro": 0.27636563777923584,
                "f1": 0.2804820239543915,
                "f1_weighted": 0.35280171036720276,
                "mrr": 0.5956371426582336,
                "top3_acc": 0.7918961644172668,
                "ndcg_3": 0.6142550706863403,
                "top5_acc": 0.931156575679779,
                "ndcg_5": 0.671748697757721,
                "loss": 1.5995532274246216
            },
            "accuracy": 0.3638867139816284,
            "f1": 0.2804820239543915
        },
        "category": {
            "epoch": 16,
            "time": 84.7401351928711,
            "metrics": {
                "accuracy": 0.8354114890098572,
                "accuracy_macro": 0.8259234428405762,
                "f1": 0.8154183030128479,
                "f1_weighted": 0.8355712890625,
                "mrr": 0.9047381281852722,
                "top3_acc": 0.9738154411315918,
                "ndcg_3": 0.9181636571884155,
                "top5_acc": 0.9987531304359436,
                "ndcg_5": 0.9284664988517761,
                "loss": 0.5336403250694275
            },
            "accuracy": 0.8354114890098572,
            "f1": 0.8154183030128479
        }
    }
}