{
    "category": {
        "accuracy": {
            "mean": 0.5472602739726028,
            "std": 0.003022794556082509,
            "min": 0.5450097847358122,
            "max": 0.5523483365949119
        },
        "f1": {
            "mean": 0.4759104430967793,
            "std": 0.004188229284910766,
            "min": 0.4717097935498277,
            "max": 0.4823187417592365
        }
    },
    "next": {
        "accuracy": {
            "mean": 0.316552734375,
            "std": 0.014432820672378464,
            "min": 0.29345703125,
            "max": 0.33154296875
        },
        "f1": {
            "mean": 0.28469586091854077,
            "std": 0.007807100392231903,
            "min": 0.276264242582239,
            "max": 0.29351879057961394
        }
    }
}