{
    "model": {
        "joint_score": {
            "mean": 0.2426513098180294,
            "std": 0.004277150527490049,
            "min": 0.2376299723982811,
            "max": 0.24823787435889244
        },
        "loss": {
            "mean": 4.939204597473145,
            "std": 0.09604857606251743,
            "min": 4.792265256245931,
            "max": 5.056480407714844
        }
    },
    "next_region": {
        "accuracy": {
            "mean": 0.11528296023607254,
            "std": 0.021104070573147594,
            "min": 0.08278083056211472,
            "max": 0.13260087370872498
        },
        "accuracy_macro": {
            "mean": 0.07000065797739452,
            "std": 0.00758971998177411,
            "min": 0.05696576129375298,
            "max": 0.07661402839309155
        },
        "f1": {
            "mean": 0.05794447511434555,
            "std": 0.007435027565793618,
            "min": 0.04544524848461151,
            "max": 0.06529762595891953
        },
        "f1_weighted": {
            "mean": 0.13576550334692,
            "std": 0.024568825972460455,
            "min": 0.09795162826776505,
            "max": 0.156917005777359
        },
        "mrr": {
            "mean": 0.2092786192893982,
            "std": 0.028561438299906046,
            "min": 0.16069841384887695,
            "max": 0.23191377520561218
        },
        "top3_acc": {
            "mean": 0.23386068344116212,
            "std": 0.036709132860428505,
            "min": 0.16859254240989685,
            "max": 0.25667738914489746
        },
        "ndcg_3": {
            "mean": 0.18365394175052643,
            "std": 0.029469845847403073,
            "min": 0.13233362138271332,
            "max": 0.20421721041202545
        },
        "top5_acc": {
            "mean": 0.30212859213352206,
            "std": 0.041657118625268975,
            "min": 0.2288312166929245,
            "max": 0.33263877034187317
        },
        "ndcg_5": {
            "mean": 0.21169060468673706,
            "std": 0.031499171261208186,
            "min": 0.15710648894309998,
            "max": 0.23536299169063568
        },
        "loss": {
            "mean": 8.367257563273112,
            "std": 0.18493984428932003,
            "min": 8.07351048787435,
            "max": 8.577454884847006
        },
        "n_indist": {
            "mean": 5174.4,
            "std": 27.555398745073532,
            "min": 5148.0,
            "max": 5212.0
        },
        "n_ood": {
            "mean": 104.8,
            "std": 27.788486824582588,
            "min": 67.0,
            "max": 131.0
        },
        "ood_fraction": {
            "mean": 0.01985130476961316,
            "std": 0.00526286045433171,
            "min": 0.012691797688956242,
            "max": 0.02481530592915325
        },
        "top1_acc_indist": {
            "mean": 0.11755711287260055,
            "std": 0.02115950937462647,
            "min": 0.08488733321428299,
            "max": 0.13534416258335114
        },
        "top5_acc_indist": {
            "mean": 0.3081584185361862,
            "std": 0.04180315214022683,
            "min": 0.2346542328596115,
            "max": 0.33827778697013855
        },
        "top10_acc_indist": {
            "mean": 0.41044117212295533,
            "std": 0.04550878127767592,
            "min": 0.3327505886554718,
            "max": 0.45309188961982727
        },
        "mrr_indist": {
            "mean": 0.21341946721076965,
            "std": 0.028505384778103653,
            "min": 0.16475893557071686,
            "max": 0.23582777380943298
        }
    },
    "next_category": {
        "accuracy": {
            "mean": 0.4404835104942322,
            "std": 0.006609684034513788,
            "min": 0.43493086099624634,
            "max": 0.4495169520378113
        },
        "accuracy_macro": {
            "mean": 0.4978044807910919,
            "std": 0.005048564130425298,
            "min": 0.4906702935695648,
            "max": 0.5040645599365234
        },
        "f1": {
            "mean": 0.4273581445217133,
            "std": 0.004453304309021953,
            "min": 0.4198729991912842,
            "max": 0.43117812275886536
        },
        "f1_weighted": {
            "mean": 0.43873814344406126,
            "std": 0.00936631018490593,
            "min": 0.4286611080169678,
            "max": 0.45003998279571533
        },
        "mrr": {
            "mean": 0.6558481097221375,
            "std": 0.0028830730802295035,
            "min": 0.6535053253173828,
            "max": 0.6590128540992737
        },
        "top3_acc": {
            "mean": 0.8531596183776855,
            "std": 0.0047645593691742006,
            "min": 0.8456146717071533,
            "max": 0.8579276204109192
        },
        "ndcg_3": {
            "mean": 0.6836015343666076,
            "std": 0.0019929615762480906,
            "min": 0.6812729835510254,
            "max": 0.6867015957832336
        },
        "top5_acc": {
            "mean": 0.9595393061637878,
            "std": 0.0008650212015358795,
            "min": 0.9585148692131042,
            "max": 0.9604091644287109
        },
        "ndcg_5": {
            "mean": 0.7276917815208435,
            "std": 0.002096860300881028,
            "min": 0.7261682152748108,
            "max": 0.7303764820098877
        },
        "loss": {
            "mean": 1.5111514409383138,
            "std": 0.02813785606545212,
            "min": 1.4781258900960286,
            "max": 1.5424254735310872
        }
    },
    "_selection": {
        "primary": "joint_score",
        "diagnostic_task_best": "per-task best validation f1"
    },
    "diagnostic_task_best": {
        "next_region": {
            "accuracy": {
                "mean": 0.1160027727484703,
                "std": 0.01741918675323106,
                "min": 0.09016859531402588,
                "max": 0.13316915929317474
            },
            "accuracy_macro": {
                "mean": 0.07147408248790861,
                "std": 0.0055121651507683235,
                "min": 0.06201070569824839,
                "max": 0.07562901463288925
            },
            "f1": {
                "mean": 0.059804991632699964,
                "std": 0.006409704962321472,
                "min": 0.04894067719578743,
                "max": 0.06602610647678375
            },
            "f1_weighted": {
                "mean": 0.13625821173191072,
                "std": 0.02123688246283009,
                "min": 0.10397712886333466,
                "max": 0.15740443766117096
            },
            "mrr": {
                "mean": 0.21039508581161498,
                "std": 0.022382038630829645,
                "min": 0.17234669625759125,
                "max": 0.2267836630344391
            },
            "top3_acc": {
                "mean": 0.23708101809024812,
                "std": 0.02536952787133056,
                "min": 0.19189240038394928,
                "max": 0.2523205280303955
            },
            "ndcg_3": {
                "mean": 0.18552480936050414,
                "std": 0.02148633738951824,
                "min": 0.1483718901872635,
                "max": 0.20187197625637054
            },
            "top5_acc": {
                "mean": 0.3063339412212372,
                "std": 0.03183230385946055,
                "min": 0.24985793232917786,
                "max": 0.32449328899383545
            },
            "ndcg_5": {
                "mean": 0.21397408246994018,
                "std": 0.024168420318990604,
                "min": 0.17212426662445068,
                "max": 0.2316102385520935
            },
            "loss": {
                "mean": 8.366670608520508,
                "std": 0.29707511496463035,
                "min": 8.060877482096354,
                "max": 8.700360616048178
            },
            "n_indist": {
                "mean": 5174.4,
                "std": 27.555398745073532,