{
    "fold_number": 4,
    "duration": 172.41234588623047,
    "primary_checkpoint": {
        "selection_metric": "joint_score",
        "epoch": 15,
        "joint_score": 0.4042048305273056,
        "loss": 4.170220851898193,
        "time": 55.464942932128906,
        "task_metrics": {
            "next_region": {
                "accuracy": 0.46395477652549744,
                "f1": 0.11344501376152039
            },
            "next_category": {
                "accuracy": 0.7235432863235474,
                "f1": 0.6949646472930908
            }
        }
    },
    "diagnostic_best_epochs": {
        "next_region": {
            "epoch": 8,
            "time": 31.410907983779907,
            "metrics": {
                "accuracy": 0.47460341453552246,
                "accuracy_macro": 0.13898037814937397,
                "f1": 0.12072780728340149,
                "f1_weighted": 0.4685565233230591,
                "mrr": 0.5184664130210876,
                "top3_acc": 0.5370818376541138,
                "ndcg_3": 0.5111686587333679,
                "top5_acc": 0.5659180283546448,
                "ndcg_5": 0.5230425596237183,
                "loss": 7.248449802398682,
                "n_indist": 31660.0,
                "n_ood": 175.0,
                "ood_fraction": 0.005497094392963719,
                "top1_acc_indist": 0.47722679376602173,
                "top5_acc_indist": 0.569046139717102,
                "top10_acc_indist": 0.6041693091392517,
                "mrr_indist": 0.5213310122489929
            },
            "accuracy": 0.47460341453552246,
            "f1": 0.12072780728340149,
            "per_metric_best": {
                "top10_acc_indist": {
                    "epoch": 4,
                    "best_value": 0.6426721811294556,
                    "metrics": {
                        "accuracy": 0.47419506311416626,
                        "accuracy_macro": 0.1339648048349675,
                        "f1": 0.11565118283033371,
                        "f1_weighted": 0.4632881283760071,
                        "mrr": 0.5284748673439026,
                        "top3_acc": 0.553855836391449,
                        "ndcg_3": 0.5209594964981079,
                        "top5_acc": 0.5888173580169678,
                        "ndcg_5": 0.5353105068206787,
                        "loss": 7.619016170501709,
                        "n_indist": 31660.0,
                        "n_ood": 175.0,
                        "ood_fraction": 0.005497094392963719,
                        "top1_acc_indist": 0.47681617736816406,
                        "top5_acc_indist": 0.5920720100402832,
                        "top10_acc_indist": 0.6426721811294556,
                        "mrr_indist": 0.5313947200775146
                    }
                },
                "top5_acc_indist": {
                    "epoch": 3,
                    "best_value": 0.5956096053123474,
                    "metrics": {
                        "accuracy": 0.4670959711074829,
                        "accuracy_macro": 0.12930602721454226,
                        "f1": 0.10747271776199341,
                        "f1_weighted": 0.45414724946022034,
                        "mrr": 0.5255022644996643,
                        "top3_acc": 0.5563373565673828,
                        "ndcg_3": 0.5197160243988037,
                        "top5_acc": 0.5923354625701904,
                        "ndcg_5": 0.5345615148544312,
                        "loss": 7.764504432678223,
                        "n_indist": 31660.0,
                        "n_ood": 175.0,
                        "ood_fraction": 0.005497094392963719,
                        "top1_acc_indist": 0.4696778357028961,
                        "top5_acc_indist": 0.5956096053123474,
                        "top10_acc_indist": 0.6393872499465942,
                        "mrr_indist": 0.5284057259559631
                    }
                },
                "mrr_indist": {
                    "epoch": 4,
                    "best_value": 0.5313947200775146,
                    "metrics": {
                        "accuracy": 0.47419506311416626,
                        "accuracy_macro": 0.1339648048349675,
                        "f1": 0.11565118283033371,
                        "f1_weighted": 0.4632881283760071,
                        "mrr": 0.5284748673439026,
                        "top3_acc": 0.553855836391449,
                        "ndcg_3": 0.5209594964981079,
                        "top5_acc": 0.5888173580169678,
                        "ndcg_5": 0.5353105068206787,
                        "loss": 7.619016170501709,
                        "n_indist": 31660.0,
                        "n_ood": 175.0,
                        "ood_fraction": 0.005497094392963719,
                        "top1_acc_indist": 0.47681617736816406,
                        "top5_acc_indist": 0.5920720100402832,
                        "top10_acc_indist": 0.6426721811294556,
                        "mrr_indist": 0.5313947200775146
                    }
                },
                "top5_acc": {
                    "epoch": 3,
                    "best_value": 0.5923354625701904,
                    "metrics": {
                        "accuracy": 0.4670959711074829,
                        "accuracy_macro": 0.12930602721454226,
                        "f1": 0.10747271776199341,
                        "f1_weighted": 0.45414724946022034,
                        "mrr": 0.5255022644996643,
                        "top3_acc": 0.5563373565673828,
                        "ndcg_3": 0.5197160243988037,
                        "top5_acc": 0.5923354625701904,
                        "ndcg_5": 0.5345615148544312,
                        "loss": 7.764504432678223,
                        "n_indist": 31660.0,
                        "n_ood": 175.0,
                        "ood_fraction": 0.005497094392963719,
                        "top1_acc_indist": 0.4696778357028961,
                        "top5_acc_indist": 0.5956096053123474,
                        "top10_acc_indist": 0.6393872499465942,
                        "mrr_indist": 0.5284057259559631
                    }
                },
                "top3_acc": {
                    "epoch": 3,
                    "best_value": 0.5563373565673828,
                    "metrics": {
                        "accuracy": 0.4670959711074829,
                        "accuracy_macro": 0.12930602721454226,
                        "f1": 0.10747271776199341,
                        "f1_weighted": 0.45414724946022034,
                        "mrr": 0.5255022644996643,
                        "top3_acc": 0.5563373565673828,
                        "ndcg_3": 0.5197160243988037,
                        "top5_acc": 0.5923354625701904,
                        "ndcg_5": 0.5345615148544312,
                        "loss": 7.764504432678223,
                        "n_indist": 31660.0,
                        "n_ood": 175.0,
                        "ood_fraction": 0.005497094392963719,
                        "top1_acc_indist": 0.4696778357028961,
                        "top5_acc_indist": 0.5956096053123474,
                        "top10_acc_indist": 0.6393872499465942,
                        "mrr_indist": 0.5284057259559631
                    }
                },
                "mrr": {
                    "epoch": 4,
                    "best_value": 0.5284748673439026,
                    "metrics": {
                        "accuracy": 0.47419506311416626,
                        "accuracy_macro": 0.1339648048349675,
                        "f1": 0.11565118283033371,
                        "f1_weighted": 0.4632881283760071,
                        "mrr": 0.5284748673439026,
                        "top3_acc": 0.553855836391449,
                        "ndcg_3": 0.5209594964981079,
                        "top5_acc": 0.5888173580169678,