{
    "model": {
        "joint_score": {
            "mean": 0.4993587136268616,
            "std": 0,
            "min": 0.4993587136268616,
            "max": 0.4993587136268616
        },
        "loss": {
            "mean": 1.1183803081512451,
            "std": 0,
            "min": 1.1183803081512451,
            "max": 1.1183803081512451
        }
    },
    "next": {
        "accuracy": {
            "mean": 0.40102291107177734,
            "std": 0,
            "min": 0.40102291107177734,
            "max": 0.40102291107177734
        },
        "accuracy_macro": {
            "mean": 0.30453646183013916,
            "std": 0,
            "min": 0.30453646183013916,
            "max": 0.30453646183013916
        },
        "f1": {
            "mean": 0.3044778108596802,
            "std": 0,
            "min": 0.3044778108596802,
            "max": 0.3044778108596802
        },
        "f1_weighted": {
            "mean": 0.3830427825450897,
            "std": 0,
            "min": 0.3830427825450897,
            "max": 0.3830427825450897
        },
        "mrr": {
            "mean": 0.622576892375946,
            "std": 0,
            "min": 0.622576892375946,
            "max": 0.622576892375946
        },
        "top3_acc": {
            "mean": 0.8098124861717224,
            "std": 0,
            "min": 0.8098124861717224,
            "max": 0.8098124861717224
        },
        "ndcg_3": {
            "mean": 0.6418766379356384,
            "std": 0,
            "min": 0.6418766379356384,
            "max": 0.6418766379356384
        },
        "top5_acc": {
            "mean": 0.9331312775611877,
            "std": 0,
            "min": 0.9331312775611877,
            "max": 0.9331312775611877
        },
        "ndcg_5": {
            "mean": 0.6929518580436707,
            "std": 0,
            "min": 0.6929518580436707,
            "max": 0.6929518580436707
        },
        "loss": {
            "mean": 1.5290708541870117,
            "std": 0,
            "min": 1.5290708541870117,
            "max": 1.5290708541870117
        }
    },
    "category": {
        "accuracy": {
            "mean": 0.7643478512763977,
            "std": 0,
            "min": 0.7643478512763977,
            "max": 0.7643478512763977
        },
        "accuracy_macro": {
            "mean": 0.713662326335907,
            "std": 0,
            "min": 0.713662326335907,
            "max": 0.713662326335907
        },
        "f1": {
            "mean": 0.694239616394043,
            "std": 0,
            "min": 0.694239616394043,
            "max": 0.694239616394043
        },
        "f1_weighted": {
            "mean": 0.7667348384857178,
            "std": 0,
            "min": 0.7667348384857178,
            "max": 0.7667348384857178
        },
        "mrr": {
            "mean": 0.8602712154388428,
            "std": 0,
            "min": 0.8602712154388428,
            "max": 0.8602712154388428
        },
        "top3_acc": {
            "mean": 0.9547826051712036,
            "std": 0,
            "min": 0.9547826051712036,
            "max": 0.9547826051712036
        },
        "ndcg_3": {
            "mean": 0.8772122859954834,
            "std": 0,
            "min": 0.8772122859954834,
            "max": 0.8772122859954834
        },
        "top5_acc": {
            "mean": 0.9921739101409912,
            "std": 0,
            "min": 0.9921739101409912,
            "max": 0.9921739101409912
        },
        "ndcg_5": {
            "mean": 0.8927823901176453,
            "std": 0,
            "min": 0.8927823901176453,
            "max": 0.8927823901176453
        },
        "loss": {
            "mean": 0.7076898813247681,
            "std": 0,
            "min": 0.7076898813247681,
            "max": 0.7076898813247681
        }
    },
    "_selection": {
        "primary": "joint_score",
        "diagnostic_task_best": "per-task best validation f1"
    },
    "diagnostic_task_best": {
        "next": {
            "accuracy": {
                "mean": 0.40102291107177734,
                "std": 0,
                "min": 0.40102291107177734,
                "max": 0.40102291107177734
            },
            "accuracy_macro": {
                "mean": 0.30453646183013916,
                "std": 0,
                "min": 0.30453646183013916,
                "max": 0.30453646183013916
            },
            "f1": {
                "mean": 0.3044778108596802,
                "std": 0,
                "min": 0.3044778108596802,
                "max": 0.3044778108596802
            },
            "f1_weighted": {
                "mean": 0.3830427825450897,
                "std": 0,
                "min": 0.3830427825450897,
                "max": 0.3830427825450897
            },
            "mrr": {
                "mean": 0.622576892375946,
                "std": 0,
                "min": 0.622576892375946,
                "max": 0.622576892375946
            },
            "top3_acc": {
                "mean": 0.8098124861717224,
                "std": 0,
                "min": 0.8098124861717224,
                "max": 0.8098124861717224
            },
            "ndcg_3": {
                "mean": 0.6418766379356384,
                "std": 0,
                "min": 0.6418766379356384,
                "max": 0.6418766379356384
            },
            "top5_acc": {
                "mean": 0.9331312775611877,
                "std": 0,
                "min": 0.9331312775611877,
                "max": 0.9331312775611877
            },
            "ndcg_5": {
                "mean": 0.6929518580436707,
                "std": 0,
                "min": 0.6929518580436707,
                "max": 0.6929518580436707
            },
            "loss": {
                "mean": 1.5290708541870117,
                "std": 0,
                "min": 1.5290708541870117,
                "max": 1.5290708541870117
            }
        },
        "category": {
            "accuracy": {
                "mean": 0.7643478512763977,
                "std": 0,
                "min": 0.7643478512763977,
                "max": 0.7643478512763977
            },
            "accuracy_macro": {
                "mean": 0.713662326335907,
                "std": 0,
                "min": 0.713662326335907,
                "max": 0.713662326335907
            },
            "f1": {
                "mean": 0.694239616394043,
                "std": 0,
                "min": 0.694239616394043,
                "max": 0.694239616394043
            },
            "f1_weighted": {
                "mean": 0.7667348384857178,
                "std": 0,
                "min": 0.7667348384857178,
                "max": 0.7667348384857178
            },
            "mrr": {
                "mean": 0.8602712154388428,
                "std": 0,
                "min": 0.8602712154388428,
                "max": 0.8602712154388428
            },
            "top3_acc": {
                "mean": 0.9547826051712036,
                "std": 0,
                "min": 0.9547826051712036,
                "max": 0.9547826051712036
            },
            "ndcg_3": {
                "mean": 0.8772122859954834,
                "std": 0,
                "min": 0.8772122859954834,
                "max": 0.8772122859954834
            },
            "top5_acc": {
                "mean": 0.9921739101409912,
                "std": 0,
                "min": 0.9921739101409912,
                "max": 0.9921739101409912
            },
            "ndcg_5": {
                "mean": 0.8927823901176453,
                "std": 0,
                "min": 0.8927823901176453,
                "max": 0.8927823901176453
            },
            "loss": {
                "mean": 0.7076898813247681,
                "std": 0,
                "min": 0.7076898813247681,
                "max": 0.7076898813247681
            }
        }
    }
}