{
    "fold_number": 1,
    "duration": 45.29332995414734,
    "primary_checkpoint": {
        "selection_metric": "joint_score",
        "epoch": 9,
        "joint_score": 0.4536082148551941,
        "loss": 1.0896987915039062,
        "time": 44.78303408622742,
        "task_metrics": {
            "next": {
                "accuracy": 0.37962234020233154,
                "f1": 0.2557821273803711
            },
            "category": {
                "accuracy": 0.8059298992156982,
                "f1": 0.6514343023300171
            }
        }
    },
    "diagnostic_best_epochs": {
        "next": {
            "epoch": 9,
            "time": 44.83904314041138,
            "metrics": {
                "accuracy": 0.37962234020233154,
                "accuracy_macro": 0.24853631854057312,
                "f1": 0.2557821273803711,
                "f1_weighted": 0.3480011224746704,
                "mrr": 0.6042730212211609,
                "top3_acc": 0.7922895550727844,
                "ndcg_3": 0.6205168962478638,
                "top5_acc": 0.9346970915794373,
                "ndcg_5": 0.6793659329414368,
                "loss": 1.558549165725708
            },
            "accuracy": 0.37962234020233154,
            "f1": 0.2557821273803711
        },
        "category": {
            "epoch": 8,
            "time": 40.48052501678467,
            "metrics": {
                "accuracy": 0.8072776198387146,
                "accuracy_macro": 0.6740272045135498,
                "f1": 0.6521956920623779,
                "f1_weighted": 0.7988688349723816,
                "mrr": 0.8834842443466187,
                "top3_acc": 0.9568732976913452,
                "ndcg_3": 0.8956625461578369,
                "top5_acc": 0.9851751923561096,
                "ndcg_5": 0.9074971079826355,
                "loss": 0.6216387748718262
            },
            "accuracy": 0.8072776198387146,
            "f1": 0.6521956920623779
        }
    }
}