{
    "Community": {
        "precision": 0.5271002710027101,
        "recall": 0.7423664122137404,
        "f1-score": 0.6164817749603804,
        "support": 3144.0
    },
    "Entertainment": {
        "precision": 0.6882142857142857,
        "recall": 0.6954168170335618,
        "f1-score": 0.6917968048824269,
        "support": 2771.0
    },
    "Food": {
        "precision": 0.7246923937360179,
        "recall": 0.6594147582697201,
        "f1-score": 0.6905142552624567,
        "support": 7860.0
    },
    "Nightlife": {
        "precision": 0.49056603773584906,
        "recall": 0.7012065294535131,
        "f1-score": 0.5772713993572889,
        "support": 1409.0
    },
    "Outdoors": {
        "precision": 0.6688991209711176,
        "recall": 0.7207938655841227,
        "f1-score": 0.6938775510204082,
        "support": 2217.0
    },
    "Shopping": {
        "precision": 0.7837328767123287,
        "recall": 0.6830323832263842,
        "f1-score": 0.7299258432341919,
        "support": 6701.0
    },
    "Travel": {
        "precision": 0.8484260158091804,
        "recall": 0.7912571132953957,
        "f1-score": 0.8188449441209931,
        "support": 7732.0
    },
    "macro avg": {
        "precision": 0.6759472859544985,
        "recall": 0.713355411296634,
        "f1-score": 0.6883875104054494,
        "support": 31834.0
    },
    "weighted avg": {
        "precision": 0.7302352237218253,
        "recall": 0.7138593956147515,
        "f1-score": 0.71800194160112,
        "support": 31834.0
    }
}