{
    "fold_number": 3,
    "duration": 327.2449128627777,
    "primary_checkpoint": {
        "selection_metric": "joint_score",
        "epoch": 39,
        "joint_score": 0.3934778645634651,
        "loss": 4.51643180847168,
        "time": 260.4522759914398,
        "task_metrics": {
            "next_category": {
                "accuracy": 0.7107990980148315,
                "f1": 0.6811968088150024
            },
            "next_region": {
                "accuracy": 0.25672194361686707,
                "f1": 0.1057589203119278
            }
        }
    },
    "diagnostic_best_epochs": {
        "next_category": {
            "epoch": 33,
            "time": 221.38431239128113,
            "metrics": {
                "accuracy": 0.7143799662590027,
                "accuracy_macro": 0.7151476740837097,
                "f1": 0.6851757764816284,
                "f1_weighted": 0.7184154391288757,
                "mrr": 0.8205406665802002,
                "top3_acc": 0.908656895160675,
                "ndcg_3": 0.8294117450714111,
                "top5_acc": 0.9678351879119873,
                "ndcg_5": 0.853861927986145,
                "loss": 0.8197271227836609
            },
            "accuracy": 0.7143799662590027,
            "f1": 0.6851757764816284,
            "per_metric_best": {
                "top5_acc": {
                    "epoch": 38,
                    "best_value": 0.9690601825714111,
                    "metrics": {
                        "accuracy": 0.714097261428833,
                        "accuracy_macro": 0.7137959599494934,
                        "f1": 0.6845961809158325,
                        "f1_weighted": 0.7172032594680786,
                        "mrr": 0.8202219605445862,
                        "top3_acc": 0.9082485437393188,
                        "ndcg_3": 0.828922688961029,
                        "top5_acc": 0.9690601825714111,
                        "ndcg_5": 0.8540336489677429,
                        "loss": 0.8233718276023865
                    }
                },
                "top3_acc": {
                    "epoch": 33,
                    "best_value": 0.908656895160675,
                    "metrics": {
                        "accuracy": 0.7143799662590027,
                        "accuracy_macro": 0.7151476740837097,
                        "f1": 0.6851757764816284,
                        "f1_weighted": 0.7184154391288757,
                        "mrr": 0.8205406665802002,
                        "top3_acc": 0.908656895160675,
                        "ndcg_3": 0.8294117450714111,
                        "top5_acc": 0.9678351879119873,
                        "ndcg_5": 0.853861927986145,
                        "loss": 0.8197271227836609
                    }
                },
                "mrr": {
                    "epoch": 33,
                    "best_value": 0.8205406665802002,
                    "metrics": {
                        "accuracy": 0.7143799662590027,
                        "accuracy_macro": 0.7151476740837097,
                        "f1": 0.6851757764816284,
                        "f1_weighted": 0.7184154391288757,
                        "mrr": 0.8205406665802002,
                        "top3_acc": 0.908656895160675,
                        "ndcg_3": 0.8294117450714111,
                        "top5_acc": 0.9678351879119873,
                        "ndcg_5": 0.853861927986145,
                        "loss": 0.8197271227836609
                    }
                },
                "accuracy": {
                    "epoch": 43,
                    "best_value": 0.7153222560882568,
                    "metrics": {
                        "accuracy": 0.7153222560882568,
                        "accuracy_macro": 0.7172924280166626,
                        "f1": 0.6849007606506348,
                        "f1_weighted": 0.7194703817367554,
                        "mrr": 0.8203794360160828,
                        "top3_acc": 0.90721195936203,
                        "ndcg_3": 0.8286770582199097,
                        "top5_acc": 0.9678037762641907,
                        "ndcg_5": 0.8536671996116638,
                        "loss": 0.8199422955513
                    }
                },
                "accuracy_macro": {
                    "epoch": 45,
                    "best_value": 0.7176015377044678,
                    "metrics": {
                        "accuracy": 0.7119613289833069,
                        "accuracy_macro": 0.7176015377044678,
                        "f1": 0.6811666488647461,
                        "f1_weighted": 0.7165798544883728,
                        "mrr": 0.8179211616516113,
                        "top3_acc": 0.9057984948158264,
                        "ndcg_3": 0.8262344598770142,
                        "top5_acc": 0.9672069549560547,
                        "ndcg_5": 0.8516242504119873,
                        "loss": 0.8185308575630188
                    }
                },
                "f1_weighted": {
                    "epoch": 43,
                    "best_value": 0.7194703817367554,
                    "metrics": {
                        "accuracy": 0.7153222560882568,
                        "accuracy_macro": 0.7172924280166626,
                        "f1": 0.6849007606506348,
                        "f1_weighted": 0.7194703817367554,
                        "mrr": 0.8203794360160828,
                        "top3_acc": 0.90721195936203,
                        "ndcg_3": 0.8286770582199097,
                        "top5_acc": 0.9678037762641907,
                        "ndcg_5": 0.8536671996116638,
                        "loss": 0.8199422955513
                    }
                }
            }
        },
        "next_region": {
            "epoch": 8,
            "time": 58.942182540893555,
            "metrics": {
                "accuracy": 0.48592787981033325,
                "accuracy_macro": 0.1399521040043892,
                "f1": 0.12158355861902237,
                "f1_weighted": 0.4800407588481903,
                "mrr": 0.5283241271972656,
                "top3_acc": 0.5469594597816467,
                "ndcg_3": 0.5213623642921448,
                "top5_acc": 0.577867865562439,
                "ndcg_5": 0.5338479280471802,
                "loss": 7.254673004150391,
                "n_indist": 31551.0,
                "n_ood": 285.0,
                "ood_fraction": 0.00895212966453072,
                "top1_acc_indist": 0.4903172552585602,
                "top5_acc_indist": 0.583087682723999,
                "top10_acc_indist": 0.6164938807487488,
                "mrr_indist": 0.5330943465232849
            },
            "accuracy": 0.48592787981033325,
            "f1": 0.12158355861902237,
            "per_metric_best": {
                "top10_acc_indist": {
                    "epoch": 4,
                    "best_value": 0.6435611844062805,
                    "metrics": {
                        "accuracy": 0.48027390241622925,
                        "accuracy_macro": 0.13371470666700794,
                        "f1": 0.11113326996564865,
                        "f1_weighted": 0.4692452549934387,
                        "mrr": 0.5345951914787292,
                        "top3_acc": 0.5623193979263306,
                        "ndcg_3": 0.528670608997345,
                        "top5_acc": 0.5961176156997681,
                        "ndcg_5": 0.5425934791564941,
                        "loss": 7.602241516113281,
                        "n_indist": 31551.0,
                        "n_ood": 285.0,
                        "ood_fraction": 0.00895212966453072,
                        "top1_acc_indist": 0.48461219668388367,
                        "top5_acc_indist": 0.6015022993087769,
                        "top10_acc_indist": 0.6435611844062805,
                        "mrr_indist": 0.5394221544265747
                    }
                },