{
    "fold_number": 2,
    "duration": 321.6520004272461,
    "primary_checkpoint": {
        "selection_metric": "joint_score",
        "epoch": 40,
        "joint_score": 0.381388284265995,
        "loss": 4.570687770843506,
        "time": 262.5244691371918,
        "task_metrics": {
            "next_category": {
                "accuracy": 0.7057012915611267,
                "f1": 0.6746808290481567
            },
            "next_region": {
                "accuracy": 0.18740379810333252,
                "f1": 0.08809573948383331
            }
        }
    },
    "diagnostic_best_epochs": {
        "next_category": {
            "epoch": 42,
            "time": 275.287837266922,
            "metrics": {
                "accuracy": 0.7067064642906189,
                "accuracy_macro": 0.705721378326416,
                "f1": 0.6750860810279846,
                "f1_weighted": 0.710932195186615,
                "mrr": 0.814894437789917,
                "top3_acc": 0.9051044583320618,
                "ndcg_3": 0.8236168622970581,
                "top5_acc": 0.9689335823059082,
                "ndcg_5": 0.8499693274497986,
                "loss": 0.8506372570991516
            },
            "accuracy": 0.7067064642906189,
            "f1": 0.6750860810279846,
            "per_metric_best": {
                "top5_acc": {
                    "epoch": 40,
                    "best_value": 0.9689649939537048,
                    "metrics": {
                        "accuracy": 0.7057012915611267,
                        "accuracy_macro": 0.7059442400932312,
                        "f1": 0.6746808290481567,
                        "f1_weighted": 0.7105318307876587,
                        "mrr": 0.8142310976982117,
                        "top3_acc": 0.9044762253761292,
                        "ndcg_3": 0.8228768110275269,
                        "top5_acc": 0.9689649939537048,
                        "ndcg_5": 0.8494802713394165,
                        "loss": 0.856882631778717
                    }
                },
                "top3_acc": {
                    "epoch": 16,
                    "best_value": 0.9088110327720642,
                    "metrics": {
                        "accuracy": 0.684309720993042,
                        "accuracy_macro": 0.6836749315261841,
                        "f1": 0.6572314500808716,
                        "f1_weighted": 0.6875782012939453,
                        "mrr": 0.8040117621421814,
                        "top3_acc": 0.9088110327720642,
                        "ndcg_3": 0.8172057271003723,
                        "top5_acc": 0.9680540561676025,
                        "ndcg_5": 0.8416807651519775,
                        "loss": 0.9143753051757812
                    }
                },
                "mrr": {
                    "epoch": 42,
                    "best_value": 0.814894437789917,
                    "metrics": {
                        "accuracy": 0.7067064642906189,
                        "accuracy_macro": 0.705721378326416,
                        "f1": 0.6750860810279846,
                        "f1_weighted": 0.710932195186615,
                        "mrr": 0.814894437789917,
                        "top3_acc": 0.9051044583320618,
                        "ndcg_3": 0.8236168622970581,
                        "top5_acc": 0.9689335823059082,
                        "ndcg_5": 0.8499693274497986,
                        "loss": 0.8506372570991516
                    }
                },
                "accuracy": {
                    "epoch": 42,
                    "best_value": 0.7067064642906189,
                    "metrics": {
                        "accuracy": 0.7067064642906189,
                        "accuracy_macro": 0.705721378326416,
                        "f1": 0.6750860810279846,
                        "f1_weighted": 0.710932195186615,
                        "mrr": 0.814894437789917,
                        "top3_acc": 0.9051044583320618,
                        "ndcg_3": 0.8236168622970581,
                        "top5_acc": 0.9689335823059082,
                        "ndcg_5": 0.8499693274497986,
                        "loss": 0.8506372570991516
                    }
                },
                "accuracy_macro": {
                    "epoch": 44,
                    "best_value": 0.7077680230140686,
                    "metrics": {
                        "accuracy": 0.7037851214408875,
                        "accuracy_macro": 0.7077680230140686,
                        "f1": 0.6720611453056335,
                        "f1_weighted": 0.7092517614364624,
                        "mrr": 0.8124587535858154,
                        "top3_acc": 0.9024029970169067,
                        "ndcg_3": 0.8207101821899414,
                        "top5_acc": 0.9681168794631958,
                        "ndcg_5": 0.8478100895881653,
                        "loss": 0.8482149243354797
                    }
                },
                "f1_weighted": {
                    "epoch": 42,
                    "best_value": 0.710932195186615,
                    "metrics": {
                        "accuracy": 0.7067064642906189,
                        "accuracy_macro": 0.705721378326416,
                        "f1": 0.6750860810279846,
                        "f1_weighted": 0.710932195186615,
                        "mrr": 0.814894437789917,
                        "top3_acc": 0.9051044583320618,
                        "ndcg_3": 0.8236168622970581,
                        "top5_acc": 0.9689335823059082,
                        "ndcg_5": 0.8499693274497986,
                        "loss": 0.8506372570991516
                    }
                }
            }
        },
        "next_region": {
            "epoch": 6,
            "time": 46.00780701637268,
            "metrics": {
                "accuracy": 0.47092822194099426,
                "accuracy_macro": 0.12400731580010776,
                "f1": 0.10838273912668228,
                "f1_weighted": 0.462857723236084,
                "mrr": 0.5177972316741943,
                "top3_acc": 0.5424218773841858,
                "ndcg_3": 0.5119723081588745,
                "top5_acc": 0.5711010098457336,
                "ndcg_5": 0.5237551927566528,
                "loss": 7.528855323791504,
                "n_indist": 31611.0,
                "n_ood": 224.0,
                "ood_fraction": 0.00703628082299356,
                "top1_acc_indist": 0.47426527738571167,
                "top5_acc_indist": 0.5751478672027588,
                "top10_acc_indist": 0.6122868657112122,
                "mrr_indist": 0.5214647650718689
            },
            "accuracy": 0.47092822194099426,
            "f1": 0.10838273912668228,
            "per_metric_best": {
                "top10_acc_indist": {
                    "epoch": 2,
                    "best_value": 0.6296858787536621,
                    "metrics": {
                        "accuracy": 0.447966068983078,
                        "accuracy_macro": 0.09759054770016803,
                        "f1": 0.0802871510386467,
                        "f1_weighted": 0.4317931532859802,
                        "mrr": 0.5078540444374084,
                        "top3_acc": 0.5394062995910645,
                        "ndcg_3": 0.5014758110046387,
                        "top5_acc": 0.5745248794555664,
                        "ndcg_5": 0.5159163475036621,
                        "loss": 8.01593017578125,
                        "n_indist": 31611.0,
                        "n_ood": 224.0,
                        "ood_fraction": 0.00703628082299356,
                        "top1_acc_indist": 0.451140433549881,
                        "top5_acc_indist": 0.5785960555076599,
                        "top10_acc_indist": 0.6296858787536621,
                        "mrr_indist": 0.5114510655403137
                    }
                },