{
  "f1_per_fold": [
    0.33192094013726187,
    0.31447009747883425,
    0.32398198412034834,
    0.2759858942895358,
    0.2957918094335705
  ],
  "acc_per_fold": [
    0.42368214004720695,
    0.42918961447678994,
    0.4287962234461054,
    0.3937844217151849,
    0.40456513183785914
  ],
  "f1_mean": 0.30843014509191014,
  "f1_std": 0.02021145770203482,
  "acc_mean": 0.41600350630462923,
  "acc_std": 0.01428994476670456,
  "state": "alabama",
  "engine": "check2hgi",
  "window_pos": "last",
  "folds": 5,
  "seed": 42,
  "n_rows": 12709,
  "n_users": 1622,
  "n_classes": 7,
  "cat_to_id": {
    "Community": 0,
    "Entertainment": 1,
    "Food": 2,
    "Nightlife": 3,
    "Outdoors": 4,
    "Shopping": 5,
    "Travel": 6
  },
  "elapsed_sec": 1.79
}