{
  "f1_per_fold": [
    0.387116733496951,
    0.38098876225418593,
    0.3863410816396895,
    0.3830817300638942,
    0.38159520329453567
  ],
  "acc_per_fold": [
    0.4298451125862293,
    0.4229188133846738,
    0.4261402462172569,
    0.4186235696078963,
    0.4268995064808287
  ],
  "f1_mean": 0.3838247021498512,
  "f1_std": 0.002479308931349915,
  "acc_mean": 0.424885449655377,
  "acc_std": 0.003829046765078922,
  "state": "texas",
  "engine": "check2hgi",
  "window_pos": "last",
  "folds": 5,
  "seed": 42,
  "n_rows": 460976,
  "n_users": 27603,
  "n_classes": 7,
  "cat_to_id": {
    "Community": 0,
    "Entertainment": 1,
    "Food": 2,
    "Nightlife": 3,
    "Outdoors": 4,
    "Shopping": 5,
    "Travel": 6
  },
  "elapsed_sec": 1046.25
}