{
    "fold_number": 1,
    "duration": 32.040297985076904,
    "primary_checkpoint": {
        "selection_metric": "joint_score",
        "epoch": 48,
        "joint_score": 0.3046759031713009,
        "loss": 4.045689582824707,
        "time": 31.60236430168152,
        "task_metrics": {
            "next_region": {
                "accuracy": 0.31195908784866333,
                "f1": 0.12102990597486496
            },
            "next_category": {
                "accuracy": 0.5003933906555176,
                "f1": 0.4883219003677368
            }
        }
    },
    "diagnostic_best_epochs": {
        "next_region": {
            "epoch": 28,
            "time": 22.965821981430054,
            "metrics": {
                "accuracy": 0.3214004635810852,
                "accuracy_macro": 0.13429970475853978,
                "f1": 0.11813987046480179,
                "f1_weighted": 0.3041646480560303,
                "mrr": 0.3917187750339508,
                "top3_acc": 0.4268292784690857,
                "ndcg_3": 0.3832830488681793,
                "top5_acc": 0.471675843000412,
                "ndcg_5": 0.4018733501434326,
                "loss": 6.177324295043945,
                "n_indist": 2470.0,
                "n_ood": 72.0,
                "ood_fraction": 0.02832415420928403,
                "top1_acc_indist": 0.33076921105384827,
                "top5_acc_indist": 0.48542508482933044,
                "top10_acc_indist": 0.5400809645652771,
                "mrr_indist": 0.40310531854629517
            },
            "accuracy": 0.3214004635810852,
            "f1": 0.11813987046480179,
            "per_metric_best": {
                "top10_acc_indist": {
                    "epoch": 16,
                    "best_value": 0.5570850372314453,
                    "metrics": {
                        "accuracy": 0.2997639775276184,
                        "accuracy_macro": 0.11401653666741292,
                        "f1": 0.09869366139173508,
                        "f1_weighted": 0.2619357109069824,
                        "mrr": 0.3814493715763092,
                        "top3_acc": 0.4213218092918396,
                        "ndcg_3": 0.3712047338485718,
                        "top5_acc": 0.47049567103385925,
                        "ndcg_5": 0.3915897607803345,
                        "loss": 6.361048221588135,
                        "n_indist": 2470.0,
                        "n_ood": 72.0,
                        "ood_fraction": 0.02832415420928403,
                        "top1_acc_indist": 0.3085020184516907,
                        "top5_acc_indist": 0.4842105209827423,
                        "top10_acc_indist": 0.5570850372314453,
                        "mrr_indist": 0.3925369083881378
                    }
                },
                "top5_acc_indist": {
                    "epoch": 26,
                    "best_value": 0.49028339982032776,
                    "metrics": {
                        "accuracy": 0.317859947681427,
                        "accuracy_macro": 0.13218055665493011,
                        "f1": 0.11696968972682953,
                        "f1_weighted": 0.29445263743400574,
                        "mrr": 0.38937240839004517,
                        "top3_acc": 0.4248623251914978,
                        "ndcg_3": 0.3801687955856323,
                        "top5_acc": 0.4763965308666229,
                        "ndcg_5": 0.4013289511203766,
                        "loss": 6.20779275894165,
                        "n_indist": 2470.0,
                        "n_ood": 72.0,
                        "ood_fraction": 0.02832415420928403,
                        "top1_acc_indist": 0.3271254897117615,
                        "top5_acc_indist": 0.49028339982032776,
                        "top10_acc_indist": 0.5453441143035889,
                        "mrr_indist": 0.40069064497947693
                    }
                },
                "mrr_indist": {
                    "epoch": 28,
                    "best_value": 0.40310531854629517,
                    "metrics": {
                        "accuracy": 0.3214004635810852,
                        "accuracy_macro": 0.13429970475853978,
                        "f1": 0.11813987046480179,
                        "f1_weighted": 0.3041646480560303,
                        "mrr": 0.3917187750339508,
                        "top3_acc": 0.4268292784690857,
                        "ndcg_3": 0.3832830488681793,
                        "top5_acc": 0.471675843000412,
                        "ndcg_5": 0.4018733501434326,
                        "loss": 6.177324295043945,
                        "n_indist": 2470.0,
                        "n_ood": 72.0,
                        "ood_fraction": 0.02832415420928403,
                        "top1_acc_indist": 0.33076921105384827,
                        "top5_acc_indist": 0.48542508482933044,
                        "top10_acc_indist": 0.5400809645652771,
                        "mrr_indist": 0.40310531854629517
                    }
                },
                "top5_acc": {
                    "epoch": 26,
                    "best_value": 0.4763965308666229,
                    "metrics": {
                        "accuracy": 0.317859947681427,
                        "accuracy_macro": 0.13218055665493011,
                        "f1": 0.11696968972682953,
                        "f1_weighted": 0.29445263743400574,
                        "mrr": 0.38937240839004517,
                        "top3_acc": 0.4248623251914978,
                        "ndcg_3": 0.3801687955856323,
                        "top5_acc": 0.4763965308666229,
                        "ndcg_5": 0.4013289511203766,
                        "loss": 6.20779275894165,
                        "n_indist": 2470.0,
                        "n_ood": 72.0,
                        "ood_fraction": 0.02832415420928403,
                        "top1_acc_indist": 0.3271254897117615,
                        "top5_acc_indist": 0.49028339982032776,
                        "top10_acc_indist": 0.5453441143035889,
                        "mrr_indist": 0.40069064497947693
                    }
                },
                "top3_acc": {
                    "epoch": 27,
                    "best_value": 0.4307631850242615,
                    "metrics": {
                        "accuracy": 0.31549960374832153,
                        "accuracy_macro": 0.13183663512946103,
                        "f1": 0.11690596491098404,
                        "f1_weighted": 0.29383721947669983,
                        "mrr": 0.38871800899505615,
                        "top3_acc": 0.4307631850242615,
                        "ndcg_3": 0.3826085925102234,
                        "top5_acc": 0.47246262431144714,
                        "ndcg_5": 0.3996538817882538,
                        "loss": 6.191056251525879,
                        "n_indist": 2470.0,
                        "n_ood": 72.0,
                        "ood_fraction": 0.02832415420928403,
                        "top1_acc_indist": 0.3246963620185852,
                        "top5_acc_indist": 0.4862348139286041,
                        "top10_acc_indist": 0.5425100922584534,
                        "mrr_indist": 0.40001705288887024
                    }
                },
                "mrr": {
                    "epoch": 28,
                    "best_value": 0.3917187750339508,
                    "metrics": {
                        "accuracy": 0.3214004635810852,
                        "accuracy_macro": 0.13429970475853978,
                        "f1": 0.11813987046480179,
                        "f1_weighted": 0.3041646480560303,
                        "mrr": 0.3917187750339508,
                        "top3_acc": 0.4268292784690857,
                        "ndcg_3": 0.3832830488681793,
                        "top5_acc": 0.471675843000412,