{
    "fold_number": 3,
    "duration": 38.85556745529175,
    "primary_checkpoint": {
        "selection_metric": "joint_score",
        "epoch": 44,
        "joint_score": 0.29629284515976906,
        "loss": 3.972790002822876,
        "time": 34.91461205482483,
        "task_metrics": {
            "next_region": {
                "accuracy": 0.2875688374042511,
                "f1": 0.11325902491807938
            },
            "next_category": {
                "accuracy": 0.48505115509033203,
                "f1": 0.47932666540145874
            }
        }
    },
    "diagnostic_best_epochs": {
        "next_region": {
            "epoch": 37,
            "time": 30.095580101013184,
            "metrics": {
                "accuracy": 0.29032257199287415,
                "accuracy_macro": 0.12817073277064733,
                "f1": 0.10899955779314041,
                "f1_weighted": 0.27198711037635803,
                "mrr": 0.36490580439567566,
                "top3_acc": 0.4051927626132965,
                "ndcg_3": 0.3570288419723511,
                "top5_acc": 0.4496459662914276,
                "ndcg_5": 0.37529456615448,
                "loss": 6.09490966796875,
                "n_indist": 2473.0,
                "n_ood": 69.0,
                "ood_fraction": 0.02714398111723053,
                "top1_acc_indist": 0.2984229624271393,
                "top5_acc_indist": 0.4621916711330414,
                "top10_acc_indist": 0.5192074179649353,
                "mrr_indist": 0.3750576078891754
            },
            "accuracy": 0.29032257199287415,
            "f1": 0.10899955779314041,
            "per_metric_best": {
                "top10_acc_indist": {
                    "epoch": 17,
                    "best_value": 0.5458956956863403,
                    "metrics": {
                        "accuracy": 0.26317858695983887,
                        "accuracy_macro": 0.11017356627437484,
                        "f1": 0.0932481437921524,
                        "f1_weighted": 0.2236603945493698,
                        "mrr": 0.35601669549942017,
                        "top3_acc": 0.4012588560581207,
                        "ndcg_3": 0.3447863459587097,
                        "top5_acc": 0.4626278579235077,
                        "ndcg_5": 0.37009596824645996,
                        "loss": 6.293652534484863,
                        "n_indist": 2473.0,
                        "n_ood": 69.0,
                        "ood_fraction": 0.02714398111723053,
                        "top1_acc_indist": 0.2705216407775879,
                        "top5_acc_indist": 0.4755357801914215,
                        "top10_acc_indist": 0.5458956956863403,
                        "mrr_indist": 0.3659203350543976
                    }
                },
                "top5_acc_indist": {
                    "epoch": 24,
                    "best_value": 0.47594016790390015,
                    "metrics": {
                        "accuracy": 0.289535790681839,
                        "accuracy_macro": 0.12257157723734698,
                        "f1": 0.10347990691661835,
                        "f1_weighted": 0.26337164640426636,
                        "mrr": 0.36719873547554016,
                        "top3_acc": 0.3985051214694977,
                        "ndcg_3": 0.35370373725891113,
                        "top5_acc": 0.46302124857902527,
                        "ndcg_5": 0.38040316104888916,
                        "loss": 6.200612545013428,
                        "n_indist": 2473.0,
                        "n_ood": 69.0,
                        "ood_fraction": 0.02714398111723053,
                        "top1_acc_indist": 0.2976142466068268,
                        "top5_acc_indist": 0.47594016790390015,
                        "top10_acc_indist": 0.5369995832443237,
                        "mrr_indist": 0.37741419672966003
                    }
                },
                "mrr_indist": {
                    "epoch": 28,
                    "best_value": 0.3778602182865143,
                    "metrics": {
                        "accuracy": 0.289535790681839,
                        "accuracy_macro": 0.12471875548362732,
                        "f1": 0.10471828281879425,
                        "f1_weighted": 0.26682955026626587,
                        "mrr": 0.36763235926628113,
                        "top3_acc": 0.4055861532688141,
                        "ndcg_3": 0.35755327343940735,
                        "top5_acc": 0.46144768595695496,
                        "ndcg_5": 0.38068056106567383,
                        "loss": 6.1431708335876465,
                        "n_indist": 2473.0,
                        "n_ood": 69.0,
                        "ood_fraction": 0.02714398111723053,
                        "top1_acc_indist": 0.2976142466068268,
                        "top5_acc_indist": 0.47432267665863037,
                        "top10_acc_indist": 0.5293166041374207,
                        "mrr_indist": 0.3778602182865143
                    }
                },
                "top5_acc": {
                    "epoch": 24,
                    "best_value": 0.46302124857902527,
                    "metrics": {
                        "accuracy": 0.289535790681839,
                        "accuracy_macro": 0.12257157723734698,
                        "f1": 0.10347990691661835,
                        "f1_weighted": 0.26337164640426636,
                        "mrr": 0.36719873547554016,
                        "top3_acc": 0.3985051214694977,
                        "ndcg_3": 0.35370373725891113,
                        "top5_acc": 0.46302124857902527,
                        "ndcg_5": 0.38040316104888916,
                        "loss": 6.200612545013428,
                        "n_indist": 2473.0,
                        "n_ood": 69.0,
                        "ood_fraction": 0.02714398111723053,
                        "top1_acc_indist": 0.2976142466068268,
                        "top5_acc_indist": 0.47594016790390015,
                        "top10_acc_indist": 0.5369995832443237,
                        "mrr_indist": 0.37741419672966003
                    }
                },
                "top3_acc": {
                    "epoch": 22,
                    "best_value": 0.4071597158908844,
                    "metrics": {
                        "accuracy": 0.28481510281562805,
                        "accuracy_macro": 0.11588456559889387,
                        "f1": 0.09781596809625626,
                        "f1_weighted": 0.2555633783340454,
                        "mrr": 0.36512720584869385,
                        "top3_acc": 0.4071597158908844,
                        "ndcg_3": 0.35556766390800476,
                        "top5_acc": 0.4610542953014374,
                        "ndcg_5": 0.3778305649757385,
                        "loss": 6.217656135559082,
                        "n_indist": 2473.0,
                        "n_ood": 69.0,
                        "ood_fraction": 0.02714398111723053,
                        "top1_acc_indist": 0.29276183247566223,
                        "top5_acc_indist": 0.4739183187484741,
                        "top10_acc_indist": 0.5369995832443237,
                        "mrr_indist": 0.3752848207950592
                    }
                },
                "mrr": {
                    "epoch": 28,
                    "best_value": 0.36763235926628113,
                    "metrics": {
                        "accuracy": 0.289535790681839,
                        "accuracy_macro": 0.12471875548362732,
                        "f1": 0.10471828281879425,
                        "f1_weighted": 0.26682955026626587,
                        "mrr": 0.36763235926628113,
                        "top3_acc": 0.4055861532688141,
                        "ndcg_3": 0.35755327343940735,
                        "top5_acc": 0.46144768595695496,