{
    "Community": {
        "precision": 0.42984014209591476,
        "recall": 0.55125284738041,
        "f1-score": 0.48303393213572854,
        "support": 439.0
    },
    "Entertainment": {
        "precision": 0.41,
        "recall": 0.49101796407185627,
        "f1-score": 0.44686648501362397,
        "support": 167.0
    },
    "Food": {
        "precision": 0.5804347826086956,
        "recall": 0.30724971231300346,
        "f1-score": 0.4018058690744921,
        "support": 869.0
    },
    "Nightlife": {
        "precision": 0.3561643835616438,
        "recall": 0.5714285714285714,
        "f1-score": 0.4388185654008439,
        "support": 91.0
    },
    "Outdoors": {
        "precision": 0.3439153439153439,
        "recall": 0.45774647887323944,
        "f1-score": 0.39274924471299094,
        "support": 142.0
    },
    "Shopping": {
        "precision": 0.4825662482566248,
        "recall": 0.5258358662613982,
        "f1-score": 0.5032727272727273,
        "support": 658.0
    },
    "Travel": {
        "precision": 0.39325842696629215,
        "recall": 0.5965909090909091,
        "f1-score": 0.47404063205417607,
        "support": 176.0
    },
    "macro avg": {
        "precision": 0.42802561820064494,
        "recall": 0.5001603356313412,
        "f1-score": 0.44865535080922614,
        "support": 2542.0
    },
    "weighted avg": {
        "precision": 0.48369656204015654,
        "recall": 0.45594020456333595,
        "f1-score": 0.4508793813604661,
        "support": 2542.0
    }
}