{
    "Community": {
        "precision": 0.4850187265917603,
        "recall": 0.5899772209567198,
        "f1-score": 0.5323741007194245,
        "support": 439.0
    },
    "Entertainment": {
        "precision": 0.38414634146341464,
        "recall": 0.3772455089820359,
        "f1-score": 0.3806646525679758,
        "support": 167.0
    },
    "Food": {
        "precision": 0.5310344827586206,
        "recall": 0.35443037974683544,
        "f1-score": 0.4251207729468599,
        "support": 869.0
    },
    "Nightlife": {
        "precision": 0.32710280373831774,
        "recall": 0.3888888888888889,
        "f1-score": 0.3553299492385787,
        "support": 90.0
    },
    "Outdoors": {
        "precision": 0.3672316384180791,
        "recall": 0.45774647887323944,
        "f1-score": 0.40752351097178685,
        "support": 142.0
    },
    "Shopping": {
        "precision": 0.4972677595628415,
        "recall": 0.5531914893617021,
        "f1-score": 0.5237410071942447,
        "support": 658.0
    },
    "Travel": {
        "precision": 0.38461538461538464,
        "recall": 0.5397727272727273,
        "f1-score": 0.4491725768321513,
        "support": 176.0
    },
    "macro avg": {
        "precision": 0.4252024481640598,
        "recall": 0.46589324201173554,
        "f1-score": 0.439132367210146,
        "support": 2541.0
    },
    "weighted avg": {
        "precision": 0.4781681479700462,
        "recall": 0.46792601338055884,
        "f1-score": 0.46447743767463134,
        "support": 2541.0
    }
}