{
    "fold_number": 3,
    "duration": 293.248722076416,
    "primary_checkpoint": {
        "selection_metric": "joint_score",
        "epoch": 24,
        "joint_score": 0.5535238832235336,
        "loss": 1.2668617963790894,
        "time": 147.06624007225037,
        "task_metrics": {
            "category": {
                "accuracy": 0.834074079990387,
                "f1": 0.8169251680374146
            },
            "next": {
                "accuracy": 0.3607395887374878,
                "f1": 0.2901225984096527
            }
        }
    },
    "diagnostic_best_epochs": {
        "category": {
            "epoch": 43,
            "time": 257.8576908111572,
            "metrics": {
                "accuracy": 0.8444444537162781,
                "accuracy_macro": 0.8210818767547607,
                "f1": 0.8246752023696899,
                "f1_weighted": 0.8448407649993896,
                "mrr": 0.9099047780036926,
                "top3_acc": 0.9718518257141113,
                "ndcg_3": 0.9215320944786072,
                "top5_acc": 0.9896296262741089,
                "ndcg_5": 0.9290587306022644,
                "loss": 0.6146490573883057
            },
            "accuracy": 0.8444444537162781,
            "f1": 0.8246752023696899
        },
        "next": {
            "epoch": 10,
            "time": 65.03982996940613,
            "metrics": {
                "accuracy": 0.3772619962692261,
                "accuracy_macro": 0.2989999055862427,
                "f1": 0.2977675199508667,
                "f1_weighted": 0.3645089268684387,
                "mrr": 0.605746328830719,
                "top3_acc": 0.8072383999824524,
                "ndcg_3": 0.6281502842903137,
                "top5_acc": 0.93587726354599,
                "ndcg_5": 0.681035041809082,
                "loss": 1.5649975538253784
            },
            "accuracy": 0.3772619962692261,
            "f1": 0.2977675199508667
        }
    }
}