{
    "fold_number": 1,
    "duration": 298.1801369190216,
    "primary_checkpoint": {
        "selection_metric": "joint_score",
        "epoch": 15,
        "joint_score": 0.557785153388977,
        "loss": 1.1003522872924805,
        "time": 98.88077783584595,
        "task_metrics": {
            "category": {
                "accuracy": 0.8517520427703857,
                "f1": 0.8344051241874695
            },
            "next": {
                "accuracy": 0.33438238501548767,
                "f1": 0.2811651825904846
            }
        }
    },
    "diagnostic_best_epochs": {
        "category": {
            "epoch": 24,
            "time": 152.028728723526,
            "metrics": {
                "accuracy": 0.8571428656578064,
                "accuracy_macro": 0.8358876705169678,
                "f1": 0.8417768478393555,
                "f1_weighted": 0.8567923307418823,
                "mrr": 0.9168591499328613,
                "top3_acc": 0.9757412672042847,
                "ndcg_3": 0.9280880689620972,
                "top5_acc": 0.9959568977355957,
                "ndcg_5": 0.9364992380142212,
                "loss": 0.540233850479126
            },
            "accuracy": 0.8571428656578064,
            "f1": 0.8417768478393555
        },
        "next": {
            "epoch": 11,
            "time": 75.18091893196106,
            "metrics": {
                "accuracy": 0.3808025121688843,
                "accuracy_macro": 0.271012544631958,
                "f1": 0.28244125843048096,
                "f1_weighted": 0.3606008291244507,
                "mrr": 0.6060507297515869,
                "top3_acc": 0.7946498990058899,
                "ndcg_3": 0.6230081915855408,
                "top5_acc": 0.9390243887901306,
                "ndcg_5": 0.6822388768196106,
                "loss": 1.5753364562988281
            },
            "accuracy": 0.3808025121688843,
            "f1": 0.28244125843048096
        }
    }
}