{
  "fold_0": {
    "f1": 0.08555211126804352,
    "acc1": 0.2871754467487335,
    "acc5": 0.5519276261329651,
    "acc10": 0.6601101756095886,
    "mrr": 0.41281259059906006
  },
  "fold_1": {
    "f1": 0.0714312419295311,
    "acc1": 0.246262788772583,
    "acc5": 0.49370574951171875,
    "acc10": 0.6184107065200806,
    "mrr": 0.3661423325538635
  },
  "fold_2": {
    "f1": 0.07792310416698456,
    "acc1": 0.26003146171569824,
    "acc5": 0.5330448746681213,
    "acc10": 0.6510621309280396,
    "mrr": 0.389126718044281
  },
  "fold_3": {
    "f1": 0.07405255734920502,
    "acc1": 0.25845789909362793,
    "acc5": 0.4996066093444824,
    "acc10": 0.618017315864563,
    "mrr": 0.3733108341693878
  },
  "fold_4": {
    "f1": 0.07505068182945251,
    "acc1": 0.23730814456939697,
    "acc5": 0.4628099203109741,
    "acc10": 0.5639511942863464,
    "mrr": 0.34516987204551697
  }
}