{
  "fold_0": {
    "f1": 0.7228535413742065
  },
  "fold_1": {
    "f1": 0.732330322265625
  },
  "fold_2": {
    "f1": 0.7279322147369385
  },
  "fold_3": {
    "f1": 0.7405773997306824
  },
  "fold_4": {
    "f1": 0.7203526496887207
  }
}