{
  "fold_0": {
    "f1": 0.4580343961715698
  },
  "fold_1": {
    "f1": 0.4320189356803894
  },
  "fold_2": {
    "f1": 0.43663331866264343
  },
  "fold_3": {
    "f1": 0.43088042736053467
  },
  "fold_4": {
    "f1": 0.4377903342247009
  }
}