{
  "fold_0": {
    "f1": 0.04455183446407318,
    "acc1": 0.2075757533311844,
    "acc5": 0.3547348380088806,
    "acc10": 0.41818180680274963,
    "mrr": 0.27823734283447266
  },
  "fold_1": {
    "f1": 0.047486841678619385,
    "acc1": 0.21159310638904572,
    "acc5": 0.35177117586135864,
    "acc10": 0.41409358382225037,
    "mrr": 0.28144118189811707
  },
  "fold_2": {
    "f1": 0.050093162804841995,
    "acc1": 0.21898086369037628,
    "acc5": 0.36559954285621643,
    "acc10": 0.42943739891052246,
    "mrr": 0.29106342792510986
  },
  "fold_3": {
    "f1": 0.04205313324928284,
    "acc1": 0.16688767075538635,
    "acc5": 0.2966471016407013,
    "acc10": 0.36730441451072693,
    "mrr": 0.23396289348602295
  },
  "fold_4": {
    "f1": 0.03939180448651314,
    "acc1": 0.20894108712673187,
    "acc5": 0.352718323469162,
    "acc10": 0.4250805079936981,
    "mrr": 0.28169921040534973
  }
}