{
  "fold_1": {
    "f1": 0.5945599675178528,
    "accuracy": 0.616237998008728
  },
  "fold_2": {
    "f1": 0.6094657778739929,
    "accuracy": 0.6314996480941772
  },
  "fold_3": {
    "f1": 0.6019600629806519,
    "accuracy": 0.6224011182785034
  },
  "fold_4": {
    "f1": 0.6052277684211731,
    "accuracy": 0.6274071931838989
  },
  "fold_5": {
    "f1": 0.6162102222442627,
    "accuracy": 0.636975109577179
  }
}