{
  "fold_0": {
    "f1": 0.639057993888855,
    "accuracy": 0.6613625884056091
  },
  "fold_1": {
    "f1": 0.6242862939834595,
    "accuracy": 0.646865963935852
  },
  "fold_2": {
    "f1": 0.6405293941497803,
    "accuracy": 0.6623461246490479
  },
  "fold_3": {
    "f1": 0.6439396142959595,
    "accuracy": 0.6645210385322571
  },
  "fold_4": {
    "f1": 0.6628082990646362,
    "accuracy": 0.6879347562789917
  }
}