{
  "fold_0": {
    "f1": 0.11021250486373901,
    "acc1": null,
    "acc5": 0.4143376648426056,
    "acc10": 0.45816347002983093,
    "mrr": 0.37166330218315125
  },
  "fold_1": {
    "f1": 0.10708130151033401,
    "acc1": null,
    "acc5": 0.40041854977607727,
    "acc10": 0.44232723116874695,
    "mrr": 0.3605511486530304
  },
  "fold_2": {
    "f1": 0.10749244689941406,
    "acc1": null,
    "acc5": 0.39298689365386963,
    "acc10": 0.43716052174568176,
    "mrr": 0.3604530394077301
  },
  "fold_3": {
    "f1": 0.10767969489097595,
    "acc1": null,
    "acc5": 0.41089776158332825,
    "acc10": 0.45433151721954346,
    "mrr": 0.36812520027160645
  },
  "fold_4": {
    "f1": 0.11558249592781067,
    "acc1": null,
    "acc5": 0.3772154152393341,
    "acc10": 0.4198186695575714,
    "mrr": 0.32808443903923035
  }
}