{
  "fold_0": {
    "f1": 0.648758053779602,
    "accuracy": 0.6732212901115417
  },
  "fold_1": {
    "f1": 0.6318905353546143,
    "accuracy": 0.661159098148346
  },
  "fold_2": {
    "f1": 0.6392586827278137,
    "accuracy": 0.6692109704017639
  },
  "fold_3": {
    "f1": 0.6249748468399048,
    "accuracy": 0.6526778936386108
  },
  "fold_4": {
    "f1": 0.6266394853591919,
    "accuracy": 0.6532009840011597
  }
}