{
  "fold_0": {
    "f1": 0.1613176465034485,
    "acc1": 0.49855509400367737,
    "acc5": 0.729865550994873,
    "acc10": 0.8196067214012146,
    "mrr": 0.6047179698944092
  },
  "fold_1": {
    "f1": 0.1584501713514328,
    "acc1": 0.5045390129089355,
    "acc5": 0.7375530004501343,
    "acc10": 0.8249725103378296,
    "mrr": 0.6098991632461548
  },
  "fold_2": {
    "f1": 0.16464011371135712,
    "acc1": 0.508308470249176,
    "acc5": 0.7375844120979309,
    "acc10": 0.8280194997787476,
    "mrr": 0.6138330698013306
  },
  "fold_3": {
    "f1": 0.1544702798128128,
    "acc1": 0.49582207202911377,
    "acc5": 0.726487398147583,
    "acc10": 0.818024754524231,
    "mrr": 0.6016985774040222
  },
  "fold_4": {
    "f1": 0.15147672593593597,
    "acc1": 0.4944871962070465,
    "acc5": 0.735197126865387,
    "acc10": 0.8256949782371521,
    "mrr": 0.6038125157356262
  }
}