{
  "fold_0": {
    "f1": 0.15883786976337433,
    "acc1": 0.4964505732059479,
    "acc5": 0.7277924418449402,
    "acc10": 0.8174079656600952,
    "mrr": 0.6025918126106262
  },
  "fold_1": {
    "f1": 0.15762066841125488,
    "acc1": 0.5055127739906311,
    "acc5": 0.7378042936325073,
    "acc10": 0.8247212171554565,
    "mrr": 0.6110141277313232
  },
  "fold_2": {
    "f1": 0.16480815410614014,
    "acc1": 0.5072718858718872,
    "acc5": 0.735793948173523,
    "acc10": 0.8260719180107117,
    "mrr": 0.6120228171348572
  },
  "fold_3": {
    "f1": 0.15150026977062225,
    "acc1": 0.497518390417099,
    "acc5": 0.7273983955383301,
    "acc10": 0.8185901641845703,
    "mrr": 0.6028143167495728
  },
  "fold_4": {
    "f1": 0.1536736637353897,
    "acc1": 0.4933563768863678,
    "acc5": 0.7374273538589478,
    "acc10": 0.8248782753944397,
    "mrr": 0.6041486859321594
  }
}