{
  "fold_0": {
    "f1": 0.08960600197315216,
    "acc1": 0.295564204454422,
    "acc5": 0.5179750919342041,
    "acc10": 0.6021972298622131,
    "mrr": 0.4002850353717804
  },
  "fold_1": {
    "f1": 0.09596708416938782,
    "acc1": 0.28531524538993835,
    "acc5": 0.4930448830127716,
    "acc10": 0.5755268931388855,
    "mrr": 0.3846229016780853
  },
  "fold_2": {
    "f1": 0.0875944122672081,
    "acc1": 0.2915170192718506,
    "acc5": 0.5081934332847595,
    "acc10": 0.5943925976753235,
    "mrr": 0.39434462785720825
  },
  "fold_3": {
    "f1": 0.09609492868185043,
    "acc1": 0.2831699848175049,
    "acc5": 0.49420973658561707,
    "acc10": 0.5749464631080627,
    "mrr": 0.38331377506256104
  },
  "fold_4": {
    "f1": 0.1013072058558464,
    "acc1": 0.29724836349487305,
    "acc5": 0.5145753622055054,
    "acc10": 0.5973621606826782,
    "mrr": 0.39979836344718933
  }
}