{
    "model": {
        "joint_score": {
            "mean": 0.23274147771298886,
            "std": 0.004853210782974874,
            "min": 0.22733114287257195,
            "max": 0.24033762514591217
        },
        "loss": {
            "mean": 5.3508037567138675,
            "std": 0.30272292323755357,
            "min": 4.947174072265625,
            "max": 5.6446278889973955
        }
    },
    "next_region": {
        "accuracy": {
            "mean": 0.12346553206443786,
            "std": 0.016361755417412315,
            "min": 0.09907179325819016,
            "max": 0.1422617882490158
        },
        "accuracy_macro": {
            "mean": 0.061834112212172714,
            "std": 0.006475157123017627,
            "min": 0.05353318811826209,
            "max": 0.06978584434281843
        },
        "f1": {
            "mean": 0.05261797830462456,
            "std": 0.005242656121068117,
            "min": 0.04426043480634689,
            "max": 0.05737385153770447
        },
        "f1_weighted": {
            "mean": 0.14063624143600464,
            "std": 0.018117010651439773,
            "min": 0.11249256134033203,
            "max": 0.15959897637367249
        },
        "mrr": {
            "mean": 0.2118852913379669,
            "std": 0.020673185710231013,
            "min": 0.18161356449127197,
            "max": 0.22995732724666595
        },
        "top3_acc": {
            "mean": 0.2352619618177414,
            "std": 0.027043514913110522,
            "min": 0.19776472449302673,
            "max": 0.2604166567325592
        },
        "ndcg_3": {
            "mean": 0.18782579600811006,
            "std": 0.0221349269465077,
            "min": 0.15595805644989014,
            "max": 0.2073812484741211
        },
        "top5_acc": {
            "mean": 0.29815016984939574,
            "std": 0.027972633159924563,
            "min": 0.2642545998096466,
            "max": 0.32632574439048767
        },
        "ndcg_5": {
            "mean": 0.21368003785610198,
            "std": 0.022117122659551174,
            "min": 0.1833733767271042,
            "max": 0.23129208385944366
        },
        "loss": {
            "mean": 9.087903467814128,
            "std": 0.46150423968995496,
            "min": 8.450906117757162,
            "max": 9.583651224772135
        },
        "n_indist": {
            "mean": 5174.4,
            "std": 27.555398745073532,
            "min": 5148.0,
            "max": 5212.0
        },
        "n_ood": {
            "mean": 104.8,
            "std": 27.788486824582588,
            "min": 67.0,
            "max": 131.0
        },
        "ood_fraction": {
            "mean": 0.01985130476961316,
            "std": 0.00526286045433171,
            "min": 0.012691797688956242,
            "max": 0.02481530592915325
        },
        "top1_acc_indist": {
            "mean": 0.12595333606004716,
            "std": 0.016599884686997222,
            "min": 0.10159285366535187,
            "max": 0.14520494639873505
        },
        "top5_acc_indist": {
            "mean": 0.30421714186668397,
            "std": 0.02890214696158582,
            "min": 0.27097901701927185,
            "max": 0.33462807536125183
        },
        "top10_acc_indist": {
            "mean": 0.39909651279449465,
            "std": 0.03362622579733671,
            "min": 0.35586634278297424,
            "max": 0.4330938160419464
        },
        "mrr_indist": {
            "mean": 0.21615463197231294,
            "std": 0.021115946221638194,
            "min": 0.18620626628398895,
            "max": 0.23469310998916626
        }
    },
    "next_category": {
        "accuracy": {
            "mean": 0.4274891257286072,
            "std": 0.005852061739788254,
            "min": 0.4190187454223633,
            "max": 0.4337942898273468
        },
        "accuracy_macro": {
            "mean": 0.47861234545707704,
            "std": 0.012817731393061615,
            "min": 0.4662199020385742,
            "max": 0.4972957372665405
        },
        "f1": {
            "mean": 0.41286497712135317,
            "std": 0.005867369744559291,
            "min": 0.4092308282852173,
            "max": 0.4233013987541199
        },
        "f1_weighted": {
            "mean": 0.4240835070610046,
            "std": 0.009347230417976516,
            "min": 0.40850555896759033,
            "max": 0.43326467275619507
        },
        "mrr": {
            "mean": 0.6470715641975403,
            "std": 0.004076070728818439,
            "min": 0.6414174437522888,
            "max": 0.6526971459388733
        },
        "top3_acc": {
            "mean": 0.8496740221977234,
            "std": 0.0065538960779893286,
            "min": 0.840878963470459,
            "max": 0.8564121723175049
        },
        "ndcg_3": {
            "mean": 0.6756789803504943,
            "std": 0.005309004922418821,
            "min": 0.6677470803260803,
            "max": 0.6825293898582458
        },
        "top5_acc": {
            "mean": 0.9571147322654724,
            "std": 0.0030791602254181616,
            "min": 0.9547262787818909,
            "max": 0.9624928832054138
        },
        "ndcg_5": {
            "mean": 0.720227837562561,
            "std": 0.0039672460378225,
            "min": 0.7154264450073242,
            "max": 0.7264477014541626
        },
        "loss": {
            "mean": 1.6137037595113117,
            "std": 0.15449028157667205,
            "min": 1.4434421857198079,
            "max": 1.7482824325561523
        }
    },
    "_selection": {
        "primary": "joint_score",
        "diagnostic_task_best": "per-task best validation f1"
    },
    "diagnostic_task_best": {
        "next_region": {
            "accuracy": {
                "mean": 0.12823906391859055,
                "std": 0.02161403279627691,
                "min": 0.09736692905426025,
                "max": 0.15021784603595734
            },
            "accuracy_macro": {
                "mean": 0.06449833090680135,
                "std": 0.007645969439378396,
                "min": 0.05500642226339144,
                "max": 0.07262592780880811
            },
            "f1": {
                "mean": 0.05484978407621384,
                "std": 0.006721160983364231,
                "min": 0.04524969309568405,
                "max": 0.06246677413582802
            },
            "f1_weighted": {
                "mean": 0.14056408554315566,
                "std": 0.0225378371316387,
                "min": 0.11048676818609238,
                "max": 0.16329550743103027
            },
            "mrr": {
                "mean": 0.21970369219779967,
                "std": 0.02512839939734621,
                "min": 0.1790388971567154,
                "max": 0.24455736577510834
            },
            "top3_acc": {
                "mean": 0.24719602167606353,
                "std": 0.0313152715503607,
                "min": 0.19378669559955597,
                "max": 0.27505210041999817
            },
            "ndcg_3": {
                "mean": 0.1969633400440216,
                "std": 0.026462430112690897,
                "min": 0.15316623449325562,
                "max": 0.22196052968502045
            },
            "top5_acc": {
                "mean": 0.3097053349018097,
                "std": 0.032591164659031634,
                "min": 0.2559196949005127,
                "max": 0.3409736752510071
            },
            "ndcg_5": {
                "mean": 0.22268593609333037,
                "std": 0.026912012901013117,
                "min": 0.17874661087989807,
                "max": 0.2490895688533783
            },
            "loss": {
                "mean": 9.338806660970052,
                "std": 0.19138818129196558,
                "min": 9.064371744791666,
                "max": 9.578235626220703
            },
            "n_indist": {
                "mean": 5174.4,
                "std": 27.555398745073532,