{
    "model": {
        "joint_score": {
            "mean": 0.2309160627424717,
            "std": 0.004321482170772874,
            "min": 0.22555354237556458,
            "max": 0.23687301762402058
        },
        "loss": {
            "mean": 5.328335126241048,
            "std": 0.3387871802756609,
            "min": 4.76220162709554,
            "max": 5.657519022623698
        }
    },
    "next_category": {
        "accuracy": {
            "mean": 0.4273376941680908,
            "std": 0.005013874187823931,
            "min": 0.4214015007019043,
            "max": 0.43322598934173584
        },
        "accuracy_macro": {
            "mean": 0.48051871061325074,
            "std": 0.006712145232143079,
            "min": 0.4741514325141907,
            "max": 0.48822879791259766
        },
        "f1": {
            "mean": 0.4132976710796356,
            "std": 0.003323896170306892,
            "min": 0.4105473756790161,
            "max": 0.41826069355010986
        },
        "f1_weighted": {
            "mean": 0.4241168022155762,
            "std": 0.008094708142920407,
            "min": 0.4130436182022095,
            "max": 0.43312758207321167
        },
        "mrr": {
            "mean": 0.6457706093788147,
            "std": 0.006788083929254316,
            "min": 0.6377201080322266,
            "max": 0.6522637009620667
        },
        "top3_acc": {
            "mean": 0.8444468140602112,
            "std": 0.0159791339938462,
            "min": 0.8267045617103577,
            "max": 0.8590642213821411
        },
        "ndcg_3": {
            "mean": 0.6726276278495789,
            "std": 0.0117568747407083,
            "min": 0.6593644022941589,
            "max": 0.6837313175201416
        },
        "top5_acc": {
            "mean": 0.9550691962242126,
            "std": 0.003865041297996857,
            "min": 0.9484848380088806,
            "max": 0.9577571749687195
        },
        "ndcg_5": {
            "mean": 0.7184371948242188,
            "std": 0.006231307084716274,
            "min": 0.7097622156143188,
            "max": 0.7234447002410889
        },
        "loss": {
            "mean": 1.5749231974283855,
            "std": 0.12708445455721878,
            "min": 1.440623124440511,
            "max": 1.766615390777588
        }
    },
    "next_region": {
        "accuracy": {
            "mean": 0.11312459409236908,
            "std": 0.0290489919720222,
            "min": 0.07632575929164886,
            "max": 0.14320893585681915
        },
        "accuracy_macro": {
            "mean": 0.05803242899871231,
            "std": 0.007739844050706009,
            "min": 0.048858962489204454,
            "max": 0.06740556112149866
        },
        "f1": {
            "mean": 0.04853445440530777,
            "std": 0.007315831806733531,
            "min": 0.03973814845085144,
            "max": 0.05606742575764656
        },
        "f1_weighted": {
            "mean": 0.12533705830574035,
            "std": 0.030484947522545918,
            "min": 0.08722430467605591,
            "max": 0.15734010934829712
        },
        "mrr": {
            "mean": 0.2055105209350586,
            "std": 0.02981399857565726,
            "min": 0.17044852674007416,
            "max": 0.2334674894809723
        },
        "top3_acc": {
            "mean": 0.23723373115062713,
            "std": 0.034961243305235895,
            "min": 0.1863989382982254,
            "max": 0.26880091428756714
        },
        "ndcg_3": {
            "mean": 0.18414718210697173,
            "std": 0.030683267346962344,
            "min": 0.14588001370429993,
            "max": 0.21173794567584991
        },
        "top5_acc": {
            "mean": 0.29890968799591067,
            "std": 0.036492314624855145,
            "min": 0.24474331736564636,
            "max": 0.3335859179496765
        },
        "ndcg_5": {
            "mean": 0.20947268903255462,
            "std": 0.031119268594572362,
            "min": 0.1697208434343338,
            "max": 0.23608772456645966
        },
        "loss": {
            "mean": 9.081747055053711,
            "std": 0.5750558168994335,
            "min": 8.083779652913412,
            "max": 9.548422495524088
        },
        "n_indist": {
            "mean": 5174.4,
            "std": 27.555398745073532,
            "min": 5148.0,
            "max": 5212.0
        },
        "n_ood": {
            "mean": 104.8,
            "std": 27.788486824582588,
            "min": 67.0,
            "max": 131.0
        },
        "ood_fraction": {
            "mean": 0.01985130476961316,
            "std": 0.00526286045433171,
            "min": 0.012691797688956242,
            "max": 0.02481530592915325
        },
        "top1_acc_indist": {
            "mean": 0.11532053947448731,
            "std": 0.02921115976216359,
            "min": 0.07826762646436691,
            "max": 0.1461716890335083
        },
        "top5_acc_indist": {
            "mean": 0.304844057559967,
            "std": 0.036025032592914626,
            "min": 0.250971257686615,
            "max": 0.33924099802970886
        },
        "top10_acc_indist": {
            "mean": 0.3950581669807434,
            "std": 0.038251179724975846,
            "min": 0.3335275948047638,
            "max": 0.4326719343662262
        },
        "mrr_indist": {
            "mean": 0.20954747796058654,
            "std": 0.029573815339286567,
            "min": 0.17475585639476776,
            "max": 0.23827525973320007
        }
    },
    "_selection": {
        "primary": "joint_score",
        "diagnostic_task_best": "per-task best validation f1"
    },
    "diagnostic_task_best": {
        "next_category": {
            "accuracy": {
                "mean": 0.42779232263565065,
                "std": 0.008302286163860357,
                "min": 0.4173138737678528,
                "max": 0.4372040033340454
            },
            "accuracy_macro": {
                "mean": 0.4865217387676239,
                "std": 0.00995090147416697,
                "min": 0.4746503233909607,
                "max": 0.49925434589385986
            },
            "f1": {
                "mean": 0.41674174666404723,
                "std": 0.006432046929686443,
                "min": 0.4108172655105591,
                "max": 0.42774397134780884
            },
            "f1_weighted": {
                "mean": 0.4233670175075531,
                "std": 0.009634541720138966,
                "min": 0.4130436182022095,
                "max": 0.43469613790512085
            },
            "mrr": {
                "mean": 0.6443660378456115,
                "std": 0.006044681679746963,
                "min": 0.6377201080322266,
                "max": 0.652607798576355
            },
            "top3_acc": {
                "mean": 0.8380061864852906,
                "std": 0.008408901965094483,
                "min": 0.8267045617103577,
                "max": 0.8495927453041077
            },
            "ndcg_3": {
                "mean": 0.6689848303794861,
                "std": 0.00749240517559608,
                "min": 0.6593644022941589,
                "max": 0.6800805330276489
            },
            "top5_acc": {
                "mean": 0.9516215682029724,
                "std": 0.003492260183544389,
                "min": 0.9484848380088806,
                "max": 0.9569994211196899
            },
            "ndcg_5": {
                "mean": 0.7160568356513977,
                "std": 0.004817061181338106,
                "min": 0.7097622156143188,
                "max": 0.7229962944984436
            },
            "loss": {
                "mean": 1.4614463488260905,
                "std": 0.026534967745760526,
                "min": 1.4277741114298503,
                "max": 1.4926430384318035
            }
        },
        "next_region": {
            "accuracy": {
                "mean": 0.12816415429115297,