{
    "fold_number": 1,
    "duration": 49.307440996170044,
    "primary_checkpoint": {
        "selection_metric": "joint_score",
        "epoch": 9,
        "joint_score": 0.5153341293334961,
        "loss": 1.0749621391296387,
        "time": 48.54888606071472,
        "task_metrics": {
            "next": {
                "accuracy": 0.37568843364715576,
                "f1": 0.2665467858314514
            },
            "category": {
                "accuracy": 0.8207547068595886,
                "f1": 0.7641214728355408
            }
        }
    },
    "diagnostic_best_epochs": {
        "next": {
            "epoch": 7,
            "time": 39.18481683731079,
            "metrics": {
                "accuracy": 0.3729346990585327,
                "accuracy_macro": 0.2615776062011719,
                "f1": 0.2756624221801758,
                "f1_weighted": 0.354522168636322,
                "mrr": 0.6003437042236328,
                "top3_acc": 0.7966168522834778,
                "ndcg_3": 0.619336724281311,
                "top5_acc": 0.9370574355125427,
                "ndcg_5": 0.6773386597633362,
                "loss": 1.5564297437667847
            },
            "accuracy": 0.3729346990585327,
            "f1": 0.2756624221801758
        },
        "category": {
            "epoch": 9,
            "time": 48.60055088996887,
            "metrics": {
                "accuracy": 0.8207547068595886,
                "accuracy_macro": 0.7660300135612488,
                "f1": 0.7641214728355408,
                "f1_weighted": 0.821044921875,
                "mrr": 0.8946444392204285,
                "top3_acc": 0.9609164595603943,
                "ndcg_3": 0.9056577682495117,
                "top5_acc": 0.993261456489563,
                "ndcg_5": 0.9188202619552612,
                "loss": 0.5922573804855347
            },
            "accuracy": 0.8207547068595886,
            "f1": 0.7641214728355408
        }
    }
}