{
    "model": {
        "aggregation_basis": "joint_best",
        "joint_score": {
            "mean": 0.40323241204023363,
            "std": 0.00811324151367444,
            "min": 0.39086416736245155,
            "max": 0.4135175049304962
        },
        "loss": {
            "mean": 4.310273551940918,
            "std": 0.17469112807242246,
            "min": 4.041557788848877,
            "max": 4.508708477020264
        }
    },
    "next_region": {
        "aggregation_basis": "joint_best",
        "accuracy": {
            "mean": 0.2758160591125488,
            "std": 0.10527379921933772,
            "min": 0.21061724424362183,
            "max": 0.462258517742157
        },
        "accuracy_macro": {
            "mean": 0.12296801380438986,
            "std": 0.014193675486687906,
            "min": 0.10366836103420814,
            "max": 0.1420730225777512
        },
        "f1": {
            "mean": 0.10809637010097503,
            "std": 0.010715589049927378,
            "min": 0.0937308743596077,
            "max": 0.12267082929611206
        },
        "f1_weighted": {
            "mean": 0.273895326256752,
            "std": 0.10353970990160491,
            "min": 0.20980289578437805,
            "max": 0.45730990171432495
        },
        "mrr": {
            "mean": 0.34194275736808777,
            "std": 0.09383747772794065,
            "min": 0.27768364548683167,
            "max": 0.5033998489379883
        },
        "top3_acc": {
            "mean": 0.3435464084148407,
            "std": 0.09929833474456715,
            "min": 0.2879849076271057,
            "max": 0.5199937224388123
        },
        "ndcg_3": {
            "mean": 0.31541608572006224,
            "std": 0.10183097586576581,
            "min": 0.25713929533958435,
            "max": 0.4963575601577759
        },
        "top5_acc": {
            "mean": 0.4088280856609344,
            "std": 0.12203829667361789,
            "min": 0.3137113153934479,
            "max": 0.5436469316482544
        },
        "ndcg_5": {
            "mean": 0.34305617213249207,
            "std": 0.10318499871315491,
            "min": 0.2675640285015106,
            "max": 0.5061053037643433
        },
        "loss": {
            "mean": 7.809731483459473,
            "std": 0.34752816350569754,
            "min": 7.273143768310547,
            "max": 8.188668251037598
        },
        "n_indist": {
            "mean": 31589.4,
            "std": 57.177792891996106,
            "min": 31514.0,
            "max": 31660.0
        },
        "n_ood": {
            "mean": 245.6,
            "std": 57.020171869260444,
            "min": 175.0,
            "max": 320.0
        },
        "ood_fraction": {
            "mean": 0.0077147862416575485,
            "std": 0.0017911702468798199,
            "min": 0.005497094392963719,
            "max": 0.010052145504806181
        },
        "top1_acc_indist": {
            "mean": 0.27794468104839326,
            "std": 0.1059706724881564,
            "min": 0.21210971474647522,
            "max": 0.46553415060043335
        },
        "top5_acc_indist": {
            "mean": 0.4120863974094391,
            "std": 0.12334303858650203,
            "min": 0.31593433022499084,
            "max": 0.5474992990493774
        },
        "top10_acc_indist": {
            "mean": 0.4537062406539917,
            "std": 0.1206854316284881,
            "min": 0.3528834879398346,
            "max": 0.5870108604431152
        },
        "mrr_indist": {
            "mean": 0.34459954500198364,
            "std": 0.09450185777991832,
            "min": 0.279649555683136,
            "max": 0.5069652795791626
        }
    },
    "next_category": {
        "aggregation_basis": "joint_best",
        "accuracy": {
            "mean": 0.7269106268882751,
            "std": 0.006204616592409341,
            "min": 0.7182660698890686,
            "max": 0.7335636615753174
        },
        "accuracy_macro": {
            "mean": 0.7236138224601746,
            "std": 0.006868827153233553,
            "min": 0.7145037651062012,
            "max": 0.7327259182929993
        },
        "f1": {
            "mean": 0.6983684539794922,
            "std": 0.006709741399257471,
            "min": 0.6879974603652954,
            "max": 0.7043641805648804
        },
        "f1_weighted": {
            "mean": 0.7307681202888489,
            "std": 0.005392053682971484,
            "min": 0.7231378555297852,
            "max": 0.7371541857719421
        },
        "mrr": {
            "mean": 0.8261487126350403,
            "std": 0.0033880996670576174,
            "min": 0.8211454153060913,
            "max": 0.829700767993927
        },
        "top3_acc": {
            "mean": 0.9082959055900574,
            "std": 0.0019035561675240149,
            "min": 0.9052929282188416,
            "max": 0.9102531671524048
        },
        "ndcg_3": {
            "mean": 0.8334205389022827,
            "std": 0.0024179252791399217,
            "min": 0.829463541507721,
            "max": 0.8360329866409302
        },
        "top5_acc": {
            "mean": 0.9673001408576966,
            "std": 0.0018763545164992034,
            "min": 0.9655096530914307,
            "max": 0.97031569480896
        },
        "ndcg_5": {
            "mean": 0.8577715039253235,
            "std": 0.0018740796081857625,
            "min": 0.8551133871078491,
            "max": 0.8599743247032166
        },
        "loss": {
            "mean": 0.8108160018920898,
            "std": 0.015507977102109105,
            "min": 0.7869649529457092,
            "max": 0.8287495374679565
        }
    },
    "_selection": {
        "primary": "joint_score",
        "primary_basis": "joint_best",
        "diagnostic_task_best": "per-task best validation f1",
        "diagnostic_basis": "per_task_f1_best",
        "per_metric_best": "each (task,metric) aggregated at its own best epoch",
        "per_metric_basis": "per_metric_best"
    },
    "diagnostic_task_best": {
        "next_region": {
            "aggregation_basis": "per_task_f1_best",
            "accuracy": {
                "mean": 0.4790513277053833,
                "std": 0.006309579145167795,
                "min": 0.47039422392845154,
                "max": 0.4854881465435028
            },
            "accuracy_macro": {
                "mean": 0.1396485848080906,
                "std": 0.011095471692977706,
                "min": 0.12261178092706355,
                "max": 0.15189717776623674
            },
            "f1": {
                "mean": 0.12128721922636032,
                "std": 0.009323052137646835,
                "min": 0.10688422620296478,
                "max": 0.13179923593997955
            },
            "f1_weighted": {
                "mean": 0.47167778611183164,
                "std": 0.006487493568291333,
                "min": 0.4620310962200165,
                "max": 0.4779123067855835
            },
            "mrr": {
                "mean": 0.5230805993080139,
                "std": 0.006160640246887833,
                "min": 0.5156890749931335,
                "max": 0.5298777222633362
            },
            "top3_acc": {
                "mean": 0.5433768272399903,
                "std": 0.008382910538072112,
                "min": 0.5310193300247192,
                "max": 0.5529622435569763
            },
            "ndcg_3": {
                "mean": 0.5163032174110412,
                "std": 0.006562404210038468,
                "min": 0.5076133012771606,
                "max": 0.5226848721504211
            },
            "top5_acc": {
                "mean": 0.572187852859497,
                "std": 0.00872467382724958,
                "min": 0.560389518737793,
                "max": 0.581045389175415
            },
            "ndcg_5": {
                "mean": 0.5282076001167297,
                "std": 0.00666707629535808,
                "min": 0.519792914390564,