{
  "fold_0": {
    "f1": 0.285011351108551,
    "accuracy": 0.34836143255233765,
    "mrr": 0.5648057460784912
  },
  "fold_1": {
    "f1": 0.3001256287097931,
    "accuracy": 0.3324493169784546,
    "mrr": 0.5573201179504395
  },
  "fold_2": {
    "f1": 0.2849547564983368,
    "accuracy": 0.3358590602874756,
    "mrr": 0.5581933259963989
  },
  "fold_3": {
    "f1": 0.27879124879837036,
    "accuracy": 0.3234848380088806,
    "mrr": 0.5508951544761658
  },
  "fold_4": {
    "f1": 0.285391628742218,
    "accuracy": 0.3165372312068939,
    "mrr": 0.5430623888969421
  }
}