{
    "Community": {
        "precision": 0.4261275272161742,
        "recall": 0.6241457858769932,
        "f1-score": 0.5064695009242144,
        "support": 439.0
    },
    "Entertainment": {
        "precision": 0.4125560538116592,
        "recall": 0.5476190476190477,
        "f1-score": 0.47058823529411764,
        "support": 168.0
    },
    "Food": {
        "precision": 0.5424610051993067,
        "recall": 0.36018411967779057,
        "f1-score": 0.43291839557399725,
        "support": 869.0
    },
    "Nightlife": {
        "precision": 0.3155080213903743,
        "recall": 0.6483516483516484,
        "f1-score": 0.4244604316546763,
        "support": 91.0
    },
    "Outdoors": {
        "precision": 0.38271604938271603,
        "recall": 0.43661971830985913,
        "f1-score": 0.40789473684210525,
        "support": 142.0
    },
    "Shopping": {
        "precision": 0.5337186897880539,
        "recall": 0.4216133942161339,
        "f1-score": 0.4710884353741497,
        "support": 657.0
    },
    "Travel": {
        "precision": 0.4588744588744589,
        "recall": 0.6022727272727273,
        "f1-score": 0.5208845208845209,
        "support": 176.0
    },
    "macro avg": {
        "precision": 0.4388516865232491,
        "recall": 0.5201152059034572,
        "f1-score": 0.46204346522111167,
        "support": 2542.0
    },
    "weighted avg": {
        "precision": 0.48869001098268405,
        "recall": 0.465381589299764,
        "f1-score": 0.46236536184799054,
        "support": 2542.0
    }
}