{
    "fold_number": 3,
    "duration": 342.2532410621643,
    "primary_checkpoint": {
        "selection_metric": "joint_score",
        "epoch": 11,
        "joint_score": 0.5216917097568512,
        "loss": 1.1368939876556396,
        "time": 83.02149200439453,
        "task_metrics": {
            "next": {
                "accuracy": 0.39060428738594055,
                "f1": 0.3043065071105957
            },
            "category": {
                "accuracy": 0.7732127904891968,
                "f1": 0.7390769124031067
            }
        }
    },
    "diagnostic_best_epochs": {
        "next": {
            "epoch": 14,
            "time": 103.7440538406372,
            "metrics": {
                "accuracy": 0.38908883929252625,
                "accuracy_macro": 0.3024504780769348,
                "f1": 0.3044874668121338,
                "f1_weighted": 0.37794920802116394,
                "mrr": 0.6105241775512695,
                "top3_acc": 0.7918166518211365,
                "ndcg_3": 0.6258947849273682,
                "top5_acc": 0.9196817874908447,
                "ndcg_5": 0.678862988948822,
                "loss": 1.6426242589950562
            },
            "accuracy": 0.38908883929252625,
            "f1": 0.3044874668121338
        },
        "category": {
            "epoch": 30,
            "time": 212.6640591621399,
            "metrics": {
                "accuracy": 0.7937551140785217,
                "accuracy_macro": 0.7689807415008545,
                "f1": 0.759135365486145,
                "f1_weighted": 0.7943742275238037,
                "mrr": 0.8759029507637024,
                "top3_acc": 0.9490550756454468,
                "ndcg_3": 0.8867896795272827,
                "top5_acc": 0.9860312342643738,
                "ndcg_5": 0.9021382331848145,
                "loss": 0.8535134196281433
            },
            "accuracy": 0.7937551140785217,
            "f1": 0.759135365486145
        }
    }
}