{
    "Community": {
        "precision": 0.3406193078324226,
        "recall": 0.4269406392694064,
        "f1-score": 0.3789260385005066,
        "support": 438.0
    },
    "Entertainment": {
        "precision": 0.20952380952380953,
        "recall": 0.1476510067114094,
        "f1-score": 0.1732283464566929,
        "support": 149.0
    },
    "Food": {
        "precision": 0.4797297297297297,
        "recall": 0.25478468899521534,
        "f1-score": 0.3328125,
        "support": 836.0
    },
    "Nightlife": {
        "precision": 0.10638297872340426,
        "recall": 0.1724137931034483,
        "f1-score": 0.13157894736842105,
        "support": 87.0
    },
    "Outdoors": {
        "precision": 0.15841584158415842,
        "recall": 0.12213740458015267,
        "f1-score": 0.13793103448275862,
        "support": 131.0
    },
    "Shopping": {
        "precision": 0.36136662286465177,
        "recall": 0.4290171606864275,
        "f1-score": 0.39229671897289586,
        "support": 641.0
    },
    "Travel": {
        "precision": 0.16766467065868262,
        "recall": 0.3660130718954248,
        "f1-score": 0.2299794661190965,
        "support": 153.0
    },
    "macro avg": {
        "precision": 0.26052899441669414,
        "recall": 0.27413682360592634,
        "f1-score": 0.25382186455719596,
        "support": 2435.0
    },
    "weighted avg": {
        "precision": 0.3567806376867286,
        "recall": 0.3219712525667351,
        "f1-score": 0.3228654076391832,
        "support": 2435.0
    }
}