{
    "fold_number": 1,
    "duration": 29.940408945083618,
    "primary_checkpoint": {
        "selection_metric": "joint_score",
        "epoch": 9,
        "joint_score": 0.4824189245700836,
        "loss": 1.1227426528930664,
        "time": 29.610860347747803,
        "task_metrics": {
            "next": {
                "accuracy": 0.4055692255496979,
                "f1": 0.2829083800315857
            },
            "category": {
                "accuracy": 0.7599999904632568,
                "f1": 0.6819294691085815
            }
        }
    },
    "diagnostic_best_epochs": {
        "next": {
            "epoch": 9,
            "time": 29.629743337631226,
            "metrics": {
                "accuracy": 0.4055692255496979,
                "accuracy_macro": 0.29065901041030884,
                "f1": 0.2829083800315857,
                "f1_weighted": 0.3765393793582916,
                "mrr": 0.6247264742851257,
                "top3_acc": 0.8064027428627014,
                "ndcg_3": 0.6422465443611145,
                "top5_acc": 0.9301003813743591,
                "ndcg_5": 0.6933285593986511,
                "loss": 1.529350757598877
            },
            "accuracy": 0.4055692255496979,
            "f1": 0.2829083800315857
        },
        "category": {
            "epoch": 7,
            "time": 24.202314376831055,
            "metrics": {
                "accuracy": 0.7626087069511414,
                "accuracy_macro": 0.7025489211082458,
                "f1": 0.6847541928291321,
                "f1_weighted": 0.7642123699188232,
                "mrr": 0.8578426837921143,
                "top3_acc": 0.9504348039627075,
                "ndcg_3": 0.8737133741378784,
                "top5_acc": 0.9921739101409912,
                "ndcg_5": 0.8908511400222778,
                "loss": 0.725210428237915
            },
            "accuracy": 0.7626087069511414,
            "f1": 0.6847541928291321
        }
    }
}