{
  "state": "alabama",
  "folds": 2,
  "epochs": 2,
  "seed": 42,
  "n_categories": 7,
  "config": {
    "lr": 0.001,
    "batch_size": 400,
    "betas": [
      0.8,
      0.9
    ],
    "eps": 1e-07
  },
  "per_fold": [
    {
      "accuracy": 0.2128768116235733,
      "accuracy_macro": 0.15806445479393005,
      "f1": 0.08317922055721283,
      "f1_weighted": 0.1636173278093338,
      "mrr": 0.4358968138694763,
      "top3_acc": 0.4447339177131653,
      "ndcg_3": 0.353729248046875,
      "top5_acc": 0.8814663290977478,
      "ndcg_5": 0.5299055576324463,
      "best_epoch": 1
    },
    {
      "accuracy": 0.13600000739097595,
      "accuracy_macro": 0.15656638145446777,
      "f1": 0.05856017395853996,
      "f1_weighted": 0.122968390583992,
      "mrr": 0.4226657748222351,
      "top3_acc": 0.6299535036087036,
      "ndcg_3": 0.416981965303421,
      "top5_acc": 0.8818604946136475,
      "ndcg_5": 0.5233362317085266,
      "best_epoch": 2
    }
  ],
  "aggregate": {
    "accuracy_mean": 0.17443840950727463,
    "accuracy_std": 0.038438402116298676,
    "top3_acc_mean": 0.5373437106609344,
    "top3_acc_std": 0.09260979294776917,
    "top5_acc_mean": 0.8816634118556976,
    "top5_acc_std": 0.0001970827579498291,
    "mrr_mean": 0.4292812943458557,
    "mrr_std": 0.0066155195236206055,
    "f1_mean": 0.0708696972578764,
    "f1_std": 0.012309523299336433,
    "f1_weighted_mean": 0.1432928591966629,
    "f1_weighted_std": 0.0203244686126709,
    "accuracy_macro_mean": 0.1573154181241989,
    "accuracy_macro_std": 0.0007490366697311401
  }
}