{
  "tag": "REHDM_STL_STUDY_v3_fl_check2hgi_5f50ep",
  "state": "florida",
  "engine": "check2hgi",
  "fold": 4,
  "config": {
    "n_regions": 4702,
    "emb_dim": 64,
    "d_model": 192,
    "n_heads": 4,
    "d_ff": 256,
    "n_hg_layers": 2,
    "dropout": 0.2,
    "beta": 0.5
  },
  "best_val_acc@10": 0.38443173964943145,
  "metrics": {
    "acc@1": 0.24159703461707607,
    "acc@5": 0.3433121819438336,
    "acc@10": 0.38443173964943145,
    "mrr": 0.29284624799663805,
    "n": 31834
  }
}