{
  "tag": "REHDM_STL_STUDY_al_check2hgi_5f50ep",
  "state": "alabama",
  "engine": "check2hgi",
  "fold": 2,
  "config": {
    "n_regions": 1109,
    "emb_dim": 64,
    "d_model": 192,
    "n_heads": 4,
    "d_ff": 256,
    "n_hg_layers": 2,
    "dropout": 0.2,
    "beta": 0.5
  },
  "best_val_acc@10": 0.22383949645948073,
  "metrics": {
    "acc@1": 0.03619197482297404,
    "acc@5": 0.13926042486231313,
    "acc@10": 0.22383949645948073,
    "mrr": 0.0976611406759987,
    "n": 2542
  }
}