{
  "tag": "REHDM_BS128_az_2runs_50ep",
  "state": "arizona",
  "run": 0,
  "seed": 42,
  "config": {
    "n_users": 1687,
    "n_pois": 5363,
    "n_categories": 7,
    "n_quadkeys": 81,
    "n_regions": 870,
    "n_hours": 24,
    "n_days": 7,
    "d_id": 32,
    "n_heads": 4,
    "d_ff": 256,
    "n_hg_layers": 2,
    "dropout": 0.2,
    "beta": 0.5
  },
  "best_val_acc@10": 0.5767817781043351,
  "test": {
    "acc@1": 0.1991701244813278,
    "acc@5": 0.43651452282157677,
    "acc@10": 0.5485477178423237,
    "mrr": 0.31130299469247397,
    "n": 2410
  },
  "vocab": {
    "n_users": 1687,
    "n_pois": 5363,
    "n_categories": 7,
    "n_hours": 24,
    "n_days": 7,
    "n_quadkeys": 81,
    "n_regions": 870,
    "quadkey_level": 10,
    "session_hours": 24,
    "min_checkins": 10
  }
}