{
  "tag": "REHDM_STL_al_hgi_5x50",
  "state": "alabama",
  "engine": "hgi",
  "run": 4,
  "seed": 46,
  "config": {
    "n_regions": 498,
    "emb_dim": 64,
    "d_model": 192,
    "n_heads": 4,
    "d_ff": 256,
    "n_hg_layers": 2,
    "dropout": 0.2,
    "beta": 0.5
  },
  "best_val_acc@10": 0.656013456686291,
  "test": {
    "acc@1": 0.2325809617271835,
    "acc@5": 0.4975466143277723,
    "acc@10": 0.619234543670265,
    "mrr": 0.35058425008607214,
    "n": 1019
  },
  "vocab": {
    "n_users": 710,
    "n_pois": 2688,
    "n_regions": 498,
    "emb_dim": 64,
    "session_hours": 24,
    "min_checkins": 10,
    "engine": "hgi"
  }
}