{
  "tag": "REHDM_STL_STUDY_al_hgi_5f50ep",
  "state": "alabama",
  "engine": "hgi",
  "fold": 4,
  "config": {
    "n_regions": 1109,
    "emb_dim": 64,
    "d_model": 192,
    "n_heads": 4,
    "d_ff": 256,
    "n_hg_layers": 2,
    "dropout": 0.2,
    "beta": 0.5
  },
  "best_val_acc@10": 0.37662337662337664,
  "metrics": {
    "acc@1": 0.14207005116096025,
    "acc@5": 0.2908303817394726,
    "acc@10": 0.37662337662337664,
    "mrr": 0.22092155807837405,
    "n": 2541
  }
}