{
  "tag": "REHDM_al_v2_5seeds_50ep",
  "state": "alabama",
  "run": 3,
  "seed": 45,
  "config": {
    "n_users": 815,
    "n_pois": 2739,
    "n_categories": 7,
    "n_quadkeys": 76,
    "n_regions": 498,
    "n_hours": 24,
    "n_days": 7,
    "d_id": 32,
    "n_heads": 4,
    "d_ff": 256,
    "n_hg_layers": 2,
    "dropout": 0.2,
    "beta": 0.5
  },
  "best_val_acc@10": 0.7291841883936081,
  "test": {
    "acc@1": 0.25711481844946027,
    "acc@5": 0.5417075564278705,
    "acc@10": 0.6673209028459274,
    "mrr": 0.3945057137089693,
    "n": 1019
  },
  "vocab": {
    "n_users": 815,
    "n_pois": 2739,
    "n_categories": 7,
    "n_hours": 24,
    "n_days": 7,
    "n_quadkeys": 76,
    "n_regions": 498,
    "quadkey_level": 10,
    "session_hours": 24,
    "min_checkins": 10
  }
}