{
  "tag": "REHDM_STL_STUDY_v3_fl_hgi_5f50ep",
  "state": "florida",
  "engine": "hgi",
  "protocol": "5-fold StratifiedGroupKFold (study protocol)",
  "n_folds": 5,
  "acc@1_mean": 0.32637033341862004,
  "acc@1_std": 0.004760790484107793,
  "acc@5_mean": 0.4806470727191391,
  "acc@5_std": 0.003589869303758818,
  "acc@10_mean": 0.5449347988713132,
  "acc@10_std": 0.0031774150249719614,
  "mrr_mean": 0.400761672395803,
  "mrr_std": 0.002833817197358907
}