{
  "tag": "REHDM_SMOKE_OPT_al_1run3ep",
  "state": "alabama",
  "run": 0,
  "seed": 42,
  "config": {
    "n_users": 815,
    "n_pois": 2739,
    "n_categories": 7,
    "n_quadkeys": 76,
    "n_regions": 498,
    "n_hours": 24,
    "n_days": 7,
    "d_id": 32,
    "n_heads": 4,
    "d_ff": 256,
    "n_hg_layers": 2,
    "dropout": 0.2,
    "beta": 0.5
  },
  "best_val_acc@10": 0.648444070647603,
  "test": {
    "acc@1": 0.2070657507360157,
    "acc@5": 0.4730127576054956,
    "acc@10": 0.6015701668302257,
    "mrr": 0.33753794472631693,
    "n": 1019
  },
  "vocab": {
    "n_users": 815,
    "n_pois": 2739,
    "n_categories": 7,
    "n_hours": 24,
    "n_days": 7,
    "n_quadkeys": 76,
    "n_regions": 498,
    "quadkey_level": 10,
    "session_hours": 24,
    "min_checkins": 10
  }
}