{
  "tag": "REHDM_STL_az_hgi_5x50",
  "state": "arizona",
  "engine": "hgi",
  "run": 3,
  "seed": 45,
  "config": {
    "n_regions": 870,
    "emb_dim": 64,
    "d_model": 192,
    "n_heads": 4,
    "d_ff": 256,
    "n_hg_layers": 2,
    "dropout": 0.2,
    "beta": 0.5
  },
  "best_val_acc@10": 0.48971344599559147,
  "test": {
    "acc@1": 0.1966804979253112,
    "acc@5": 0.3763485477178423,
    "acc@10": 0.4697095435684647,
    "mrr": 0.2865440552660044,
    "n": 2410
  },
  "vocab": {
    "n_users": 1456,
    "n_pois": 5297,
    "n_regions": 870,
    "emb_dim": 64,
    "session_hours": 24,
    "min_checkins": 10,
    "engine": "hgi"
  }
}