{
  "tag": "REHDM_STL_STUDY_al_hgi_5f50ep",
  "state": "alabama",
  "engine": "hgi",
  "fold": 2,
  "config": {
    "n_regions": 1109,
    "emb_dim": 64,
    "d_model": 192,
    "n_heads": 4,
    "d_ff": 256,
    "n_hg_layers": 2,
    "dropout": 0.2,
    "beta": 0.5
  },
  "best_val_acc@10": 0.4225019669551534,
  "metrics": {
    "acc@1": 0.13532651455546812,
    "acc@5": 0.3182533438237608,
    "acc@10": 0.4225019669551534,
    "mrr": 0.22766739359809882,
    "n": 2542
  }
}