{
  "tag": "REHDM_STL_STUDY_v3_az_hgi_5f50ep",
  "state": "arizona",
  "engine": "hgi",
  "fold": 3,
  "config": {
    "n_regions": 1540,
    "emb_dim": 64,
    "d_model": 192,
    "n_heads": 4,
    "d_ff": 256,
    "n_hg_layers": 2,
    "dropout": 0.2,
    "beta": 0.5
  },
  "best_val_acc@10": 0.2869318181818182,
  "metrics": {
    "acc@1": 0.09128787878787879,
    "acc@5": 0.20946969696969697,
    "acc@10": 0.2869318181818182,
    "mrr": 0.15716359452767806,
    "n": 5280
  }
}