{
  "tag": "REHDM_STL_STUDY_az_hgi_5f50ep",
  "state": "arizona",
  "engine": "hgi",
  "fold": 2,
  "config": {
    "n_regions": 1540,
    "emb_dim": 64,
    "d_model": 192,
    "n_heads": 4,
    "d_ff": 256,
    "n_hg_layers": 2,
    "dropout": 0.2,
    "beta": 0.5
  },
  "best_val_acc@10": 0.3517711687819663,
  "metrics": {
    "acc@1": 0.15438530024625877,
    "acc@5": 0.28262928584959274,
    "acc@10": 0.3517711687819663,
    "mrr": 0.22266806623975896,
    "n": 5279
  }
}