{
  "tag": "REHDM_STL_STUDY_smoke",
  "state": "alabama",
  "engine": "check2hgi",
  "fold": 4,
  "config": {
    "n_regions": 1109,
    "emb_dim": 64,
    "d_model": 192,
    "n_heads": 4,
    "d_ff": 256,
    "n_hg_layers": 2,
    "dropout": 0.2,
    "beta": 0.5
  },
  "best_val_acc@10": 0.02833530106257379,
  "metrics": {
    "acc@1": 0.011806375442739079,
    "acc@5": 0.024399842581660763,
    "acc@10": 0.02833530106257379,
    "mrr": 0.02087820523932711,
    "n": 2541
  }
}