{
    "fold_number": 2,
    "duration": 191.37162709236145,
    "primary_checkpoint": {
        "selection_metric": "joint_score",
        "epoch": 9,
        "joint_score": 0.5427367389202118,
        "loss": 1.0772019624710083,
        "time": 154.07906198501587,
        "task_metrics": {
            "next": {
                "accuracy": 0.38670337200164795,
                "f1": 0.285627543926239
            },
            "category": {
                "accuracy": 0.834164559841156,
                "f1": 0.7998459339141846
            }
        }
    },
    "diagnostic_best_epochs": {
        "next": {
            "epoch": 10,
            "time": 161.70116806030273,
            "metrics": {
                "accuracy": 0.3713611364364624,
                "accuracy_macro": 0.27425503730773926,
                "f1": 0.28768816590309143,
                "f1_weighted": 0.35749518871307373,
                "mrr": 0.6023434996604919,
                "top3_acc": 0.7966168522834778,
                "ndcg_3": 0.6213312745094299,
                "top5_acc": 0.9291896224021912,
                "ndcg_5": 0.6762033104896545,
                "loss": 1.5851420164108276
            },
            "accuracy": 0.3713611364364624,
            "f1": 0.28768816590309143
        },
        "category": {
            "epoch": 9,
            "time": 154.20314526557922,
            "metrics": {
                "accuracy": 0.834164559841156,
                "accuracy_macro": 0.7925471067428589,
                "f1": 0.7998459339141846,
                "f1_weighted": 0.8337299823760986,
                "mrr": 0.8995071649551392,
                "top3_acc": 0.9600997567176819,
                "ndcg_3": 0.9088865518569946,
                "top5_acc": 0.9862843155860901,
                "ndcg_5": 0.919890284538269,
                "loss": 0.5654123425483704
            },
            "accuracy": 0.834164559841156,
            "f1": 0.7998459339141846
        }
    }
}