{
    "Community": {
        "precision": 0.5244956772334294,
        "recall": 0.5170454545454546,
        "f1-score": 0.5207439198855508,
        "support": 352.0
    },
    "Entertainment": {
        "precision": 0.4632352941176471,
        "recall": 0.4144736842105263,
        "f1-score": 0.4375,
        "support": 152.0
    },
    "Food": {
        "precision": 0.587467362924282,
        "recall": 0.5913272010512484,
        "f1-score": 0.5893909626719057,
        "support": 761.0
    },
    "Nightlife": {
        "precision": 0.2972972972972973,
        "recall": 0.1896551724137931,
        "f1-score": 0.23157894736842105,
        "support": 58.0
    },
    "Outdoors": {
        "precision": 0.421875,
        "recall": 0.3776223776223776,
        "f1-score": 0.3985239852398524,
        "support": 143.0
    },
    "Shopping": {
        "precision": 0.577639751552795,
        "recall": 0.6343792633015006,
        "f1-score": 0.6046814044213265,
        "support": 733.0
    },
    "Travel": {
        "precision": 0.45081967213114754,
        "recall": 0.3873239436619718,
        "f1-score": 0.4166666666666667,
        "support": 142.0
    },
    "macro avg": {
        "precision": 0.4746900078937998,
        "recall": 0.4445467281152675,
        "f1-score": 0.4570122694648176,
        "support": 2341.0
    },
    "weighted avg": {
        "precision": 0.5412621127088821,
        "recall": 0.5467748825288339,
        "f1-score": 0.5429931769915424,
        "support": 2341.0
    }
}