{
    "Community": {
        "precision": 0.35447761194029853,
        "recall": 0.4337899543378995,
        "f1-score": 0.39014373716632444,
        "support": 438.0
    },
    "Entertainment": {
        "precision": 0.1875,
        "recall": 0.08053691275167785,
        "f1-score": 0.11267605633802817,
        "support": 149.0
    },
    "Food": {
        "precision": 0.48534201954397393,
        "recall": 0.17822966507177032,
        "f1-score": 0.26071741032370954,
        "support": 836.0
    },
    "Nightlife": {
        "precision": 0.1464968152866242,
        "recall": 0.26436781609195403,
        "f1-score": 0.1885245901639344,
        "support": 87.0
    },
    "Outdoors": {
        "precision": 0.1952662721893491,
        "recall": 0.25384615384615383,
        "f1-score": 0.22073578595317725,
        "support": 130.0
    },
    "Shopping": {
        "precision": 0.3795423956931359,
        "recall": 0.43993759750390016,
        "f1-score": 0.407514450867052,
        "support": 641.0
    },
    "Travel": {
        "precision": 0.18995633187772926,
        "recall": 0.5686274509803921,
        "f1-score": 0.28477905073649756,
        "support": 153.0
    },
    "macro avg": {
        "precision": 0.27694020664730157,
        "recall": 0.3170479357976782,
        "f1-score": 0.26644158307838905,
        "support": 2434.0
    },
    "weighted avg": {
        "precision": 0.3695252486030227,
        "recall": 0.3188167625308135,
        "f1-score": 0.3104012709903358,
        "support": 2434.0
    }
}