{
  "state": "arizona",
  "folds": 5,
  "epochs": 50,
  "seed": 7,
  "input_type": "region",
  "n_regions": 1540,
  "heads": {
    "next_getnext_hard": {
      "per_fold": [
        {
          "accuracy": 0.2556818127632141,
          "accuracy_macro": 0.0846677469959721,
          "f1": 0.07015420496463776,
          "f1_weighted": 0.2168569564819336,
          "mrr": 0.3459527790546417,
          "top5_acc": 0.44109848141670227,
          "ndcg_5": 0.35187825560569763,
          "top10_acc": 0.5350378751754761,
          "ndcg_10": 0.38218021392822266,
          "best_epoch": 48,
          "per_metric_best": {
            "accuracy": {
              "accuracy": 0.25814393162727356,
              "accuracy_macro": 0.08660955627300447,
              "f1": 0.07182919979095459,
              "f1_weighted": 0.21776077151298523,
              "mrr": 0.3469705581665039,
              "top5_acc": 0.4388257563114166,
              "ndcg_5": 0.35182663798332214,
              "top10_acc": 0.5333333015441895,
              "ndcg_10": 0.38241058588027954,
              "best_epoch": 36
            },
            "top5_acc": {
              "accuracy": 0.2549242377281189,
              "accuracy_macro": 0.08395417457915344,
              "f1": 0.06916430592536926,
              "f1_weighted": 0.21459439396858215,
              "mrr": 0.34594160318374634,
              "top5_acc": 0.4428030252456665,
              "ndcg_5": 0.3525949716567993,
              "top10_acc": 0.5327651500701904,
              "ndcg_10": 0.38154593110084534,
              "best_epoch": 43
            },
            "top10_acc": {
              "accuracy": 0.2556818127632141,
              "accuracy_macro": 0.0846677469959721,
              "f1": 0.07015420496463776,
              "f1_weighted": 0.2168569564819336,
              "mrr": 0.3459527790546417,
              "top5_acc": 0.44109848141670227,
              "ndcg_5": 0.35187825560569763,
              "top10_acc": 0.5350378751754761,
              "ndcg_10": 0.38218021392822266,
              "best_epoch": 48
            },
            "mrr": {
              "accuracy": 0.2564393877983093,
              "accuracy_macro": 0.08472205913328107,
              "f1": 0.07045953720808029,
              "f1_weighted": 0.21672119200229645,
              "mrr": 0.346983939409256,
              "top5_acc": 0.44090908765792847,
              "ndcg_5": 0.3525957763195038,
              "top10_acc": 0.5340908765792847,
              "ndcg_10": 0.38270387053489685,
              "best_epoch": 46
            },
            "f1": {
              "accuracy": 0.25814393162727356,
              "accuracy_macro": 0.08660955627300447,
              "f1": 0.07182919979095459,
              "f1_weighted": 0.21776077151298523,
              "mrr": 0.3469705581665039,
              "top5_acc": 0.4388257563114166,
              "ndcg_5": 0.35182663798332214,
              "top10_acc": 0.5333333015441895,
              "ndcg_10": 0.38241058588027954,
              "best_epoch": 36
            }
          }
        },
        {
          "accuracy": 0.2608448565006256,
          "accuracy_macro": 0.09466509549122937,
          "f1": 0.07791732251644135,
          "f1_weighted": 0.2255515158176422,
          "mrr": 0.3506717085838318,
          "top5_acc": 0.440803200006485,
          "ndcg_5": 0.3554067611694336,
          "top10_acc": 0.5288880467414856,
          "ndcg_10": 0.3838423490524292,
          "best_epoch": 49,
          "per_metric_best": {
            "accuracy": {
              "accuracy": 0.2625497281551361,
              "accuracy_macro": 0.09283056247788476,
              "f1": 0.07539442926645279,
              "f1_weighted": 0.22205832600593567,
              "mrr": 0.35137444734573364,
              "top5_acc": 0.440234899520874,
              "ndcg_5": 0.35593464970588684,
              "top10_acc": 0.5243417620658875,
              "ndcg_10": 0.38316628336906433,
              "best_epoch": 35
            },
            "top5_acc": {
              "accuracy": 0.2614131569862366,
              "accuracy_macro": 0.09450978153156785,
              "f1": 0.07778239995241165,
              "f1_weighted": 0.2250480353832245,
              "mrr": 0.3510856330394745,
              "top5_acc": 0.44175034761428833,
              "ndcg_5": 0.3560125231742859,
              "top10_acc": 0.5279409289360046,
              "ndcg_10": 0.3838981091976166,
              "best_epoch": 46
            },
            "top10_acc": {
              "accuracy": 0.2608448565006256,
              "accuracy_macro": 0.09466509549122937,
              "f1": 0.07791732251644135,
              "f1_weighted": 0.2255515158176422,
              "mrr": 0.3506717085838318,
              "top5_acc": 0.440803200006485,
              "ndcg_5": 0.3554067611694336,
              "top10_acc": 0.5288880467414856,
              "ndcg_10": 0.3838423490524292,
              "best_epoch": 49
            },
            "mrr": {
              "accuracy": 0.2625497281551361,
              "accuracy_macro": 0.09283056247788476,
              "f1": 0.07539442926645279,
              "f1_weighted": 0.22205832600593567,
              "mrr": 0.35137444734573364,
              "top5_acc": 0.440234899520874,
              "ndcg_5": 0.35593464970588684,
              "top10_acc": 0.5243417620658875,
              "ndcg_10": 0.38316628336906433,
              "best_epoch": 35
            },
            "f1": {
              "accuracy": 0.2610342800617218,
              "accuracy_macro": 0.0945463101539386,
              "f1": 0.078328937292099,
              "f1_weighted": 0.2245742380619049,
              "mrr": 0.35078927874565125,
              "top5_acc": 0.4406137466430664,
              "ndcg_5": 0.3554922938346863,
              "top10_acc": 0.5269937515258789,
              "ndcg_10": 0.3834344744682312,
              "best_epoch": 43
            }
          }
        },
        {
          "accuracy": 0.27221065759658813,
          "accuracy_macro": 0.08726728870022682,
          "f1": 0.07284286618232727,
          "f1_weighted": 0.22847309708595276,
          "mrr": 0.36922338604927063,
          "top5_acc": 0.47224852442741394,
          "ndcg_5": 0.3778183162212372,
          "top10_acc": 0.5609017014503479,
          "ndcg_10": 0.40637218952178955,
          "best_epoch": 38,
          "per_metric_best": {
            "accuracy": {
              "accuracy": 0.274862676858902,
              "accuracy_macro": 0.09009990370536439,
              "f1": 0.07357977330684662,
              "f1_weighted": 0.23276472091674805,
              "mrr": 0.3695216178894043,
              "top5_acc": 0.46713393926620483,
              "ndcg_5": 0.3764069080352783,
              "top10_acc": 0.5559765100479126,
              "ndcg_10": 0.40526050329208374,
              "best_epoch": 35
            },
            "top5_acc": {
              "accuracy": 0.2725895047187805,
              "accuracy_macro": 0.08445291997843267,
              "f1": 0.07006853073835373,
              "f1_weighted": 0.22613993287086487,
              "mrr": 0.36881592869758606,
              "top5_acc": 0.4724379777908325,
              "ndcg_5": 0.3778703510761261,
              "top10_acc": 0.5559765100479126,
              "ndcg_10": 0.40488964319229126,
              "best_epoch": 34
            },
            "top10_acc": {
              "accuracy": 0.27221065759658813,
              "accuracy_macro": 0.08726728870022682,
              "f1": 0.07284286618232727,
              "f1_weighted": 0.22847309708595276,
              "mrr": 0.36922338604927063,
              "top5_acc": 0.47224852442741394,
              "ndcg_5": 0.3778183162212372,
              "top10_acc": 0.5609017014503479,
              "ndcg_10": 0.40637218952178955,
              "best_epoch": 38
            },
            "mrr": {
              "accuracy": 0.2741049528121948,
              "accuracy_macro": 0.08704168771960072,