{
  "state": "california",
  "folds": 5,
  "epochs": 50,
  "seed": 42,
  "input_type": "region",
  "n_regions": 8497,
  "heads": {
    "next_getnext_hard": {
      "per_fold": [
        {
          "accuracy": 0.3168579638004303,
          "accuracy_macro": 0.09550754404006306,
          "f1": 0.0849410817027092,
          "f1_weighted": 0.2849292755126953,
          "mrr": 0.4017496109008789,
          "top5_acc": 0.4941403567790985,
          "ndcg_5": 0.41112881898880005,
          "top10_acc": 0.5633399486541748,
          "ndcg_10": 0.43358492851257324,
          "best_epoch": 7,
          "per_metric_best": {
            "accuracy": {
              "accuracy": 0.3307039141654968,
              "accuracy_macro": 0.11676845856014936,
              "f1": 0.10578975826501846,
              "f1_weighted": 0.31331387162208557,
              "mrr": 0.4077950716018677,
              "top5_acc": 0.4930393397808075,
              "ndcg_5": 0.4169732928276062,
              "top10_acc": 0.5540489554405212,
              "ndcg_10": 0.4367453455924988,
              "best_epoch": 10
            },
            "top5_acc": {
              "accuracy": 0.3168579638004303,
              "accuracy_macro": 0.09550754404006306,
              "f1": 0.0849410817027092,
              "f1_weighted": 0.2849292755126953,
              "mrr": 0.4017496109008789,
              "top5_acc": 0.4941403567790985,
              "ndcg_5": 0.41112881898880005,
              "top10_acc": 0.5633399486541748,
              "ndcg_10": 0.43358492851257324,
              "best_epoch": 7
            },
            "top10_acc": {
              "accuracy": 0.3168579638004303,
              "accuracy_macro": 0.09550754404006306,
              "f1": 0.0849410817027092,
              "f1_weighted": 0.2849292755126953,
              "mrr": 0.4017496109008789,
              "top5_acc": 0.4941403567790985,
              "ndcg_5": 0.41112881898880005,
              "top10_acc": 0.5633399486541748,
              "ndcg_10": 0.43358492851257324,
              "best_epoch": 7
            },
            "mrr": {
              "accuracy": 0.3307039141654968,
              "accuracy_macro": 0.11676845856014936,
              "f1": 0.10578975826501846,
              "f1_weighted": 0.31331387162208557,
              "mrr": 0.4077950716018677,
              "top5_acc": 0.4930393397808075,
              "ndcg_5": 0.4169732928276062,
              "top10_acc": 0.5540489554405212,
              "ndcg_10": 0.4367453455924988,
              "best_epoch": 10
            },
            "f1": {
              "accuracy": 0.3307039141654968,
              "accuracy_macro": 0.11676845856014936,
              "f1": 0.10578975826501846,
              "f1_weighted": 0.31331387162208557,
              "mrr": 0.4077950716018677,
              "top5_acc": 0.4930393397808075,
              "ndcg_5": 0.4169732928276062,
              "top10_acc": 0.5540489554405212,
              "ndcg_10": 0.4367453455924988,
              "best_epoch": 10
            }
          }
        },
        {
          "accuracy": 0.31097161769866943,
          "accuracy_macro": 0.09456652382943144,
          "f1": 0.08472797274589539,
          "f1_weighted": 0.2833946943283081,
          "mrr": 0.3921867907047272,
          "top5_acc": 0.4801773726940155,
          "ndcg_5": 0.4007118344306946,
          "top10_acc": 0.5472918748855591,
          "ndcg_10": 0.4224337041378021,
          "best_epoch": 8,
          "per_metric_best": {
            "accuracy": {
              "accuracy": 0.3169279098510742,
              "accuracy_macro": 0.1058134413486273,
              "f1": 0.09667301923036575,
              "f1_weighted": 0.2989182770252228,
              "mrr": 0.39287716150283813,
              "top5_acc": 0.4759479761123657,
              "ndcg_5": 0.40133047103881836,
              "top10_acc": 0.5365793108940125,
              "ndcg_10": 0.4210077226161957,
              "best_epoch": 10
            },
            "top5_acc": {
              "accuracy": 0.31097161769866943,
              "accuracy_macro": 0.09456652382943144,
              "f1": 0.08472797274589539,
              "f1_weighted": 0.2833946943283081,
              "mrr": 0.3921867907047272,
              "top5_acc": 0.4801773726940155,
              "ndcg_5": 0.4007118344306946,
              "top10_acc": 0.5472918748855591,
              "ndcg_10": 0.4224337041378021,
              "best_epoch": 8
            },
            "top10_acc": {
              "accuracy": 0.31097161769866943,
              "accuracy_macro": 0.09456652382943144,
              "f1": 0.08472797274589539,
              "f1_weighted": 0.2833946943283081,
              "mrr": 0.3921867907047272,
              "top5_acc": 0.4801773726940155,
              "ndcg_5": 0.4007118344306946,
              "top10_acc": 0.5472918748855591,
              "ndcg_10": 0.4224337041378021,
              "best_epoch": 8
            },
            "mrr": {
              "accuracy": 0.3169279098510742,
              "accuracy_macro": 0.1058134413486273,
              "f1": 0.09667301923036575,
              "f1_weighted": 0.2989182770252228,
              "mrr": 0.39287716150283813,
              "top5_acc": 0.4759479761123657,
              "ndcg_5": 0.40133047103881836,
              "top10_acc": 0.5365793108940125,
              "ndcg_10": 0.4210077226161957,
              "best_epoch": 10
            },
            "f1": {
              "accuracy": 0.3169279098510742,
              "accuracy_macro": 0.1058134413486273,
              "f1": 0.09667301923036575,
              "f1_weighted": 0.2989182770252228,
              "mrr": 0.39287716150283813,
              "top5_acc": 0.4759479761123657,
              "ndcg_5": 0.40133047103881836,
              "top10_acc": 0.5365793108940125,
              "ndcg_10": 0.4210077226161957,
              "best_epoch": 10
            }
          }
        },
        {
          "accuracy": 0.30816420912742615,
          "accuracy_macro": 0.09138295116132707,
          "f1": 0.08091530203819275,
          "f1_weighted": 0.274569034576416,
          "mrr": 0.39348775148391724,
          "top5_acc": 0.4872978925704956,
          "ndcg_5": 0.4030904471874237,
          "top10_acc": 0.5572559833526611,
          "ndcg_10": 0.4257749021053314,
          "best_epoch": 7,
          "per_metric_best": {
            "accuracy": {
              "accuracy": 0.3234812617301941,
              "accuracy_macro": 0.11247786096140473,
              "f1": 0.10290892422199249,
              "f1_weighted": 0.305792897939682,
              "mrr": 0.3997391164302826,
              "top5_acc": 0.48330560326576233,
              "ndcg_5": 0.40840446949005127,
              "top10_acc": 0.5445206165313721,
              "ndcg_10": 0.42829686403274536,
              "best_epoch": 11
            },
            "top5_acc": {
              "accuracy": 0.30816420912742615,
              "accuracy_macro": 0.09138295116132707,
              "f1": 0.08091530203819275,
              "f1_weighted": 0.274569034576416,
              "mrr": 0.39348775148391724,
              "top5_acc": 0.4872978925704956,
              "ndcg_5": 0.4030904471874237,
              "top10_acc": 0.5572559833526611,
              "ndcg_10": 0.4257749021053314,
              "best_epoch": 7
            },
            "top10_acc": {
              "accuracy": 0.30816420912742615,
              "accuracy_macro": 0.09138295116132707,
              "f1": 0.08091530203819275,
              "f1_weighted": 0.274569034576416,
              "mrr": 0.39348775148391724,
              "top5_acc": 0.4872978925704956,
              "ndcg_5": 0.4030904471874237,
              "top10_acc": 0.5572559833526611,
              "ndcg_10": 0.4257749021053314,
              "best_epoch": 7
            },
            "mrr": {
              "accuracy": 0.3211258351802826,
              "accuracy_macro": 0.10691202914260843,
              "f1": 0.09629318863153458,