{
  "state": "alabama",
  "folds": 5,
  "epochs": 50,
  "seed": 42,
  "input_type": "region",
  "n_regions": 1109,
  "heads": {
    "next_getnext_hard": {
      "per_fold": [
        {
          "accuracy": 0.27970102429389954,
          "accuracy_macro": 0.10436005479707493,
          "f1": 0.08599573373794556,
          "f1_weighted": 0.23819833993911743,
          "mrr": 0.4056292176246643,
          "top5_acc": 0.5542879700660706,
          "ndcg_5": 0.42425772547721863,
          "top10_acc": 0.6589300036430359,
          "ndcg_10": 0.45825400948524475,
          "best_epoch": 17,
          "per_metric_best": {
            "accuracy": {
              "accuracy": 0.2950432598590851,
              "accuracy_macro": 0.10822738854059628,
              "f1": 0.09297294914722443,
              "f1_weighted": 0.26280462741851807,
              "mrr": 0.411965936422348,
              "top5_acc": 0.5420928597450256,
              "ndcg_5": 0.42510128021240234,
              "top10_acc": 0.6447678804397583,
              "ndcg_10": 0.4586923122406006,
              "best_epoch": 19
            },
            "top5_acc": {
              "accuracy": 0.27970102429389954,
              "accuracy_macro": 0.10436005479707493,
              "f1": 0.08599573373794556,
              "f1_weighted": 0.23819833993911743,
              "mrr": 0.4056292176246643,
              "top5_acc": 0.5542879700660706,
              "ndcg_5": 0.42425772547721863,
              "top10_acc": 0.6589300036430359,
              "ndcg_10": 0.45825400948524475,
              "best_epoch": 17
            },
            "top10_acc": {
              "accuracy": 0.27970102429389954,
              "accuracy_macro": 0.10436005479707493,
              "f1": 0.08599573373794556,
              "f1_weighted": 0.23819833993911743,
              "mrr": 0.4056292176246643,
              "top5_acc": 0.5542879700660706,
              "ndcg_5": 0.42425772547721863,
              "top10_acc": 0.6589300036430359,
              "ndcg_10": 0.45825400948524475,
              "best_epoch": 17
            },
            "mrr": {
              "accuracy": 0.29189613461494446,
              "accuracy_macro": 0.09823681617194997,
              "f1": 0.08586607873439789,
              "f1_weighted": 0.2596856355667114,
              "mrr": 0.4129330813884735,
              "top5_acc": 0.5479937195777893,
              "ndcg_5": 0.4282441735267639,
              "top10_acc": 0.6498819589614868,
              "ndcg_10": 0.46117740869522095,
              "best_epoch": 22
            },
            "f1": {
              "accuracy": 0.2911093533039093,
              "accuracy_macro": 0.10910930844690526,
              "f1": 0.09464168548583984,
              "f1_weighted": 0.2710191607475281,
              "mrr": 0.40935322642326355,
              "top5_acc": 0.543666422367096,
              "ndcg_5": 0.42429324984550476,
              "top10_acc": 0.6443744897842407,
              "ndcg_10": 0.45702043175697327,
              "best_epoch": 31
            }
          }
        },
        {
          "accuracy": 0.24311566352844238,
          "accuracy_macro": 0.08728691736857096,
          "f1": 0.06803978979587555,
          "f1_weighted": 0.1981504261493683,
          "mrr": 0.36634987592697144,
          "top5_acc": 0.48859167098999023,
          "ndcg_5": 0.3749316334724426,
          "top10_acc": 0.6160503625869751,
          "ndcg_10": 0.4162333905696869,
          "best_epoch": 16,
          "per_metric_best": {
            "accuracy": {
              "accuracy": 0.25295042991638184,
              "accuracy_macro": 0.09460978507995606,
              "f1": 0.07559000700712204,
              "f1_weighted": 0.20857550203800201,
              "mrr": 0.3683926463127136,
              "top5_acc": 0.4905586242675781,
              "ndcg_5": 0.37755632400512695,
              "top10_acc": 0.6066089868545532,
              "ndcg_10": 0.41491544246673584,
              "best_epoch": 15
            },
            "top5_acc": {
              "accuracy": 0.24586939811706543,
              "accuracy_macro": 0.09669783807569934,
              "f1": 0.07854180783033371,
              "f1_weighted": 0.20927020907402039,
              "mrr": 0.3642882704734802,
              "top5_acc": 0.49370574951171875,
              "ndcg_5": 0.37506103515625,
              "top10_acc": 0.6113296747207642,
              "ndcg_10": 0.4131894111633301,
              "best_epoch": 19
            },
            "top10_acc": {
              "accuracy": 0.24311566352844238,
              "accuracy_macro": 0.08728691736857096,
              "f1": 0.06803978979587555,
              "f1_weighted": 0.1981504261493683,
              "mrr": 0.36634987592697144,
              "top5_acc": 0.48859167098999023,
              "ndcg_5": 0.3749316334724426,
              "top10_acc": 0.6160503625869751,
              "ndcg_10": 0.4162333905696869,
              "best_epoch": 16
            },
            "mrr": {
              "accuracy": 0.2517702579498291,
              "accuracy_macro": 0.09414256842323472,
              "f1": 0.07508474588394165,
              "f1_weighted": 0.21195876598358154,
              "mrr": 0.3700076937675476,
              "top5_acc": 0.4929189682006836,
              "ndcg_5": 0.3787166476249695,
              "top10_acc": 0.6109362840652466,
              "ndcg_10": 0.41709187626838684,
              "best_epoch": 22
            },
            "f1": {
              "accuracy": 0.24075530469417572,
              "accuracy_macro": 0.09921136276215942,
              "f1": 0.08796116709709167,
              "f1_weighted": 0.21797798573970795,
              "mrr": 0.3520203232765198,
              "top5_acc": 0.4712824523448944,
              "ndcg_5": 0.36022189259529114,
              "top10_acc": 0.5877261757850647,
              "ndcg_10": 0.3978295624256134,
              "best_epoch": 44
            }
          }
        },
        {
          "accuracy": 0.263965368270874,
          "accuracy_macro": 0.11512327194213867,
          "f1": 0.0924883484840393,
          "f1_weighted": 0.2220057249069214,
          "mrr": 0.38988861441612244,
          "top5_acc": 0.5287175178527832,
          "ndcg_5": 0.403801292181015,
          "top10_acc": 0.6502753496170044,
          "ndcg_10": 0.4432472884654999,
          "best_epoch": 18,
          "per_metric_best": {
            "accuracy": {
              "accuracy": 0.263965368270874,
              "accuracy_macro": 0.11512327194213867,
              "f1": 0.0924883484840393,
              "f1_weighted": 0.2220057249069214,
              "mrr": 0.38988861441612244,
              "top5_acc": 0.5287175178527832,
              "ndcg_5": 0.403801292181015,
              "top10_acc": 0.6502753496170044,
              "ndcg_10": 0.4432472884654999,
              "best_epoch": 18
            },
            "top5_acc": {
              "accuracy": 0.25649094581604004,
              "accuracy_macro": 0.11237363117497141,
              "f1": 0.08746355026960373,
              "f1_weighted": 0.20945928990840912,
              "mrr": 0.38611161708831787,
              "top5_acc": 0.5342250466346741,
              "ndcg_5": 0.4033482074737549,
              "top10_acc": 0.6388670206069946,
              "ndcg_10": 0.437396377325058,
              "best_epoch": 17
            },
            "top10_acc": {
              "accuracy": 0.263965368270874,
              "accuracy_macro": 0.11512327194213867,
              "f1": 0.0924883484840393,
              "f1_weighted": 0.2220057249069214,
              "mrr": 0.38988861441612244,
              "top5_acc": 0.5287175178527832,
              "ndcg_5": 0.403801292181015,
              "top10_acc": 0.6502753496170044,
              "ndcg_10": 0.4432472884654999,
              "best_epoch": 18
            },
            "mrr": {
              "accuracy": 0.263965368270874,
              "accuracy_macro": 0.11512327194213867,