{
  "state": "arizona",
  "folds": 5,
  "epochs": 50,
  "seed": 42,
  "input_type": "region",
  "n_regions": 1540,
  "heads": {
    "next_gru": {
      "per_fold": [
        {
          "accuracy": 0.24299243092536926,
          "accuracy_macro": 0.07517413384783131,
          "f1": 0.06494805961847305,
          "f1_weighted": 0.20220664143562317,
          "mrr": 0.328649640083313,
          "top5_acc": 0.41306817531585693,
          "ndcg_5": 0.332382470369339,
          "top10_acc": 0.4992424249649048,
          "ndcg_10": 0.3601616621017456,
          "best_epoch": 45
        },
        {
          "accuracy": 0.24152301251888275,
          "accuracy_macro": 0.0725354986675715,
          "f1": 0.0635603591799736,
          "f1_weighted": 0.19771736860275269,
          "mrr": 0.32652580738067627,
          "top5_acc": 0.4086001217365265,
          "ndcg_5": 0.3297038972377777,
          "top10_acc": 0.49232807755470276,
          "ndcg_10": 0.35683509707450867,
          "best_epoch": 50
        },
        {
          "accuracy": 0.25042620301246643,
          "accuracy_macro": 0.07654380281443195,
          "f1": 0.06608375906944275,
          "f1_weighted": 0.20353546738624573,
          "mrr": 0.33985236287117004,
          "top5_acc": 0.42943739891052246,
          "ndcg_5": 0.3446527421474457,
          "top10_acc": 0.5154385566711426,
          "ndcg_10": 0.3725866675376892,
          "best_epoch": 49
        }
      ],
      "config": {
        "max_lr": 0.003,
        "label_smoothing": 0.0,
        "input_layernorm": false,
        "overrides": {},
        "input_type": "region"
      }
    }
  }
}