{
  "state": "arizona",
  "folds": 5,
  "epochs": 50,
  "seed": 42,
  "input_type": "region",
  "n_regions": 1540,
  "heads": {
    "next_getnext_hard": {
      "per_fold": [
        {
          "accuracy": 0.2281598448753357,
          "accuracy_macro": 0.06684814023849604,
          "f1": 0.05723949149250984,
          "f1_weighted": 0.18619175255298615,
          "mrr": 0.3131762742996216,
          "top5_acc": 0.38940519094467163,
          "ndcg_5": 0.31382763385772705,
          "top10_acc": 0.47839218378067017,
          "ndcg_10": 0.34241726994514465,
          "best_epoch": 18,
          "per_metric_best": {
            "accuracy": {
              "accuracy": 0.2353624552488327,
              "accuracy_macro": 0.07865579854902176,
              "f1": 0.06583543866872787,
              "f1_weighted": 0.2046857327222824,
              "mrr": 0.31772229075431824,
              "top5_acc": 0.39823418855667114,
              "ndcg_5": 0.3209967315196991,
              "top10_acc": 0.473280668258667,
              "ndcg_10": 0.3451554477214813,
              "best_epoch": 22
            },
            "top5_acc": {
              "accuracy": 0.22630111873149872,
              "accuracy_macro": 0.06557683700170272,
              "f1": 0.05499740317463875,
              "f1_weighted": 0.18708208203315735,
              "mrr": 0.31165385246276855,
              "top5_acc": 0.3986988663673401,
              "ndcg_5": 0.31626296043395996,
              "top10_acc": 0.4725836515426636,
              "ndcg_10": 0.3400959372520447,
              "best_epoch": 16
            },
            "top10_acc": {
              "accuracy": 0.2281598448753357,
              "accuracy_macro": 0.06684814023849604,
              "f1": 0.05723949149250984,
              "f1_weighted": 0.18619175255298615,
              "mrr": 0.3131762742996216,
              "top5_acc": 0.38940519094467163,
              "ndcg_5": 0.31382763385772705,
              "top10_acc": 0.47839218378067017,
              "ndcg_10": 0.34241726994514465,
              "best_epoch": 18
            },
            "mrr": {
              "accuracy": 0.2353624552488327,
              "accuracy_macro": 0.07865579854902176,
              "f1": 0.06583543866872787,
              "f1_weighted": 0.2046857327222824,
              "mrr": 0.31772229075431824,
              "top5_acc": 0.39823418855667114,
              "ndcg_5": 0.3209967315196991,
              "top10_acc": 0.473280668258667,
              "ndcg_10": 0.3451554477214813,
              "best_epoch": 22
            },
            "f1": {
              "accuracy": 0.23164497315883636,
              "accuracy_macro": 0.07781024630978811,
              "f1": 0.06799757480621338,
              "f1_weighted": 0.2086470127105713,
              "mrr": 0.31189197301864624,
              "top5_acc": 0.39079925417900085,
              "ndcg_5": 0.3149193525314331,
              "top10_acc": 0.46212825179100037,
              "ndcg_10": 0.3378772437572479,
              "best_epoch": 29
            }
          }
        },
        {
          "accuracy": 0.21321694552898407,
          "accuracy_macro": 0.05318284597456085,
          "f1": 0.041834376752376556,
          "f1_weighted": 0.16017499566078186,
          "mrr": 0.30726754665374756,
          "top5_acc": 0.4047025144100189,
          "ndcg_5": 0.31366845965385437,
          "top10_acc": 0.4930530786514282,
          "ndcg_10": 0.34224992990493774,
          "best_epoch": 14,
          "per_metric_best": {
            "accuracy": {
              "accuracy": 0.2328108251094818,
              "accuracy_macro": 0.07131358494427914,
              "f1": 0.0636664554476738,
              "f1_weighted": 0.20416295528411865,
              "mrr": 0.31733572483062744,
              "top5_acc": 0.4011400043964386,
              "ndcg_5": 0.3210195302963257,
              "top10_acc": 0.48200926184654236,
              "ndcg_10": 0.347085565328598,
              "best_epoch": 33
            },
            "top5_acc": {
              "accuracy": 0.2292483001947403,
              "accuracy_macro": 0.07185446346507353,
              "f1": 0.062345247715711594,
              "f1_weighted": 0.19019195437431335,
              "mrr": 0.3187803328037262,
              "top5_acc": 0.4104025661945343,
              "ndcg_5": 0.32425832748413086,
              "top10_acc": 0.4923405647277832,
              "ndcg_10": 0.35075148940086365,
              "best_epoch": 20
            },
            "top10_acc": {
              "accuracy": 0.21321694552898407,
              "accuracy_macro": 0.05318284597456085,
              "f1": 0.041834376752376556,
              "f1_weighted": 0.16017499566078186,
              "mrr": 0.30726754665374756,
              "top5_acc": 0.4047025144100189,
              "ndcg_5": 0.31366845965385437,
              "top10_acc": 0.4930530786514282,
              "ndcg_10": 0.34224992990493774,
              "best_epoch": 14
            },
            "mrr": {
              "accuracy": 0.2312076836824417,
              "accuracy_macro": 0.07221965854597254,
              "f1": 0.06240958347916603,
              "f1_weighted": 0.20106877386569977,
              "mrr": 0.32037267088890076,
              "top5_acc": 0.4104025661945343,
              "ndcg_5": 0.32587897777557373,
              "top10_acc": 0.4875311553478241,
              "ndcg_10": 0.35085800290107727,
              "best_epoch": 27
            },
            "f1": {
              "accuracy": 0.2312076836824417,
              "accuracy_macro": 0.07398448725250896,
              "f1": 0.06643515080213547,
              "f1_weighted": 0.20535744726657867,
              "mrr": 0.3178769648075104,
              "top5_acc": 0.40185248851776123,
              "ndcg_5": 0.3216463625431061,
              "top10_acc": 0.48343425989151,
              "ndcg_10": 0.34789830446243286,
              "best_epoch": 30
            }
          }
        },
        {
          "accuracy": 0.23973862826824188,
          "accuracy_macro": 0.07673928450144164,
          "f1": 0.06081200763583183,
          "f1_weighted": 0.19691941142082214,
          "mrr": 0.32821136713027954,
          "top5_acc": 0.4186236560344696,
          "ndcg_5": 0.33366236090660095,
          "top10_acc": 0.5019399523735046,
          "ndcg_10": 0.3606095612049103,
          "best_epoch": 22,
          "per_metric_best": {
            "accuracy": {
              "accuracy": 0.2411680668592453,
              "accuracy_macro": 0.08012937888120994,
              "f1": 0.06710180640220642,
              "f1_weighted": 0.20571768283843994,
              "mrr": 0.32701945304870605,
              "top5_acc": 0.41127222776412964,
              "ndcg_5": 0.33117425441741943,
              "top10_acc": 0.49315908551216125,
              "ndcg_10": 0.35755741596221924,
              "best_epoch": 23
            },
            "top5_acc": {
              "accuracy": 0.23973862826824188,
              "accuracy_macro": 0.07673928450144164,
              "f1": 0.06081200763583183,
              "f1_weighted": 0.19691941142082214,
              "mrr": 0.32821136713027954,
              "top5_acc": 0.4186236560344696,
              "ndcg_5": 0.33366236090660095,
              "top10_acc": 0.5019399523735046,
              "ndcg_10": 0.3606095612049103,
              "best_epoch": 22
            },
            "top10_acc": {
              "accuracy": 0.23973862826824188,
              "accuracy_macro": 0.07673928450144164,
              "f1": 0.06081200763583183,
              "f1_weighted": 0.19691941142082214,
              "mrr": 0.32821136713027954,
              "top5_acc": 0.4186236560344696,
              "ndcg_5": 0.33366236090660095,
              "top10_acc": 0.5019399523735046,
              "ndcg_10": 0.3606095612049103,
              "best_epoch": 22
            },
            "mrr": {
              "accuracy": 0.23973862826824188,