{
  "state": "arizona",
  "folds": 5,
  "epochs": 50,
  "seed": 42,
  "input_type": "region",
  "n_regions": 1540,
  "heads": {
    "next_getnext_hard": {
      "per_fold": [
        {
          "accuracy": 0.23806817829608917,
          "accuracy_macro": 0.07528156471485328,
          "f1": 0.06393004208803177,
          "f1_weighted": 0.18776103854179382,
          "mrr": 0.32634419202804565,
          "top5_acc": 0.41818180680274963,
          "ndcg_5": 0.33295702934265137,
          "top10_acc": 0.49678030610084534,
          "ndcg_10": 0.35812681913375854,
          "best_epoch": 21,
          "per_metric_best": {
            "accuracy": {
              "accuracy": 0.2494318187236786,
              "accuracy_macro": 0.07540154890580611,
              "f1": 0.0657782331109047,
              "f1_weighted": 0.22189642488956451,
              "mrr": 0.33270642161369324,
              "top5_acc": 0.4166666567325592,
              "ndcg_5": 0.33742088079452515,
              "top10_acc": 0.4899621307849884,
              "ndcg_10": 0.36114442348480225,
              "best_epoch": 34
            },
            "top5_acc": {
              "accuracy": 0.24753788113594055,
              "accuracy_macro": 0.07706048605325339,
              "f1": 0.06600512564182281,
              "f1_weighted": 0.20842695236206055,
              "mrr": 0.33462417125701904,
              "top5_acc": 0.42405304312705994,
              "ndcg_5": 0.34116265177726746,
              "top10_acc": 0.49299243092536926,
              "ndcg_10": 0.36333680152893066,
              "best_epoch": 28
            },
            "top10_acc": {
              "accuracy": 0.23806817829608917,
              "accuracy_macro": 0.07528156471485328,
              "f1": 0.06393004208803177,
              "f1_weighted": 0.18776103854179382,
              "mrr": 0.32634419202804565,
              "top5_acc": 0.41818180680274963,
              "ndcg_5": 0.33295702934265137,
              "top10_acc": 0.49678030610084534,
              "ndcg_10": 0.35812681913375854,
              "best_epoch": 21
            },
            "mrr": {
              "accuracy": 0.24753788113594055,
              "accuracy_macro": 0.07706048605325339,
              "f1": 0.06600512564182281,
              "f1_weighted": 0.20842695236206055,
              "mrr": 0.33462417125701904,
              "top5_acc": 0.42405304312705994,
              "ndcg_5": 0.34116265177726746,
              "top10_acc": 0.49299243092536926,
              "ndcg_10": 0.36333680152893066,
              "best_epoch": 28
            },
            "f1": {
              "accuracy": 0.24791666865348816,
              "accuracy_macro": 0.07506524447737069,
              "f1": 0.06711401045322418,
              "f1_weighted": 0.21594743430614471,
              "mrr": 0.3330436944961548,
              "top5_acc": 0.4172348380088806,
              "ndcg_5": 0.33770397305488586,
              "top10_acc": 0.4952651560306549,
              "ndcg_10": 0.36291074752807617,
              "best_epoch": 29
            }
          }
        },
        {
          "accuracy": 0.26387572288513184,
          "accuracy_macro": 0.08423883233340715,
          "f1": 0.07262352854013443,
          "f1_weighted": 0.2202509492635727,
          "mrr": 0.34749090671539307,
          "top5_acc": 0.4322788417339325,
          "ndcg_5": 0.35338208079338074,
          "top10_acc": 0.5002841353416443,
          "ndcg_10": 0.3753329813480377,
          "best_epoch": 27,
          "per_metric_best": {
            "accuracy": {
              "accuracy": 0.26539117097854614,
              "accuracy_macro": 0.08744426908947173,
              "f1": 0.07425923645496368,
              "f1_weighted": 0.227066770195961,
              "mrr": 0.34689927101135254,
              "top5_acc": 0.4290585219860077,
              "ndcg_5": 0.3518293499946594,
              "top10_acc": 0.49914756417274475,
              "ndcg_10": 0.3744390606880188,
              "best_epoch": 26
            },
            "top5_acc": {
              "accuracy": 0.26387572288513184,
              "accuracy_macro": 0.08423883233340715,
              "f1": 0.07262352854013443,
              "f1_weighted": 0.2202509492635727,
              "mrr": 0.34749090671539307,
              "top5_acc": 0.4322788417339325,
              "ndcg_5": 0.35338208079338074,
              "top10_acc": 0.5002841353416443,
              "ndcg_10": 0.3753329813480377,
              "best_epoch": 27
            },
            "top10_acc": {
              "accuracy": 0.26387572288513184,
              "accuracy_macro": 0.08423883233340715,
              "f1": 0.07262352854013443,
              "f1_weighted": 0.2202509492635727,
              "mrr": 0.34749090671539307,
              "top5_acc": 0.4322788417339325,
              "ndcg_5": 0.35338208079338074,
              "top10_acc": 0.5002841353416443,
              "ndcg_10": 0.3753329813480377,
              "best_epoch": 27
            },
            "mrr": {
              "accuracy": 0.26387572288513184,
              "accuracy_macro": 0.08423883233340715,
              "f1": 0.07262352854013443,
              "f1_weighted": 0.2202509492635727,
              "mrr": 0.34749090671539307,
              "top5_acc": 0.4322788417339325,
              "ndcg_5": 0.35338208079338074,
              "top10_acc": 0.5002841353416443,
              "ndcg_10": 0.3753329813480377,
              "best_epoch": 27
            },
            "f1": {
              "accuracy": 0.25648796558380127,
              "accuracy_macro": 0.08741247487622639,
              "f1": 0.07912290096282959,
              "f1_weighted": 0.2296295166015625,
              "mrr": 0.3393899202346802,
              "top5_acc": 0.4207236170768738,
              "ndcg_5": 0.34362268447875977,
              "top10_acc": 0.49403294920921326,
              "ndcg_10": 0.36747705936431885,
              "best_epoch": 37
            }
          }
        },
        {
          "accuracy": 0.25989770889282227,
          "accuracy_macro": 0.0769231011977741,
          "f1": 0.06367389857769012,
          "f1_weighted": 0.2183140069246292,
          "mrr": 0.349912166595459,
          "top5_acc": 0.4404243230819702,
          "ndcg_5": 0.3564155697822571,
          "top10_acc": 0.519227147102356,
          "ndcg_10": 0.38189762830734253,
          "best_epoch": 27,
          "per_metric_best": {
            "accuracy": {
              "accuracy": 0.2741049528121948,
              "accuracy_macro": 0.08381651006817248,
              "f1": 0.07179699838161469,
              "f1_weighted": 0.24203482270240784,
              "mrr": 0.3580321669578552,
              "top5_acc": 0.4404243230819702,
              "ndcg_5": 0.3627740144729614,
              "top10_acc": 0.5144913792610168,
              "ndcg_10": 0.38675838708877563,
              "best_epoch": 33
            },
            "top5_acc": {
              "accuracy": 0.27050578594207764,
              "accuracy_macro": 0.0835671830094041,
              "f1": 0.07376985251903534,
              "f1_weighted": 0.24064278602600098,
              "mrr": 0.3550879657268524,
              "top5_acc": 0.44307634234428406,
              "ndcg_5": 0.36185720562934875,
              "top10_acc": 0.508997917175293,
              "ndcg_10": 0.3832021951675415,
              "best_epoch": 47
            },
            "top10_acc": {
              "accuracy": 0.25989770889282227,
              "accuracy_macro": 0.0769231011977741,
              "f1": 0.06367389857769012,
              "f1_weighted": 0.2183140069246292,
              "mrr": 0.349912166595459,
              "top5_acc": 0.4404243230819702,
              "ndcg_5": 0.3564155697822571,
              "top10_acc": 0.519227147102356,
              "ndcg_10": 0.38189762830734253,
              "best_epoch": 27
            },
            "mrr": {
              "accuracy": 0.2741049528121948,