{
  "state": "alabama",
  "folds": 5,
  "epochs": 50,
  "seed": 42,
  "input_type": "region",
  "n_regions": 1109,
  "heads": {
    "next_getnext_hard": {
      "per_fold": [
        {
          "accuracy": 0.2871754467487335,
          "accuracy_macro": 0.10183335074437411,
          "f1": 0.08555211126804352,
          "f1_weighted": 0.2568717300891876,
          "mrr": 0.41281259059906006,
          "top5_acc": 0.5519276261329651,
          "ndcg_5": 0.42870134115219116,
          "top10_acc": 0.6601101756095886,
          "ndcg_10": 0.46386536955833435,
          "best_epoch": 23,
          "per_metric_best": {
            "accuracy": {
              "accuracy": 0.29189613461494446,
              "accuracy_macro": 0.10748303077908844,
              "f1": 0.0837102085351944,
              "f1_weighted": 0.248965784907341,
              "mrr": 0.41316157579421997,
              "top5_acc": 0.5519276261329651,
              "ndcg_5": 0.4299127161502838,
              "top10_acc": 0.6510621309280396,
              "ndcg_10": 0.4622020125389099,
              "best_epoch": 14
            },
            "top5_acc": {
              "accuracy": 0.274586945772171,
              "accuracy_macro": 0.10178279502719056,
              "f1": 0.08075134456157684,
              "f1_weighted": 0.231019526720047,
              "mrr": 0.4051467180252075,
              "top5_acc": 0.5570417046546936,
              "ndcg_5": 0.4249328076839447,
              "top10_acc": 0.6585366129875183,
              "ndcg_10": 0.4575856029987335,
              "best_epoch": 17
            },
            "top10_acc": {
              "accuracy": 0.2871754467487335,
              "accuracy_macro": 0.10183335074437411,
              "f1": 0.08555211126804352,
              "f1_weighted": 0.2568717300891876,
              "mrr": 0.41281259059906006,
              "top5_acc": 0.5519276261329651,
              "ndcg_5": 0.42870134115219116,
              "top10_acc": 0.6601101756095886,
              "ndcg_10": 0.46386536955833435,
              "best_epoch": 23
            },
            "mrr": {
              "accuracy": 0.29189613461494446,
              "accuracy_macro": 0.10748303077908844,
              "f1": 0.0837102085351944,
              "f1_weighted": 0.248965784907341,
              "mrr": 0.41316157579421997,
              "top5_acc": 0.5519276261329651,
              "ndcg_5": 0.4299127161502838,
              "top10_acc": 0.6510621309280396,
              "ndcg_10": 0.4622020125389099,
              "best_epoch": 14
            },
            "f1": {
              "accuracy": 0.2800944149494171,
              "accuracy_macro": 0.1066458524950897,
              "f1": 0.09407932311296463,
              "f1_weighted": 0.259427934885025,
              "mrr": 0.40440040826797485,
              "top5_acc": 0.5409126877784729,
              "ndcg_5": 0.41870933771133423,
              "top10_acc": 0.6538158655166626,
              "ndcg_10": 0.45575156807899475,
              "best_epoch": 29
            }
          }
        },
        {
          "accuracy": 0.246262788772583,
          "accuracy_macro": 0.09113311767578125,
          "f1": 0.0714312419295311,
          "f1_weighted": 0.1992686688899994,
          "mrr": 0.3661423325538635,
          "top5_acc": 0.49370574951171875,
          "ndcg_5": 0.3761104941368103,
          "top10_acc": 0.6184107065200806,
          "ndcg_10": 0.4164153039455414,
          "best_epoch": 18,
          "per_metric_best": {
            "accuracy": {
              "accuracy": 0.246262788772583,
              "accuracy_macro": 0.09113311767578125,
              "f1": 0.0714312419295311,
              "f1_weighted": 0.1992686688899994,
              "mrr": 0.3661423325538635,
              "top5_acc": 0.49370574951171875,
              "ndcg_5": 0.3761104941368103,
              "top10_acc": 0.6184107065200806,
              "ndcg_10": 0.4164153039455414,
              "best_epoch": 18
            },
            "top5_acc": {
              "accuracy": 0.24390244483947754,
              "accuracy_macro": 0.09156326541552437,
              "f1": 0.07362508773803711,
              "f1_weighted": 0.20526370406150818,
              "mrr": 0.36508703231811523,
              "top5_acc": 0.4996066093444824,
              "ndcg_5": 0.377547025680542,
              "top10_acc": 0.6152635812759399,
              "ndcg_10": 0.41494089365005493,
              "best_epoch": 22
            },
            "top10_acc": {
              "accuracy": 0.246262788772583,
              "accuracy_macro": 0.09113311767578125,
              "f1": 0.0714312419295311,
              "f1_weighted": 0.1992686688899994,
              "mrr": 0.3661423325538635,
              "top5_acc": 0.49370574951171875,
              "ndcg_5": 0.3761104941368103,
              "top10_acc": 0.6184107065200806,
              "ndcg_10": 0.4164153039455414,
              "best_epoch": 18
            },
            "mrr": {
              "accuracy": 0.24586939811706543,
              "accuracy_macro": 0.08889261356070022,
              "f1": 0.0684739202260971,
              "f1_weighted": 0.20376022160053253,
              "mrr": 0.36750373244285583,
              "top5_acc": 0.49527931213378906,
              "ndcg_5": 0.3781758248806,
              "top10_acc": 0.6117230653762817,
              "ndcg_10": 0.4159768223762512,
              "best_epoch": 17
            },
            "f1": {
              "accuracy": 0.22934697568416595,
              "accuracy_macro": 0.09133500775087226,
              "f1": 0.0814303457736969,
              "f1_weighted": 0.2061259150505066,
              "mrr": 0.34772226214408875,
              "top5_acc": 0.47049567103385925,
              "ndcg_5": 0.35598984360694885,
              "top10_acc": 0.5900865197181702,
              "ndcg_10": 0.39464080333709717,
              "best_epoch": 37
            }
          }
        },
        {
          "accuracy": 0.26003146171569824,
          "accuracy_macro": 0.10035084978339558,
          "f1": 0.07792310416698456,
          "f1_weighted": 0.20506766438484192,
          "mrr": 0.389126718044281,
          "top5_acc": 0.5330448746681213,
          "ndcg_5": 0.4051010310649872,
          "top10_acc": 0.6510621309280396,
          "ndcg_10": 0.44341835379600525,
          "best_epoch": 13,
          "per_metric_best": {
            "accuracy": {
              "accuracy": 0.2714398205280304,
              "accuracy_macro": 0.10485928957579566,
              "f1": 0.08313342928886414,
              "f1_weighted": 0.22064870595932007,
              "mrr": 0.3959774971008301,
              "top5_acc": 0.5346184372901917,
              "ndcg_5": 0.4105168879032135,
              "top10_acc": 0.645948052406311,
              "ndcg_10": 0.44694754481315613,
              "best_epoch": 14
            },
            "top5_acc": {
              "accuracy": 0.2604248523712158,
              "accuracy_macro": 0.11260992383200025,
              "f1": 0.09160753339529037,
              "f1_weighted": 0.22220760583877563,
              "mrr": 0.39056551456451416,
              "top5_acc": 0.5369787812232971,
              "ndcg_5": 0.4076082706451416,
              "top10_acc": 0.6420141458511353,
              "ndcg_10": 0.44171109795570374,
              "best_epoch": 19
            },
            "top10_acc": {
              "accuracy": 0.26003146171569824,
              "accuracy_macro": 0.10035084978339558,
              "f1": 0.07792310416698456,
              "f1_weighted": 0.20506766438484192,
              "mrr": 0.389126718044281,
              "top5_acc": 0.5330448746681213,
              "ndcg_5": 0.4051010310649872,
              "top10_acc": 0.6510621309280396,
              "ndcg_10": 0.44341835379600525,
              "best_epoch": 13
            },
            "mrr": {
              "accuracy": 0.2714398205280304,
              "accuracy_macro": 0.10485928957579566,