{
  "state": "arizona",
  "folds": 5,
  "epochs": 50,
  "seed": 100,
  "input_type": "region",
  "n_regions": 1540,
  "heads": {
    "next_getnext_hard": {
      "per_fold": [
        {
          "accuracy": 0.25359848141670227,
          "accuracy_macro": 0.0744494558750898,
          "f1": 0.06367885321378708,
          "f1_weighted": 0.21270427107810974,
          "mrr": 0.34839001297950745,
          "top5_acc": 0.4518939256668091,
          "ndcg_5": 0.35697686672210693,
          "top10_acc": 0.5374999642372131,
          "ndcg_10": 0.3846433460712433,
          "best_epoch": 41,
          "per_metric_best": {
            "accuracy": {
              "accuracy": 0.25700756907463074,
              "accuracy_macro": 0.07919089215683019,
              "f1": 0.06738483160734177,
              "f1_weighted": 0.21884357929229736,
              "mrr": 0.34979939460754395,
              "top5_acc": 0.45454543828964233,
              "ndcg_5": 0.3589223027229309,
              "top10_acc": 0.5354166626930237,
              "ndcg_10": 0.3851073086261749,
              "best_epoch": 42
            },
            "top5_acc": {
              "accuracy": 0.25700756907463074,
              "accuracy_macro": 0.07919089215683019,
              "f1": 0.06738483160734177,
              "f1_weighted": 0.21884357929229736,
              "mrr": 0.34979939460754395,
              "top5_acc": 0.45454543828964233,
              "ndcg_5": 0.3589223027229309,
              "top10_acc": 0.5354166626930237,
              "ndcg_10": 0.3851073086261749,
              "best_epoch": 42
            },
            "top10_acc": {
              "accuracy": 0.25359848141670227,
              "accuracy_macro": 0.0744494558750898,
              "f1": 0.06367885321378708,
              "f1_weighted": 0.21270427107810974,
              "mrr": 0.34839001297950745,
              "top5_acc": 0.4518939256668091,
              "ndcg_5": 0.35697686672210693,
              "top10_acc": 0.5374999642372131,
              "ndcg_10": 0.3846433460712433,
              "best_epoch": 41
            },
            "mrr": {
              "accuracy": 0.2564393877983093,
              "accuracy_macro": 0.07734861828031994,
              "f1": 0.06559503823518753,
              "f1_weighted": 0.21674326062202454,
              "mrr": 0.349946528673172,
              "top5_acc": 0.45056816935539246,
              "ndcg_5": 0.3576109707355499,
              "top10_acc": 0.5357954502105713,
              "ndcg_10": 0.38529711961746216,
              "best_epoch": 44
            },
            "f1": {
              "accuracy": 0.25700756907463074,
              "accuracy_macro": 0.07919089215683019,
              "f1": 0.06738483160734177,
              "f1_weighted": 0.21884357929229736,
              "mrr": 0.34979939460754395,
              "top5_acc": 0.45454543828964233,
              "ndcg_5": 0.3589223027229309,
              "top10_acc": 0.5354166626930237,
              "ndcg_10": 0.3851073086261749,
              "best_epoch": 42
            }
          }
        },
        {
          "accuracy": 0.24284902215003967,
          "accuracy_macro": 0.08176016609110248,
          "f1": 0.06920845806598663,
          "f1_weighted": 0.20501896739006042,
          "mrr": 0.33557847142219543,
          "top5_acc": 0.42754310369491577,
          "ndcg_5": 0.3408263623714447,
          "top10_acc": 0.5160068273544312,
          "ndcg_10": 0.36930444836616516,
          "best_epoch": 46,
          "per_metric_best": {
            "accuracy": {
              "accuracy": 0.2491002082824707,
              "accuracy_macro": 0.08377992550056138,
              "f1": 0.07027677446603775,
              "f1_weighted": 0.20631958544254303,
              "mrr": 0.33843448758125305,
              "top5_acc": 0.42489108443260193,
              "ndcg_5": 0.342174232006073,
              "top10_acc": 0.5110816359519958,
              "ndcg_10": 0.3699895739555359,
              "best_epoch": 36
            },
            "top5_acc": {
              "accuracy": 0.24550104141235352,
              "accuracy_macro": 0.08250744075365453,
              "f1": 0.06864502280950546,
              "f1_weighted": 0.2048795223236084,
              "mrr": 0.3371551036834717,
              "top5_acc": 0.42924797534942627,
              "ndcg_5": 0.34278279542922974,
              "top10_acc": 0.5141125321388245,
              "ndcg_10": 0.37006670236587524,
              "best_epoch": 38
            },
            "top10_acc": {
              "accuracy": 0.24284902215003967,
              "accuracy_macro": 0.08176016609110248,
              "f1": 0.06920845806598663,
              "f1_weighted": 0.20501896739006042,
              "mrr": 0.33557847142219543,
              "top5_acc": 0.42754310369491577,
              "ndcg_5": 0.3408263623714447,
              "top10_acc": 0.5160068273544312,
              "ndcg_10": 0.36930444836616516,
              "best_epoch": 46
            },
            "mrr": {
              "accuracy": 0.2491002082824707,
              "accuracy_macro": 0.08377992550056138,
              "f1": 0.07027677446603775,
              "f1_weighted": 0.20631958544254303,
              "mrr": 0.33843448758125305,
              "top5_acc": 0.42489108443260193,
              "ndcg_5": 0.342174232006073,
              "top10_acc": 0.5110816359519958,
              "ndcg_10": 0.3699895739555359,
              "best_epoch": 36
            },
            "f1": {
              "accuracy": 0.24644818902015686,
              "accuracy_macro": 0.08431788593424092,
              "f1": 0.07127568125724792,
              "f1_weighted": 0.20777510106563568,
              "mrr": 0.3365218937397003,
              "top5_acc": 0.4254593849182129,
              "ndcg_5": 0.34114670753479004,
              "top10_acc": 0.5135442614555359,
              "ndcg_10": 0.36938735842704773,
              "best_epoch": 35
            }
          }
        },
        {
          "accuracy": 0.27196967601776123,
          "accuracy_macro": 0.09199665560580716,
          "f1": 0.07642946392297745,
          "f1_weighted": 0.23113533854484558,
          "mrr": 0.36492854356765747,
          "top5_acc": 0.457765132188797,
          "ndcg_5": 0.37094372510910034,
          "top10_acc": 0.5429924130439758,
          "ndcg_10": 0.39843711256980896,
          "best_epoch": 45,
          "per_metric_best": {
            "accuracy": {
              "accuracy": 0.27253785729408264,
              "accuracy_macro": 0.09309027454640606,
              "f1": 0.07690337300300598,
              "f1_weighted": 0.22981737554073334,
              "mrr": 0.36480841040611267,
              "top5_acc": 0.4585227072238922,
              "ndcg_5": 0.3710457980632782,
              "top10_acc": 0.5428029894828796,
              "ndcg_10": 0.39828646183013916,
              "best_epoch": 43
            },
            "top5_acc": {
              "accuracy": 0.270265132188797,
              "accuracy_macro": 0.09026143328743692,
              "f1": 0.0744708999991417,
              "f1_weighted": 0.2295828014612198,
              "mrr": 0.3639693260192871,
              "top5_acc": 0.45984846353530884,
              "ndcg_5": 0.3710426986217499,
              "top10_acc": 0.5414772629737854,
              "ndcg_10": 0.39737462997436523,
              "best_epoch": 38
            },
            "top10_acc": {
              "accuracy": 0.27196967601776123,
              "accuracy_macro": 0.09199665560580716,
              "f1": 0.07642946392297745,
              "f1_weighted": 0.23113533854484558,
              "mrr": 0.36492854356765747,
              "top5_acc": 0.457765132188797,
              "ndcg_5": 0.37094372510910034,
              "top10_acc": 0.5429924130439758,
              "ndcg_10": 0.39843711256980896,
              "best_epoch": 45
            },
            "mrr": {
              "accuracy": 0.27234846353530884,