{
  "state": "arizona_catbaseline",
  "folds": 5,
  "epochs": 30,
  "seed": 42,
  "input_type": "checkin",
  "n_regions": 1540,
  "heads": {
    "next_gru": {
      "per_fold": [
        {
          "accuracy": 0.37715476751327515,
          "accuracy_macro": 0.21051687002182007,
          "f1": 0.19978632032871246,
          "f1_weighted": 0.32543596625328064,
          "mrr": 0.6003369092941284,
          "top5_acc": 0.915324866771698,
          "ndcg_5": 0.6694157719612122,
          "top10_acc": 1.0,
          "ndcg_10": 0.6987760663032532,
          "best_epoch": 1,
          "per_metric_best": {
            "accuracy": {
              "accuracy": 0.4135252833366394,
              "accuracy_macro": 0.28624817728996277,
              "f1": 0.2931921184062958,
              "f1_weighted": 0.3888457715511322,
              "mrr": 0.6265562176704407,
              "top5_acc": 0.9263117909431458,
              "ndcg_5": 0.6932442784309387,
              "top10_acc": 1.0,
              "ndcg_10": 0.7187385559082031,
              "best_epoch": 7
            },
            "top5_acc": {
              "accuracy": 0.4135252833366394,
              "accuracy_macro": 0.28624817728996277,
              "f1": 0.2931921184062958,
              "f1_weighted": 0.3888457715511322,
              "mrr": 0.6265562176704407,
              "top5_acc": 0.9263117909431458,
              "ndcg_5": 0.6932442784309387,
              "top10_acc": 1.0,
              "ndcg_10": 0.7187385559082031,
              "best_epoch": 7
            },
            "top10_acc": {
              "accuracy": 0.37715476751327515,
              "accuracy_macro": 0.21051687002182007,
              "f1": 0.19978632032871246,
              "f1_weighted": 0.32543596625328064,
              "mrr": 0.6003369092941284,
              "top5_acc": 0.915324866771698,
              "ndcg_5": 0.6694157719612122,
              "top10_acc": 1.0,
              "ndcg_10": 0.6987760663032532,
              "best_epoch": 1
            },
            "mrr": {
              "accuracy": 0.4121992886066437,
              "accuracy_macro": 0.2630617618560791,
              "f1": 0.27352187037467957,
              "f1_weighted": 0.37357383966445923,
              "mrr": 0.6267268061637878,
              "top5_acc": 0.9242280721664429,
              "ndcg_5": 0.6926213502883911,
              "top10_acc": 1.0,
              "ndcg_10": 0.7189186811447144,
              "best_epoch": 6
            },
            "f1": {
              "accuracy": 0.3962871730327606,
              "accuracy_macro": 0.29224830865859985,
              "f1": 0.29950249195098877,
              "f1_weighted": 0.37816834449768066,
              "mrr": 0.6139267086982727,
              "top5_acc": 0.9215760827064514,
              "ndcg_5": 0.6819220781326294,
              "top10_acc": 1.0,
              "ndcg_10": 0.7091206312179565,
              "best_epoch": 13
            }
          }
        },
        {
          "accuracy": 0.37204015254974365,
          "accuracy_macro": 0.1988755315542221,
          "f1": 0.18998919427394867,
          "f1_weighted": 0.3115990161895752,
          "mrr": 0.5970381498336792,
          "top5_acc": 0.9073688387870789,
          "ndcg_5": 0.6641398668289185,
          "top10_acc": 1.0,
          "ndcg_10": 0.6961737871170044,
          "best_epoch": 1,
          "per_metric_best": {
            "accuracy": {
              "accuracy": 0.4084106981754303,
              "accuracy_macro": 0.2675911486148834,
              "f1": 0.2789064645767212,
              "f1_weighted": 0.37295958399772644,
              "mrr": 0.6259438395500183,
              "top5_acc": 0.9329418540000916,
              "ndcg_5": 0.695184051990509,
              "top10_acc": 1.0,
              "ndcg_10": 0.7184683084487915,
              "best_epoch": 6
            },
            "top5_acc": {
              "accuracy": 0.4084106981754303,
              "accuracy_macro": 0.2675911486148834,
              "f1": 0.2789064645767212,
              "f1_weighted": 0.37295958399772644,
              "mrr": 0.6259438395500183,
              "top5_acc": 0.9329418540000916,
              "ndcg_5": 0.695184051990509,
              "top10_acc": 1.0,
              "ndcg_10": 0.7184683084487915,
              "best_epoch": 6
            },
            "top10_acc": {
              "accuracy": 0.37204015254974365,
              "accuracy_macro": 0.1988755315542221,
              "f1": 0.18998919427394867,
              "f1_weighted": 0.3115990161895752,
              "mrr": 0.5970381498336792,
              "top5_acc": 0.9073688387870789,
              "ndcg_5": 0.6641398668289185,
              "top10_acc": 1.0,
              "ndcg_10": 0.6961737871170044,
              "best_epoch": 1
            },
            "mrr": {
              "accuracy": 0.4084106981754303,
              "accuracy_macro": 0.2675911486148834,
              "f1": 0.2789064645767212,
              "f1_weighted": 0.37295958399772644,
              "mrr": 0.6259438395500183,
              "top5_acc": 0.9329418540000916,
              "ndcg_5": 0.695184051990509,
              "top10_acc": 1.0,
              "ndcg_10": 0.7184683084487915,
              "best_epoch": 6
            },
            "f1": {
              "accuracy": 0.4036749303340912,
              "accuracy_macro": 0.2872912287712097,
              "f1": 0.30777162313461304,
              "f1_weighted": 0.38488614559173584,
              "mrr": 0.620945930480957,
              "top5_acc": 0.9304792284965515,
              "ndcg_5": 0.690432071685791,
              "top10_acc": 1.0,
              "ndcg_10": 0.7145935297012329,
              "best_epoch": 11
            }
          }
        },
        {
          "accuracy": 0.37753361463546753,
          "accuracy_macro": 0.21460463106632233,
          "f1": 0.20340754091739655,
          "f1_weighted": 0.3254278302192688,
          "mrr": 0.6000929474830627,
          "top5_acc": 0.9117256999015808,
          "ndcg_5": 0.6679033637046814,
          "top10_acc": 1.0,
          "ndcg_10": 0.6985023617744446,
          "best_epoch": 1,
          "per_metric_best": {
            "accuracy": {
              "accuracy": 0.40916839241981506,
              "accuracy_macro": 0.26033440232276917,
              "f1": 0.26997095346450806,
              "f1_weighted": 0.37119683623313904,
              "mrr": 0.6253185868263245,
              "top5_acc": 0.9308581352233887,
              "ndcg_5": 0.693960964679718,
              "top10_acc": 1.0,
              "ndcg_10": 0.7179268598556519,
              "best_epoch": 5
            },
            "top5_acc": {
              "accuracy": 0.40916839241981506,
              "accuracy_macro": 0.26033440232276917,
              "f1": 0.26997095346450806,
              "f1_weighted": 0.37119683623313904,
              "mrr": 0.6253185868263245,
              "top5_acc": 0.9308581352233887,
              "ndcg_5": 0.693960964679718,
              "top10_acc": 1.0,
              "ndcg_10": 0.7179268598556519,
              "best_epoch": 5
            },
            "top10_acc": {
              "accuracy": 0.37753361463546753,
              "accuracy_macro": 0.21460463106632233,
              "f1": 0.20340754091739655,
              "f1_weighted": 0.3254278302192688,
              "mrr": 0.6000929474830627,
              "top5_acc": 0.9117256999015808,
              "ndcg_5": 0.6679033637046814,
              "top10_acc": 1.0,
              "ndcg_10": 0.6985023617744446,
              "best_epoch": 1
            },
            "mrr": {
              "accuracy": 0.40916839241981506,
              "accuracy_macro": 0.26033440232276917,
              "f1": 0.26997095346450806,
              "f1_weighted": 0.37119683623313904,
              "mrr": 0.6253185868263245,
              "top5_acc": 0.9308581352233887,
              "ndcg_5": 0.693960964679718,
              "top10_acc": 1.0,
              "ndcg_10": 0.7179268598556519,