{
  "state": "arizona",
  "folds": 5,
  "epochs": 50,
  "seed": 42,
  "input_type": "region",
  "n_regions": 1540,
  "heads": {
    "next_getnext_hard": {
      "per_fold": [
        {
          "accuracy": 0.23825757205486298,
          "accuracy_macro": 0.07627760186252824,
          "f1": 0.06190215423703194,
          "f1_weighted": 0.20054127275943756,
          "mrr": 0.3341997265815735,
          "top5_acc": 0.4310606122016907,
          "ndcg_5": 0.3398052752017975,
          "top10_acc": 0.5265151262283325,
          "ndcg_10": 0.37053120136260986,
          "best_epoch": 16,
          "per_metric_best": {
            "accuracy": {
              "accuracy": 0.24602273106575012,
              "accuracy_macro": 0.08109557752664379,
              "f1": 0.06983201205730438,
              "f1_weighted": 0.2146134078502655,
              "mrr": 0.33710965514183044,
              "top5_acc": 0.4274621307849884,
              "ndcg_5": 0.3415079712867737,
              "top10_acc": 0.5170454382896423,
              "ndcg_10": 0.37040644884109497,
              "best_epoch": 25
            },
            "top5_acc": {
              "accuracy": 0.24564394354820251,
              "accuracy_macro": 0.07263319043145663,
              "f1": 0.06197507306933403,
              "f1_weighted": 0.20350618660449982,
              "mrr": 0.3387627899646759,
              "top5_acc": 0.43598484992980957,
              "ndcg_5": 0.3448904752731323,
              "top10_acc": 0.5257575511932373,
              "ndcg_10": 0.3738933205604553,
              "best_epoch": 15
            },
            "top10_acc": {
              "accuracy": 0.23825757205486298,
              "accuracy_macro": 0.07627760186252824,
              "f1": 0.06190215423703194,
              "f1_weighted": 0.20054127275943756,
              "mrr": 0.3341997265815735,
              "top5_acc": 0.4310606122016907,
              "ndcg_5": 0.3398052752017975,
              "top10_acc": 0.5265151262283325,
              "ndcg_10": 0.37053120136260986,
              "best_epoch": 16
            },
            "mrr": {
              "accuracy": 0.24564394354820251,
              "accuracy_macro": 0.07263319043145663,
              "f1": 0.06197507306933403,
              "f1_weighted": 0.20350618660449982,
              "mrr": 0.3387627899646759,
              "top5_acc": 0.43598484992980957,
              "ndcg_5": 0.3448904752731323,
              "top10_acc": 0.5257575511932373,
              "ndcg_10": 0.3738933205604553,
              "best_epoch": 15
            },
            "f1": {
              "accuracy": 0.23863635957241058,
              "accuracy_macro": 0.08161503456158345,
              "f1": 0.07308508455753326,
              "f1_weighted": 0.22100771963596344,
              "mrr": 0.32911884784698486,
              "top5_acc": 0.41950756311416626,
              "ndcg_5": 0.3337756395339966,
              "top10_acc": 0.5079545378684998,
              "ndcg_10": 0.36248815059661865,
              "best_epoch": 38
            }
          }
        },
        {
          "accuracy": 0.2578139901161194,
          "accuracy_macro": 0.09442409069270678,
          "f1": 0.07785254716873169,
          "f1_weighted": 0.21279647946357727,
          "mrr": 0.3520629405975342,
          "top5_acc": 0.44705435633659363,
          "ndcg_5": 0.3574758470058441,
          "top10_acc": 0.5391172766685486,
          "ndcg_10": 0.3872623145580292,
          "best_epoch": 19,
          "per_metric_best": {
            "accuracy": {
              "accuracy": 0.2604660093784332,
              "accuracy_macro": 0.0902562607166379,
              "f1": 0.07593611627817154,
              "f1_weighted": 0.224959135055542,
              "mrr": 0.3528982102870941,
              "top5_acc": 0.4487592279911041,
              "ndcg_5": 0.3599671423435211,
              "top10_acc": 0.5273725986480713,
              "ndcg_10": 0.38529717922210693,
              "best_epoch": 24
            },
            "top5_acc": {
              "accuracy": 0.2591399848461151,
              "accuracy_macro": 0.0887919047880455,
              "f1": 0.07578717172145844,
              "f1_weighted": 0.22750109434127808,
              "mrr": 0.35275715589523315,
              "top5_acc": 0.4493275284767151,
              "ndcg_5": 0.3597477674484253,
              "top10_acc": 0.531540036201477,
              "ndcg_10": 0.3863464295864105,
              "best_epoch": 21
            },
            "top10_acc": {
              "accuracy": 0.2578139901161194,
              "accuracy_macro": 0.09442409069270678,
              "f1": 0.07785254716873169,
              "f1_weighted": 0.21279647946357727,
              "mrr": 0.3520629405975342,
              "top5_acc": 0.44705435633659363,
              "ndcg_5": 0.3574758470058441,
              "top10_acc": 0.5391172766685486,
              "ndcg_10": 0.3872623145580292,
              "best_epoch": 19
            },
            "mrr": {
              "accuracy": 0.2604660093784332,
              "accuracy_macro": 0.0902562607166379,
              "f1": 0.07593611627817154,
              "f1_weighted": 0.224959135055542,
              "mrr": 0.3528982102870941,
              "top5_acc": 0.4487592279911041,
              "ndcg_5": 0.3599671423435211,
              "top10_acc": 0.5273725986480713,
              "ndcg_10": 0.38529717922210693,
              "best_epoch": 24
            },
            "f1": {
              "accuracy": 0.25497254729270935,
              "accuracy_macro": 0.0930100876045444,
              "f1": 0.07944107800722122,
              "f1_weighted": 0.22555652260780334,
              "mrr": 0.3470185101032257,
              "top5_acc": 0.4354991614818573,
              "ndcg_5": 0.3513084948062897,
              "top10_acc": 0.5254783034324646,
              "ndcg_10": 0.38039517402648926,
              "best_epoch": 27
            }
          }
        },
        {
          "accuracy": 0.2629285752773285,
          "accuracy_macro": 0.08508282524512456,
          "f1": 0.0706656277179718,
          "f1_weighted": 0.22071510553359985,
          "mrr": 0.3569145202636719,
          "top5_acc": 0.45842015743255615,
          "ndcg_5": 0.3647754490375519,
          "top10_acc": 0.5459367036819458,
          "ndcg_10": 0.39309120178222656,
          "best_epoch": 18,
          "per_metric_best": {
            "accuracy": {
              "accuracy": 0.27505210041999817,
              "accuracy_macro": 0.0965300296713238,
              "f1": 0.08088231086730957,
              "f1_weighted": 0.23685294389724731,
              "mrr": 0.36378854513168335,
              "top5_acc": 0.45482099056243896,
              "ndcg_5": 0.3695371448993683,
              "top10_acc": 0.5357075333595276,
              "ndcg_10": 0.3957822322845459,
              "best_epoch": 23
            },
            "top5_acc": {
              "accuracy": 0.2648228704929352,
              "accuracy_macro": 0.09027694182618419,
              "f1": 0.07527929544448853,
              "f1_weighted": 0.22423496842384338,
              "mrr": 0.35901543498039246,
              "top5_acc": 0.4614510238170624,
              "ndcg_5": 0.3678395450115204,
              "top10_acc": 0.5434741377830505,
              "ndcg_10": 0.3942912817001343,
              "best_epoch": 20
            },
            "top10_acc": {
              "accuracy": 0.2629285752773285,
              "accuracy_macro": 0.08508282524512456,
              "f1": 0.0706656277179718,
              "f1_weighted": 0.22071510553359985,
              "mrr": 0.3569145202636719,
              "top5_acc": 0.45842015743255615,
              "ndcg_5": 0.3647754490375519,
              "top10_acc": 0.5459367036819458,
              "ndcg_10": 0.39309120178222656,
              "best_epoch": 18
            },
            "mrr": {
              "accuracy": 0.27505210041999817,
              "accuracy_macro": 0.0965300296713238,