{
  "state": "texas",
  "folds": 5,
  "epochs": 50,
  "seed": 42,
  "input_type": "region",
  "n_regions": 6553,
  "heads": {
    "next_getnext_hard": {
      "per_fold": [
        {
          "accuracy": 0.299509197473526,
          "accuracy_macro": 0.10308970516906873,
          "f1": 0.09253670275211334,
          "f1_weighted": 0.2674037218093872,
          "mrr": 0.4083095192909241,
          "top5_acc": 0.5312286615371704,
          "ndcg_5": 0.42240267992019653,
          "top10_acc": 0.6185777187347412,
          "ndcg_10": 0.4506832957267761,
          "best_epoch": 5,
          "per_metric_best": {
            "accuracy": {
              "accuracy": 0.3112717270851135,
              "accuracy_macro": 0.12603654645872578,
              "f1": 0.11714152246713638,
              "f1_weighted": 0.2943164110183716,
              "mrr": 0.4131292402744293,
              "top5_acc": 0.5276874899864197,
              "ndcg_5": 0.4261549115180969,
              "top10_acc": 0.6085547804832458,
              "ndcg_10": 0.4523278772830963,
              "best_epoch": 9
            },
            "top5_acc": {
              "accuracy": 0.3080722391605377,
              "accuracy_macro": 0.12133141136542853,
              "f1": 0.11145854741334915,
              "f1_weighted": 0.28544729948043823,
              "mrr": 0.41341260075569153,
              "top5_acc": 0.5319948792457581,
              "ndcg_5": 0.4269561469554901,
              "top10_acc": 0.6159477233886719,
              "ndcg_10": 0.4541477560997009,
              "best_epoch": 7
            },
            "top10_acc": {
              "accuracy": 0.299509197473526,
              "accuracy_macro": 0.10308970516906873,
              "f1": 0.09253670275211334,
              "f1_weighted": 0.2674037218093872,
              "mrr": 0.4083095192909241,
              "top5_acc": 0.5312286615371704,
              "ndcg_5": 0.42240267992019653,
              "top10_acc": 0.6185777187347412,
              "ndcg_10": 0.4506832957267761,
              "best_epoch": 5
            },
            "mrr": {
              "accuracy": 0.31115782260894775,
              "accuracy_macro": 0.12661752411813448,
              "f1": 0.11671512573957443,
              "f1_weighted": 0.29244789481163025,
              "mrr": 0.41432908177375793,
              "top5_acc": 0.530928373336792,
              "ndcg_5": 0.4278026521205902,
              "top10_acc": 0.6114953756332397,
              "ndcg_10": 0.45389559864997864,
              "best_epoch": 8
            },
            "f1": {
              "accuracy": 0.3112717270851135,
              "accuracy_macro": 0.12603654645872578,
              "f1": 0.11714152246713638,
              "f1_weighted": 0.2943164110183716,
              "mrr": 0.4131292402744293,
              "top5_acc": 0.5276874899864197,
              "ndcg_5": 0.4261549115180969,
              "top10_acc": 0.6085547804832458,
              "ndcg_10": 0.4523278772830963,
              "best_epoch": 9
            }
          }
        },
        {
          "accuracy": 0.2802853286266327,
          "accuracy_macro": 0.0972087025723288,
          "f1": 0.08675418049097061,
          "f1_weighted": 0.2482174038887024,
          "mrr": 0.38597333431243896,
          "top5_acc": 0.5026596188545227,
          "ndcg_5": 0.39775311946868896,
          "top10_acc": 0.5920299887657166,
          "ndcg_10": 0.42669254541397095,
          "best_epoch": 5,
          "per_metric_best": {
            "accuracy": {
              "accuracy": 0.29066792130470276,
              "accuracy_macro": 0.11735830204506197,
              "f1": 0.10795871913433075,
              "f1_weighted": 0.2727026343345642,
              "mrr": 0.3912869095802307,
              "top5_acc": 0.5010905861854553,
              "ndcg_5": 0.40214475989341736,
              "top10_acc": 0.5854421257972717,
              "ndcg_10": 0.4294435381889343,
              "best_epoch": 8
            },
            "top5_acc": {
              "accuracy": 0.2802853286266327,
              "accuracy_macro": 0.0972087025723288,
              "f1": 0.08675418049097061,
              "f1_weighted": 0.2482174038887024,
              "mrr": 0.38597333431243896,
              "top5_acc": 0.5026596188545227,
              "ndcg_5": 0.39775311946868896,
              "top10_acc": 0.5920299887657166,
              "ndcg_10": 0.42669254541397095,
              "best_epoch": 5
            },
            "top10_acc": {
              "accuracy": 0.2802853286266327,
              "accuracy_macro": 0.0972087025723288,
              "f1": 0.08675418049097061,
              "f1_weighted": 0.2482174038887024,
              "mrr": 0.38597333431243896,
              "top5_acc": 0.5026596188545227,
              "ndcg_5": 0.39775311946868896,
              "top10_acc": 0.5920299887657166,
              "ndcg_10": 0.42669254541397095,
              "best_epoch": 5
            },
            "mrr": {
              "accuracy": 0.2897331416606903,
              "accuracy_macro": 0.11354262534814141,
              "f1": 0.10357698798179626,
              "f1_weighted": 0.2674115300178528,
              "mrr": 0.3915756642818451,
              "top5_acc": 0.501702606678009,
              "ndcg_5": 0.40213561058044434,
              "top10_acc": 0.5878680348396301,
              "ndcg_10": 0.4300595223903656,
              "best_epoch": 7
            },
            "f1": {
              "accuracy": 0.2903229296207428,
              "accuracy_macro": 0.11861756283250081,
              "f1": 0.1107964962720871,
              "f1_weighted": 0.27462446689605713,
              "mrr": 0.3885219991207123,
              "top5_acc": 0.49643898010253906,
              "ndcg_5": 0.3993285298347473,
              "top10_acc": 0.5775967836380005,
              "ndcg_10": 0.4256560504436493,
              "best_epoch": 10
            }
          }
        },
        {
          "accuracy": 0.29726362228393555,
          "accuracy_macro": 0.10103982636006444,
          "f1": 0.09078475832939148,
          "f1_weighted": 0.2648918330669403,
          "mrr": 0.40420278906822205,
          "top5_acc": 0.5231884717941284,
          "ndcg_5": 0.4171394109725952,
          "top10_acc": 0.6109253168106079,
          "ndcg_10": 0.4456023871898651,
          "best_epoch": 5,
          "per_metric_best": {
            "accuracy": {
              "accuracy": 0.306927353143692,
              "accuracy_macro": 0.12000160433745499,
              "f1": 0.11224423348903656,
              "f1_weighted": 0.28880858421325684,
              "mrr": 0.40835198760032654,
              "top5_acc": 0.5215610265731812,
              "ndcg_5": 0.4207793176174164,
              "top10_acc": 0.6028329133987427,
              "ndcg_10": 0.4470973610877991,
              "best_epoch": 8
            },
            "top5_acc": {
              "accuracy": 0.29726362228393555,
              "accuracy_macro": 0.10103982636006444,
              "f1": 0.09078475832939148,
              "f1_weighted": 0.2648918330669403,
              "mrr": 0.40420278906822205,
              "top5_acc": 0.5231884717941284,
              "ndcg_5": 0.4171394109725952,
              "top10_acc": 0.6109253168106079,
              "ndcg_10": 0.4456023871898651,
              "best_epoch": 5
            },
            "top10_acc": {
              "accuracy": 0.29726362228393555,
              "accuracy_macro": 0.10103982636006444,
              "f1": 0.09078475832939148,
              "f1_weighted": 0.2648918330669403,
              "mrr": 0.40420278906822205,
              "top5_acc": 0.5231884717941284,
              "ndcg_5": 0.4171394109725952,
              "top10_acc": 0.6109253168106079,
              "ndcg_10": 0.4456023871898651,
              "best_epoch": 5
            },
            "mrr": {
              "accuracy": 0.306927353143692,
              "accuracy_macro": 0.12000160433745499,
              "f1": 0.11224423348903656,