{
  "state": "florida",
  "folds": 5,
  "epochs": 50,
  "seed": 42,
  "input_type": "region",
  "n_regions": 4702,
  "heads": {
    "next_getnext_hard": {
      "per_fold": [
        {
          "accuracy": 0.46180424094200134,
          "accuracy_macro": 0.10687121238589245,
          "f1": 0.09057770669460297,
          "f1_weighted": 0.42402881383895874,
          "mrr": 0.5434772372245789,
          "top5_acc": 0.635789692401886,
          "ndcg_5": 0.5551592111587524,
          "top10_acc": 0.6958160400390625,
          "ndcg_10": 0.5746129155158997,
          "best_epoch": 9,
          "per_metric_best": {
            "accuracy": {
              "accuracy": 0.46997109055519104,
              "accuracy_macro": 0.1248696922434866,
              "f1": 0.10959335416555405,
              "f1_weighted": 0.4523147642612457,
              "mrr": 0.5450460314750671,
              "top5_acc": 0.6302927732467651,
              "ndcg_5": 0.5562634468078613,
              "top10_acc": 0.6808644533157349,
              "ndcg_10": 0.5726722478866577,
              "best_epoch": 16
            },
            "top5_acc": {
              "accuracy": 0.46180424094200134,
              "accuracy_macro": 0.10687121238589245,
              "f1": 0.09057770669460297,
              "f1_weighted": 0.42402881383895874,
              "mrr": 0.5434772372245789,
              "top5_acc": 0.635789692401886,
              "ndcg_5": 0.5551592111587524,
              "top10_acc": 0.6958160400390625,
              "ndcg_10": 0.5746129155158997,
              "best_epoch": 9
            },
            "top10_acc": {
              "accuracy": 0.46180424094200134,
              "accuracy_macro": 0.10687121238589245,
              "f1": 0.09057770669460297,
              "f1_weighted": 0.42402881383895874,
              "mrr": 0.5434772372245789,
              "top5_acc": 0.635789692401886,
              "ndcg_5": 0.5551592111587524,
              "top10_acc": 0.6958160400390625,
              "ndcg_10": 0.5746129155158997,
              "best_epoch": 9
            },
            "mrr": {
              "accuracy": 0.4697198271751404,
              "accuracy_macro": 0.12179810051535808,
              "f1": 0.10849109292030334,
              "f1_weighted": 0.4529041051864624,
              "mrr": 0.5450606346130371,
              "top5_acc": 0.6301043033599854,
              "ndcg_5": 0.5561014413833618,
              "top10_acc": 0.6820266246795654,
              "ndcg_10": 0.5729510188102722,
              "best_epoch": 17
            },
            "f1": {
              "accuracy": 0.4698140323162079,
              "accuracy_macro": 0.12422739547864703,
              "f1": 0.10987341403961182,
              "f1_weighted": 0.45080599188804626,
              "mrr": 0.5439329147338867,
              "top5_acc": 0.6269003748893738,
              "ndcg_5": 0.5545560717582703,
              "top10_acc": 0.6793252825737,
              "ndcg_10": 0.5715488195419312,
              "best_epoch": 15
            }
          }
        },
        {
          "accuracy": 0.46671903133392334,
          "accuracy_macro": 0.11004731602546924,
          "f1": 0.0956316888332367,
          "f1_weighted": 0.4333515167236328,
          "mrr": 0.5483266711235046,
          "top5_acc": 0.6403329372406006,
          "ndcg_5": 0.5597341656684875,
          "top10_acc": 0.7019946575164795,
          "ndcg_10": 0.5797278881072998,
          "best_epoch": 10,
          "per_metric_best": {
            "accuracy": {
              "accuracy": 0.4796607494354248,
              "accuracy_macro": 0.12396328435467847,
              "f1": 0.11105863749980927,
              "f1_weighted": 0.4548218250274658,
              "mrr": 0.5555745363235474,
              "top5_acc": 0.6410554647445679,
              "ndcg_5": 0.5666434168815613,
              "top10_acc": 0.6926966905593872,
              "ndcg_10": 0.583401620388031,
              "best_epoch": 16
            },
            "top5_acc": {
              "accuracy": 0.470865398645401,
              "accuracy_macro": 0.11619453482647546,
              "f1": 0.10077057778835297,
              "f1_weighted": 0.43927621841430664,
              "mrr": 0.5516115427017212,
              "top5_acc": 0.6418721675872803,
              "ndcg_5": 0.5629635453224182,
              "top10_acc": 0.6997330188751221,
              "ndcg_10": 0.5817513465881348,
              "best_epoch": 12
            },
            "top10_acc": {
              "accuracy": 0.46671903133392334,
              "accuracy_macro": 0.11004731602546924,
              "f1": 0.0956316888332367,
              "f1_weighted": 0.4333515167236328,
              "mrr": 0.5483266711235046,
              "top5_acc": 0.6403329372406006,
              "ndcg_5": 0.5597341656684875,
              "top10_acc": 0.7019946575164795,
              "ndcg_10": 0.5797278881072998,
              "best_epoch": 10
            },
            "mrr": {
              "accuracy": 0.4796607494354248,
              "accuracy_macro": 0.12396328435467847,
              "f1": 0.11105863749980927,
              "f1_weighted": 0.4548218250274658,
              "mrr": 0.5555745363235474,
              "top5_acc": 0.6410554647445679,
              "ndcg_5": 0.5666434168815613,
              "top10_acc": 0.6926966905593872,
              "ndcg_10": 0.583401620388031,
              "best_epoch": 16
            },
            "f1": {
              "accuracy": 0.4796607494354248,
              "accuracy_macro": 0.12396328435467847,
              "f1": 0.11105863749980927,
              "f1_weighted": 0.4548218250274658,
              "mrr": 0.5555745363235474,
              "top5_acc": 0.6410554647445679,
              "ndcg_5": 0.5666434168815613,
              "top10_acc": 0.6926966905593872,
              "ndcg_10": 0.583401620388031,
              "best_epoch": 16
            }
          }
        },
        {
          "accuracy": 0.47008010745048523,
          "accuracy_macro": 0.10763583607473931,
          "f1": 0.0911126360297203,
          "f1_weighted": 0.4333619475364685,
          "mrr": 0.5512199997901917,
          "top5_acc": 0.6441652178764343,
          "ndcg_5": 0.5632163286209106,
          "top10_acc": 0.7028113603591919,
          "ndcg_10": 0.5822224020957947,
          "best_epoch": 9,
          "per_metric_best": {
            "accuracy": {
              "accuracy": 0.47840428352355957,
              "accuracy_macro": 0.11886034752711777,
              "f1": 0.1053432896733284,
              "f1_weighted": 0.4556737244129181,
              "mrr": 0.5535499453544617,
              "top5_acc": 0.6393905878067017,
              "ndcg_5": 0.5646507740020752,
              "top10_acc": 0.6926966905593872,
              "ndcg_10": 0.58194500207901,
              "best_epoch": 14
            },
            "top5_acc": {
              "accuracy": 0.47008010745048523,
              "accuracy_macro": 0.10763583607473931,
              "f1": 0.0911126360297203,
              "f1_weighted": 0.4333619475364685,
              "mrr": 0.5512199997901917,
              "top5_acc": 0.6441652178764343,
              "ndcg_5": 0.5632163286209106,
              "top10_acc": 0.7028113603591919,
              "ndcg_10": 0.5822224020957947,
              "best_epoch": 9
            },
            "top10_acc": {
              "accuracy": 0.47008010745048523,
              "accuracy_macro": 0.10763583607473931,
              "f1": 0.0911126360297203,
              "f1_weighted": 0.4333619475364685,
              "mrr": 0.5512199997901917,
              "top5_acc": 0.6441652178764343,
              "ndcg_5": 0.5632163286209106,
              "top10_acc": 0.7028113603591919,
              "ndcg_10": 0.5822224020957947,
              "best_epoch": 9
            },
            "mrr": {
              "accuracy": 0.47840428352355957,
              "accuracy_macro": 0.11886034752711777,
              "f1": 0.1053432896733284,