{
  "state": "alabama",
  "folds": 5,
  "epochs": 50,
  "seed": 42,
  "input_type": "region",
  "n_regions": 1109,
  "heads": {
    "next_getnext_hard": {
      "per_fold": [
        {
          "accuracy": 0.27930763363838196,
          "accuracy_macro": 0.1035933373259005,
          "f1": 0.08432701230049133,
          "f1_weighted": 0.24041655659675598,
          "mrr": 0.4052165746688843,
          "top5_acc": 0.5511408448219299,
          "ndcg_5": 0.42309483885765076,
          "top10_acc": 0.6526356935501099,
          "ndcg_10": 0.4561885595321655,
          "best_epoch": 21,
          "per_metric_best": {
            "accuracy": {
              "accuracy": 0.30094414949417114,
              "accuracy_macro": 0.11251536778041295,
              "f1": 0.09715863317251205,
              "f1_weighted": 0.27162986993789673,
              "mrr": 0.41445353627204895,
              "top5_acc": 0.5456333756446838,
              "ndcg_5": 0.4285997152328491,
              "top10_acc": 0.6467348337173462,
              "ndcg_10": 0.4612736999988556,
              "best_epoch": 31
            },
            "top5_acc": {
              "accuracy": 0.27930763363838196,
              "accuracy_macro": 0.1035933373259005,
              "f1": 0.08432701230049133,
              "f1_weighted": 0.24041655659675598,
              "mrr": 0.4052165746688843,
              "top5_acc": 0.5511408448219299,
              "ndcg_5": 0.42309483885765076,
              "top10_acc": 0.6526356935501099,
              "ndcg_10": 0.4561885595321655,
              "best_epoch": 21
            },
            "top10_acc": {
              "accuracy": 0.27930763363838196,
              "accuracy_macro": 0.1035933373259005,
              "f1": 0.08432701230049133,
              "f1_weighted": 0.24041655659675598,
              "mrr": 0.4052165746688843,
              "top5_acc": 0.5511408448219299,
              "ndcg_5": 0.42309483885765076,
              "top10_acc": 0.6526356935501099,
              "ndcg_10": 0.4561885595321655,
              "best_epoch": 21
            },
            "mrr": {
              "accuracy": 0.30094414949417114,
              "accuracy_macro": 0.11251536778041295,
              "f1": 0.09715863317251205,
              "f1_weighted": 0.27162986993789673,
              "mrr": 0.41445353627204895,
              "top5_acc": 0.5456333756446838,
              "ndcg_5": 0.4285997152328491,
              "top10_acc": 0.6467348337173462,
              "ndcg_10": 0.4612736999988556,
              "best_epoch": 31
            },
            "f1": {
              "accuracy": 0.30094414949417114,
              "accuracy_macro": 0.11251536778041295,
              "f1": 0.09715863317251205,
              "f1_weighted": 0.27162986993789673,
              "mrr": 0.41445353627204895,
              "top5_acc": 0.5456333756446838,
              "ndcg_5": 0.4285997152328491,
              "top10_acc": 0.6467348337173462,
              "ndcg_10": 0.4612736999988556,
              "best_epoch": 31
            }
          }
        },
        {
          "accuracy": 0.24508261680603027,
          "accuracy_macro": 0.09545040713308299,
          "f1": 0.08023573458194733,
          "f1_weighted": 0.20539823174476624,
          "mrr": 0.3675914704799652,
          "top5_acc": 0.5003933906555176,
          "ndcg_5": 0.379498153924942,
          "top10_acc": 0.6140834093093872,
          "ndcg_10": 0.4163902997970581,
          "best_epoch": 20,
          "per_metric_best": {
            "accuracy": {
              "accuracy": 0.2513768672943115,
              "accuracy_macro": 0.09448084036509195,
              "f1": 0.07656729966402054,
              "f1_weighted": 0.202679842710495,
              "mrr": 0.36789530515670776,
              "top5_acc": 0.4905586242675781,
              "ndcg_5": 0.3775167763233185,
              "top10_acc": 0.600314736366272,
              "ndcg_10": 0.41320133209228516,
              "best_epoch": 16
            },
            "top5_acc": {
              "accuracy": 0.24508261680603027,
              "accuracy_macro": 0.09545040713308299,
              "f1": 0.08023573458194733,
              "f1_weighted": 0.20539823174476624,
              "mrr": 0.3675914704799652,
              "top5_acc": 0.5003933906555176,
              "ndcg_5": 0.379498153924942,
              "top10_acc": 0.6140834093093872,
              "ndcg_10": 0.4163902997970581,
              "best_epoch": 20
            },
            "top10_acc": {
              "accuracy": 0.24508261680603027,
              "accuracy_macro": 0.09545040713308299,
              "f1": 0.08023573458194733,
              "f1_weighted": 0.20539823174476624,
              "mrr": 0.3675914704799652,
              "top5_acc": 0.5003933906555176,
              "ndcg_5": 0.379498153924942,
              "top10_acc": 0.6140834093093872,
              "ndcg_10": 0.4163902997970581,
              "best_epoch": 20
            },
            "mrr": {
              "accuracy": 0.25098347663879395,
              "accuracy_macro": 0.09906907000784147,
              "f1": 0.07641230523586273,
              "f1_weighted": 0.19737809896469116,
              "mrr": 0.36863237619400024,
              "top5_acc": 0.4909520149230957,
              "ndcg_5": 0.37768569588661194,
              "top10_acc": 0.6073957681655884,
              "ndcg_10": 0.41537973284721375,
              "best_epoch": 15
            },
            "f1": {
              "accuracy": 0.23957513272762299,
              "accuracy_macro": 0.10267223011363637,
              "f1": 0.09086144715547562,
              "f1_weighted": 0.21033865213394165,
              "mrr": 0.3602220118045807,
              "top5_acc": 0.48465776443481445,
              "ndcg_5": 0.3698546886444092,
              "top10_acc": 0.6011015176773071,
              "ndcg_10": 0.40741902589797974,
              "best_epoch": 28
            }
          }
        },
        {
          "accuracy": 0.2498033046722412,
          "accuracy_macro": 0.09771849138463438,
          "f1": 0.0807269737124443,
          "f1_weighted": 0.20903833210468292,
          "mrr": 0.38355112075805664,
          "top5_acc": 0.5346184372901917,
          "ndcg_5": 0.400764137506485,
          "top10_acc": 0.6526356935501099,
          "ndcg_10": 0.4390477240085602,
          "best_epoch": 21,
          "per_metric_best": {
            "accuracy": {
              "accuracy": 0.26317858695983887,
              "accuracy_macro": 0.11684761825872927,
              "f1": 0.09255433082580566,
              "f1_weighted": 0.2202085703611374,
              "mrr": 0.38792404532432556,
              "top5_acc": 0.5271439552307129,
              "ndcg_5": 0.40225937962532043,
              "top10_acc": 0.6380802392959595,
              "ndcg_10": 0.4385393261909485,
              "best_epoch": 16
            },
            "top5_acc": {
              "accuracy": 0.2549173831939697,
              "accuracy_macro": 0.11283079400120011,
              "f1": 0.08729245513677597,
              "f1_weighted": 0.20541760325431824,
              "mrr": 0.3840691149234772,
              "top5_acc": 0.5377655625343323,
              "ndcg_5": 0.40329134464263916,
              "top10_acc": 0.6353265047073364,
              "ndcg_10": 0.4349297881126404,
              "best_epoch": 17
            },
            "top10_acc": {
              "accuracy": 0.2498033046722412,
              "accuracy_macro": 0.09771849138463438,
              "f1": 0.0807269737124443,
              "f1_weighted": 0.20903833210468292,
              "mrr": 0.38355112075805664,
              "top5_acc": 0.5346184372901917,
              "ndcg_5": 0.400764137506485,
              "top10_acc": 0.6526356935501099,
              "ndcg_10": 0.4390477240085602,
              "best_epoch": 21
            },
            "mrr": {
              "accuracy": 0.26317858695983887,
              "accuracy_macro": 0.11684761825872927,