{
  "state": "alabama",
  "folds": 5,
  "epochs": 50,
  "seed": 42,
  "input_type": "region",
  "n_regions": 1109,
  "heads": {
    "next_getnext_hard": {
      "per_fold": [
        {
          "accuracy": 0.2930763065814972,
          "accuracy_macro": 0.10996037263136643,
          "f1": 0.09134870767593384,
          "f1_weighted": 0.25591641664505005,
          "mrr": 0.4064098298549652,
          "top5_acc": 0.5346184372901917,
          "ndcg_5": 0.41890448331832886,
          "top10_acc": 0.6455546617507935,
          "ndcg_10": 0.45499899983406067,
          "best_epoch": 23,
          "per_metric_best": {
            "accuracy": {
              "accuracy": 0.2930763065814972,
              "accuracy_macro": 0.10996037263136643,
              "f1": 0.09134870767593384,
              "f1_weighted": 0.25591641664505005,
              "mrr": 0.4064098298549652,
              "top5_acc": 0.5346184372901917,
              "ndcg_5": 0.41890448331832886,
              "top10_acc": 0.6455546617507935,
              "ndcg_10": 0.45499899983406067,
              "best_epoch": 23
            },
            "top5_acc": {
              "accuracy": 0.2844217121601105,
              "accuracy_macro": 0.1107704869568578,
              "f1": 0.09578157216310501,
              "f1_weighted": 0.24591441452503204,
              "mrr": 0.40384605526924133,
              "top5_acc": 0.543666422367096,
              "ndcg_5": 0.4203907549381256,
              "top10_acc": 0.6443744897842407,
              "ndcg_10": 0.45321163535118103,
              "best_epoch": 26
            },
            "top10_acc": {
              "accuracy": 0.2930763065814972,
              "accuracy_macro": 0.10996037263136643,
              "f1": 0.09134870767593384,
              "f1_weighted": 0.25591641664505005,
              "mrr": 0.4064098298549652,
              "top5_acc": 0.5346184372901917,
              "ndcg_5": 0.41890448331832886,
              "top10_acc": 0.6455546617507935,
              "ndcg_10": 0.45499899983406067,
              "best_epoch": 23
            },
            "mrr": {
              "accuracy": 0.2930763065814972,
              "accuracy_macro": 0.10996037263136643,
              "f1": 0.09134870767593384,
              "f1_weighted": 0.25591641664505005,
              "mrr": 0.4064098298549652,
              "top5_acc": 0.5346184372901917,
              "ndcg_5": 0.41890448331832886,
              "top10_acc": 0.6455546617507935,
              "ndcg_10": 0.45499899983406067,
              "best_epoch": 23
            },
            "f1": {
              "accuracy": 0.2844217121601105,
              "accuracy_macro": 0.1107704869568578,
              "f1": 0.09578157216310501,
              "f1_weighted": 0.24591441452503204,
              "mrr": 0.40384605526924133,
              "top5_acc": 0.543666422367096,
              "ndcg_5": 0.4203907549381256,
              "top10_acc": 0.6443744897842407,
              "ndcg_10": 0.45321163535118103,
              "best_epoch": 26
            }
          }
        },
        {
          "accuracy": 0.24586939811706543,
          "accuracy_macro": 0.09276358727181312,
          "f1": 0.07673042267560959,
          "f1_weighted": 0.2103145718574524,
          "mrr": 0.36429470777511597,
          "top5_acc": 0.49213218688964844,
          "ndcg_5": 0.3742470145225525,
          "top10_acc": 0.6152635812759399,
          "ndcg_10": 0.41426321864128113,
          "best_epoch": 25,
          "per_metric_best": {
            "accuracy": {
              "accuracy": 0.2482297420501709,
              "accuracy_macro": 0.09065513043899698,
              "f1": 0.06922942399978638,
              "f1_weighted": 0.19430208206176758,
              "mrr": 0.36164340376853943,
              "top5_acc": 0.4752163589000702,
              "ndcg_5": 0.3688165247440338,
              "top10_acc": 0.5873327851295471,
              "ndcg_10": 0.4049847424030304,
              "best_epoch": 15
            },
            "top5_acc": {
              "accuracy": 0.24429583549499512,
              "accuracy_macro": 0.08862335764463468,
              "f1": 0.07384827733039856,
              "f1_weighted": 0.20341689884662628,
              "mrr": 0.3649490177631378,
              "top5_acc": 0.49724626541137695,
              "ndcg_5": 0.3766213357448578,
              "top10_acc": 0.6144767999649048,
              "ndcg_10": 0.4146667420864105,
              "best_epoch": 22
            },
            "top10_acc": {
              "accuracy": 0.24586939811706543,
              "accuracy_macro": 0.09276358727181312,
              "f1": 0.07673042267560959,
              "f1_weighted": 0.2103145718574524,
              "mrr": 0.36429470777511597,
              "top5_acc": 0.49213218688964844,
              "ndcg_5": 0.3742470145225525,
              "top10_acc": 0.6152635812759399,
              "ndcg_10": 0.41426321864128113,
              "best_epoch": 25
            },
            "mrr": {
              "accuracy": 0.24311566352844238,
              "accuracy_macro": 0.08998993879399483,
              "f1": 0.07520311325788498,
              "f1_weighted": 0.2039394974708557,
              "mrr": 0.36566561460494995,
              "top5_acc": 0.49370574951171875,
              "ndcg_5": 0.376081258058548,
              "top10_acc": 0.6148701906204224,
              "ndcg_10": 0.4155334532260895,
              "best_epoch": 21
            },
            "f1": {
              "accuracy": 0.24429583549499512,
              "accuracy_macro": 0.09747537409217612,
              "f1": 0.08429080992937088,
              "f1_weighted": 0.21474456787109375,
              "mrr": 0.3586671054363251,
              "top5_acc": 0.4822973906993866,
              "ndcg_5": 0.36760619282722473,
              "top10_acc": 0.6014949083328247,
              "ndcg_10": 0.40650928020477295,
              "best_epoch": 36
            }
          }
        },
        {
          "accuracy": 0.26671913266181946,
          "accuracy_macro": 0.1024940808614095,
          "f1": 0.08696550130844116,
          "f1_weighted": 0.22000978887081146,
          "mrr": 0.3882221579551697,
          "top5_acc": 0.5220298767089844,
          "ndcg_5": 0.4007122814655304,
          "top10_acc": 0.6412273645401001,
          "ndcg_10": 0.4394463002681732,
          "best_epoch": 22,
          "per_metric_best": {
            "accuracy": {
              "accuracy": 0.271833211183548,
              "accuracy_macro": 0.10474293019511913,
              "f1": 0.08867395669221878,
              "f1_weighted": 0.22584958374500275,
              "mrr": 0.3910519778728485,
              "top5_acc": 0.5239968299865723,
              "ndcg_5": 0.4038102328777313,
              "top10_acc": 0.6392604112625122,
              "ndcg_10": 0.4411501884460449,
              "best_epoch": 19
            },
            "top5_acc": {
              "accuracy": 0.2553107738494873,
              "accuracy_macro": 0.10992290982868681,
              "f1": 0.09179230034351349,
              "f1_weighted": 0.2200961858034134,
              "mrr": 0.3804282546043396,
              "top5_acc": 0.5287175178527832,
              "ndcg_5": 0.39744389057159424,
              "top10_acc": 0.6400471925735474,
              "ndcg_10": 0.43338125944137573,
              "best_epoch": 23
            },
            "top10_acc": {
              "accuracy": 0.26671913266181946,
              "accuracy_macro": 0.1024940808614095,
              "f1": 0.08696550130844116,
              "f1_weighted": 0.22000978887081146,
              "mrr": 0.3882221579551697,
              "top5_acc": 0.5220298767089844,
              "ndcg_5": 0.4007122814655304,
              "top10_acc": 0.6412273645401001,
              "ndcg_10": 0.4394463002681732,
              "best_epoch": 22
            },
            "mrr": {
              "accuracy": 0.271833211183548,
              "accuracy_macro": 0.10474293019511913,