{
  "state": "florida",
  "folds": 5,
  "epochs": 50,
  "seed": 42,
  "input_type": "region",
  "n_regions": 4702,
  "heads": {
    "next_getnext_hard": {
      "per_fold": [
        {
          "accuracy": 0.5000314116477966,
          "accuracy_macro": 0.1829940922004132,
          "f1": 0.16472609341144562,
          "f1_weighted": 0.48093128204345703,
          "mrr": 0.6058863401412964,
          "top5_acc": 0.7315931916236877,
          "ndcg_5": 0.6228618621826172,
          "top10_acc": 0.8200150728225708,
          "ndcg_10": 0.6515465974807739,
          "best_epoch": 18,
          "per_metric_best": {
            "accuracy": {
              "accuracy": 0.5000314116477966,
              "accuracy_macro": 0.1829940922004132,
              "f1": 0.16472609341144562,
              "f1_weighted": 0.48093128204345703,
              "mrr": 0.6058863401412964,
              "top5_acc": 0.7315931916236877,
              "ndcg_5": 0.6228618621826172,
              "top10_acc": 0.8200150728225708,
              "ndcg_10": 0.6515465974807739,
              "best_epoch": 18
            },
            "top5_acc": {
              "accuracy": 0.5000314116477966,
              "accuracy_macro": 0.1829940922004132,
              "f1": 0.16472609341144562,
              "f1_weighted": 0.48093128204345703,
              "mrr": 0.6058863401412964,
              "top5_acc": 0.7315931916236877,
              "ndcg_5": 0.6228618621826172,
              "top10_acc": 0.8200150728225708,
              "ndcg_10": 0.6515465974807739,
              "best_epoch": 18
            },
            "top10_acc": {
              "accuracy": 0.5000314116477966,
              "accuracy_macro": 0.1829940922004132,
              "f1": 0.16472609341144562,
              "f1_weighted": 0.48093128204345703,
              "mrr": 0.6058863401412964,
              "top5_acc": 0.7315931916236877,
              "ndcg_5": 0.6228618621826172,
              "top10_acc": 0.8200150728225708,
              "ndcg_10": 0.6515465974807739,
              "best_epoch": 18
            },
            "mrr": {
              "accuracy": 0.5000314116477966,
              "accuracy_macro": 0.1829940922004132,
              "f1": 0.16472609341144562,
              "f1_weighted": 0.48093128204345703,
              "mrr": 0.6058863401412964,
              "top5_acc": 0.7315931916236877,
              "ndcg_5": 0.6228618621826172,
              "top10_acc": 0.8200150728225708,
              "ndcg_10": 0.6515465974807739,
              "best_epoch": 18
            },
            "f1": {
              "accuracy": 0.5000314116477966,
              "accuracy_macro": 0.1829940922004132,
              "f1": 0.16472609341144562,
              "f1_weighted": 0.48093128204345703,
              "mrr": 0.6058863401412964,
              "top5_acc": 0.7315931916236877,
              "ndcg_5": 0.6228618621826172,
              "top10_acc": 0.8200150728225708,
              "ndcg_10": 0.6515465974807739,
              "best_epoch": 18
            }
          }
        },
        {
          "accuracy": 0.5052928924560547,
          "accuracy_macro": 0.17345124119172425,
          "f1": 0.15718120336532593,
          "f1_weighted": 0.4824841618537903,
          "mrr": 0.6096872687339783,
          "top5_acc": 0.7359824180603027,
          "ndcg_5": 0.6266241073608398,
          "top10_acc": 0.825537919998169,
          "ndcg_10": 0.6557062268257141,
          "best_epoch": 18,
          "per_metric_best": {
            "accuracy": {
              "accuracy": 0.5052928924560547,
              "accuracy_macro": 0.17345124119172425,
              "f1": 0.15718120336532593,
              "f1_weighted": 0.4824841618537903,
              "mrr": 0.6096872687339783,
              "top5_acc": 0.7359824180603027,
              "ndcg_5": 0.6266241073608398,
              "top10_acc": 0.825537919998169,
              "ndcg_10": 0.6557062268257141,
              "best_epoch": 18
            },
            "top5_acc": {
              "accuracy": 0.5051044225692749,
              "accuracy_macro": 0.17671038416947724,
              "f1": 0.1593133509159088,
              "f1_weighted": 0.4848453402519226,
              "mrr": 0.6100069284439087,
              "top5_acc": 0.7372074723243713,
              "ndcg_5": 0.627406895160675,
              "top10_acc": 0.8248154520988464,
              "ndcg_10": 0.6558623909950256,
              "best_epoch": 20
            },
            "top10_acc": {
              "accuracy": 0.5052928924560547,
              "accuracy_macro": 0.17345124119172425,
              "f1": 0.15718120336532593,
              "f1_weighted": 0.4824841618537903,
              "mrr": 0.6096872687339783,
              "top5_acc": 0.7359824180603027,
              "ndcg_5": 0.6266241073608398,
              "top10_acc": 0.825537919998169,
              "ndcg_10": 0.6557062268257141,
              "best_epoch": 18
            },
            "mrr": {
              "accuracy": 0.5051044225692749,
              "accuracy_macro": 0.17671038416947724,
              "f1": 0.1593133509159088,
              "f1_weighted": 0.4848453402519226,
              "mrr": 0.6100069284439087,
              "top5_acc": 0.7372074723243713,
              "ndcg_5": 0.627406895160675,
              "top10_acc": 0.8248154520988464,
              "ndcg_10": 0.6558623909950256,
              "best_epoch": 20
            },
            "f1": {
              "accuracy": 0.503219723701477,
              "accuracy_macro": 0.17978106785015316,
              "f1": 0.16047403216362,
              "f1_weighted": 0.47993892431259155,
              "mrr": 0.608273983001709,
              "top5_acc": 0.7328726053237915,
              "ndcg_5": 0.624799907207489,
              "top10_acc": 0.8228051066398621,
              "ndcg_10": 0.6540149450302124,
              "best_epoch": 17
            }
          }
        },
        {
          "accuracy": 0.5089367032051086,
          "accuracy_macro": 0.17958630424043837,
          "f1": 0.16360685229301453,
          "f1_weighted": 0.48815107345581055,
          "mrr": 0.6147735714912415,
          "top5_acc": 0.7403801083564758,
          "ndcg_5": 0.6317726969718933,
          "top10_acc": 0.8302497267723083,
          "ndcg_10": 0.6609806418418884,
          "best_epoch": 17,
          "per_metric_best": {
            "accuracy": {
              "accuracy": 0.5100046992301941,
              "accuracy_macro": 0.1821798806662088,
              "f1": 0.1649724543094635,
              "f1_weighted": 0.4881960451602936,
              "mrr": 0.6150221228599548,
              "top5_acc": 0.7394691109657288,
              "ndcg_5": 0.6317467093467712,
              "top10_acc": 0.828490674495697,
              "ndcg_10": 0.6606708765029907,
              "best_epoch": 18
            },
            "top5_acc": {
              "accuracy": 0.5089367032051086,
              "accuracy_macro": 0.17958630424043837,
              "f1": 0.16360685229301453,
              "f1_weighted": 0.48815107345581055,
              "mrr": 0.6147735714912415,
              "top5_acc": 0.7403801083564758,
              "ndcg_5": 0.6317726969718933,
              "top10_acc": 0.8302497267723083,
              "ndcg_10": 0.6609806418418884,
              "best_epoch": 17
            },
            "top10_acc": {
              "accuracy": 0.5089367032051086,
              "accuracy_macro": 0.17958630424043837,
              "f1": 0.16360685229301453,
              "f1_weighted": 0.48815107345581055,
              "mrr": 0.6147735714912415,
              "top5_acc": 0.7403801083564758,
              "ndcg_5": 0.6317726969718933,
              "top10_acc": 0.8302497267723083,
              "ndcg_10": 0.6609806418418884,
              "best_epoch": 17
            },
            "mrr": {
              "accuracy": 0.5100046992301941,
              "accuracy_macro": 0.1821798806662088,
              "f1": 0.1649724543094635,