{
  "state": "texas",
  "folds": 5,
  "epochs": 50,
  "seed": 42,
  "input_type": "region",
  "n_regions": 6553,
  "heads": {
    "next_stan": {
      "per_fold": [
        {
          "accuracy": 0.28379595279693604,
          "accuracy_macro": 0.10409717427359687,
          "f1": 0.09242632985115051,
          "f1_weighted": 0.2517382502555847,
          "mrr": 0.3932022154331207,
          "top5_acc": 0.5132818818092346,
          "ndcg_5": 0.4049942195415497,
          "top10_acc": 0.6090158820152283,
          "ndcg_10": 0.43594905734062195,
          "best_epoch": 46,
          "per_metric_best": {
            "accuracy": {
              "accuracy": 0.28440335392951965,
              "accuracy_macro": 0.10489047525971193,
              "f1": 0.09308530390262604,
              "f1_weighted": 0.25282031297683716,
              "mrr": 0.3934832811355591,
              "top5_acc": 0.5135096907615662,
              "ndcg_5": 0.4052759110927582,
              "top10_acc": 0.6088857054710388,
              "ndcg_10": 0.43611863255500793,
              "best_epoch": 49
            },
            "top5_acc": {
              "accuracy": 0.2838718593120575,
              "accuracy_macro": 0.10512166209035105,
              "f1": 0.0928950309753418,
              "f1_weighted": 0.25230371952056885,
              "mrr": 0.3932047486305237,
              "top5_acc": 0.5136181712150574,
              "ndcg_5": 0.40513819456100464,
              "top10_acc": 0.6087989211082458,
              "ndcg_10": 0.4358987808227539,
              "best_epoch": 47
            },
            "top10_acc": {
              "accuracy": 0.28379595279693604,
              "accuracy_macro": 0.10409717427359687,
              "f1": 0.09242632985115051,
              "f1_weighted": 0.2517382502555847,
              "mrr": 0.3932022154331207,
              "top5_acc": 0.5132818818092346,
              "ndcg_5": 0.4049942195415497,
              "top10_acc": 0.6090158820152283,
              "ndcg_10": 0.43594905734062195,
              "best_epoch": 46
            },
            "mrr": {
              "accuracy": 0.28440335392951965,
              "accuracy_macro": 0.10489047525971193,
              "f1": 0.09308530390262604,
              "f1_weighted": 0.25282031297683716,
              "mrr": 0.3934832811355591,
              "top5_acc": 0.5135096907615662,
              "ndcg_5": 0.4052759110927582,
              "top10_acc": 0.6088857054710388,
              "ndcg_10": 0.43611863255500793,
              "best_epoch": 49
            },
            "f1": {
              "accuracy": 0.2843816578388214,
              "accuracy_macro": 0.10496813213804565,
              "f1": 0.09316565841436386,
              "f1_weighted": 0.25281476974487305,
              "mrr": 0.3934575617313385,
              "top5_acc": 0.5135313868522644,
              "ndcg_5": 0.4052843749523163,
              "top10_acc": 0.6089074015617371,
              "ndcg_10": 0.43611088395118713,
              "best_epoch": 48
            }
          }
        },
        {
          "accuracy": 0.28993839025497437,
          "accuracy_macro": 0.10131756995715671,
          "f1": 0.09192034602165222,
          "f1_weighted": 0.25858259201049805,
          "mrr": 0.3994883894920349,
          "top5_acc": 0.5207610130310059,
          "ndcg_5": 0.41190770268440247,
          "top10_acc": 0.6138060092926025,
          "ndcg_10": 0.44205737113952637,
          "best_epoch": 49,
          "per_metric_best": {
            "accuracy": {
              "accuracy": 0.28993839025497437,
              "accuracy_macro": 0.10131756995715671,
              "f1": 0.09192034602165222,
              "f1_weighted": 0.25858259201049805,
              "mrr": 0.3994883894920349,
              "top5_acc": 0.5207610130310059,
              "ndcg_5": 0.41190770268440247,
              "top10_acc": 0.6138060092926025,
              "ndcg_10": 0.44205737113952637,
              "best_epoch": 49
            },
            "top5_acc": {
              "accuracy": 0.28993839025497437,
              "accuracy_macro": 0.10131756995715671,
              "f1": 0.09192034602165222,
              "f1_weighted": 0.25858259201049805,
              "mrr": 0.3994883894920349,
              "top5_acc": 0.5207610130310059,
              "ndcg_5": 0.41190770268440247,
              "top10_acc": 0.6138060092926025,
              "ndcg_10": 0.44205737113952637,
              "best_epoch": 49
            },
            "top10_acc": {
              "accuracy": 0.28993839025497437,
              "accuracy_macro": 0.10131756995715671,
              "f1": 0.09192034602165222,
              "f1_weighted": 0.25858259201049805,
              "mrr": 0.3994883894920349,
              "top5_acc": 0.5207610130310059,
              "ndcg_5": 0.41190770268440247,
              "top10_acc": 0.6138060092926025,
              "ndcg_10": 0.44205737113952637,
              "best_epoch": 49
            },
            "mrr": {
              "accuracy": 0.28993839025497437,
              "accuracy_macro": 0.10131756995715671,
              "f1": 0.09192034602165222,
              "f1_weighted": 0.25858259201049805,
              "mrr": 0.3994883894920349,
              "top5_acc": 0.5207610130310059,
              "ndcg_5": 0.41190770268440247,
              "top10_acc": 0.6138060092926025,
              "ndcg_10": 0.44205737113952637,
              "best_epoch": 49
            },
            "f1": {
              "accuracy": 0.28993839025497437,
              "accuracy_macro": 0.10131756995715671,
              "f1": 0.09192034602165222,
              "f1_weighted": 0.25858259201049805,
              "mrr": 0.3994883894920349,
              "top5_acc": 0.5207610130310059,
              "ndcg_5": 0.41190770268440247,
              "top10_acc": 0.6138060092926025,
              "ndcg_10": 0.44205737113952637,
              "best_epoch": 49
            }
          }
        },
        {
          "accuracy": 0.29476457834243774,
          "accuracy_macro": 0.10651383779835798,
          "f1": 0.09546322375535965,
          "f1_weighted": 0.2629788815975189,
          "mrr": 0.40476739406585693,
          "top5_acc": 0.5266543030738831,
          "ndcg_5": 0.41764917969703674,
          "top10_acc": 0.6181628704071045,
          "ndcg_10": 0.4472860097885132,
          "best_epoch": 46,
          "per_metric_best": {
            "accuracy": {
              "accuracy": 0.29501405358314514,
              "accuracy_macro": 0.10758399512662796,
              "f1": 0.09631099551916122,
              "f1_weighted": 0.26364898681640625,
              "mrr": 0.4048267900943756,
              "top5_acc": 0.5259818434715271,
              "ndcg_5": 0.4174717664718628,
              "top10_acc": 0.6177398562431335,
              "ndcg_10": 0.4472147226333618,
              "best_epoch": 49
            },
            "top5_acc": {
              "accuracy": 0.29476457834243774,
              "accuracy_macro": 0.10651383779835798,
              "f1": 0.09546322375535965,
              "f1_weighted": 0.2629788815975189,
              "mrr": 0.40476739406585693,
              "top5_acc": 0.5266543030738831,
              "ndcg_5": 0.41764917969703674,
              "top10_acc": 0.6181628704071045,
              "ndcg_10": 0.4472860097885132,
              "best_epoch": 46
            },
            "top10_acc": {
              "accuracy": 0.29476457834243774,
              "accuracy_macro": 0.10651383779835798,
              "f1": 0.09546322375535965,
              "f1_weighted": 0.2629788815975189,
              "mrr": 0.40476739406585693,
              "top5_acc": 0.5266543030738831,
              "ndcg_5": 0.41764917969703674,
              "top10_acc": 0.6181628704071045,
              "ndcg_10": 0.4472860097885132,
              "best_epoch": 46
            },
            "mrr": {
              "accuracy": 0.29501405358314514,
              "accuracy_macro": 0.10758399512662796,