{
  "state": "alabama",
  "folds": 5,
  "epochs": 50,
  "seed": 42,
  "input_type": "region",
  "n_regions": 1109,
  "heads": {
    "next_getnext_hard": {
      "per_fold": [
        {
          "accuracy": 0.282061368227005,
          "accuracy_macro": 0.10407152647301271,
          "f1": 0.08256305009126663,
          "f1_weighted": 0.2403659224510193,
          "mrr": 0.4068944454193115,
          "top5_acc": 0.5487805008888245,
          "ndcg_5": 0.4237619638442993,
          "top10_acc": 0.6553894281387329,
          "ndcg_10": 0.45824918150901794,
          "best_epoch": 22,
          "per_metric_best": {
            "accuracy": {
              "accuracy": 0.29701024293899536,
              "accuracy_macro": 0.10456587522084476,
              "f1": 0.0879526287317276,
              "f1_weighted": 0.2607731223106384,
              "mrr": 0.41570597887039185,
              "top5_acc": 0.553894579410553,
              "ndcg_5": 0.43221867084503174,
              "top10_acc": 0.6542092561721802,
              "ndcg_10": 0.464667409658432,
              "best_epoch": 26
            },
            "top5_acc": {
              "accuracy": 0.28638866543769836,
              "accuracy_macro": 0.10791077484955659,
              "f1": 0.09037922322750092,
              "f1_weighted": 0.25060221552848816,
              "mrr": 0.409585177898407,
              "top5_acc": 0.5558615326881409,
              "ndcg_5": 0.42825260758399963,
              "top10_acc": 0.6514555215835571,
              "ndcg_10": 0.4591318368911743,
              "best_epoch": 23
            },
            "top10_acc": {
              "accuracy": 0.282061368227005,
              "accuracy_macro": 0.10407152647301271,
              "f1": 0.08256305009126663,
              "f1_weighted": 0.2403659224510193,
              "mrr": 0.4068944454193115,
              "top5_acc": 0.5487805008888245,
              "ndcg_5": 0.4237619638442993,
              "top10_acc": 0.6553894281387329,
              "ndcg_10": 0.45824918150901794,
              "best_epoch": 22
            },
            "mrr": {
              "accuracy": 0.29701024293899536,
              "accuracy_macro": 0.10456587522084476,
              "f1": 0.0879526287317276,
              "f1_weighted": 0.2607731223106384,
              "mrr": 0.41570597887039185,
              "top5_acc": 0.553894579410553,
              "ndcg_5": 0.43221867084503174,
              "top10_acc": 0.6542092561721802,
              "ndcg_10": 0.464667409658432,
              "best_epoch": 26
            },
            "f1": {
              "accuracy": 0.2824547588825226,
              "accuracy_macro": 0.1122513391021499,
              "f1": 0.09650512784719467,
              "f1_weighted": 0.2587197422981262,
              "mrr": 0.3993079960346222,
              "top5_acc": 0.531471312046051,
              "ndcg_5": 0.4124681353569031,
              "top10_acc": 0.6455546617507935,
              "ndcg_10": 0.4496804177761078,
              "best_epoch": 40
            }
          }
        },
        {
          "accuracy": 0.24232888221740723,
          "accuracy_macro": 0.09363823552285472,
          "f1": 0.07936424016952515,
          "f1_weighted": 0.205890491604805,
          "mrr": 0.3635857105255127,
          "top5_acc": 0.49173879623413086,
          "ndcg_5": 0.3734463155269623,
          "top10_acc": 0.6125098466873169,
          "ndcg_10": 0.4128112494945526,
          "best_epoch": 23,
          "per_metric_best": {
            "accuracy": {
              "accuracy": 0.24429583549499512,
              "accuracy_macro": 0.09209175787028476,
              "f1": 0.07893636077642441,
              "f1_weighted": 0.20995281636714935,
              "mrr": 0.3636089563369751,
              "top5_acc": 0.49921321868896484,
              "ndcg_5": 0.3763504922389984,
              "top10_acc": 0.6058222055435181,
              "ndcg_10": 0.4110035002231598,
              "best_epoch": 25
            },
            "top5_acc": {
              "accuracy": 0.24429583549499512,
              "accuracy_macro": 0.09209175787028476,
              "f1": 0.07893636077642441,
              "f1_weighted": 0.20995281636714935,
              "mrr": 0.3636089563369751,
              "top5_acc": 0.49921321868896484,
              "ndcg_5": 0.3763504922389984,
              "top10_acc": 0.6058222055435181,
              "ndcg_10": 0.4110035002231598,
              "best_epoch": 25
            },
            "top10_acc": {
              "accuracy": 0.24232888221740723,
              "accuracy_macro": 0.09363823552285472,
              "f1": 0.07936424016952515,
              "f1_weighted": 0.205890491604805,
              "mrr": 0.3635857105255127,
              "top5_acc": 0.49173879623413086,
              "ndcg_5": 0.3734463155269623,
              "top10_acc": 0.6125098466873169,
              "ndcg_10": 0.4128112494945526,
              "best_epoch": 23
            },
            "mrr": {
              "accuracy": 0.24429583549499512,
              "accuracy_macro": 0.09209175787028476,
              "f1": 0.07893636077642441,
              "f1_weighted": 0.20995281636714935,
              "mrr": 0.3636089563369751,
              "top5_acc": 0.49921321868896484,
              "ndcg_5": 0.3763504922389984,
              "top10_acc": 0.6058222055435181,
              "ndcg_10": 0.4110035002231598,
              "best_epoch": 25
            },
            "f1": {
              "accuracy": 0.23878835141658783,
              "accuracy_macro": 0.09917788207530975,
              "f1": 0.08504996448755264,
              "f1_weighted": 0.21185104548931122,
              "mrr": 0.3570711314678192,
              "top5_acc": 0.48505115509033203,
              "ndcg_5": 0.36727556586265564,
              "top10_acc": 0.5995279550552368,
              "ndcg_10": 0.404494047164917,
              "best_epoch": 34
            }
          }
        },
        {
          "accuracy": 0.263965368270874,
          "accuracy_macro": 0.10746468096911548,
          "f1": 0.08649278432130814,
          "f1_weighted": 0.21869078278541565,
          "mrr": 0.39160865545272827,
          "top5_acc": 0.5338316559791565,
          "ndcg_5": 0.40748223662376404,
          "top10_acc": 0.643194317817688,
          "ndcg_10": 0.44303447008132935,
          "best_epoch": 19,
          "per_metric_best": {
            "accuracy": {
              "accuracy": 0.263965368270874,
              "accuracy_macro": 0.10746468096911548,
              "f1": 0.08649278432130814,
              "f1_weighted": 0.21869078278541565,
              "mrr": 0.39160865545272827,
              "top5_acc": 0.5338316559791565,
              "ndcg_5": 0.40748223662376404,
              "top10_acc": 0.643194317817688,
              "ndcg_10": 0.44303447008132935,
              "best_epoch": 19
            },
            "top5_acc": {
              "accuracy": 0.2533438205718994,
              "accuracy_macro": 0.10641143625103772,
              "f1": 0.08760569989681244,
              "f1_weighted": 0.21825015544891357,
              "mrr": 0.38290613889694214,
              "top5_acc": 0.5369787812232971,
              "ndcg_5": 0.40198665857315063,
              "top10_acc": 0.6428009271621704,
              "ndcg_10": 0.43630316853523254,
              "best_epoch": 28
            },
            "top10_acc": {
              "accuracy": 0.263965368270874,
              "accuracy_macro": 0.10746468096911548,
              "f1": 0.08649278432130814,
              "f1_weighted": 0.21869078278541565,
              "mrr": 0.39160865545272827,
              "top5_acc": 0.5338316559791565,
              "ndcg_5": 0.40748223662376404,
              "top10_acc": 0.643194317817688,
              "ndcg_10": 0.44303447008132935,
              "best_epoch": 19
            },
            "mrr": {
              "accuracy": 0.263965368270874,
              "accuracy_macro": 0.10746468096911548,