{
  "state": "alabama",
  "folds": 5,
  "epochs": 50,
  "seed": 42,
  "input_type": "region",
  "n_regions": 1109,
  "heads": {
    "next_getnext_hard": {
      "per_fold": [
        {
          "accuracy": 0.2911093533039093,
          "accuracy_macro": 0.1081876700265067,
          "f1": 0.09059525281190872,
          "f1_weighted": 0.25751781463623047,
          "mrr": 0.41217198967933655,
          "top5_acc": 0.5444532036781311,
          "ndcg_5": 0.42607375979423523,
          "top10_acc": 0.6553894281387329,
          "ndcg_10": 0.46223965287208557,
          "best_epoch": 25,
          "per_metric_best": {
            "accuracy": {
              "accuracy": 0.2962234318256378,
              "accuracy_macro": 0.10153387930972921,
              "f1": 0.08812254667282104,
              "f1_weighted": 0.27006447315216064,
              "mrr": 0.4115961194038391,
              "top5_acc": 0.5452399849891663,
              "ndcg_5": 0.4264417886734009,
              "top10_acc": 0.6502753496170044,
              "ndcg_10": 0.46025046706199646,
              "best_epoch": 33
            },
            "top5_acc": {
              "accuracy": 0.2911093533039093,
              "accuracy_macro": 0.10508395941127756,
              "f1": 0.09299436211585999,
              "f1_weighted": 0.2618137001991272,
              "mrr": 0.4123258888721466,
              "top5_acc": 0.5562549233436584,
              "ndcg_5": 0.4300655126571655,
              "top10_acc": 0.6530290842056274,
              "ndcg_10": 0.46154794096946716,
              "best_epoch": 29
            },
            "top10_acc": {
              "accuracy": 0.2911093533039093,
              "accuracy_macro": 0.1081876700265067,
              "f1": 0.09059525281190872,
              "f1_weighted": 0.25751781463623047,
              "mrr": 0.41217198967933655,
              "top5_acc": 0.5444532036781311,
              "ndcg_5": 0.42607375979423523,
              "top10_acc": 0.6553894281387329,
              "ndcg_10": 0.46223965287208557,
              "best_epoch": 25
            },
            "mrr": {
              "accuracy": 0.2946498692035675,
              "accuracy_macro": 0.11105090904966625,
              "f1": 0.09352374821901321,
              "f1_weighted": 0.26221585273742676,
              "mrr": 0.41397854685783386,
              "top5_acc": 0.5479937195777893,
              "ndcg_5": 0.4289834201335907,
              "top10_acc": 0.6443744897842407,
              "ndcg_10": 0.46054890751838684,
              "best_epoch": 23
            },
            "f1": {
              "accuracy": 0.2946498692035675,
              "accuracy_macro": 0.11105090904966625,
              "f1": 0.09352374821901321,
              "f1_weighted": 0.26221585273742676,
              "mrr": 0.41397854685783386,
              "top5_acc": 0.5479937195777893,
              "ndcg_5": 0.4289834201335907,
              "top10_acc": 0.6443744897842407,
              "ndcg_10": 0.46054890751838684,
              "best_epoch": 23
            }
          }
        },
        {
          "accuracy": 0.23367427289485931,
          "accuracy_macro": 0.08845428831548804,
          "f1": 0.0759866014122963,
          "f1_weighted": 0.20676901936531067,
          "mrr": 0.3560844659805298,
          "top5_acc": 0.49331235885620117,
          "ndcg_5": 0.36911943554878235,
          "top10_acc": 0.6121164560317993,
          "ndcg_10": 0.4074654281139374,
          "best_epoch": 28,
          "per_metric_best": {
            "accuracy": {
              "accuracy": 0.2498033046722412,
              "accuracy_macro": 0.0997993591798836,
              "f1": 0.08484473824501038,
              "f1_weighted": 0.21388235688209534,
              "mrr": 0.3662557899951935,
              "top5_acc": 0.4929189682006836,
              "ndcg_5": 0.37647223472595215,
              "top10_acc": 0.6113296747207642,
              "ndcg_10": 0.4147942066192627,
              "best_epoch": 25
            },
            "top5_acc": {
              "accuracy": 0.24744296073913574,
              "accuracy_macro": 0.09062931060791016,
              "f1": 0.07791933417320251,
              "f1_weighted": 0.20727354288101196,
              "mrr": 0.36671924591064453,
              "top5_acc": 0.4996066093444824,
              "ndcg_5": 0.3790883421897888,
              "top10_acc": 0.610542893409729,
              "ndcg_10": 0.414978951215744,
              "best_epoch": 23
            },
            "top10_acc": {
              "accuracy": 0.23367427289485931,
              "accuracy_macro": 0.08845428831548804,
              "f1": 0.0759866014122963,
              "f1_weighted": 0.20676901936531067,
              "mrr": 0.3560844659805298,
              "top5_acc": 0.49331235885620117,
              "ndcg_5": 0.36911943554878235,
              "top10_acc": 0.6121164560317993,
              "ndcg_10": 0.4074654281139374,
              "best_epoch": 28
            },
            "mrr": {
              "accuracy": 0.24744296073913574,
              "accuracy_macro": 0.09062931060791016,
              "f1": 0.07791933417320251,
              "f1_weighted": 0.20727354288101196,
              "mrr": 0.36671924591064453,
              "top5_acc": 0.4996066093444824,
              "ndcg_5": 0.3790883421897888,
              "top10_acc": 0.610542893409729,
              "ndcg_10": 0.414978951215744,
              "best_epoch": 23
            },
            "f1": {
              "accuracy": 0.2498033046722412,
              "accuracy_macro": 0.0997993591798836,
              "f1": 0.08484473824501038,
              "f1_weighted": 0.21388235688209534,
              "mrr": 0.3662557899951935,
              "top5_acc": 0.4929189682006836,
              "ndcg_5": 0.37647223472595215,
              "top10_acc": 0.6113296747207642,
              "ndcg_10": 0.4147942066192627,
              "best_epoch": 25
            }
          }
        },
        {
          "accuracy": 0.26553893089294434,
          "accuracy_macro": 0.11382644469109579,
          "f1": 0.0956273227930069,
          "f1_weighted": 0.22565534710884094,
          "mrr": 0.3900204002857208,
          "top5_acc": 0.5302910804748535,
          "ndcg_5": 0.4046681821346283,
          "top10_acc": 0.6502753496170044,
          "ndcg_10": 0.44345927238464355,
          "best_epoch": 22,
          "per_metric_best": {
            "accuracy": {
              "accuracy": 0.26553893089294434,
              "accuracy_macro": 0.11382644469109579,
              "f1": 0.0956273227930069,
              "f1_weighted": 0.22565534710884094,
              "mrr": 0.3900204002857208,
              "top5_acc": 0.5302910804748535,
              "ndcg_5": 0.4046681821346283,
              "top10_acc": 0.6502753496170044,
              "ndcg_10": 0.44345927238464355,
              "best_epoch": 22
            },
            "top5_acc": {
              "accuracy": 0.25806450843811035,
              "accuracy_macro": 0.10456548802089884,
              "f1": 0.08505388349294662,
              "f1_weighted": 0.21271634101867676,
              "mrr": 0.38605889678001404,
              "top5_acc": 0.5369787812232971,
              "ndcg_5": 0.40420836210250854,
              "top10_acc": 0.6471282243728638,
              "ndcg_10": 0.439945250749588,
              "best_epoch": 18
            },
            "top10_acc": {
              "accuracy": 0.26553893089294434,
              "accuracy_macro": 0.11382644469109579,
              "f1": 0.0956273227930069,
              "f1_weighted": 0.22565534710884094,
              "mrr": 0.3900204002857208,
              "top5_acc": 0.5302910804748535,
              "ndcg_5": 0.4046681821346283,
              "top10_acc": 0.6502753496170044,
              "ndcg_10": 0.44345927238464355,
              "best_epoch": 22
            },
            "mrr": {
              "accuracy": 0.26553893089294434,
              "accuracy_macro": 0.11382644469109579,