{
  "state": "arizona_catC_balanced",
  "folds": 2,
  "epochs": 3,
  "seed": 42,
  "input_type": "region",
  "n_regions": 1540,
  "heads": {
    "next_getnext_hard": {
      "per_fold": [
        {
          "accuracy": 0.10259129852056503,
          "accuracy_macro": 0.005008106286815136,
          "f1": 0.002356935292482376,
          "f1_weighted": 0.04011090099811554,
          "mrr": 0.17630547285079956,
          "top5_acc": 0.24079406261444092,
          "ndcg_5": 0.1731254905462265,
          "top10_acc": 0.32429155707359314,
          "ndcg_10": 0.19988927245140076,
          "best_epoch": 3,
          "per_metric_best": {
            "accuracy": {
              "accuracy": 0.10259129852056503,
              "accuracy_macro": 0.005008106286815136,
              "f1": 0.002356935292482376,
              "f1_weighted": 0.04011090099811554,
              "mrr": 0.17630547285079956,
              "top5_acc": 0.24079406261444092,
              "ndcg_5": 0.1731254905462265,
              "top10_acc": 0.32429155707359314,
              "ndcg_10": 0.19988927245140076,
              "best_epoch": 3
            },
            "top5_acc": {
              "accuracy": 0.10259129852056503,
              "accuracy_macro": 0.005008106286815136,
              "f1": 0.002356935292482376,
              "f1_weighted": 0.04011090099811554,
              "mrr": 0.17630547285079956,
              "top5_acc": 0.24079406261444092,
              "ndcg_5": 0.1731254905462265,
              "top10_acc": 0.32429155707359314,
              "ndcg_10": 0.19988927245140076,
              "best_epoch": 3
            },
            "top10_acc": {
              "accuracy": 0.10259129852056503,
              "accuracy_macro": 0.005008106286815136,
              "f1": 0.002356935292482376,
              "f1_weighted": 0.04011090099811554,
              "mrr": 0.17630547285079956,
              "top5_acc": 0.24079406261444092,
              "ndcg_5": 0.1731254905462265,
              "top10_acc": 0.32429155707359314,
              "ndcg_10": 0.19988927245140076,
              "best_epoch": 3
            },
            "mrr": {
              "accuracy": 0.10259129852056503,
              "accuracy_macro": 0.005008106286815136,
              "f1": 0.002356935292482376,
              "f1_weighted": 0.04011090099811554,
              "mrr": 0.17630547285079956,
              "top5_acc": 0.24079406261444092,
              "ndcg_5": 0.1731254905462265,
              "top10_acc": 0.32429155707359314,
              "ndcg_10": 0.19988927245140076,
              "best_epoch": 3
            },
            "f1": {
              "accuracy": 0.10259129852056503,
              "accuracy_macro": 0.005008106286815136,
              "f1": 0.002356935292482376,
              "f1_weighted": 0.04011090099811554,
              "mrr": 0.17630547285079956,
              "top5_acc": 0.24079406261444092,
              "ndcg_5": 0.1731254905462265,
              "top10_acc": 0.32429155707359314,
              "ndcg_10": 0.19988927245140076,
              "best_epoch": 3
            }
          }
        },
        {
          "accuracy": 0.1273677796125412,
          "accuracy_macro": 0.006181914123903863,
          "f1": 0.003403609385713935,
          "f1_weighted": 0.05153818801045418,
          "mrr": 0.19041743874549866,
          "top5_acc": 0.2511744201183319,
          "ndcg_5": 0.187810480594635,
          "top10_acc": 0.331716924905777,
          "ndcg_10": 0.21386182308197021,
          "best_epoch": 2,
          "per_metric_best": {
            "accuracy": {
              "accuracy": 0.12933777272701263,
              "accuracy_macro": 0.004829701880983261,
              "f1": 0.002226083306595683,
              "f1_weighted": 0.0441104955971241,
              "mrr": 0.1981833279132843,
              "top5_acc": 0.26405516266822815,
              "ndcg_5": 0.1990533322095871,
              "top10_acc": 0.3227761685848236,
              "ndcg_10": 0.2179059237241745,
              "best_epoch": 3
            },
            "top5_acc": {
              "accuracy": 0.12933777272701263,
              "accuracy_macro": 0.004829701880983261,
              "f1": 0.002226083306595683,
              "f1_weighted": 0.0441104955971241,
              "mrr": 0.1981833279132843,
              "top5_acc": 0.26405516266822815,
              "ndcg_5": 0.1990533322095871,
              "top10_acc": 0.3227761685848236,
              "ndcg_10": 0.2179059237241745,
              "best_epoch": 3
            },
            "top10_acc": {
              "accuracy": 0.1273677796125412,
              "accuracy_macro": 0.006181914123903863,
              "f1": 0.003403609385713935,
              "f1_weighted": 0.05153818801045418,
              "mrr": 0.19041743874549866,
              "top5_acc": 0.2511744201183319,
              "ndcg_5": 0.187810480594635,
              "top10_acc": 0.331716924905777,
              "ndcg_10": 0.21386182308197021,
              "best_epoch": 2
            },
            "mrr": {
              "accuracy": 0.12933777272701263,
              "accuracy_macro": 0.004829701880983261,
              "f1": 0.002226083306595683,
              "f1_weighted": 0.0441104955971241,
              "mrr": 0.1981833279132843,
              "top5_acc": 0.26405516266822815,
              "ndcg_5": 0.1990533322095871,
              "top10_acc": 0.3227761685848236,
              "ndcg_10": 0.2179059237241745,
              "best_epoch": 3
            },
            "f1": {
              "accuracy": 0.1273677796125412,
              "accuracy_macro": 0.006181914123903863,
              "f1": 0.003403609385713935,
              "f1_weighted": 0.05153818801045418,
              "mrr": 0.19041743874549866,
              "top5_acc": 0.2511744201183319,
              "ndcg_5": 0.187810480594635,
              "top10_acc": 0.331716924905777,
              "ndcg_10": 0.21386182308197021,
              "best_epoch": 2
            }
          }
        }
      ],
      "aggregate": {
        "accuracy_mean": 0.11497953906655312,
        "accuracy_std": 0.01751961779407662,
        "top5_acc_mean": 0.2459842413663864,
        "top5_acc_std": 0.007340021182141984,
        "top10_acc_mean": 0.32800424098968506,
        "top10_acc_std": 0.005250527946941645,
        "mrr_mean": 0.1833614557981491,
        "mrr_std": 0.009978666780015015,
        "f1_mean": 0.0028802723390981555,
        "f1_std": 0.0007401103490163159
      },
      "aggregate_per_metric_best": {
        "accuracy_at_accuracy_best_mean": 0.11596453562378883,
        "accuracy_at_accuracy_best_std": 0.01891261328421018,
        "top5_acc_at_accuracy_best_mean": 0.25242461264133453,
        "top5_acc_at_accuracy_best_std": 0.016448081585891717,
        "top10_acc_at_accuracy_best_mean": 0.3235338628292084,
        "top10_acc_at_accuracy_best_std": 0.00107154147654097,
        "mrr_at_accuracy_best_mean": 0.18724440038204193,
        "mrr_at_accuracy_best_std": 0.015469979672499398,
        "f1_at_accuracy_best_mean": 0.0022915092995390296,
        "f1_at_accuracy_best_std": 9.252632655220703e-05,
        "accuracy_at_top5_acc_best_mean": 0.11596453562378883,
        "accuracy_at_top5_acc_best_std": 0.01891261328421018,
        "top5_acc_at_top5_acc_best_mean": 0.25242461264133453,
        "top5_acc_at_top5_acc_best_std": 0.016448081585891717,
        "top10_acc_at_top5_acc_best_mean": 0.3235338628292084,
        "top10_acc_at_top5_acc_best_std": 0.00107154147654097,
        "mrr_at_top5_acc_best_mean": 0.18724440038204193,
        "mrr_at_top5_acc_best_std": 0.015469979672499398,
        "f1_at_top5_acc_best_mean": 0.0022915092995390296,
        "f1_at_top5_acc_best_std": 9.252632655220703e-05,
        "accuracy_at_top10_acc_best_mean": 0.11497953906655312,
        "accuracy_at_top10_acc_best_std": 0.01751961779407662,
        "top5_acc_at_top10_acc_best_mean": 0.2459842413663864,
        "top5_acc_at_top10_acc_best_std": 0.007340021182141984,