{
    "fold_number": 4,
    "duration": 1143.24240732193,
    "best_epochs": {
        "next": {
            "epoch": 9,
            "accuracy": 0.3166689005048474,
            "f1": 0.2980888776384991,
            "time": 122.47641015052795
        }
    }
}