{
    "Community": {
        "precision": 0.5516914321846348,
        "recall": 0.5987304855035169,
        "f1-score": 0.5742492801316331,
        "support": 5829.0
    },
    "Entertainment": {
        "precision": 0.4871244635193133,
        "recall": 0.4690082644628099,
        "f1-score": 0.47789473684210526,
        "support": 2420.0
    },
    "Food": {
        "precision": 0.5471161657189277,
        "recall": 0.5320605661619486,
        "f1-score": 0.5394833455710567,
        "support": 7595.0
    },
    "Nightlife": {
        "precision": 0.351981351981352,
        "recall": 0.30474268415741673,
        "f1-score": 0.32666306111411575,
        "support": 991.0
    },
    "Outdoors": {
        "precision": 0.5250521920668059,
        "recall": 0.4412280701754386,
        "f1-score": 0.47950428979980936,
        "support": 2280.0
    },
    "Shopping": {
        "precision": 0.6086432347213206,
        "recall": 0.6428011753183154,
        "f1-score": 0.6252560377268613,
        "support": 10210.0
    },
    "Travel": {
        "precision": 0.4358974358974359,
        "recall": 0.36633663366336633,
        "f1-score": 0.3981012658227848,
        "support": 1717.0
    },
    "macro avg": {
        "precision": 0.5010723251556843,
        "recall": 0.4792725542061161,
        "f1-score": 0.48873600242976656,
        "support": 31042.0
    },
    "weighted avg": {
        "precision": 0.5495333316224035,
        "recall": 0.5529927195412667,
        "f1-score": 0.5504019463814828,
        "support": 31042.0
    }
}