{
    "fold_number": 5,
    "duration": 5.980720281600952,
    "primary_checkpoint": {
        "selection_metric": "task_best_f1",
        "epoch": 30,
        "joint_score": null,
        "loss": null,
        "time": 3.7948343753814697,
        "task_metrics": {
            "category": {
                "accuracy": 0.8205994367599487,
                "f1": 0.795802116394043
            }
        }
    },
    "diagnostic_best_epochs": {
        "category": {
            "epoch": 30,
            "time": 3.7948343753814697,
            "metrics": {
                "loss": 0.6867023949484223,
                "accuracy": 0.8205994367599487,
                "accuracy_macro": 0.8025766015052795,
                "f1": 0.795802116394043,
                "f1_weighted": 0.820765495300293,
                "mrr": 0.8967969417572021,
                "top3_acc": 0.9759392142295837,
                "ndcg_3": 0.9133574962615967,
                "top5_acc": 0.9957787990570068,
                "ndcg_5": 0.9215319156646729
            },
            "accuracy": 0.8205994367599487,
            "f1": 0.795802116394043
        }
    },
    "best_epochs": {
        "category": {
            "epoch": 30,
            "time": 3.7948343753814697,
            "metrics": {
                "loss": 0.6867023949484223,
                "accuracy": 0.8205994367599487,
                "accuracy_macro": 0.8025766015052795,
                "f1": 0.795802116394043,
                "f1_weighted": 0.820765495300293,
                "mrr": 0.8967969417572021,
                "top3_acc": 0.9759392142295837,
                "ndcg_3": 0.9133574962615967,
                "top5_acc": 0.9957787990570068,
                "ndcg_5": 0.9215319156646729
            },
            "accuracy": 0.8205994367599487,
            "f1": 0.795802116394043
        }
    }
}