{
    "fold_number": 1,
    "duration": 65.69823217391968,
    "primary_checkpoint": {
        "selection_metric": "joint_score",
        "epoch": 9,
        "joint_score": 0.5118370652198792,
        "loss": 1.051681399345398,
        "time": 65.21200203895569,
        "task_metrics": {
            "category": {
                "accuracy": 0.8301886916160583,
                "f1": 0.7622976303100586
            },
            "next": {
                "accuracy": 0.3764752149581909,
                "f1": 0.2613765001296997
            }
        }
    },
    "diagnostic_best_epochs": {
        "category": {
            "epoch": 8,
            "time": 58.746591329574585,
            "metrics": {
                "accuracy": 0.8301886916160583,
                "accuracy_macro": 0.750064492225647,
                "f1": 0.7622976303100586,
                "f1_weighted": 0.8291094303131104,
                "mrr": 0.9020472764968872,
                "top3_acc": 0.9743935465812683,
                "ndcg_3": 0.9165840148925781,
                "top5_acc": 0.9959568977355957,
                "ndcg_5": 0.9255163669586182,
                "loss": 0.5498283505439758
            },
            "accuracy": 0.8301886916160583,
            "f1": 0.7622976303100586
        },
        "next": {
            "epoch": 9,
            "time": 65.26151394844055,
            "metrics": {
                "accuracy": 0.3764752149581909,
                "accuracy_macro": 0.250786155462265,
                "f1": 0.2613765001296997,
                "f1_weighted": 0.3498282730579376,
                "mrr": 0.6039957404136658,
                "top3_acc": 0.7974036335945129,
                "ndcg_3": 0.6221184134483337,
                "top5_acc": 0.9429582953453064,
                "ndcg_5": 0.6822194457054138,
                "loss": 1.5545536279678345
            },
            "accuracy": 0.3764752149581909,
            "f1": 0.2613765001296997
        }
    }
}