{
    "Community": {
        "precision": 0.49064171122994654,
        "recall": 0.5569044006069803,
        "f1-score": 0.5216773276474769,
        "support": 659.0
    },
    "Entertainment": {
        "precision": 0.36784140969163,
        "recall": 0.5075987841945289,
        "f1-score": 0.42656449553001274,
        "support": 329.0
    },
    "Food": {
        "precision": 0.599802371541502,
        "recall": 0.3381615598885794,
        "f1-score": 0.4324902030637692,
        "support": 1795.0
    },
    "Nightlife": {
        "precision": 0.20833333333333334,
        "recall": 0.5577689243027888,
        "f1-score": 0.30335861321776814,
        "support": 251.0
    },
    "Outdoors": {
        "precision": 0.4265402843601896,
        "recall": 0.6382978723404256,
        "f1-score": 0.5113636363636364,
        "support": 282.0
    },
    "Shopping": {
        "precision": 0.5822884012539185,
        "recall": 0.5349172066234701,
        "f1-score": 0.5575984990619137,
        "support": 1389.0
    },
    "Travel": {
        "precision": 0.5338129496402878,
        "recall": 0.6463414634146342,
        "f1-score": 0.5847123719464145,
        "support": 574.0
    },
    "macro avg": {
        "precision": 0.45846578015011535,
        "recall": 0.5399986016244868,
        "f1-score": 0.4768235924044273,
        "support": 5279.0
    },
    "weighted avg": {
        "precision": 0.5320669099635413,
        "recall": 0.48778177685167645,
        "f1-score": 0.49079783415703204,
        "support": 5279.0
    }
}