{
    "model": {
        "joint_score": {
            "mean": 0.2301144927740097,
            "std": 0.007173246944496527,
            "min": 0.22035767883062363,
            "max": 0.23955750465393066
        },
        "loss": {
            "mean": 4.685416316986084,
            "std": 0.27914266157326323,
            "min": 4.266659736633301,
            "max": 4.940218925476074
        }
    },
    "next_region": {
        "accuracy": {
            "mean": 0.16177400350570678,
            "std": 0.016639246801265346,
            "min": 0.14358772337436676,
            "max": 0.18332022428512573
        },
        "accuracy_macro": {
            "mean": 0.08784866025341227,
            "std": 0.0068818254277942595,
            "min": 0.07976957692620008,
            "max": 0.0951113754443908
        },
        "f1": {
            "mean": 0.07550180554389954,
            "std": 0.00379152956378717,
            "min": 0.07126691937446594,
            "max": 0.07938724756240845
        },
        "f1_weighted": {
            "mean": 0.1699083387851715,
            "std": 0.01704814216255915,
            "min": 0.15264441072940826,
            "max": 0.19180233776569366
        },
        "mrr": {
            "mean": 0.2732590019702911,
            "std": 0.022978439941654837,
            "min": 0.24392956495285034,
            "max": 0.2974271774291992
        },
        "top3_acc": {
            "mean": 0.30899024605751035,
            "std": 0.032872907689317915,
            "min": 0.2660369873046875,
            "max": 0.3410700261592865
        },
        "ndcg_3": {
            "mean": 0.2463228464126587,
            "std": 0.024930959434128777,
            "min": 0.21603164076805115,
            "max": 0.2697703242301941
        },
        "top5_acc": {
            "mean": 0.3932600557804108,
            "std": 0.043262419218819424,
            "min": 0.33530107140541077,
            "max": 0.43823760747909546
        },
        "ndcg_5": {
            "mean": 0.2810365974903107,
            "std": 0.027745561308004853,
            "min": 0.24460306763648987,
            "max": 0.3097906708717346
        },
        "loss": {
            "mean": 7.413508796691895,
            "std": 0.3908824554865838,
            "min": 6.834321022033691,
            "max": 7.870543479919434
        },
        "n_indist": {
            "mean": 2466.6,
            "std": 17.586926962946084,
            "min": 2445.0,
            "max": 2492.0
        },
        "n_ood": {
            "mean": 75.2,
            "std": 17.484278652549552,
            "min": 50.0,
            "max": 97.0
        },
        "ood_fraction": {
            "mean": 0.029585544512945986,
            "std": 0.0068793949719817985,
            "min": 0.01966955153422502,
            "max": 0.03815892997639654
        },
        "top1_acc_indist": {
            "mean": 0.16678532361984252,
            "std": 0.01806727631704947,
            "min": 0.14646869897842407,
            "max": 0.19059304893016815
        },
        "top5_acc_indist": {
            "mean": 0.40525550246238706,
            "std": 0.044571265162135706,
            "min": 0.3464823067188263,
            "max": 0.4522939622402191
        },
        "top10_acc_indist": {
            "mean": 0.5241078019142151,
            "std": 0.04702653002109044,
            "min": 0.46360307931900024,
            "max": 0.5809987783432007
        },
        "mrr_indist": {
            "mean": 0.2815934956073761,
            "std": 0.02442179369666672,
            "min": 0.25201159715652466,
            "max": 0.30691593885421753
        }
    },
    "next_category": {
        "accuracy": {
            "mean": 0.4049884617328644,
            "std": 0.012361777188007543,
            "min": 0.3859165906906128,
            "max": 0.4201416075229645
        },
        "accuracy_macro": {
            "mean": 0.4397080183029175,
            "std": 0.017805331902666328,
            "min": 0.41861656308174133,
            "max": 0.4585624933242798
        },
        "f1": {
            "mean": 0.3847271800041199,
            "std": 0.012932185973492664,
            "min": 0.3648103177547455,
            "max": 0.3997277617454529
        },
        "f1_weighted": {
            "mean": 0.40480859875679015,
            "std": 0.015099908740409578,
            "min": 0.3827425241470337,
            "max": 0.4234847128391266
        },
        "mrr": {
            "mean": 0.6327322721481323,
            "std": 0.009901573792485777,
            "min": 0.6153919100761414,
            "max": 0.6392801403999329
        },
        "top3_acc": {
            "mean": 0.8449922919273376,
            "std": 0.016009492208275914,
            "min": 0.8194335103034973,
            "max": 0.8583792448043823
        },
        "ndcg_3": {
            "mean": 0.6629229307174682,
            "std": 0.013649491021204876,
            "min": 0.6390386819839478,
            "max": 0.6727293133735657
        },
        "top5_acc": {
            "mean": 0.9571954131126403,
            "std": 0.005685676012479335,
            "min": 0.953579843044281,
            "max": 0.9669551253318787
        },
        "ndcg_5": {
            "mean": 0.7095048427581787,
            "std": 0.008666521240807759,
            "min": 0.6950337290763855,
            "max": 0.7175594568252563
        },
        "loss": {
            "mean": 1.9573239088058472,
            "std": 0.19763882736152022,
            "min": 1.6989984512329102,
            "max": 2.2442264556884766
        }
    },
    "_selection": {
        "primary": "joint_score",
        "diagnostic_task_best": "per-task best validation f1"
    },
    "diagnostic_task_best": {
        "next_region": {
            "accuracy": {
                "mean": 0.1705079972743988,
                "std": 0.021971983662209656,
                "min": 0.14358772337436676,
                "max": 0.19944925606250763
            },
            "accuracy_macro": {
                "mean": 0.08940139825733547,
                "std": 0.00651620714367133,
                "min": 0.07984016134650232,
                "max": 0.0951113754443908
            },
            "f1": {
                "mean": 0.07775295078754425,
                "std": 0.004999353376017995,
                "min": 0.07204876095056534,
                "max": 0.08402970433235168
            },
            "f1_weighted": {
                "mean": 0.1771106779575348,
                "std": 0.022139035853282252,
                "min": 0.15264441072940826,
                "max": 0.20591601729393005
            },
            "mrr": {
                "mean": 0.2807055950164795,
                "std": 0.02856730472366897,
                "min": 0.25246307253837585,
                "max": 0.321175217628479
            },
            "top3_acc": {
                "mean": 0.317016190290451,
                "std": 0.04138140764259775,
                "min": 0.27587562799453735,
                "max": 0.37922894954681396
            },
            "ndcg_3": {
                "mean": 0.25488826632499695,
                "std": 0.03290441637807687,
                "min": 0.2228589951992035,
                "max": 0.30345189571380615
            },
            "top5_acc": {
                "mean": 0.3942833602428436,
                "std": 0.04196267127368699,
                "min": 0.3415977954864502,
                "max": 0.44925254583358765
            },
            "ndcg_5": {
                "mean": 0.2867137134075165,
                "std": 0.03203894791657268,
                "min": 0.2526598572731018,
                "max": 0.33224746584892273
            },
            "loss": {
                "mean": 7.516784381866455,
                "std": 0.2831303189098984,
                "min": 7.266110420227051,
                "max": 7.952200889587402
            },
            "n_indist": {
                "mean": 2466.6,
                "std": 17.586926962946084,