{
    "fold_number": 1,
    "duration": 72.49913120269775,
    "primary_checkpoint": {
        "selection_metric": "joint_score",
        "epoch": 7,
        "joint_score": 0.5168063640594482,
        "loss": 1.0871002674102783,
        "time": 57.84171533584595,
        "task_metrics": {
            "next": {
                "accuracy": 0.3733280897140503,
                "f1": 0.27583348751068115
            },
            "category": {
                "accuracy": 0.8140161633491516,
                "f1": 0.7577792406082153
            }
        }
    },
    "diagnostic_best_epochs": {
        "next": {
            "epoch": 7,
            "time": 57.892254114151,
            "metrics": {
                "accuracy": 0.3733280897140503,
                "accuracy_macro": 0.2617947459220886,
                "f1": 0.27583348751068115,
                "f1_weighted": 0.35495612025260925,
                "mrr": 0.6003634333610535,
                "top3_acc": 0.7966168522834778,
                "ndcg_3": 0.6193788647651672,
                "top5_acc": 0.9374508261680603,
                "ndcg_5": 0.6774812340736389,
                "loss": 1.5564943552017212
            },
            "accuracy": 0.3733280897140503,
            "f1": 0.27583348751068115
        },
        "category": {
            "epoch": 8,
            "time": 64.88489031791687,
            "metrics": {
                "accuracy": 0.8180593252182007,
                "accuracy_macro": 0.7642984390258789,
                "f1": 0.7626497149467468,
                "f1_weighted": 0.8183636665344238,
                "mrr": 0.8934764862060547,
                "top3_acc": 0.9622641801834106,
                "ndcg_3": 0.9053369164466858,
                "top5_acc": 0.993261456489563,
                "ndcg_5": 0.9179779887199402,
                "loss": 0.59485924243927
            },
            "accuracy": 0.8180593252182007,
            "f1": 0.7626497149467468
        }
    }
}