{
    "fold_number": 5,
    "duration": 298.1334409713745,
    "primary_checkpoint": {
        "selection_metric": "joint_score",
        "epoch": 18,
        "joint_score": 0.5380403399467468,
        "loss": 1.175390601158142,
        "time": 114.97482490539551,
        "task_metrics": {
            "next": {
                "accuracy": 0.3565525412559509,
                "f1": 0.2637854814529419
            },
            "category": {
                "accuracy": 0.8253968358039856,
                "f1": 0.8122951984405518
            }
        }
    },
    "diagnostic_best_epochs": {
        "next": {
            "epoch": 16,
            "time": 103.06634902954102,
            "metrics": {
                "accuracy": 0.34238487482070923,
                "accuracy_macro": 0.2808536887168884,
                "f1": 0.27283695340156555,
                "f1_weighted": 0.3300691246986389,
                "mrr": 0.5750876665115356,
                "top3_acc": 0.7713498473167419,
                "ndcg_3": 0.5905144214630127,
                "top5_acc": 0.9220778942108154,
                "ndcg_5": 0.6526699662208557,
                "loss": 1.742371916770935
            },
            "accuracy": 0.34238487482070923,
            "f1": 0.27283695340156555
        },
        "category": {
            "epoch": 27,
            "time": 167.92616891860962,
            "metrics": {
                "accuracy": 0.821733832359314,
                "accuracy_macro": 0.8167212009429932,
                "f1": 0.8139748573303223,
                "f1_weighted": 0.821535587310791,
                "mrr": 0.897406816482544,
                "top3_acc": 0.9743589758872986,
                "ndcg_3": 0.913073718547821,
                "top5_acc": 0.9951159954071045,
                "ndcg_5": 0.921745777130127,
                "loss": 0.6532402634620667
            },
            "accuracy": 0.821733832359314,
            "f1": 0.8139748573303223
        }
    }
}