{
    "fold_number": 4,
    "duration": 36.88981032371521,
    "primary_checkpoint": {
        "selection_metric": "joint_score",
        "epoch": 48,
        "joint_score": 0.266470767557621,
        "loss": 4.352540016174316,
        "time": 35.946253538131714,
        "task_metrics": {
            "next_region": {
                "accuracy": 0.246262788772583,
                "f1": 0.07461737096309662
            },
            "next_category": {
                "accuracy": 0.4763965308666229,
                "f1": 0.4583241641521454
            }
        }
    },
    "diagnostic_best_epochs": {
        "next_region": {
            "epoch": 18,
            "time": 14.049560546875,
            "metrics": {
                "accuracy": 0.2891424000263214,
                "accuracy_macro": 0.09686863163754314,
                "f1": 0.08265180885791779,
                "f1_weighted": 0.28046926856040955,
                "mrr": 0.3556171953678131,
                "top3_acc": 0.3839496374130249,
                "ndcg_3": 0.34452956914901733,
                "top5_acc": 0.4252557158470154,
                "ndcg_5": 0.36133643984794617,
                "loss": 6.4325103759765625,
                "n_indist": 2459.0,
                "n_ood": 83.0,
                "ood_fraction": 0.032651455546813535,
                "top1_acc_indist": 0.2989019751548767,
                "top5_acc_indist": 0.4396095871925354,
                "top10_acc_indist": 0.510776698589325,
                "mrr_indist": 0.36758387088775635
            },
            "accuracy": 0.2891424000263214,
            "f1": 0.08265180885791779,
            "per_metric_best": {
                "top10_acc_indist": {
                    "epoch": 12,
                    "best_value": 0.522976815700531,
                    "metrics": {
                        "accuracy": 0.264358788728714,
                        "accuracy_macro": 0.09182592713006653,
                        "f1": 0.07569544017314911,
                        "f1_weighted": 0.24657809734344482,
                        "mrr": 0.3453352451324463,
                        "top3_acc": 0.392604261636734,
                        "ndcg_3": 0.33821627497673035,
                        "top5_acc": 0.44020456075668335,
                        "ndcg_5": 0.35773393511772156,
                        "loss": 6.504403114318848,
                        "n_indist": 2459.0,
                        "n_ood": 83.0,
                        "ood_fraction": 0.032651455546813535,
                        "top1_acc_indist": 0.2732818126678467,
                        "top5_acc_indist": 0.45506301522254944,
                        "top10_acc_indist": 0.522976815700531,
                        "mrr_indist": 0.35695430636405945
                    }
                },
                "top5_acc_indist": {
                    "epoch": 12,
                    "best_value": 0.45506301522254944,
                    "metrics": {
                        "accuracy": 0.264358788728714,
                        "accuracy_macro": 0.09182592713006653,
                        "f1": 0.07569544017314911,
                        "f1_weighted": 0.24657809734344482,
                        "mrr": 0.3453352451324463,
                        "top3_acc": 0.392604261636734,
                        "ndcg_3": 0.33821627497673035,
                        "top5_acc": 0.44020456075668335,
                        "ndcg_5": 0.35773393511772156,
                        "loss": 6.504403114318848,
                        "n_indist": 2459.0,
                        "n_ood": 83.0,
                        "ood_fraction": 0.032651455546813535,
                        "top1_acc_indist": 0.2732818126678467,
                        "top5_acc_indist": 0.45506301522254944,
                        "top10_acc_indist": 0.522976815700531,
                        "mrr_indist": 0.35695430636405945
                    }
                },
                "mrr_indist": {
                    "epoch": 17,
                    "best_value": 0.3701263964176178,
                    "metrics": {
                        "accuracy": 0.28284814953804016,
                        "accuracy_macro": 0.1009838111831938,
                        "f1": 0.0851610004901886,
                        "f1_weighted": 0.27266037464141846,
                        "mrr": 0.3580768406391144,
                        "top3_acc": 0.39535799622535706,
                        "ndcg_3": 0.34868329763412476,
                        "top5_acc": 0.44020456075668335,
                        "ndcg_5": 0.36759817600250244,
                        "loss": 6.422551155090332,
                        "n_indist": 2459.0,
                        "n_ood": 83.0,
                        "ood_fraction": 0.032651455546813535,
                        "top1_acc_indist": 0.2923952639102936,
                        "top5_acc_indist": 0.45506301522254944,
                        "top10_acc_indist": 0.5225701332092285,
                        "mrr_indist": 0.3701263964176178
                    }
                },
                "top5_acc": {
                    "epoch": 12,
                    "best_value": 0.44020456075668335,
                    "metrics": {
                        "accuracy": 0.264358788728714,
                        "accuracy_macro": 0.09182592713006653,
                        "f1": 0.07569544017314911,
                        "f1_weighted": 0.24657809734344482,
                        "mrr": 0.3453352451324463,
                        "top3_acc": 0.392604261636734,
                        "ndcg_3": 0.33821627497673035,
                        "top5_acc": 0.44020456075668335,
                        "ndcg_5": 0.35773393511772156,
                        "loss": 6.504403114318848,
                        "n_indist": 2459.0,
                        "n_ood": 83.0,
                        "ood_fraction": 0.032651455546813535,
                        "top1_acc_indist": 0.2732818126678467,
                        "top5_acc_indist": 0.45506301522254944,
                        "top10_acc_indist": 0.522976815700531,
                        "mrr_indist": 0.35695430636405945
                    }
                },
                "top3_acc": {
                    "epoch": 13,
                    "best_value": 0.3985051214694977,
                    "metrics": {
                        "accuracy": 0.27025964856147766,
                        "accuracy_macro": 0.09233534883358284,
                        "f1": 0.07585269212722778,
                        "f1_weighted": 0.2532803416252136,
                        "mrr": 0.3481519818305969,
                        "top3_acc": 0.3985051214694977,
                        "ndcg_3": 0.3431900143623352,
                        "top5_acc": 0.4378442168235779,
                        "ndcg_5": 0.35940834879875183,
                        "loss": 6.48699951171875,
                        "n_indist": 2459.0,
                        "n_ood": 83.0,
                        "ood_fraction": 0.032651455546813535,
                        "top1_acc_indist": 0.2793818414211273,
                        "top5_acc_indist": 0.45262300968170166,
                        "top10_acc_indist": 0.5152500867843628,
                        "mrr_indist": 0.35986626148223877
                    }
                },
                "mrr": {
                    "epoch": 17,
                    "best_value": 0.3580768406391144,
                    "metrics": {
                        "accuracy": 0.28284814953804016,
                        "accuracy_macro": 0.1009838111831938,
                        "f1": 0.0851610004901886,
                        "f1_weighted": 0.27266037464141846,
                        "mrr": 0.3580768406391144,
                        "top3_acc": 0.39535799622535706,
                        "ndcg_3": 0.34868329763412476,
                        "top5_acc": 0.44020456075668335,