{
    "fold_number": 2,
    "duration": 37.27429151535034,
    "primary_checkpoint": {
        "selection_metric": "joint_score",
        "epoch": 48,
        "joint_score": 0.2767721936106682,
        "loss": 4.3788042068481445,
        "time": 36.278116941452026,
        "task_metrics": {
            "next_region": {
                "accuracy": 0.2513768672943115,
                "f1": 0.10101954638957977
            },
            "next_category": {
                "accuracy": 0.47797009348869324,
                "f1": 0.4525248408317566
            }
        }
    },
    "diagnostic_best_epochs": {
        "next_region": {
            "epoch": 24,
            "time": 19.43232297897339,
            "metrics": {
                "accuracy": 0.26475217938423157,
                "accuracy_macro": 0.12273900829001753,
                "f1": 0.10324083268642426,
                "f1_weighted": 0.24976655840873718,
                "mrr": 0.3284825086593628,
                "top3_acc": 0.34893783926963806,
                "ndcg_3": 0.3133348524570465,
                "top5_acc": 0.3996852934360504,
                "ndcg_5": 0.3342078924179077,
                "loss": 6.292638301849365,
                "n_indist": 2469.0,
                "n_ood": 73.0,
                "ood_fraction": 0.028717545239968528,
                "top1_acc_indist": 0.27257999777793884,
                "top5_acc_indist": 0.4115026295185089,
                "top10_acc_indist": 0.47266098856925964,
                "mrr_indist": 0.3381628692150116
            },
            "accuracy": 0.26475217938423157,
            "f1": 0.10324083268642426,
            "per_metric_best": {
                "top10_acc_indist": {
                    "epoch": 11,
                    "best_value": 0.49088698625564575,
                    "metrics": {
                        "accuracy": 0.2521636486053467,
                        "accuracy_macro": 0.10454444734475359,
                        "f1": 0.08999782055616379,
                        "f1_weighted": 0.23900432884693146,
                        "mrr": 0.3250531852245331,
                        "top3_acc": 0.3540519177913666,
                        "ndcg_3": 0.3108852803707123,
                        "top5_acc": 0.4138473570346832,
                        "ndcg_5": 0.3353792428970337,
                        "loss": 6.481058120727539,
                        "n_indist": 2469.0,
                        "n_ood": 73.0,
                        "ood_fraction": 0.028717545239968528,
                        "top1_acc_indist": 0.25961926579475403,
                        "top5_acc_indist": 0.42608341574668884,
                        "top10_acc_indist": 0.49088698625564575,
                        "mrr_indist": 0.3346318006515503
                    }
                },
                "top5_acc_indist": {
                    "epoch": 15,
                    "best_value": 0.4313487112522125,
                    "metrics": {
                        "accuracy": 0.261211633682251,
                        "accuracy_macro": 0.1152227317473017,
                        "f1": 0.09543009847402573,
                        "f1_weighted": 0.24317137897014618,
                        "mrr": 0.3322471082210541,
                        "top3_acc": 0.36349332332611084,
                        "ndcg_3": 0.3207995891571045,
                        "top5_acc": 0.41896146535873413,
                        "ndcg_5": 0.3434126675128937,
                        "loss": 6.4312262535095215,
                        "n_indist": 2469.0,
                        "n_ood": 73.0,
                        "ood_fraction": 0.028717545239968528,
                        "top1_acc_indist": 0.26893478631973267,
                        "top5_acc_indist": 0.4313487112522125,
                        "top10_acc_indist": 0.48764681816101074,
                        "mrr_indist": 0.34203872084617615
                    }
                },
                "mrr_indist": {
                    "epoch": 15,
                    "best_value": 0.34203872084617615,
                    "metrics": {
                        "accuracy": 0.261211633682251,
                        "accuracy_macro": 0.1152227317473017,
                        "f1": 0.09543009847402573,
                        "f1_weighted": 0.24317137897014618,
                        "mrr": 0.3322471082210541,
                        "top3_acc": 0.36349332332611084,
                        "ndcg_3": 0.3207995891571045,
                        "top5_acc": 0.41896146535873413,
                        "ndcg_5": 0.3434126675128937,
                        "loss": 6.4312262535095215,
                        "n_indist": 2469.0,
                        "n_ood": 73.0,
                        "ood_fraction": 0.028717545239968528,
                        "top1_acc_indist": 0.26893478631973267,
                        "top5_acc_indist": 0.4313487112522125,
                        "top10_acc_indist": 0.48764681816101074,
                        "mrr_indist": 0.34203872084617615
                    }
                },
                "top5_acc": {
                    "epoch": 15,
                    "best_value": 0.41896146535873413,
                    "metrics": {
                        "accuracy": 0.261211633682251,
                        "accuracy_macro": 0.1152227317473017,
                        "f1": 0.09543009847402573,
                        "f1_weighted": 0.24317137897014618,
                        "mrr": 0.3322471082210541,
                        "top3_acc": 0.36349332332611084,
                        "ndcg_3": 0.3207995891571045,
                        "top5_acc": 0.41896146535873413,
                        "ndcg_5": 0.3434126675128937,
                        "loss": 6.4312262535095215,
                        "n_indist": 2469.0,
                        "n_ood": 73.0,
                        "ood_fraction": 0.028717545239968528,
                        "top1_acc_indist": 0.26893478631973267,
                        "top5_acc_indist": 0.4313487112522125,
                        "top10_acc_indist": 0.48764681816101074,
                        "mrr_indist": 0.34203872084617615
                    }
                },
                "top3_acc": {
                    "epoch": 12,
                    "best_value": 0.37018096446990967,
                    "metrics": {
                        "accuracy": 0.2553107738494873,
                        "accuracy_macro": 0.1079739883483163,
                        "f1": 0.09296970814466476,
                        "f1_weighted": 0.24150662124156952,
                        "mrr": 0.32956698536872864,
                        "top3_acc": 0.37018096446990967,
                        "ndcg_3": 0.32217156887054443,
                        "top5_acc": 0.407553106546402,
                        "ndcg_5": 0.3376290202140808,
                        "loss": 6.4522576332092285,
                        "n_indist": 2469.0,
                        "n_ood": 73.0,
                        "ood_fraction": 0.028717545239968528,
                        "top1_acc_indist": 0.2628594636917114,
                        "top5_acc_indist": 0.4196030795574188,
                        "top10_acc_indist": 0.48278653621673584,
                        "mrr_indist": 0.33927932381629944
                    }
                },
                "mrr": {
                    "epoch": 15,
                    "best_value": 0.3322471082210541,
                    "metrics": {
                        "accuracy": 0.261211633682251,
                        "accuracy_macro": 0.1152227317473017,
                        "f1": 0.09543009847402573,
                        "f1_weighted": 0.24317137897014618,
                        "mrr": 0.3322471082210541,
                        "top3_acc": 0.36349332332611084,
                        "ndcg_3": 0.3207995891571045,
                        "top5_acc": 0.41896146535873413,