{
    "fold_number": 5,
    "duration": 38.27380442619324,
    "primary_checkpoint": {
        "selection_metric": "joint_score",
        "epoch": 47,
        "joint_score": 0.27095723524689674,
        "loss": 4.5905656814575195,
        "time": 36.72740364074707,
        "task_metrics": {
            "next_region": {
                "accuracy": 0.2270759493112564,
                "f1": 0.09683040529489517
            },
            "next_category": {
                "accuracy": 0.4628099203109741,
                "f1": 0.4450840651988983
            }
        }
    },
    "diagnostic_best_epochs": {
        "next_region": {
            "epoch": 16,
            "time": 13.879914283752441,
            "metrics": {
                "accuracy": 0.23573395609855652,
                "accuracy_macro": 0.10753588686203908,
                "f1": 0.09246571362018585,
                "f1_weighted": 0.21724802255630493,
                "mrr": 0.29513299465179443,
                "top3_acc": 0.3171979486942291,
                "ndcg_3": 0.2838858366012573,
                "top5_acc": 0.356158971786499,
                "ndcg_5": 0.2998548448085785,
                "loss": 6.446558475494385,
                "n_indist": 2474.0,
                "n_ood": 67.0,
                "ood_fraction": 0.026367571822117276,
                "top1_acc_indist": 0.24211803078651428,
                "top5_acc_indist": 0.36580437421798706,
                "top10_acc_indist": 0.4171382486820221,
                "mrr_indist": 0.30309706926345825
            },
            "accuracy": 0.23573395609855652,
            "f1": 0.09246571362018585,
            "per_metric_best": {
                "top10_acc_indist": {
                    "epoch": 6,
                    "best_value": 0.43290218710899353,
                    "metrics": {
                        "accuracy": 0.19756001234054565,
                        "accuracy_macro": 0.07594122537752478,
                        "f1": 0.06405539810657501,
                        "f1_weighted": 0.16990581154823303,
                        "mrr": 0.27260223031044006,
                        "top3_acc": 0.3073593080043793,
                        "ndcg_3": 0.26101312041282654,
                        "top5_acc": 0.35419124364852905,
                        "ndcg_5": 0.28019949793815613,
                        "loss": 6.622730255126953,
                        "n_indist": 2474.0,
                        "n_ood": 67.0,
                        "ood_fraction": 0.026367571822117276,
                        "top1_acc_indist": 0.20291025936603546,
                        "top5_acc_indist": 0.3637833595275879,
                        "top10_acc_indist": 0.43290218710899353,
                        "mrr_indist": 0.27995702624320984
                    }
                },
                "top5_acc_indist": {
                    "epoch": 12,
                    "best_value": 0.3694421947002411,
                    "metrics": {
                        "accuracy": 0.2266823947429657,
                        "accuracy_macro": 0.09966447358238673,
                        "f1": 0.0824359580874443,
                        "f1_weighted": 0.2068072259426117,
                        "mrr": 0.2903730571269989,
                        "top3_acc": 0.3132624924182892,
                        "ndcg_3": 0.2777530252933502,
                        "top5_acc": 0.35970088839530945,
                        "ndcg_5": 0.2968733608722687,
                        "loss": 6.536673545837402,
                        "n_indist": 2474.0,
                        "n_ood": 67.0,
                        "ood_fraction": 0.026367571822117276,
                        "top1_acc_indist": 0.23282134532928467,
                        "top5_acc_indist": 0.3694421947002411,
                        "top10_acc_indist": 0.4260307252407074,
                        "mrr_indist": 0.2982085943222046
                    }
                },
                "mrr_indist": {
                    "epoch": 16,
                    "best_value": 0.30309706926345825,
                    "metrics": {
                        "accuracy": 0.23573395609855652,
                        "accuracy_macro": 0.10753588686203908,
                        "f1": 0.09246571362018585,
                        "f1_weighted": 0.21724802255630493,
                        "mrr": 0.29513299465179443,
                        "top3_acc": 0.3171979486942291,
                        "ndcg_3": 0.2838858366012573,
                        "top5_acc": 0.356158971786499,
                        "ndcg_5": 0.2998548448085785,
                        "loss": 6.446558475494385,
                        "n_indist": 2474.0,
                        "n_ood": 67.0,
                        "ood_fraction": 0.026367571822117276,
                        "top1_acc_indist": 0.24211803078651428,
                        "top5_acc_indist": 0.36580437421798706,
                        "top10_acc_indist": 0.4171382486820221,
                        "mrr_indist": 0.30309706926345825
                    }
                },
                "top5_acc": {
                    "epoch": 12,
                    "best_value": 0.35970088839530945,
                    "metrics": {
                        "accuracy": 0.2266823947429657,
                        "accuracy_macro": 0.09966447358238673,
                        "f1": 0.0824359580874443,
                        "f1_weighted": 0.2068072259426117,
                        "mrr": 0.2903730571269989,
                        "top3_acc": 0.3132624924182892,
                        "ndcg_3": 0.2777530252933502,
                        "top5_acc": 0.35970088839530945,
                        "ndcg_5": 0.2968733608722687,
                        "loss": 6.536673545837402,
                        "n_indist": 2474.0,
                        "n_ood": 67.0,
                        "ood_fraction": 0.026367571822117276,
                        "top1_acc_indist": 0.23282134532928467,
                        "top5_acc_indist": 0.3694421947002411,
                        "top10_acc_indist": 0.4260307252407074,
                        "mrr_indist": 0.2982085943222046
                    }
                },
                "top3_acc": {
                    "epoch": 17,
                    "best_value": 0.32034632563591003,
                    "metrics": {
                        "accuracy": 0.23297913372516632,
                        "accuracy_macro": 0.11171848257792365,
                        "f1": 0.09395264834165573,
                        "f1_weighted": 0.21533998847007751,
                        "mrr": 0.29308846592903137,
                        "top3_acc": 0.32034632563591003,
                        "ndcg_3": 0.28387650847435,
                        "top5_acc": 0.35537189245224,
                        "ndcg_5": 0.2983230650424957,
                        "loss": 6.45683479309082,
                        "n_indist": 2474.0,
                        "n_ood": 67.0,
                        "ood_fraction": 0.026367571822117276,
                        "top1_acc_indist": 0.2392885982990265,
                        "top5_acc_indist": 0.36499595642089844,
                        "top10_acc_indist": 0.4195634722709656,
                        "mrr_indist": 0.30099737644195557
                    }
                },
                "mrr": {
                    "epoch": 16,
                    "best_value": 0.29513299465179443,
                    "metrics": {
                        "accuracy": 0.23573395609855652,
                        "accuracy_macro": 0.10753588686203908,
                        "f1": 0.09246571362018585,
                        "f1_weighted": 0.21724802255630493,
                        "mrr": 0.29513299465179443,
                        "top3_acc": 0.3171979486942291,
                        "ndcg_3": 0.2838858366012573,
                        "top5_acc": 0.356158971786499,