{
    "fold_number": 1,
    "duration": 37.88421940803528,
    "primary_checkpoint": {
        "selection_metric": "joint_score",
        "epoch": 33,
        "joint_score": 0.3049289472401142,
        "loss": 3.745973587036133,
        "time": 25.70930767059326,
        "task_metrics": {
            "next_region": {
                "accuracy": 0.2962234616279602,
                "f1": 0.11650115996599197
            },
            "next_category": {
                "accuracy": 0.49173879623413086,
                "f1": 0.49335673451423645
            }
        }
    },
    "diagnostic_best_epochs": {
        "next_region": {
            "epoch": 12,
            "time": 9.785665273666382,
            "metrics": {
                "accuracy": 0.30645161867141724,
                "accuracy_macro": 0.1315397024154663,
                "f1": 0.10779765248298645,
                "f1_weighted": 0.28604626655578613,
                "mrr": 0.3796212077140808,
                "top3_acc": 0.4228953719139099,
                "ndcg_3": 0.37384167313575745,
                "top5_acc": 0.464201420545578,
                "ndcg_5": 0.3908554017543793,
                "loss": 6.405592918395996,
                "n_indist": 2476.0,
                "n_ood": 66.0,
                "ood_fraction": 0.025963808025177025,
                "top1_acc_indist": 0.31462037563323975,
                "top5_acc_indist": 0.4765751361846924,
                "top10_acc_indist": 0.5310985445976257,
                "mrr_indist": 0.38971126079559326
            },
            "accuracy": 0.30645161867141724,
            "f1": 0.10779765248298645,
            "per_metric_best": {
                "top10_acc_indist": {
                    "epoch": 10,
                    "best_value": 0.5355412364006042,
                    "metrics": {
                        "accuracy": 0.2859952747821808,
                        "accuracy_macro": 0.13117475358266678,
                        "f1": 0.10720262676477432,
                        "f1_weighted": 0.26850172877311707,
                        "mrr": 0.3678993284702301,
                        "top3_acc": 0.4107002317905426,
                        "ndcg_3": 0.3595762252807617,
                        "top5_acc": 0.4571203887462616,
                        "ndcg_5": 0.37880972027778625,
                        "loss": 6.4493231773376465,
                        "n_indist": 2476.0,
                        "n_ood": 66.0,
                        "ood_fraction": 0.025963808025177025,
                        "top1_acc_indist": 0.29361873865127563,
                        "top5_acc_indist": 0.4693053364753723,
                        "top10_acc_indist": 0.5355412364006042,
                        "mrr_indist": 0.37767693400382996
                    }
                },
                "top5_acc_indist": {
                    "epoch": 11,
                    "best_value": 0.4765751361846924,
                    "metrics": {
                        "accuracy": 0.2997639775276184,
                        "accuracy_macro": 0.13691422705556833,
                        "f1": 0.115516297519207,
                        "f1_weighted": 0.28552016615867615,
                        "mrr": 0.3759456276893616,
                        "top3_acc": 0.4217151999473572,
                        "ndcg_3": 0.3706803321838379,
                        "top5_acc": 0.464201420545578,
                        "ndcg_5": 0.38801273703575134,
                        "loss": 6.417633056640625,
                        "n_indist": 2476.0,
                        "n_ood": 66.0,
                        "ood_fraction": 0.025963808025177025,
                        "top1_acc_indist": 0.3077544569969177,
                        "top5_acc_indist": 0.4765751361846924,
                        "top10_acc_indist": 0.5306946635246277,
                        "mrr_indist": 0.3859376907348633
                    }
                },
                "mrr_indist": {
                    "epoch": 12,
                    "best_value": 0.38971126079559326,
                    "metrics": {
                        "accuracy": 0.30645161867141724,
                        "accuracy_macro": 0.1315397024154663,
                        "f1": 0.10779765248298645,
                        "f1_weighted": 0.28604626655578613,
                        "mrr": 0.3796212077140808,
                        "top3_acc": 0.4228953719139099,
                        "ndcg_3": 0.37384167313575745,
                        "top5_acc": 0.464201420545578,
                        "ndcg_5": 0.3908554017543793,
                        "loss": 6.405592918395996,
                        "n_indist": 2476.0,
                        "n_ood": 66.0,
                        "ood_fraction": 0.025963808025177025,
                        "top1_acc_indist": 0.31462037563323975,
                        "top5_acc_indist": 0.4765751361846924,
                        "top10_acc_indist": 0.5310985445976257,
                        "mrr_indist": 0.38971126079559326
                    }
                },
                "top5_acc": {
                    "epoch": 11,
                    "best_value": 0.464201420545578,
                    "metrics": {
                        "accuracy": 0.2997639775276184,
                        "accuracy_macro": 0.13691422705556833,
                        "f1": 0.115516297519207,
                        "f1_weighted": 0.28552016615867615,
                        "mrr": 0.3759456276893616,
                        "top3_acc": 0.4217151999473572,
                        "ndcg_3": 0.3706803321838379,
                        "top5_acc": 0.464201420545578,
                        "ndcg_5": 0.38801273703575134,
                        "loss": 6.417633056640625,
                        "n_indist": 2476.0,
                        "n_ood": 66.0,
                        "ood_fraction": 0.025963808025177025,
                        "top1_acc_indist": 0.3077544569969177,
                        "top5_acc_indist": 0.4765751361846924,
                        "top10_acc_indist": 0.5306946635246277,
                        "mrr_indist": 0.3859376907348633
                    }
                },
                "top3_acc": {
                    "epoch": 12,
                    "best_value": 0.4228953719139099,
                    "metrics": {
                        "accuracy": 0.30645161867141724,
                        "accuracy_macro": 0.1315397024154663,
                        "f1": 0.10779765248298645,
                        "f1_weighted": 0.28604626655578613,
                        "mrr": 0.3796212077140808,
                        "top3_acc": 0.4228953719139099,
                        "ndcg_3": 0.37384167313575745,
                        "top5_acc": 0.464201420545578,
                        "ndcg_5": 0.3908554017543793,
                        "loss": 6.405592918395996,
                        "n_indist": 2476.0,
                        "n_ood": 66.0,
                        "ood_fraction": 0.025963808025177025,
                        "top1_acc_indist": 0.31462037563323975,
                        "top5_acc_indist": 0.4765751361846924,
                        "top10_acc_indist": 0.5310985445976257,
                        "mrr_indist": 0.38971126079559326
                    }
                },
                "mrr": {
                    "epoch": 12,
                    "best_value": 0.3796212077140808,
                    "metrics": {
                        "accuracy": 0.30645161867141724,
                        "accuracy_macro": 0.1315397024154663,
                        "f1": 0.10779765248298645,
                        "f1_weighted": 0.28604626655578613,
                        "mrr": 0.3796212077140808,
                        "top3_acc": 0.4228953719139099,
                        "ndcg_3": 0.37384167313575745,
                        "top5_acc": 0.464201420545578,