{
  "state": "alabama",
  "folds": 5,
  "epochs": 50,
  "seed": 42,
  "input_type": "region",
  "n_regions": 1109,
  "heads": {
    "next_getnext_hard": {
      "per_fold": [
        {
          "accuracy": 0.2557189464569092,
          "accuracy_macro": 0.09897243690906267,
          "f1": 0.08864403516054153,
          "f1_weighted": 0.21333599090576172,
          "mrr": 0.3803390860557556,
          "top5_acc": 0.5134804248809814,
          "ndcg_5": 0.39332839846611023,
          "top10_acc": 0.6245915293693542,
          "ndcg_10": 0.42917492985725403,
          "best_epoch": 16,
          "per_metric_best": {
            "accuracy": {
              "accuracy": 0.2569444477558136,
              "accuracy_macro": 0.0961758566544195,
              "f1": 0.081727996468544,
              "f1_weighted": 0.20967434346675873,
              "mrr": 0.3727560043334961,
              "top5_acc": 0.506944477558136,
              "ndcg_5": 0.3869399130344391,
              "top10_acc": 0.6017156839370728,
              "ndcg_10": 0.4179660677909851,
              "best_epoch": 11
            },
            "top5_acc": {
              "accuracy": 0.25163400173187256,
              "accuracy_macro": 0.10726520220438639,
              "f1": 0.09228045493364334,
              "f1_weighted": 0.2222994565963745,
              "mrr": 0.37393757700920105,
              "top5_acc": 0.516339898109436,
              "ndcg_5": 0.39016133546829224,
              "top10_acc": 0.6135621070861816,
              "ndcg_10": 0.4214799106121063,
              "best_epoch": 18
            },
            "top10_acc": {
              "accuracy": 0.2557189464569092,
              "accuracy_macro": 0.09897243690906267,
              "f1": 0.08864403516054153,
              "f1_weighted": 0.21333599090576172,
              "mrr": 0.3803390860557556,
              "top5_acc": 0.5134804248809814,
              "ndcg_5": 0.39332839846611023,
              "top10_acc": 0.6245915293693542,
              "ndcg_10": 0.42917492985725403,
              "best_epoch": 16
            },
            "mrr": {
              "accuracy": 0.2557189464569092,
              "accuracy_macro": 0.09897243690906267,
              "f1": 0.08864403516054153,
              "f1_weighted": 0.21333599090576172,
              "mrr": 0.3803390860557556,
              "top5_acc": 0.5134804248809814,
              "ndcg_5": 0.39332839846611023,
              "top10_acc": 0.6245915293693542,
              "ndcg_10": 0.42917492985725403,
              "best_epoch": 16
            },
            "f1": {
              "accuracy": 0.2332516312599182,
              "accuracy_macro": 0.1088225271498587,
              "f1": 0.09597504884004593,
              "f1_weighted": 0.2030028998851776,
              "mrr": 0.36052531003952026,
              "top5_acc": 0.5,
              "ndcg_5": 0.3742201626300812,
              "top10_acc": 0.6070261597633362,
              "ndcg_10": 0.4091862142086029,
              "best_epoch": 19
            }
          }
        },
        {
          "accuracy": 0.27442827820777893,
          "accuracy_macro": 0.09420493886440615,
          "f1": 0.07637041062116623,
          "f1_weighted": 0.23624439537525177,
          "mrr": 0.3907942771911621,
          "top5_acc": 0.5218295454978943,
          "ndcg_5": 0.4046764075756073,
          "top10_acc": 0.625363826751709,
          "ndcg_10": 0.4381301701068878,
          "best_epoch": 17,
          "per_metric_best": {
            "accuracy": {
              "accuracy": 0.27442827820777893,
              "accuracy_macro": 0.09420493886440615,
              "f1": 0.07637041062116623,
              "f1_weighted": 0.23624439537525177,
              "mrr": 0.3907942771911621,
              "top5_acc": 0.5218295454978943,
              "ndcg_5": 0.4046764075756073,
              "top10_acc": 0.625363826751709,
              "ndcg_10": 0.4381301701068878,
              "best_epoch": 17
            },
            "top5_acc": {
              "accuracy": 0.27442827820777893,
              "accuracy_macro": 0.09420493886440615,
              "f1": 0.07637041062116623,
              "f1_weighted": 0.23624439537525177,
              "mrr": 0.3907942771911621,
              "top5_acc": 0.5218295454978943,
              "ndcg_5": 0.4046764075756073,
              "top10_acc": 0.625363826751709,
              "ndcg_10": 0.4381301701068878,
              "best_epoch": 17
            },
            "top10_acc": {
              "accuracy": 0.27442827820777893,
              "accuracy_macro": 0.09420493886440615,
              "f1": 0.07637041062116623,
              "f1_weighted": 0.23624439537525177,
              "mrr": 0.3907942771911621,
              "top5_acc": 0.5218295454978943,
              "ndcg_5": 0.4046764075756073,
              "top10_acc": 0.625363826751709,
              "ndcg_10": 0.4381301701068878,
              "best_epoch": 17
            },
            "mrr": {
              "accuracy": 0.27442827820777893,
              "accuracy_macro": 0.09420493886440615,
              "f1": 0.07637041062116623,
              "f1_weighted": 0.23624439537525177,
              "mrr": 0.3907942771911621,
              "top5_acc": 0.5218295454978943,
              "ndcg_5": 0.4046764075756073,
              "top10_acc": 0.625363826751709,
              "ndcg_10": 0.4381301701068878,
              "best_epoch": 17
            },
            "f1": {
              "accuracy": 0.2627858817577362,
              "accuracy_macro": 0.10845414603628763,
              "f1": 0.0893736407160759,
              "f1_weighted": 0.2411031574010849,
              "mrr": 0.3764009177684784,
              "top5_acc": 0.5006237030029297,
              "ndcg_5": 0.38744622468948364,
              "top10_acc": 0.607068657875061,
              "ndcg_10": 0.42213624715805054,
              "best_epoch": 29
            }
          }
        },
        {
          "accuracy": 0.2924289405345917,
          "accuracy_macro": 0.1178830488537758,
          "f1": 0.09527787566184998,
          "f1_weighted": 0.25063905119895935,
          "mrr": 0.4208241403102875,
          "top5_acc": 0.5713481307029724,
          "ndcg_5": 0.44080761075019836,
          "top10_acc": 0.6664789915084839,
          "ndcg_10": 0.47175925970077515,
          "best_epoch": 17,
          "per_metric_best": {
            "accuracy": {
              "accuracy": 0.30059105157852173,
              "accuracy_macro": 0.11488532289234614,
              "f1": 0.08407258987426758,
              "f1_weighted": 0.24627240002155304,
              "mrr": 0.41902637481689453,
              "top5_acc": 0.5600900650024414,
              "ndcg_5": 0.4365806579589844,
              "top10_acc": 0.6546580195426941,
              "ndcg_10": 0.4672585427761078,
              "best_epoch": 12
            },
            "top5_acc": {
              "accuracy": 0.2924289405345917,
              "accuracy_macro": 0.1178830488537758,
              "f1": 0.09527787566184998,
              "f1_weighted": 0.25063905119895935,
              "mrr": 0.4208241403102875,
              "top5_acc": 0.5713481307029724,
              "ndcg_5": 0.44080761075019836,
              "top10_acc": 0.6664789915084839,
              "ndcg_10": 0.47175925970077515,
              "best_epoch": 17
            },
            "top10_acc": {
              "accuracy": 0.2924289405345917,
              "accuracy_macro": 0.1178830488537758,
              "f1": 0.09527787566184998,
              "f1_weighted": 0.25063905119895935,
              "mrr": 0.4208241403102875,
              "top5_acc": 0.5713481307029724,
              "ndcg_5": 0.44080761075019836,
              "top10_acc": 0.6664789915084839,
              "ndcg_10": 0.47175925970077515,
              "best_epoch": 17
            },
            "mrr": {
              "accuracy": 0.2924289405345917,
              "accuracy_macro": 0.1178830488537758,
              "f1": 0.09527787566184998,