{
  "state": "florida",
  "folds": 1,
  "epochs": 50,
  "seed": 0,
  "input_type": "checkin",
  "n_regions": 4703,
  "heads": {
    "next_stan_flow": {
      "per_fold": [
        {
          "accuracy": 0.5088393092155457,
          "accuracy_macro": 0.11969332800121728,
          "f1": 0.11367282271385193,
          "f1_weighted": 0.49022817611694336,
          "mrr": 0.5859878659248352,
          "top5_acc": 0.6718781590461731,
          "ndcg_5": 0.5967860221862793,
          "top10_acc": 0.7303557991981506,
          "ndcg_10": 0.6157463192939758,
          "best_epoch": 7,
          "per_metric_best": {
            "accuracy": {
              "accuracy": 0.5100006461143494,
              "accuracy_macro": 0.12216002792827255,
              "f1": 0.11599155515432358,
              "f1_weighted": 0.4919712543487549,
              "mrr": 0.586417019367218,
              "top5_acc": 0.6715368628501892,
              "ndcg_5": 0.5971630811691284,
              "top10_acc": 0.7297358512878418,
              "ndcg_10": 0.615997850894928,
              "best_epoch": 10
            },
            "top5_acc": {
              "accuracy": 0.5088393092155457,
              "accuracy_macro": 0.11969332800121728,
              "f1": 0.11367282271385193,
              "f1_weighted": 0.49022817611694336,
              "mrr": 0.5859878659248352,
              "top5_acc": 0.6718781590461731,
              "ndcg_5": 0.5967860221862793,
              "top10_acc": 0.7303557991981506,
              "ndcg_10": 0.6157463192939758,
              "best_epoch": 7
            },
            "top10_acc": {
              "accuracy": 0.5088393092155457,
              "accuracy_macro": 0.11969332800121728,
              "f1": 0.11367282271385193,
              "f1_weighted": 0.49022817611694336,
              "mrr": 0.5859878659248352,
              "top5_acc": 0.6718781590461731,
              "ndcg_5": 0.5967860221862793,
              "top10_acc": 0.7303557991981506,
              "ndcg_10": 0.6157463192939758,
              "best_epoch": 7
            },
            "mrr": {
              "accuracy": 0.5100006461143494,
              "accuracy_macro": 0.12216002792827255,
              "f1": 0.11599155515432358,
              "f1_weighted": 0.4919712543487549,
              "mrr": 0.586417019367218,
              "top5_acc": 0.6715368628501892,
              "ndcg_5": 0.5971630811691284,
              "top10_acc": 0.7297358512878418,
              "ndcg_10": 0.615997850894928,
              "best_epoch": 10
            },
            "f1": {
              "accuracy": 0.5100006461143494,
              "accuracy_macro": 0.12216002792827255,
              "f1": 0.11599155515432358,
              "f1_weighted": 0.4919712543487549,
              "mrr": 0.586417019367218,
              "top5_acc": 0.6715368628501892,
              "ndcg_5": 0.5971630811691284,
              "top10_acc": 0.7297358512878418,
              "ndcg_10": 0.615997850894928,
              "best_epoch": 10
            }
          }
        }
      ],
      "aggregate": {
        "accuracy_mean": 0.5088393092155457,
        "accuracy_std": 0.0,
        "top5_acc_mean": 0.6718781590461731,
        "top5_acc_std": 0.0,
        "top10_acc_mean": 0.7303557991981506,
        "top10_acc_std": 0.0,
        "mrr_mean": 0.5859878659248352,
        "mrr_std": 0.0,
        "f1_mean": 0.11367282271385193,
        "f1_std": 0.0
      },
      "aggregate_per_metric_best": {
        "accuracy_at_accuracy_best_mean": 0.5100006461143494,
        "accuracy_at_accuracy_best_std": 0.0,
        "top5_acc_at_accuracy_best_mean": 0.6715368628501892,
        "top5_acc_at_accuracy_best_std": 0.0,
        "top10_acc_at_accuracy_best_mean": 0.7297358512878418,
        "top10_acc_at_accuracy_best_std": 0.0,
        "mrr_at_accuracy_best_mean": 0.586417019367218,
        "mrr_at_accuracy_best_std": 0.0,
        "f1_at_accuracy_best_mean": 0.11599155515432358,
        "f1_at_accuracy_best_std": 0.0,
        "accuracy_at_top5_acc_best_mean": 0.5088393092155457,
        "accuracy_at_top5_acc_best_std": 0.0,
        "top5_acc_at_top5_acc_best_mean": 0.6718781590461731,
        "top5_acc_at_top5_acc_best_std": 0.0,
        "top10_acc_at_top5_acc_best_mean": 0.7303557991981506,
        "top10_acc_at_top5_acc_best_std": 0.0,
        "mrr_at_top5_acc_best_mean": 0.5859878659248352,
        "mrr_at_top5_acc_best_std": 0.0,
        "f1_at_top5_acc_best_mean": 0.11367282271385193,
        "f1_at_top5_acc_best_std": 0.0,
        "accuracy_at_top10_acc_best_mean": 0.5088393092155457,
        "accuracy_at_top10_acc_best_std": 0.0,
        "top5_acc_at_top10_acc_best_mean": 0.6718781590461731,
        "top5_acc_at_top10_acc_best_std": 0.0,
        "top10_acc_at_top10_acc_best_mean": 0.7303557991981506,
        "top10_acc_at_top10_acc_best_std": 0.0,
        "mrr_at_top10_acc_best_mean": 0.5859878659248352,
        "mrr_at_top10_acc_best_std": 0.0,
        "f1_at_top10_acc_best_mean": 0.11367282271385193,
        "f1_at_top10_acc_best_std": 0.0,
        "accuracy_at_mrr_best_mean": 0.5100006461143494,
        "accuracy_at_mrr_best_std": 0.0,
        "top5_acc_at_mrr_best_mean": 0.6715368628501892,
        "top5_acc_at_mrr_best_std": 0.0,
        "top10_acc_at_mrr_best_mean": 0.7297358512878418,
        "top10_acc_at_mrr_best_std": 0.0,
        "mrr_at_mrr_best_mean": 0.586417019367218,
        "mrr_at_mrr_best_std": 0.0,
        "f1_at_mrr_best_mean": 0.11599155515432358,
        "f1_at_mrr_best_std": 0.0,
        "accuracy_at_f1_best_mean": 0.5100006461143494,
        "accuracy_at_f1_best_std": 0.0,
        "top5_acc_at_f1_best_mean": 0.6715368628501892,
        "top5_acc_at_f1_best_std": 0.0,
        "top10_acc_at_f1_best_mean": 0.7297358512878418,
        "top10_acc_at_f1_best_std": 0.0,
        "mrr_at_f1_best_mean": 0.586417019367218,
        "mrr_at_f1_best_std": 0.0,
        "f1_at_f1_best_mean": 0.11599155515432358,
        "f1_at_f1_best_std": 0.0
      },
      "config": {
        "max_lr": 0.003,
        "label_smoothing": 0.0,
        "input_layernorm": false,
        "overrides": {},
        "input_type": "checkin"
      }
    }
  }
}