{
  "state": "arizona",
  "folds": 5,
  "epochs": 30,
  "seed": 1,
  "input_type": "checkin",
  "n_regions": 1540,
  "heads": {
    "next_gru": {
      "per_fold": [
        {
          "accuracy": 0.39893919229507446,
          "accuracy_macro": 0.1986990123987198,
          "f1": 0.17538581788539886,
          "f1_weighted": 0.3226620554924011,
          "mrr": 0.6100068092346191,
          "top5_acc": 0.9047167897224426,
          "ndcg_5": 0.6726984977722168,
          "top10_acc": 1.0,
          "ndcg_10": 0.7057551145553589,
          "best_epoch": 1,
          "per_metric_best": {
            "accuracy": {
              "accuracy": 0.4879712164402008,
              "accuracy_macro": 0.4094142019748688,
              "f1": 0.4266696572303772,
              "f1_weighted": 0.4812834858894348,
              "mrr": 0.6918824911117554,
              "top5_acc": 0.9619246125221252,
              "ndcg_5": 0.7558982968330383,
              "top10_acc": 1.0,
              "ndcg_10": 0.7691057324409485,
              "best_epoch": 24
            },
            "top5_acc": {
              "accuracy": 0.4811517298221588,
              "accuracy_macro": 0.39539527893066406,
              "f1": 0.4114071726799011,
              "f1_weighted": 0.471617192029953,
              "mrr": 0.6878548264503479,
              "top5_acc": 0.9628717303276062,
              "ndcg_5": 0.7532503008842468,
              "top10_acc": 1.0,
              "ndcg_10": 0.7661030292510986,
              "best_epoch": 21
            },
            "top10_acc": {
              "accuracy": 0.39893919229507446,
              "accuracy_macro": 0.1986990123987198,
              "f1": 0.17538581788539886,
              "f1_weighted": 0.3226620554924011,
              "mrr": 0.6100068092346191,
              "top5_acc": 0.9047167897224426,
              "ndcg_5": 0.6726984977722168,
              "top10_acc": 1.0,
              "ndcg_10": 0.7057551145553589,
              "best_epoch": 1
            },
            "mrr": {
              "accuracy": 0.4879712164402008,
              "accuracy_macro": 0.4094142019748688,
              "f1": 0.4266696572303772,
              "f1_weighted": 0.4812834858894348,
              "mrr": 0.6918824911117554,
              "top5_acc": 0.9619246125221252,
              "ndcg_5": 0.7558982968330383,
              "top10_acc": 1.0,
              "ndcg_10": 0.7691057324409485,
              "best_epoch": 24
            },
            "f1": {
              "accuracy": 0.4849403202533722,
              "accuracy_macro": 0.42096981406211853,
              "f1": 0.4333692789077759,
              "f1_weighted": 0.4804270565509796,
              "mrr": 0.690122127532959,
              "top5_acc": 0.9613563418388367,
              "ndcg_5": 0.7544056177139282,
              "top10_acc": 1.0,
              "ndcg_10": 0.7677895426750183,
              "best_epoch": 23
            }
          }
        },
        {
          "accuracy": 0.41939762234687805,
          "accuracy_macro": 0.20566052198410034,
          "f1": 0.17543917894363403,
          "f1_weighted": 0.33276453614234924,
          "mrr": 0.6178168058395386,
          "top5_acc": 0.8963819146156311,
          "ndcg_5": 0.67549067735672,
          "top10_acc": 1.0,
          "ndcg_10": 0.7112908959388733,
          "best_epoch": 1,
          "per_metric_best": {
            "accuracy": {
              "accuracy": 0.4985792636871338,
              "accuracy_macro": 0.4058491587638855,
              "f1": 0.4180057644844055,
              "f1_weighted": 0.4904947876930237,
              "mrr": 0.696845531463623,
              "top5_acc": 0.9655237793922424,
              "ndcg_5": 0.7608700394630432,
              "top10_acc": 1.0,
              "ndcg_10": 0.7727953791618347,
              "best_epoch": 27
            },
            "top5_acc": {
              "accuracy": 0.4826671779155731,
              "accuracy_macro": 0.38707053661346436,
              "f1": 0.39484018087387085,
              "f1_weighted": 0.47206470370292664,
              "mrr": 0.6855987906455994,
              "top5_acc": 0.9670392274856567,
              "ndcg_5": 0.7529144287109375,
              "top10_acc": 1.0,
              "ndcg_10": 0.7643172740936279,
              "best_epoch": 17
            },
            "top10_acc": {
              "accuracy": 0.41939762234687805,
              "accuracy_macro": 0.20566052198410034,
              "f1": 0.17543917894363403,
              "f1_weighted": 0.33276453614234924,
              "mrr": 0.6178168058395386,
              "top5_acc": 0.8963819146156311,
              "ndcg_5": 0.67549067735672,
              "top10_acc": 1.0,
              "ndcg_10": 0.7112908959388733,
              "best_epoch": 1
            },
            "mrr": {
              "accuracy": 0.4985792636871338,
              "accuracy_macro": 0.4058491587638855,
              "f1": 0.4180057644844055,
              "f1_weighted": 0.4904947876930237,
              "mrr": 0.696845531463623,
              "top5_acc": 0.9655237793922424,
              "ndcg_5": 0.7608700394630432,
              "top10_acc": 1.0,
              "ndcg_10": 0.7727953791618347,
              "best_epoch": 27
            },
            "f1": {
              "accuracy": 0.4985792636871338,
              "accuracy_macro": 0.4058491587638855,
              "f1": 0.4180057644844055,
              "f1_weighted": 0.4904947876930237,
              "mrr": 0.696845531463623,
              "top5_acc": 0.9655237793922424,
              "ndcg_5": 0.7608700394630432,
              "top10_acc": 1.0,
              "ndcg_10": 0.7727953791618347,
              "best_epoch": 27
            }
          }
        },
        {
          "accuracy": 0.4276515245437622,
          "accuracy_macro": 0.2515835762023926,
          "f1": 0.24461102485656738,
          "f1_weighted": 0.3799836039543152,
          "mrr": 0.632257878780365,
          "top5_acc": 0.9176136255264282,
          "ndcg_5": 0.6940308809280396,
          "top10_acc": 1.0,
          "ndcg_10": 0.722662627696991,
          "best_epoch": 1,
          "per_metric_best": {
            "accuracy": {
              "accuracy": 0.4956439435482025,
              "accuracy_macro": 0.4247720241546631,
              "f1": 0.433839350938797,
              "f1_weighted": 0.48902231454849243,
              "mrr": 0.6970459222793579,
              "top5_acc": 0.9645833373069763,
              "ndcg_5": 0.7607841491699219,
              "top10_acc": 1.0,
              "ndcg_10": 0.773027241230011,
              "best_epoch": 28
            },
            "top5_acc": {
              "accuracy": 0.4956439435482025,
              "accuracy_macro": 0.4247720241546631,
              "f1": 0.433839350938797,
              "f1_weighted": 0.48902231454849243,
              "mrr": 0.6970459222793579,
              "top5_acc": 0.9645833373069763,
              "ndcg_5": 0.7607841491699219,
              "top10_acc": 1.0,
              "ndcg_10": 0.773027241230011,
              "best_epoch": 28
            },
            "top10_acc": {
              "accuracy": 0.4276515245437622,
              "accuracy_macro": 0.2515835762023926,
              "f1": 0.24461102485656738,
              "f1_weighted": 0.3799836039543152,
              "mrr": 0.632257878780365,
              "top5_acc": 0.9176136255264282,
              "ndcg_5": 0.6940308809280396,
              "top10_acc": 1.0,
              "ndcg_10": 0.722662627696991,
              "best_epoch": 1
            },
            "mrr": {
              "accuracy": 0.4954545497894287,
              "accuracy_macro": 0.4232499599456787,
              "f1": 0.4330134391784668,
              "f1_weighted": 0.4888843297958374,
              "mrr": 0.6970526576042175,
              "top5_acc": 0.9642045497894287,
              "ndcg_5": 0.7606714367866516,
              "top10_acc": 1.0,
              "ndcg_10": 0.7730407118797302,