{
  "state": "florida",
  "folds": 5,
  "epochs": 50,
  "seed": 0,
  "input_type": "region",
  "n_regions": 4703,
  "heads": {
    "next_stan_flow": {
      "per_fold": [
        {
          "accuracy": 0.4934793710708618,
          "accuracy_macro": 0.0926775696205813,
          "f1": 0.08503057807683945,
          "f1_weighted": 0.461290568113327,
          "mrr": 0.5886055827140808,
          "top5_acc": 0.6970621943473816,
          "ndcg_5": 0.6028135418891907,
          "top10_acc": 0.7698128819465637,
          "ndcg_10": 0.6264151930809021,
          "best_epoch": 47,
          "per_metric_best": {
            "accuracy": {
              "accuracy": 0.49376970529556274,
              "accuracy_macro": 0.09298361601941554,
              "f1": 0.08534806966781616,
              "f1_weighted": 0.4617646336555481,
              "mrr": 0.5887258648872375,
              "top5_acc": 0.6969130635261536,
              "ndcg_5": 0.602851927280426,
              "top10_acc": 0.7695186734199524,
              "ndcg_10": 0.6264239549636841,
              "best_epoch": 49
            },
            "top5_acc": {
              "accuracy": 0.4934793710708618,
              "accuracy_macro": 0.0926775696205813,
              "f1": 0.08503057807683945,
              "f1_weighted": 0.461290568113327,
              "mrr": 0.5886055827140808,
              "top5_acc": 0.6970621943473816,
              "ndcg_5": 0.6028135418891907,
              "top10_acc": 0.7698128819465637,
              "ndcg_10": 0.6264151930809021,
              "best_epoch": 47
            },
            "top10_acc": {
              "accuracy": 0.4934793710708618,
              "accuracy_macro": 0.0926775696205813,
              "f1": 0.08503057807683945,
              "f1_weighted": 0.461290568113327,
              "mrr": 0.5886055827140808,
              "top5_acc": 0.6970621943473816,
              "ndcg_5": 0.6028135418891907,
              "top10_acc": 0.7698128819465637,
              "ndcg_10": 0.6264151930809021,
              "best_epoch": 47
            },
            "mrr": {
              "accuracy": 0.49374616146087646,
              "accuracy_macro": 0.09295091782414794,
              "f1": 0.08531125634908676,
              "f1_weighted": 0.46163249015808105,
              "mrr": 0.588742196559906,
              "top5_acc": 0.6970268487930298,
              "ndcg_5": 0.6029101610183716,
              "top10_acc": 0.7696442008018494,
              "ndcg_10": 0.6264755725860596,
              "best_epoch": 48
            },
            "f1": {
              "accuracy": 0.49375009536743164,
              "accuracy_macro": 0.0930147882136188,
              "f1": 0.08540181070566177,
              "f1_weighted": 0.4616844654083252,
              "mrr": 0.5887230634689331,
              "top5_acc": 0.6968856453895569,
              "ndcg_5": 0.6028404235839844,
              "top10_acc": 0.7695382833480835,
              "ndcg_10": 0.6264292001724243,
              "best_epoch": 50
            }
          }
        },
        {
          "accuracy": 0.5028993487358093,
          "accuracy_macro": 0.10155931033139516,
          "f1": 0.0933496430516243,
          "f1_weighted": 0.4717296361923218,
          "mrr": 0.5945607423782349,
          "top5_acc": 0.6977801322937012,
          "ndcg_5": 0.607677161693573,
          "top10_acc": 0.767745316028595,
          "ndcg_10": 0.6303579211235046,
          "best_epoch": 50,
          "per_metric_best": {
            "accuracy": {
              "accuracy": 0.5029581785202026,
              "accuracy_macro": 0.10153138947372571,
              "f1": 0.0932849571108818,
              "f1_weighted": 0.4718252718448639,
              "mrr": 0.5945703387260437,
              "top5_acc": 0.6978782415390015,
              "ndcg_5": 0.6077235341072083,
              "top10_acc": 0.7676432728767395,
              "ndcg_10": 0.6303367018699646,
              "best_epoch": 48
            },
            "top5_acc": {
              "accuracy": 0.5029150247573853,
              "accuracy_macro": 0.10156674860104035,
              "f1": 0.09317915886640549,
              "f1_weighted": 0.47186607122421265,
              "mrr": 0.5944948196411133,
              "top5_acc": 0.6979723572731018,
              "ndcg_5": 0.6077096462249756,
              "top10_acc": 0.7677217721939087,
              "ndcg_10": 0.6303071975708008,
              "best_epoch": 47
            },
            "top10_acc": {
              "accuracy": 0.5028993487358093,
              "accuracy_macro": 0.10155931033139516,
              "f1": 0.0933496430516243,
              "f1_weighted": 0.4717296361923218,
              "mrr": 0.5945607423782349,
              "top5_acc": 0.6977801322937012,
              "ndcg_5": 0.607677161693573,
              "top10_acc": 0.767745316028595,
              "ndcg_10": 0.6303579211235046,
              "best_epoch": 50
            },
            "mrr": {
              "accuracy": 0.502875804901123,
              "accuracy_macro": 0.10148019034834838,
              "f1": 0.09325431287288666,
              "f1_weighted": 0.4716786742210388,
              "mrr": 0.5945731401443481,
              "top5_acc": 0.6978272199630737,
              "ndcg_5": 0.6077048778533936,
              "top10_acc": 0.7677139043807983,
              "ndcg_10": 0.6303602457046509,
              "best_epoch": 49
            },
            "f1": {
              "accuracy": 0.5028993487358093,
              "accuracy_macro": 0.10155931033139516,
              "f1": 0.0933496430516243,
              "f1_weighted": 0.4717296361923218,
              "mrr": 0.5945607423782349,
              "top5_acc": 0.6977801322937012,
              "ndcg_5": 0.607677161693573,
              "top10_acc": 0.767745316028595,
              "ndcg_10": 0.6303579211235046,
              "best_epoch": 50
            }
          }
        },
        {
          "accuracy": 0.4865507185459137,
          "accuracy_macro": 0.09866678989782313,
          "f1": 0.09009424597024918,
          "f1_weighted": 0.45271265506744385,
          "mrr": 0.5794489979743958,
          "top5_acc": 0.6852999329566956,
          "ndcg_5": 0.5930572748184204,
          "top10_acc": 0.7558183073997498,
          "ndcg_10": 0.6159164905548096,
          "best_epoch": 44,
          "per_metric_best": {
            "accuracy": {
              "accuracy": 0.48708823323249817,
              "accuracy_macro": 0.09881901965616478,
              "f1": 0.09043152630329132,
              "f1_weighted": 0.4528881907463074,
              "mrr": 0.5797046422958374,
              "top5_acc": 0.6853196024894714,
              "ndcg_5": 0.5932481288909912,
              "top10_acc": 0.7557594776153564,
              "ndcg_10": 0.6160837411880493,
              "best_epoch": 46
            },
            "top5_acc": {
              "accuracy": 0.4868685305118561,
              "accuracy_macro": 0.0988171144395549,
              "f1": 0.0903920829296112,
              "f1_weighted": 0.4529609680175781,
              "mrr": 0.5795432925224304,
              "top5_acc": 0.6855745911598206,
              "ndcg_5": 0.5932057499885559,
              "top10_acc": 0.7556731700897217,
              "ndcg_10": 0.61593097448349,
              "best_epoch": 47
            },
            "top10_acc": {
              "accuracy": 0.4865507185459137,
              "accuracy_macro": 0.09866678989782313,
              "f1": 0.09009424597024918,
              "f1_weighted": 0.45271265506744385,
              "mrr": 0.5794489979743958,
              "top5_acc": 0.6852999329566956,
              "ndcg_5": 0.5930572748184204,
              "top10_acc": 0.7558183073997498,
              "ndcg_10": 0.6159164905548096,
              "best_epoch": 44
            },
            "mrr": {
              "accuracy": 0.48708823323249817,
              "accuracy_macro": 0.09881901965616478,
              "f1": 0.09043152630329132,