{
  "state": "florida",
  "folds": 5,
  "epochs": 50,
  "seed": 42,
  "input_type": "checkin",
  "n_regions": 4702,
  "heads": {
    "next_gru": {
      "per_fold": [
        {
          "accuracy": 0.4842469096183777,
          "accuracy_macro": 0.37935465574264526,
          "f1": 0.3917282223701477,
          "f1_weighted": 0.4679388403892517,
          "mrr": 0.671779453754425,
          "top5_acc": 0.9518454670906067,
          "ndcg_5": 0.7362812757492065,
          "top10_acc": 1.0,
          "ndcg_10": 0.7530268430709839,
          "best_epoch": 1,
          "per_metric_best": {
            "accuracy": {
              "accuracy": 0.7377728819847107,
              "accuracy_macro": 0.6923322081565857,
              "f1": 0.7173611521720886,
              "f1_weighted": 0.7370756268501282,
              "mrr": 0.8354425430297852,
              "top5_acc": 0.9720433354377747,
              "ndcg_5": 0.8665293455123901,
              "top10_acc": 1.0,
              "ndcg_10": 0.8762440085411072,
              "best_epoch": 18
            },
            "top5_acc": {
              "accuracy": 0.7103502154350281,
              "accuracy_macro": 0.6735436916351318,
              "f1": 0.6850746870040894,
              "f1_weighted": 0.7096657156944275,
              "mrr": 0.8204547166824341,
              "top5_acc": 0.9730485081672668,
              "ndcg_5": 0.8557806611061096,
              "top10_acc": 1.0,
              "ndcg_10": 0.8651136755943298,
              "best_epoch": 9
            },
            "top10_acc": {
              "accuracy": 0.4842469096183777,
              "accuracy_macro": 0.37935465574264526,
              "f1": 0.3917282223701477,
              "f1_weighted": 0.4679388403892517,
              "mrr": 0.671779453754425,
              "top5_acc": 0.9518454670906067,
              "ndcg_5": 0.7362812757492065,
              "top10_acc": 1.0,
              "ndcg_10": 0.7530268430709839,
              "best_epoch": 1
            },
            "mrr": {
              "accuracy": 0.7377728819847107,
              "accuracy_macro": 0.6923322081565857,
              "f1": 0.7173611521720886,
              "f1_weighted": 0.7370756268501282,
              "mrr": 0.8354425430297852,
              "top5_acc": 0.9720433354377747,
              "ndcg_5": 0.8665293455123901,
              "top10_acc": 1.0,
              "ndcg_10": 0.8762440085411072,
              "best_epoch": 18
            },
            "f1": {
              "accuracy": 0.7377728819847107,
              "accuracy_macro": 0.6923322081565857,
              "f1": 0.7173611521720886,
              "f1_weighted": 0.7370756268501282,
              "mrr": 0.8354425430297852,
              "top5_acc": 0.9720433354377747,
              "ndcg_5": 0.8665293455123901,
              "top10_acc": 1.0,
              "ndcg_10": 0.8762440085411072,
              "best_epoch": 18
            }
          }
        },
        {
          "accuracy": 0.483964204788208,
          "accuracy_macro": 0.3726954162120819,
          "f1": 0.3834037184715271,
          "f1_weighted": 0.4647424817085266,
          "mrr": 0.6706423163414001,
          "top5_acc": 0.9469137787818909,
          "ndcg_5": 0.7336378693580627,
          "top10_acc": 1.0,
          "ndcg_10": 0.7520596981048584,
          "best_epoch": 1,
          "per_metric_best": {
            "accuracy": {
              "accuracy": 0.7236061096191406,
              "accuracy_macro": 0.6684129238128662,
              "f1": 0.6968759298324585,
              "f1_weighted": 0.7221004962921143,
              "mrr": 0.8264442682266235,
              "top5_acc": 0.9705983996391296,
              "ndcg_5": 0.8592814803123474,
              "top10_acc": 1.0,
              "ndcg_10": 0.8694649934768677,
              "best_epoch": 19
            },
            "top5_acc": {
              "accuracy": 0.7205591201782227,
              "accuracy_macro": 0.6751956939697266,
              "f1": 0.6961796283721924,
              "f1_weighted": 0.7211408615112305,
              "mrr": 0.824840247631073,
              "top5_acc": 0.9719491004943848,
              "ndcg_5": 0.8585672974586487,
              "top10_acc": 1.0,
              "ndcg_10": 0.8682898283004761,
              "best_epoch": 16
            },
            "top10_acc": {
              "accuracy": 0.483964204788208,
              "accuracy_macro": 0.3726954162120819,
              "f1": 0.3834037184715271,
              "f1_weighted": 0.4647424817085266,
              "mrr": 0.6706423163414001,
              "top5_acc": 0.9469137787818909,
              "ndcg_5": 0.7336378693580627,
              "top10_acc": 1.0,
              "ndcg_10": 0.7520596981048584,
              "best_epoch": 1
            },
            "mrr": {
              "accuracy": 0.7234176397323608,
              "accuracy_macro": 0.6706445217132568,
              "f1": 0.6961429715156555,
              "f1_weighted": 0.7219840288162231,
              "mrr": 0.8266797065734863,
              "top5_acc": 0.9719491004943848,
              "ndcg_5": 0.8599593639373779,
              "top10_acc": 1.0,
              "ndcg_10": 0.8696709871292114,
              "best_epoch": 18
            },
            "f1": {
              "accuracy": 0.7236061096191406,
              "accuracy_macro": 0.6684129238128662,
              "f1": 0.6968759298324585,
              "f1_weighted": 0.7221004962921143,
              "mrr": 0.8264442682266235,
              "top5_acc": 0.9705983996391296,
              "ndcg_5": 0.8592814803123474,
              "top10_acc": 1.0,
              "ndcg_10": 0.8694649934768677,
              "best_epoch": 19
            }
          }
        },
        {
          "accuracy": 0.4827553629875183,
          "accuracy_macro": 0.3783201575279236,
          "f1": 0.3889451026916504,
          "f1_weighted": 0.4662294387817383,
          "mrr": 0.6711847186088562,
          "top5_acc": 0.951407253742218,
          "ndcg_5": 0.7357308268547058,
          "top10_acc": 1.0,
          "ndcg_10": 0.7525858879089355,
          "best_epoch": 1,
          "per_metric_best": {
            "accuracy": {
              "accuracy": 0.726787269115448,
              "accuracy_macro": 0.6734755039215088,
              "f1": 0.6994374990463257,
              "f1_weighted": 0.7245762944221497,
              "mrr": 0.8289050459861755,
              "top5_acc": 0.971981406211853,
              "ndcg_5": 0.861640214920044,
              "top10_acc": 1.0,
              "ndcg_10": 0.8713476061820984,
              "best_epoch": 16
            },
            "top5_acc": {
              "accuracy": 0.726787269115448,
              "accuracy_macro": 0.6734755039215088,
              "f1": 0.6994374990463257,
              "f1_weighted": 0.7245762944221497,
              "mrr": 0.8289050459861755,
              "top5_acc": 0.971981406211853,
              "ndcg_5": 0.861640214920044,
              "top10_acc": 1.0,
              "ndcg_10": 0.8713476061820984,
              "best_epoch": 16
            },
            "top10_acc": {
              "accuracy": 0.4827553629875183,
              "accuracy_macro": 0.3783201575279236,
              "f1": 0.3889451026916504,
              "f1_weighted": 0.4662294387817383,
              "mrr": 0.6711847186088562,
              "top5_acc": 0.951407253742218,
              "ndcg_5": 0.7357308268547058,
              "top10_acc": 1.0,
              "ndcg_10": 0.7525858879089355,
              "best_epoch": 1
            },
            "mrr": {
              "accuracy": 0.726787269115448,
              "accuracy_macro": 0.6734755039215088,
              "f1": 0.6994374990463257,
              "f1_weighted": 0.7245762944221497,
              "mrr": 0.8289050459861755,
              "top5_acc": 0.971981406211853,
              "ndcg_5": 0.861640214920044,
              "top10_acc": 1.0,
              "ndcg_10": 0.8713476061820984,
              "best_epoch": 16
            },