{
  "state": "arizona",
  "folds": 5,
  "epochs": 50,
  "seed": 0,
  "input_type": "region",
  "n_regions": 1540,
  "heads": {
    "next_stan_flow": {
      "per_fold": [
        {
          "accuracy": 0.24190187454223633,
          "accuracy_macro": 0.07479857949120979,
          "f1": 0.059631142765283585,
          "f1_weighted": 0.20579585433006287,
          "mrr": 0.3420160412788391,
          "top5_acc": 0.44326576590538025,
          "ndcg_5": 0.34837275743484497,
          "top10_acc": 0.542905867099762,
          "ndcg_10": 0.3803784251213074,
          "best_epoch": 38,
          "per_metric_best": {
            "accuracy": {
              "accuracy": 0.24625876545906067,
              "accuracy_macro": 0.07682013933886603,
              "f1": 0.06160980090498924,
              "f1_weighted": 0.2110944390296936,
              "mrr": 0.3429428040981293,
              "top5_acc": 0.43947717547416687,
              "ndcg_5": 0.34768247604370117,
              "top10_acc": 0.5389278531074524,
              "ndcg_10": 0.37982097268104553,
              "best_epoch": 40
            },
            "top5_acc": {
              "accuracy": 0.24190187454223633,
              "accuracy_macro": 0.07479857949120979,
              "f1": 0.059631142765283585,
              "f1_weighted": 0.20579585433006287,
              "mrr": 0.3420160412788391,
              "top5_acc": 0.44326576590538025,
              "ndcg_5": 0.34837275743484497,
              "top10_acc": 0.542905867099762,
              "ndcg_10": 0.3803784251213074,
              "best_epoch": 38
            },
            "top10_acc": {
              "accuracy": 0.24190187454223633,
              "accuracy_macro": 0.07479857949120979,
              "f1": 0.059631142765283585,
              "f1_weighted": 0.20579585433006287,
              "mrr": 0.3420160412788391,
              "top5_acc": 0.44326576590538025,
              "ndcg_5": 0.34837275743484497,
              "top10_acc": 0.542905867099762,
              "ndcg_10": 0.3803784251213074,
              "best_epoch": 38
            },
            "mrr": {
              "accuracy": 0.24550104141235352,
              "accuracy_macro": 0.07590849114804413,
              "f1": 0.060739874839782715,
              "f1_weighted": 0.20831453800201416,
              "mrr": 0.3435303866863251,
              "top5_acc": 0.44288691878318787,
              "ndcg_5": 0.3495140075683594,
              "top10_acc": 0.539496123790741,
              "ndcg_10": 0.3804873526096344,
              "best_epoch": 39
            },
            "f1": {
              "accuracy": 0.24531161785125732,
              "accuracy_macro": 0.08076163636686656,
              "f1": 0.06377502530813217,
              "f1_weighted": 0.20991897583007812,
              "mrr": 0.3427914083003998,
              "top5_acc": 0.4404243230819702,
              "ndcg_5": 0.3481023907661438,
              "top10_acc": 0.5372229814529419,
              "ndcg_10": 0.3793773949146271,
              "best_epoch": 36
            }
          }
        },
        {
          "accuracy": 0.25852271914482117,
          "accuracy_macro": 0.08832413580666641,
          "f1": 0.06650410592556,
          "f1_weighted": 0.21719081699848175,
          "mrr": 0.35686731338500977,
          "top5_acc": 0.4537878632545471,
          "ndcg_5": 0.3626808226108551,
          "top10_acc": 0.5488635897636414,
          "ndcg_10": 0.39328816533088684,
          "best_epoch": 38,
          "per_metric_best": {
            "accuracy": {
              "accuracy": 0.2642045319080353,
              "accuracy_macro": 0.09152647484878651,
              "f1": 0.0692649558186531,
              "f1_weighted": 0.21874088048934937,
              "mrr": 0.3590240478515625,
              "top5_acc": 0.4528408944606781,
              "ndcg_5": 0.3640400767326355,
              "top10_acc": 0.5452651381492615,
              "ndcg_10": 0.3939250409603119,
              "best_epoch": 33
            },
            "top5_acc": {
              "accuracy": 0.25776514410972595,
              "accuracy_macro": 0.08758490819197434,
              "f1": 0.06585370004177094,
              "f1_weighted": 0.21736592054367065,
              "mrr": 0.3561832308769226,
              "top5_acc": 0.457765132188797,
              "ndcg_5": 0.3636195659637451,
              "top10_acc": 0.5445075631141663,
              "ndcg_10": 0.39162227511405945,
              "best_epoch": 41
            },
            "top10_acc": {
              "accuracy": 0.25852271914482117,
              "accuracy_macro": 0.08832413580666641,
              "f1": 0.06650410592556,
              "f1_weighted": 0.21719081699848175,
              "mrr": 0.35686731338500977,
              "top5_acc": 0.4537878632545471,
              "ndcg_5": 0.3626808226108551,
              "top10_acc": 0.5488635897636414,
              "ndcg_10": 0.39328816533088684,
              "best_epoch": 38
            },
            "mrr": {
              "accuracy": 0.2642045319080353,
              "accuracy_macro": 0.09152647484878651,
              "f1": 0.0692649558186531,
              "f1_weighted": 0.21874088048934937,
              "mrr": 0.3590240478515625,
              "top5_acc": 0.4528408944606781,
              "ndcg_5": 0.3640400767326355,
              "top10_acc": 0.5452651381492615,
              "ndcg_10": 0.3939250409603119,
              "best_epoch": 33
            },
            "f1": {
              "accuracy": 0.2642045319080353,
              "accuracy_macro": 0.09152647484878651,
              "f1": 0.0692649558186531,
              "f1_weighted": 0.21874088048934937,
              "mrr": 0.3590240478515625,
              "top5_acc": 0.4528408944606781,
              "ndcg_5": 0.3640400767326355,
              "top10_acc": 0.5452651381492615,
              "ndcg_10": 0.3939250409603119,
              "best_epoch": 33
            }
          }
        },
        {
          "accuracy": 0.2913430631160736,
          "accuracy_macro": 0.09020362384944519,
          "f1": 0.07538711279630661,
          "f1_weighted": 0.2456604242324829,
          "mrr": 0.3899695873260498,
          "top5_acc": 0.4928963780403137,
          "ndcg_5": 0.3977265954017639,
          "top10_acc": 0.5904527306556702,
          "ndcg_10": 0.42915603518486023,
          "best_epoch": 44,
          "per_metric_best": {
            "accuracy": {
              "accuracy": 0.2934267818927765,
              "accuracy_macro": 0.0919076511010773,
              "f1": 0.07499659061431885,
              "f1_weighted": 0.24360868334770203,
              "mrr": 0.3904220759868622,
              "top5_acc": 0.4964955449104309,
              "ndcg_5": 0.3995443880558014,
              "top10_acc": 0.5874218940734863,
              "ndcg_10": 0.4286850392818451,
              "best_epoch": 37
            },
            "top5_acc": {
              "accuracy": 0.2934267818927765,
              "accuracy_macro": 0.0919076511010773,
              "f1": 0.07499659061431885,
              "f1_weighted": 0.24360868334770203,
              "mrr": 0.3904220759868622,
              "top5_acc": 0.4964955449104309,
              "ndcg_5": 0.3995443880558014,
              "top10_acc": 0.5874218940734863,
              "ndcg_10": 0.4286850392818451,
              "best_epoch": 37
            },
            "top10_acc": {
              "accuracy": 0.2913430631160736,
              "accuracy_macro": 0.09020362384944519,
              "f1": 0.07538711279630661,
              "f1_weighted": 0.2456604242324829,
              "mrr": 0.3899695873260498,
              "top5_acc": 0.4928963780403137,
              "ndcg_5": 0.3977265954017639,
              "top10_acc": 0.5904527306556702,
              "ndcg_10": 0.42915603518486023,
              "best_epoch": 44
            },
            "mrr": {
              "accuracy": 0.2934267818927765,
              "accuracy_macro": 0.0940273967137565,