{
  "state": "arizona_catD_orth",
  "folds": 5,
  "epochs": 30,
  "seed": 42,
  "input_type": "checkin",
  "n_regions": 1540,
  "heads": {
    "next_gru": {
      "per_fold": [
        {
          "accuracy": 0.35972723364830017,
          "accuracy_macro": 0.19109869003295898,
          "f1": 0.1773744523525238,
          "f1_weighted": 0.298728346824646,
          "mrr": 0.5902532935142517,
          "top5_acc": 0.9026330709457397,
          "ndcg_5": 0.657397985458374,
          "top10_acc": 1.0,
          "ndcg_10": 0.6911492347717285,
          "best_epoch": 1,
          "per_metric_best": {
            "accuracy": {
              "accuracy": 0.4080318212509155,
              "accuracy_macro": 0.2734442353248596,
              "f1": 0.2842807173728943,
              "f1_weighted": 0.3703228831291199,
              "mrr": 0.6249212622642517,
              "top5_acc": 0.9310475587844849,
              "ndcg_5": 0.6937824487686157,
              "top10_acc": 1.0,
              "ndcg_10": 0.71761155128479,
              "best_epoch": 7
            },
            "top5_acc": {
              "accuracy": 0.4080318212509155,
              "accuracy_macro": 0.2734442353248596,
              "f1": 0.2842807173728943,
              "f1_weighted": 0.3703228831291199,
              "mrr": 0.6249212622642517,
              "top5_acc": 0.9310475587844849,
              "ndcg_5": 0.6937824487686157,
              "top10_acc": 1.0,
              "ndcg_10": 0.71761155128479,
              "best_epoch": 7
            },
            "top10_acc": {
              "accuracy": 0.35972723364830017,
              "accuracy_macro": 0.19109869003295898,
              "f1": 0.1773744523525238,
              "f1_weighted": 0.298728346824646,
              "mrr": 0.5902532935142517,
              "top5_acc": 0.9026330709457397,
              "ndcg_5": 0.657397985458374,
              "top10_acc": 1.0,
              "ndcg_10": 0.6911492347717285,
              "best_epoch": 1
            },
            "mrr": {
              "accuracy": 0.4080318212509155,
              "accuracy_macro": 0.2734442353248596,
              "f1": 0.2842807173728943,
              "f1_weighted": 0.3703228831291199,
              "mrr": 0.6249212622642517,
              "top5_acc": 0.9310475587844849,
              "ndcg_5": 0.6937824487686157,
              "top10_acc": 1.0,
              "ndcg_10": 0.71761155128479,
              "best_epoch": 7
            },
            "f1": {
              "accuracy": 0.38700512051582336,
              "accuracy_macro": 0.2874491214752197,
              "f1": 0.2986167073249817,
              "f1_weighted": 0.3719635605812073,
              "mrr": 0.6063715815544128,
              "top5_acc": 0.9236598014831543,
              "ndcg_5": 0.6770897507667542,
              "top10_acc": 1.0,
              "ndcg_10": 0.7033641934394836,
              "best_epoch": 13
            }
          }
        },
        {
          "accuracy": 0.3745027482509613,
          "accuracy_macro": 0.21191394329071045,
          "f1": 0.2033011019229889,
          "f1_weighted": 0.32406067848205566,
          "mrr": 0.5993586182594299,
          "top5_acc": 0.9049062132835388,
          "ndcg_5": 0.6650858521461487,
          "top10_acc": 1.0,
          "ndcg_10": 0.6979364156723022,
          "best_epoch": 1,
          "per_metric_best": {
            "accuracy": {
              "accuracy": 0.40897896885871887,
              "accuracy_macro": 0.2828017771244049,
              "f1": 0.29981380701065063,
              "f1_weighted": 0.38339877128601074,
              "mrr": 0.6250944137573242,
              "top5_acc": 0.9263117909431458,
              "ndcg_5": 0.6921220421791077,
              "top10_acc": 1.0,
              "ndcg_10": 0.7177377343177795,
              "best_epoch": 7
            },
            "top5_acc": {
              "accuracy": 0.4087895452976227,
              "accuracy_macro": 0.2710858881473541,
              "f1": 0.28508612513542175,
              "f1_weighted": 0.3770767152309418,
              "mrr": 0.6255030632019043,
              "top5_acc": 0.9342678785324097,
              "ndcg_5": 0.6952617168426514,
              "top10_acc": 1.0,
              "ndcg_10": 0.7181386351585388,
              "best_epoch": 6
            },
            "top10_acc": {
              "accuracy": 0.3745027482509613,
              "accuracy_macro": 0.21191394329071045,
              "f1": 0.2033011019229889,
              "f1_weighted": 0.32406067848205566,
              "mrr": 0.5993586182594299,
              "top5_acc": 0.9049062132835388,
              "ndcg_5": 0.6650858521461487,
              "top10_acc": 1.0,
              "ndcg_10": 0.6979364156723022,
              "best_epoch": 1
            },
            "mrr": {
              "accuracy": 0.4087895452976227,
              "accuracy_macro": 0.2710858881473541,
              "f1": 0.28508612513542175,
              "f1_weighted": 0.3770767152309418,
              "mrr": 0.6255030632019043,
              "top5_acc": 0.9342678785324097,
              "ndcg_5": 0.6952617168426514,
              "top10_acc": 1.0,
              "ndcg_10": 0.7181386351585388,
              "best_epoch": 6
            },
            "f1": {
              "accuracy": 0.40897896885871887,
              "accuracy_macro": 0.2828017771244049,
              "f1": 0.29981380701065063,
              "f1_weighted": 0.38339877128601074,
              "mrr": 0.6250944137573242,
              "top5_acc": 0.9263117909431458,
              "ndcg_5": 0.6921220421791077,
              "top10_acc": 1.0,
              "ndcg_10": 0.7177377343177795,
              "best_epoch": 7
            }
          }
        },
        {
          "accuracy": 0.3741239011287689,
          "accuracy_macro": 0.20735856890678406,
          "f1": 0.19715836644172668,
          "f1_weighted": 0.31960970163345337,
          "mrr": 0.5999156832695007,
          "top5_acc": 0.9155142903327942,
          "ndcg_5": 0.6692110300064087,
          "top10_acc": 1.0,
          "ndcg_10": 0.6984995007514954,
          "best_epoch": 1,
          "per_metric_best": {
            "accuracy": {
              "accuracy": 0.41087326407432556,
              "accuracy_macro": 0.275501549243927,
              "f1": 0.2852141559123993,
              "f1_weighted": 0.38191643357276917,
              "mrr": 0.625980794429779,
              "top5_acc": 0.9299109578132629,
              "ndcg_5": 0.6941537857055664,
              "top10_acc": 1.0,
              "ndcg_10": 0.7183833718299866,
              "best_epoch": 5
            },
            "top5_acc": {
              "accuracy": 0.39723432064056396,
              "accuracy_macro": 0.3021366596221924,
              "f1": 0.3018401861190796,
              "f1_weighted": 0.3776738941669464,
              "mrr": 0.6166549324989319,
              "top5_acc": 0.9338889718055725,
              "ndcg_5": 0.6885372996330261,
              "top10_acc": 1.0,
              "ndcg_10": 0.7114019393920898,
              "best_epoch": 9
            },
            "top10_acc": {
              "accuracy": 0.3741239011287689,
              "accuracy_macro": 0.20735856890678406,
              "f1": 0.19715836644172668,
              "f1_weighted": 0.31960970163345337,
              "mrr": 0.5999156832695007,
              "top5_acc": 0.9155142903327942,
              "ndcg_5": 0.6692110300064087,
              "top10_acc": 1.0,
              "ndcg_10": 0.6984995007514954,
              "best_epoch": 1
            },
            "mrr": {
              "accuracy": 0.41087326407432556,
              "accuracy_macro": 0.275501549243927,
              "f1": 0.2852141559123993,
              "f1_weighted": 0.38191643357276917,
              "mrr": 0.625980794429779,
              "top5_acc": 0.9299109578132629,
              "ndcg_5": 0.6941537857055664,
              "top10_acc": 1.0,
              "ndcg_10": 0.7183833718299866,