{
  "state": "alabama",
  "folds": 5,
  "epochs": 50,
  "seed": 42,
  "input_type": "region",
  "n_regions": 1109,
  "heads": {
    "next_stan_flow": {
      "per_fold": [
        {
          "accuracy": 0.2557041645050049,
          "accuracy_macro": 0.08776146909023853,
          "f1": 0.058360375463962555,
          "f1_weighted": 0.18813028931617737,
          "mrr": 0.382112592458725,
          "top5_acc": 0.5228166580200195,
          "ndcg_5": 0.39701953530311584,
          "top10_acc": 0.6388670206069946,
          "ndcg_10": 0.43459486961364746,
          "best_epoch": 47,
          "per_metric_best": {
            "accuracy": {
              "accuracy": 0.2572777271270752,
              "accuracy_macro": 0.08818794364359842,
              "f1": 0.058694515377283096,
              "f1_weighted": 0.1890811324119568,
              "mrr": 0.38327768445014954,
              "top5_acc": 0.5232100486755371,
              "ndcg_5": 0.39799341559410095,
              "top10_acc": 0.6388670206069946,
              "ndcg_10": 0.4355050027370453,
              "best_epoch": 48
            },
            "top5_acc": {
              "accuracy": 0.25413060188293457,
              "accuracy_macro": 0.08504574303963966,
              "f1": 0.05565859004855156,
              "f1_weighted": 0.18747377395629883,
              "mrr": 0.3808584213256836,
              "top5_acc": 0.5275374054908752,
              "ndcg_5": 0.39797547459602356,
              "top10_acc": 0.6317859888076782,
              "ndcg_10": 0.43185853958129883,
              "best_epoch": 41
            },
            "top10_acc": {
              "accuracy": 0.2557041645050049,
              "accuracy_macro": 0.08776146909023853,
              "f1": 0.058360375463962555,
              "f1_weighted": 0.18813028931617737,
              "mrr": 0.382112592458725,
              "top5_acc": 0.5228166580200195,
              "ndcg_5": 0.39701953530311584,
              "top10_acc": 0.6388670206069946,
              "ndcg_10": 0.43459486961364746,
              "best_epoch": 47
            },
            "mrr": {
              "accuracy": 0.2572777271270752,
              "accuracy_macro": 0.08809214512676572,
              "f1": 0.058656495064496994,
              "f1_weighted": 0.18931478261947632,
              "mrr": 0.38333776593208313,
              "top5_acc": 0.5247836112976074,
              "ndcg_5": 0.3985779285430908,
              "top10_acc": 0.6380802392959595,
              "ndcg_10": 0.43532025814056396,
              "best_epoch": 49
            },
            "f1": {
              "accuracy": 0.25649094581604004,
              "accuracy_macro": 0.0873975652544868,
              "f1": 0.05885125696659088,
              "f1_weighted": 0.19092845916748047,
              "mrr": 0.3821161687374115,
              "top5_acc": 0.525177001953125,
              "ndcg_5": 0.3978913426399231,
              "top10_acc": 0.635719895362854,
              "ndcg_10": 0.43375808000564575,
              "best_epoch": 45
            }
          }
        },
        {
          "accuracy": 0.22698663175106049,
          "accuracy_macro": 0.0785676452504608,
          "f1": 0.052948303520679474,
          "f1_weighted": 0.16660836338996887,
          "mrr": 0.35904461145401,
          "top5_acc": 0.5039339065551758,
          "ndcg_5": 0.3737957179546356,
          "top10_acc": 0.6298190355300903,
          "ndcg_10": 0.41428446769714355,
          "best_epoch": 49,
          "per_metric_best": {
            "accuracy": {
              "accuracy": 0.2301337569952011,
              "accuracy_macro": 0.08120833456904149,
              "f1": 0.05487930402159691,
              "f1_weighted": 0.1689387410879135,
              "mrr": 0.3601120412349701,
              "top5_acc": 0.5019669532775879,
              "ndcg_5": 0.37377098202705383,
              "top10_acc": 0.6290322542190552,
              "ndcg_10": 0.4148523509502411,
              "best_epoch": 45
            },
            "top5_acc": {
              "accuracy": 0.22698663175106049,
              "accuracy_macro": 0.07857555538028865,
              "f1": 0.053012665361166,
              "f1_weighted": 0.16660171747207642,
              "mrr": 0.35882818698883057,
              "top5_acc": 0.5043272972106934,
              "ndcg_5": 0.3737759292125702,
              "top10_acc": 0.6290322542190552,
              "ndcg_10": 0.41387876868247986,
              "best_epoch": 48
            },
            "top10_acc": {
              "accuracy": 0.22698663175106049,
              "accuracy_macro": 0.0785676452504608,
              "f1": 0.052948303520679474,
              "f1_weighted": 0.16660836338996887,
              "mrr": 0.35904461145401,
              "top5_acc": 0.5039339065551758,
              "ndcg_5": 0.3737957179546356,
              "top10_acc": 0.6298190355300903,
              "ndcg_10": 0.41428446769714355,
              "best_epoch": 49
            },
            "mrr": {
              "accuracy": 0.22934697568416595,
              "accuracy_macro": 0.08030326661215428,
              "f1": 0.05399685725569725,
              "f1_weighted": 0.16807113587856293,
              "mrr": 0.3601149022579193,
              "top5_acc": 0.502753734588623,
              "ndcg_5": 0.37417927384376526,
              "top10_acc": 0.6274586915969849,
              "ndcg_10": 0.4144459664821625,
              "best_epoch": 46
            },
            "f1": {
              "accuracy": 0.22974036633968353,
              "accuracy_macro": 0.08086999670251624,
              "f1": 0.055300310254096985,
              "f1_weighted": 0.17021238803863525,
              "mrr": 0.35931891202926636,
              "top5_acc": 0.4964594841003418,
              "ndcg_5": 0.37150198221206665,
              "top10_acc": 0.6223446130752563,
              "ndcg_10": 0.41232964396476746,
              "best_epoch": 42
            }
          }
        },
        {
          "accuracy": 0.22974036633968353,
          "accuracy_macro": 0.08432074689554805,
          "f1": 0.05637101083993912,
          "f1_weighted": 0.16191694140434265,
          "mrr": 0.36061525344848633,
          "top5_acc": 0.4984264373779297,
          "ndcg_5": 0.37200799584388733,
          "top10_acc": 0.6388670206069946,
          "ndcg_10": 0.417368620634079,
          "best_epoch": 49,
          "per_metric_best": {
            "accuracy": {
              "accuracy": 0.2305271476507187,
              "accuracy_macro": 0.08490552487580673,
              "f1": 0.05591490864753723,
              "f1_weighted": 0.1636677384376526,
              "mrr": 0.3598248064517975,
              "top5_acc": 0.49567270278930664,
              "ndcg_5": 0.3707471489906311,
              "top10_acc": 0.6298190355300903,
              "ndcg_10": 0.4141981601715088,
              "best_epoch": 41
            },
            "top5_acc": {
              "accuracy": 0.2285601943731308,
              "accuracy_macro": 0.08302024742225547,
              "f1": 0.054649461060762405,
              "f1_weighted": 0.15940546989440918,
              "mrr": 0.359393447637558,
              "top5_acc": 0.5023603439331055,
              "ndcg_5": 0.3725863993167877,
              "top10_acc": 0.6361132860183716,
              "ndcg_10": 0.415783554315567,
              "best_epoch": 45
            },
            "top10_acc": {
              "accuracy": 0.22974036633968353,
              "accuracy_macro": 0.08432074689554805,
              "f1": 0.05637101083993912,
              "f1_weighted": 0.16191694140434265,
              "mrr": 0.36061525344848633,
              "top5_acc": 0.4984264373779297,
              "ndcg_5": 0.37200799584388733,
              "top10_acc": 0.6388670206069946,
              "ndcg_10": 0.417368620634079,
              "best_epoch": 49
            },
            "mrr": {
              "accuracy": 0.2301337569952011,
              "accuracy_macro": 0.0841473064298485,