{
  "state": "georgia",
  "folds": 5,
  "epochs": 50,
  "seed": 1,
  "input_type": "region",
  "n_regions": 2282,
  "heads": {
    "next_stan_flow": {
      "per_fold": [
        {
          "accuracy": 0.2722321152687073,
          "accuracy_macro": 0.0896913669669987,
          "f1": 0.07271742820739746,
          "f1_weighted": 0.23507048189640045,
          "mrr": 0.37349557876586914,
          "top5_acc": 0.48654958605766296,
          "ndcg_5": 0.38402241468429565,
          "top10_acc": 0.5793685913085938,
          "ndcg_10": 0.41404420137405396,
          "best_epoch": 41,
          "per_metric_best": {
            "accuracy": {
              "accuracy": 0.2756780683994293,
              "accuracy_macro": 0.09322449655243845,
              "f1": 0.07492417842149734,
              "f1_weighted": 0.23751521110534668,
              "mrr": 0.3755648136138916,
              "top5_acc": 0.48577144742012024,
              "ndcg_5": 0.38536494970321655,
              "top10_acc": 0.5778123736381531,
              "ndcg_10": 0.4151884913444519,
              "best_epoch": 40
            },
            "top5_acc": {
              "accuracy": 0.2701200544834137,
              "accuracy_macro": 0.08783720049284015,
              "f1": 0.07063516974449158,
              "f1_weighted": 0.23213019967079163,
              "mrr": 0.3722792863845825,
              "top5_acc": 0.4896620810031891,
              "ndcg_5": 0.3842286169528961,
              "top10_acc": 0.5770342350006104,
              "ndcg_10": 0.4124668538570404,
              "best_epoch": 37
            },
            "top10_acc": {
              "accuracy": 0.2722321152687073,
              "accuracy_macro": 0.0896913669669987,
              "f1": 0.07271742820739746,
              "f1_weighted": 0.23507048189640045,
              "mrr": 0.37349557876586914,
              "top5_acc": 0.48654958605766296,
              "ndcg_5": 0.38402241468429565,
              "top10_acc": 0.5793685913085938,
              "ndcg_10": 0.41404420137405396,
              "best_epoch": 41
            },
            "mrr": {
              "accuracy": 0.2756780683994293,
              "accuracy_macro": 0.09322449655243845,
              "f1": 0.07492417842149734,
              "f1_weighted": 0.23751521110534668,
              "mrr": 0.3755648136138916,
              "top5_acc": 0.48577144742012024,
              "ndcg_5": 0.38536494970321655,
              "top10_acc": 0.5778123736381531,
              "ndcg_10": 0.4151884913444519,
              "best_epoch": 40
            },
            "f1": {
              "accuracy": 0.2756780683994293,
              "accuracy_macro": 0.09322449655243845,
              "f1": 0.07492417842149734,
              "f1_weighted": 0.23751521110534668,
              "mrr": 0.3755648136138916,
              "top5_acc": 0.48577144742012024,
              "ndcg_5": 0.38536494970321655,
              "top10_acc": 0.5778123736381531,
              "ndcg_10": 0.4151884913444519,
              "best_epoch": 40
            }
          }
        },
        {
          "accuracy": 0.273374080657959,
          "accuracy_macro": 0.08794263779018792,
          "f1": 0.07157404720783234,
          "f1_weighted": 0.23668000102043152,
          "mrr": 0.3695465624332428,
          "top5_acc": 0.47237351536750793,
          "ndcg_5": 0.3777574896812439,
          "top10_acc": 0.5626459121704102,
          "ndcg_10": 0.4069541096687317,
          "best_epoch": 38,
          "per_metric_best": {
            "accuracy": {
              "accuracy": 0.27448582649230957,
              "accuracy_macro": 0.0827153990782163,
              "f1": 0.06852639466524124,
              "f1_weighted": 0.23832395672798157,
              "mrr": 0.36984017491340637,
              "top5_acc": 0.4721511900424957,
              "ndcg_5": 0.377932071685791,
              "top10_acc": 0.5609782934188843,
              "ndcg_10": 0.40670016407966614,
              "best_epoch": 39
            },
            "top5_acc": {
              "accuracy": 0.2729294002056122,
              "accuracy_macro": 0.08632181718259675,
              "f1": 0.07107484340667725,
              "f1_weighted": 0.2359330654144287,
              "mrr": 0.36959096789360046,
              "top5_acc": 0.4739299416542053,
              "ndcg_5": 0.3782854378223419,
              "top10_acc": 0.5612006783485413,
              "ndcg_10": 0.40654456615448,
              "best_epoch": 43
            },
            "top10_acc": {
              "accuracy": 0.273374080657959,
              "accuracy_macro": 0.08794263779018792,
              "f1": 0.07157404720783234,
              "f1_weighted": 0.23668000102043152,
              "mrr": 0.3695465624332428,
              "top5_acc": 0.47237351536750793,
              "ndcg_5": 0.3777574896812439,
              "top10_acc": 0.5626459121704102,
              "ndcg_10": 0.4069541096687317,
              "best_epoch": 38
            },
            "mrr": {
              "accuracy": 0.274263471364975,
              "accuracy_macro": 0.08824665705362955,
              "f1": 0.0732167661190033,
              "f1_weighted": 0.2376711070537567,
              "mrr": 0.3704368472099304,
              "top5_acc": 0.4735964238643646,
              "ndcg_5": 0.37891656160354614,
              "top10_acc": 0.5613118410110474,
              "ndcg_10": 0.40721309185028076,
              "best_epoch": 46
            },
            "f1": {
              "accuracy": 0.274263471364975,
              "accuracy_macro": 0.08824665705362955,
              "f1": 0.0732167661190033,
              "f1_weighted": 0.2376711070537567,
              "mrr": 0.3704368472099304,
              "top5_acc": 0.4735964238643646,
              "ndcg_5": 0.37891656160354614,
              "top10_acc": 0.5613118410110474,
              "ndcg_10": 0.40721309185028076,
              "best_epoch": 46
            }
          }
        },
        {
          "accuracy": 0.2733437120914459,
          "accuracy_macro": 0.0846832494108512,
          "f1": 0.07055554538965225,
          "f1_weighted": 0.23879751563072205,
          "mrr": 0.37176504731178284,
          "top5_acc": 0.47120943665504456,
          "ndcg_5": 0.37838876247406006,
          "top10_acc": 0.5650289058685303,
          "ndcg_10": 0.40865981578826904,
          "best_epoch": 47,
          "per_metric_best": {
            "accuracy": {
              "accuracy": 0.2751222848892212,
              "accuracy_macro": 0.08672581026892391,
              "f1": 0.07267235964536667,
              "f1_weighted": 0.24062128365039825,
              "mrr": 0.3717188239097595,
              "top5_acc": 0.4700978100299835,
              "ndcg_5": 0.37811219692230225,
              "top10_acc": 0.5603601336479187,
              "ndcg_10": 0.407352477312088,
              "best_epoch": 41
            },
            "top5_acc": {
              "accuracy": 0.27401065826416016,
              "accuracy_macro": 0.08742311084443835,
              "f1": 0.07194815576076508,
              "f1_weighted": 0.23697562515735626,
              "mrr": 0.3708344101905823,
              "top5_acc": 0.4728768467903137,
              "ndcg_5": 0.37826189398765564,
              "top10_acc": 0.5625833868980408,
              "ndcg_10": 0.40734848380088806,
              "best_epoch": 33
            },
            "top10_acc": {
              "accuracy": 0.2733437120914459,
              "accuracy_macro": 0.0846832494108512,
              "f1": 0.07055554538965225,
              "f1_weighted": 0.23879751563072205,
              "mrr": 0.37176504731178284,
              "top5_acc": 0.47120943665504456,
              "ndcg_5": 0.37838876247406006,
              "top10_acc": 0.5650289058685303,
              "ndcg_10": 0.40865981578826904,
              "best_epoch": 47
            },
            "mrr": {
              "accuracy": 0.2750111222267151,
              "accuracy_macro": 0.08647133815913838,