{
  "state": "arizona",
  "folds": 5,
  "epochs": 30,
  "seed": 7,
  "input_type": "checkin",
  "n_regions": 1540,
  "heads": {
    "next_gru": {
      "per_fold": [
        {
          "accuracy": 0.363446980714798,
          "accuracy_macro": 0.19240345060825348,
          "f1": 0.17807701230049133,
          "f1_weighted": 0.2988574504852295,
          "mrr": 0.5895034670829773,
          "top5_acc": 0.8999999761581421,
          "ndcg_5": 0.6556941866874695,
          "top10_acc": 1.0,
          "ndcg_10": 0.690301239490509,
          "best_epoch": 1,
          "per_metric_best": {
            "accuracy": {
              "accuracy": 0.39905303716659546,
              "accuracy_macro": 0.2747264504432678,
              "f1": 0.2831364572048187,
              "f1_weighted": 0.3701043426990509,
              "mrr": 0.6197952628135681,
              "top5_acc": 0.9232954382896423,
              "ndcg_5": 0.6871975064277649,
              "top10_acc": 1.0,
              "ndcg_10": 0.7137838006019592,
              "best_epoch": 6
            },
            "top5_acc": {
              "accuracy": 0.39299243688583374,
              "accuracy_macro": 0.28388965129852295,
              "f1": 0.28922611474990845,
              "f1_weighted": 0.36932095885276794,
              "mrr": 0.611189603805542,
              "top5_acc": 0.9257575869560242,
              "ndcg_5": 0.6813318133354187,
              "top10_acc": 1.0,
              "ndcg_10": 0.707058310508728,
              "best_epoch": 9
            },
            "top10_acc": {
              "accuracy": 0.363446980714798,
              "accuracy_macro": 0.19240345060825348,
              "f1": 0.17807701230049133,
              "f1_weighted": 0.2988574504852295,
              "mrr": 0.5895034670829773,
              "top5_acc": 0.8999999761581421,
              "ndcg_5": 0.6556941866874695,
              "top10_acc": 1.0,
              "ndcg_10": 0.690301239490509,
              "best_epoch": 1
            },
            "mrr": {
              "accuracy": 0.39905303716659546,
              "accuracy_macro": 0.2747264504432678,
              "f1": 0.2831364572048187,
              "f1_weighted": 0.3701043426990509,
              "mrr": 0.6197952628135681,
              "top5_acc": 0.9232954382896423,
              "ndcg_5": 0.6871975064277649,
              "top10_acc": 1.0,
              "ndcg_10": 0.7137838006019592,
              "best_epoch": 6
            },
            "f1": {
              "accuracy": 0.39299243688583374,
              "accuracy_macro": 0.28388965129852295,
              "f1": 0.28922611474990845,
              "f1_weighted": 0.36932095885276794,
              "mrr": 0.611189603805542,
              "top5_acc": 0.9257575869560242,
              "ndcg_5": 0.6813318133354187,
              "top10_acc": 1.0,
              "ndcg_10": 0.707058310508728,
              "best_epoch": 9
            }
          }
        },
        {
          "accuracy": 0.3612426519393921,
          "accuracy_macro": 0.19322434067726135,
          "f1": 0.18005141615867615,
          "f1_weighted": 0.305543452501297,
          "mrr": 0.5894027352333069,
          "top5_acc": 0.904148519039154,
          "ndcg_5": 0.6572380065917969,
          "top10_acc": 1.0,
          "ndcg_10": 0.6904147267341614,
          "best_epoch": 1,
          "per_metric_best": {
            "accuracy": {
              "accuracy": 0.4031066596508026,
              "accuracy_macro": 0.25377729535102844,
              "f1": 0.2621404528617859,
              "f1_weighted": 0.35931524634361267,
              "mrr": 0.6198933124542236,
              "top5_acc": 0.9263117909431458,
              "ndcg_5": 0.6881483197212219,
              "top10_acc": 1.0,
              "ndcg_10": 0.7137294411659241,
              "best_epoch": 10
            },
            "top5_acc": {
              "accuracy": 0.3966660499572754,
              "accuracy_macro": 0.29010429978370667,
              "f1": 0.2987220883369446,
              "f1_weighted": 0.3784121870994568,
              "mrr": 0.6174802780151367,
              "top5_acc": 0.9318052530288696,
              "ndcg_5": 0.6884803175926208,
              "top10_acc": 1.0,
              "ndcg_10": 0.7121217846870422,
              "best_epoch": 7
            },
            "top10_acc": {
              "accuracy": 0.3612426519393921,
              "accuracy_macro": 0.19322434067726135,
              "f1": 0.18005141615867615,
              "f1_weighted": 0.305543452501297,
              "mrr": 0.5894027352333069,
              "top5_acc": 0.904148519039154,
              "ndcg_5": 0.6572380065917969,
              "top10_acc": 1.0,
              "ndcg_10": 0.6904147267341614,
              "best_epoch": 1
            },
            "mrr": {
              "accuracy": 0.3996969163417816,
              "accuracy_macro": 0.2592644989490509,
              "f1": 0.27160418033599854,
              "f1_weighted": 0.3667437732219696,
              "mrr": 0.6199090480804443,
              "top5_acc": 0.9299109578132629,
              "ndcg_5": 0.6897006630897522,
              "top10_acc": 1.0,
              "ndcg_10": 0.7139086127281189,
              "best_epoch": 5
            },
            "f1": {
              "accuracy": 0.3966660499572754,
              "accuracy_macro": 0.29010429978370667,
              "f1": 0.2987220883369446,
              "f1_weighted": 0.3784121870994568,
              "mrr": 0.6174802780151367,
              "top5_acc": 0.9318052530288696,
              "ndcg_5": 0.6884803175926208,
              "top10_acc": 1.0,
              "ndcg_10": 0.7121217846870422,
              "best_epoch": 7
            }
          }
        },
        {
          "accuracy": 0.3712824285030365,
          "accuracy_macro": 0.20310789346694946,
          "f1": 0.19251617789268494,
          "f1_weighted": 0.31370067596435547,
          "mrr": 0.5981711149215698,
          "top5_acc": 0.9060428142547607,
          "ndcg_5": 0.6647269129753113,
          "top10_acc": 1.0,
          "ndcg_10": 0.6971206068992615,
          "best_epoch": 1,
          "per_metric_best": {
            "accuracy": {
              "accuracy": 0.40215951204299927,
              "accuracy_macro": 0.263590008020401,
              "f1": 0.27577024698257446,
              "f1_weighted": 0.3702698051929474,
              "mrr": 0.6218227744102478,
              "top5_acc": 0.9325630068778992,
              "ndcg_5": 0.6920419931411743,
              "top10_acc": 1.0,
              "ndcg_10": 0.7153571844100952,
              "best_epoch": 6
            },
            "top5_acc": {
              "accuracy": 0.40215951204299927,
              "accuracy_macro": 0.263590008020401,
              "f1": 0.27577024698257446,
              "f1_weighted": 0.3702698051929474,
              "mrr": 0.6218227744102478,
              "top5_acc": 0.9325630068778992,
              "ndcg_5": 0.6920419931411743,
              "top10_acc": 1.0,
              "ndcg_10": 0.7153571844100952,
              "best_epoch": 6
            },
            "top10_acc": {
              "accuracy": 0.3712824285030365,
              "accuracy_macro": 0.20310789346694946,
              "f1": 0.19251617789268494,
              "f1_weighted": 0.31370067596435547,
              "mrr": 0.5981711149215698,
              "top5_acc": 0.9060428142547607,
              "ndcg_5": 0.6647269129753113,
              "top10_acc": 1.0,
              "ndcg_10": 0.6971206068992615,
              "best_epoch": 1
            },
            "mrr": {
              "accuracy": 0.40215951204299927,
              "accuracy_macro": 0.263590008020401,
              "f1": 0.27577024698257446,
              "f1_weighted": 0.3702698051929474,
              "mrr": 0.6218227744102478,
              "top5_acc": 0.9325630068778992,
              "ndcg_5": 0.6920419931411743,
              "top10_acc": 1.0,
              "ndcg_10": 0.7153571844100952,