{
  "state": "alabama",
  "folds": 5,
  "epochs": 30,
  "seed": 0,
  "input_type": "region",
  "n_regions": 1109,
  "heads": {
    "next_stan_flow": {
      "per_fold": [
        {
          "accuracy": 0.29937058687210083,
          "accuracy_macro": 0.11938736026983525,
          "f1": 0.09538174420595169,
          "f1_weighted": 0.25515031814575195,
          "mrr": 0.42299994826316833,
          "top5_acc": 0.5621557831764221,
          "ndcg_5": 0.4396858811378479,
          "top10_acc": 0.6664044260978699,
          "ndcg_10": 0.47332659363746643,
          "best_epoch": 14,
          "per_metric_best": {
            "accuracy": {
              "accuracy": 0.3092053532600403,
              "accuracy_macro": 0.11821228722361057,
              "f1": 0.09705790132284164,
              "f1_weighted": 0.2718026041984558,
              "mrr": 0.4301324784755707,
              "top5_acc": 0.5692368149757385,
              "ndcg_5": 0.44746631383895874,
              "top10_acc": 0.659716784954071,
              "ndcg_10": 0.47683843970298767,
              "best_epoch": 20
            },
            "top5_acc": {
              "accuracy": 0.3092053532600403,
              "accuracy_macro": 0.12223872633427078,
              "f1": 0.10336817800998688,
              "f1_weighted": 0.27609705924987793,
              "mrr": 0.4291329085826874,
              "top5_acc": 0.5696302056312561,
              "ndcg_5": 0.44663384556770325,
              "top10_acc": 0.6593233942985535,
              "ndcg_10": 0.4756390452384949,
              "best_epoch": 22
            },
            "top10_acc": {
              "accuracy": 0.29937058687210083,
              "accuracy_macro": 0.11938736026983525,
              "f1": 0.09538174420595169,
              "f1_weighted": 0.25515031814575195,
              "mrr": 0.42299994826316833,
              "top5_acc": 0.5621557831764221,
              "ndcg_5": 0.4396858811378479,
              "top10_acc": 0.6664044260978699,
              "ndcg_10": 0.47332659363746643,
              "best_epoch": 14
            },
            "mrr": {
              "accuracy": 0.3092053532600403,
              "accuracy_macro": 0.11821228722361057,
              "f1": 0.09705790132284164,
              "f1_weighted": 0.2718026041984558,
              "mrr": 0.4301324784755707,
              "top5_acc": 0.5692368149757385,
              "ndcg_5": 0.44746631383895874,
              "top10_acc": 0.659716784954071,
              "ndcg_10": 0.47683843970298767,
              "best_epoch": 20
            },
            "f1": {
              "accuracy": 0.3092053532600403,
              "accuracy_macro": 0.12223872633427078,
              "f1": 0.10336817800998688,
              "f1_weighted": 0.27609705924987793,
              "mrr": 0.4291329085826874,
              "top5_acc": 0.5696302056312561,
              "ndcg_5": 0.44663384556770325,
              "top10_acc": 0.6593233942985535,
              "ndcg_10": 0.4756390452384949,
              "best_epoch": 22
            }
          }
        },
        {
          "accuracy": 0.27222660183906555,
          "accuracy_macro": 0.10219698211096523,
          "f1": 0.08748511970043182,
          "f1_weighted": 0.23563110828399658,
          "mrr": 0.395526647567749,
          "top5_acc": 0.5291109085083008,
          "ndcg_5": 0.40862661600112915,
          "top10_acc": 0.6447678804397583,
          "ndcg_10": 0.4459732174873352,
          "best_epoch": 23,
          "per_metric_best": {
            "accuracy": {
              "accuracy": 0.2800944149494171,
              "accuracy_macro": 0.10375108059097386,
              "f1": 0.0886765643954277,
              "f1_weighted": 0.23775020241737366,
              "mrr": 0.39899319410324097,
              "top5_acc": 0.5295042991638184,
              "ndcg_5": 0.4114490747451782,
              "top10_acc": 0.6396538019180298,
              "ndcg_10": 0.44720032811164856,
              "best_epoch": 19
            },
            "top5_acc": {
              "accuracy": 0.27380016446113586,
              "accuracy_macro": 0.10259405172096109,
              "f1": 0.08610136061906815,
              "f1_weighted": 0.2344096601009369,
              "mrr": 0.39515143632888794,
              "top5_acc": 0.5330448746681213,
              "ndcg_5": 0.41000622510910034,
              "top10_acc": 0.6392604112625122,
              "ndcg_10": 0.4444633722305298,
              "best_epoch": 18
            },
            "top10_acc": {
              "accuracy": 0.27222660183906555,
              "accuracy_macro": 0.10219698211096523,
              "f1": 0.08748511970043182,
              "f1_weighted": 0.23563110828399658,
              "mrr": 0.395526647567749,
              "top5_acc": 0.5291109085083008,
              "ndcg_5": 0.40862661600112915,
              "top10_acc": 0.6447678804397583,
              "ndcg_10": 0.4459732174873352,
              "best_epoch": 23
            },
            "mrr": {
              "accuracy": 0.2800944149494171,
              "accuracy_macro": 0.10375108059097386,
              "f1": 0.0886765643954277,
              "f1_weighted": 0.23775020241737366,
              "mrr": 0.39899319410324097,
              "top5_acc": 0.5295042991638184,
              "ndcg_5": 0.4114490747451782,
              "top10_acc": 0.6396538019180298,
              "ndcg_10": 0.44720032811164856,
              "best_epoch": 19
            },
            "f1": {
              "accuracy": 0.2730133831501007,
              "accuracy_macro": 0.10610474080659558,
              "f1": 0.09266584366559982,
              "f1_weighted": 0.240451380610466,
              "mrr": 0.39606794714927673,
              "top5_acc": 0.5259637832641602,
              "ndcg_5": 0.40765365958213806,
              "top10_acc": 0.6428009271621704,
              "ndcg_10": 0.4457249939441681,
              "best_epoch": 28
            }
          }
        },
        {
          "accuracy": 0.26800471544265747,
          "accuracy_macro": 0.11019667554038957,
          "f1": 0.0890311747789383,
          "f1_weighted": 0.2265297770500183,
          "mrr": 0.3943153917789459,
          "top5_acc": 0.5415191054344177,
          "ndcg_5": 0.4127867519855499,
          "top10_acc": 0.643841028213501,
          "ndcg_10": 0.44589751958847046,
          "best_epoch": 23,
          "per_metric_best": {
            "accuracy": {
              "accuracy": 0.27075955271720886,
              "accuracy_macro": 0.11087274735498613,
              "f1": 0.0863766148686409,
              "f1_weighted": 0.22563494741916656,
              "mrr": 0.3939182758331299,
              "top5_acc": 0.532073974609375,
              "ndcg_5": 0.4091683626174927,
              "top10_acc": 0.6410861611366272,
              "ndcg_10": 0.4446597397327423,
              "best_epoch": 21
            },
            "top5_acc": {
              "accuracy": 0.26800471544265747,
              "accuracy_macro": 0.11019667554038957,
              "f1": 0.0890311747789383,
              "f1_weighted": 0.2265297770500183,
              "mrr": 0.3943153917789459,
              "top5_acc": 0.5415191054344177,
              "ndcg_5": 0.4127867519855499,
              "top10_acc": 0.643841028213501,
              "ndcg_10": 0.44589751958847046,
              "best_epoch": 23
            },
            "top10_acc": {
              "accuracy": 0.26800471544265747,
              "accuracy_macro": 0.11019667554038957,
              "f1": 0.0890311747789383,
              "f1_weighted": 0.2265297770500183,
              "mrr": 0.3943153917789459,
              "top5_acc": 0.5415191054344177,
              "ndcg_5": 0.4127867519855499,
              "top10_acc": 0.643841028213501,
              "ndcg_10": 0.44589751958847046,
              "best_epoch": 23
            },
            "mrr": {
              "accuracy": 0.27036598324775696,
              "accuracy_macro": 0.11231208349049206,