{
  "state": "florida",
  "folds": 5,
  "epochs": 50,
  "seed": 0,
  "input_type": "region",
  "n_regions": 4702,
  "heads": {
    "next_stan_flow": {
      "per_fold": [
        {
          "accuracy": 0.47397518157958984,
          "accuracy_macro": 0.11994759832062435,
          "f1": 0.10201701521873474,
          "f1_weighted": 0.434876948595047,
          "mrr": 0.5570767521858215,
          "top5_acc": 0.6526464819908142,
          "ndcg_5": 0.5698120594024658,
          "top10_acc": 0.7103188037872314,
          "ndcg_10": 0.5884698629379272,
          "best_epoch": 9,
          "per_metric_best": {
            "accuracy": {
              "accuracy": 0.48299041390419006,
              "accuracy_macro": 0.13394285930933233,
              "f1": 0.1184636801481247,
              "f1_weighted": 0.46272987127304077,
              "mrr": 0.5607598423957825,
              "top5_acc": 0.6476833820343018,
              "ndcg_5": 0.5716711282730103,
              "top10_acc": 0.7019318342208862,
              "ndcg_10": 0.5892236828804016,
              "best_epoch": 13
            },
            "top5_acc": {
              "accuracy": 0.47397518157958984,
              "accuracy_macro": 0.11994759832062435,
              "f1": 0.10201701521873474,
              "f1_weighted": 0.434876948595047,
              "mrr": 0.5570767521858215,
              "top5_acc": 0.6526464819908142,
              "ndcg_5": 0.5698120594024658,
              "top10_acc": 0.7103188037872314,
              "ndcg_10": 0.5884698629379272,
              "best_epoch": 9
            },
            "top10_acc": {
              "accuracy": 0.47397518157958984,
              "accuracy_macro": 0.11994759832062435,
              "f1": 0.10201701521873474,
              "f1_weighted": 0.434876948595047,
              "mrr": 0.5570767521858215,
              "top5_acc": 0.6526464819908142,
              "ndcg_5": 0.5698120594024658,
              "top10_acc": 0.7103188037872314,
              "ndcg_10": 0.5884698629379272,
              "best_epoch": 9
            },
            "mrr": {
              "accuracy": 0.48299041390419006,
              "accuracy_macro": 0.13394285930933233,
              "f1": 0.1184636801481247,
              "f1_weighted": 0.46272987127304077,
              "mrr": 0.5607598423957825,
              "top5_acc": 0.6476833820343018,
              "ndcg_5": 0.5716711282730103,
              "top10_acc": 0.7019318342208862,
              "ndcg_10": 0.5892236828804016,
              "best_epoch": 13
            },
            "f1": {
              "accuracy": 0.4818281829357147,
              "accuracy_macro": 0.1360461914709016,
              "f1": 0.12046723812818527,
              "f1_weighted": 0.46293461322784424,
              "mrr": 0.5578723549842834,
              "top5_acc": 0.6429401636123657,
              "ndcg_5": 0.5685672163963318,
              "top10_acc": 0.6965603828430176,
              "ndcg_10": 0.5859622955322266,
              "best_epoch": 16
            }
          }
        },
        {
          "accuracy": 0.4554278254508972,
          "accuracy_macro": 0.0997658921925295,
          "f1": 0.08559577167034149,
          "f1_weighted": 0.42025110125541687,
          "mrr": 0.5367891192436218,
          "top5_acc": 0.627560019493103,
          "ndcg_5": 0.5475378632545471,
          "top10_acc": 0.6899422407150269,
          "ndcg_10": 0.5677844882011414,
          "best_epoch": 9,
          "per_metric_best": {
            "accuracy": {
              "accuracy": 0.4610818028450012,
              "accuracy_macro": 0.11005561027592513,
              "f1": 0.09840347617864609,
              "f1_weighted": 0.4388669729232788,
              "mrr": 0.5373006463050842,
              "top5_acc": 0.6218118071556091,
              "ndcg_5": 0.5471382141113281,
              "top10_acc": 0.6783201694488525,
              "ndcg_10": 0.5654796957969666,
              "best_epoch": 15
            },
            "top5_acc": {
              "accuracy": 0.4554278254508972,
              "accuracy_macro": 0.0997658921925295,
              "f1": 0.08559577167034149,
              "f1_weighted": 0.42025110125541687,
              "mrr": 0.5367891192436218,
              "top5_acc": 0.627560019493103,
              "ndcg_5": 0.5475378632545471,
              "top10_acc": 0.6899422407150269,
              "ndcg_10": 0.5677844882011414,
              "best_epoch": 9
            },
            "top10_acc": {
              "accuracy": 0.4554278254508972,
              "accuracy_macro": 0.0997658921925295,
              "f1": 0.08559577167034149,
              "f1_weighted": 0.42025110125541687,
              "mrr": 0.5367891192436218,
              "top5_acc": 0.627560019493103,
              "ndcg_5": 0.5475378632545471,
              "top10_acc": 0.6899422407150269,
              "ndcg_10": 0.5677844882011414,
              "best_epoch": 9
            },
            "mrr": {
              "accuracy": 0.45938560366630554,
              "accuracy_macro": 0.11094420098879064,
              "f1": 0.09667518734931946,
              "f1_weighted": 0.43551939725875854,
              "mrr": 0.5381412506103516,
              "top5_acc": 0.625863790512085,
              "ndcg_5": 0.5485978722572327,
              "top10_acc": 0.6825920343399048,
              "ndcg_10": 0.5670323967933655,
              "best_epoch": 12
            },
            "f1": {
              "accuracy": 0.46032795310020447,
              "accuracy_macro": 0.10992463797148518,
              "f1": 0.09917371720075607,
              "f1_weighted": 0.4405391216278076,
              "mrr": 0.5351769924163818,
              "top5_acc": 0.6176027059555054,
              "ndcg_5": 0.5446047186851501,
              "top10_acc": 0.6734828948974609,
              "ndcg_10": 0.5627384185791016,
              "best_epoch": 17
            }
          }
        },
        {
          "accuracy": 0.47287577390670776,
          "accuracy_macro": 0.11448012836666258,
          "f1": 0.09878917783498764,
          "f1_weighted": 0.43930143117904663,
          "mrr": 0.5543451905250549,
          "top5_acc": 0.6460499167442322,
          "ndcg_5": 0.5656720399856567,
          "top10_acc": 0.7071776390075684,
          "ndcg_10": 0.5854964852333069,
          "best_epoch": 9,
          "per_metric_best": {
            "accuracy": {
              "accuracy": 0.4816083014011383,
              "accuracy_macro": 0.12423447935248434,
              "f1": 0.10910732299089432,
              "f1_weighted": 0.4583444595336914,
              "mrr": 0.5596902370452881,
              "top5_acc": 0.6457986235618591,
              "ndcg_5": 0.5700221061706543,
              "top10_acc": 0.7027485370635986,
              "ndcg_10": 0.5884999632835388,
              "best_epoch": 12
            },
            "top5_acc": {
              "accuracy": 0.4755457937717438,
              "accuracy_macro": 0.11621904238087598,
              "f1": 0.10113773494958878,
              "f1_weighted": 0.44668784737586975,
              "mrr": 0.5557878017425537,
              "top5_acc": 0.6466467976570129,
              "ndcg_5": 0.5669906735420227,
              "top10_acc": 0.706015408039093,
              "ndcg_10": 0.586212158203125,
              "best_epoch": 10
            },
            "top10_acc": {
              "accuracy": 0.47287577390670776,
              "accuracy_macro": 0.11448012836666258,
              "f1": 0.09878917783498764,
              "f1_weighted": 0.43930143117904663,
              "mrr": 0.5543451905250549,
              "top5_acc": 0.6460499167442322,
              "ndcg_5": 0.5656720399856567,
              "top10_acc": 0.7071776390075684,
              "ndcg_10": 0.5854964852333069,
              "best_epoch": 9
            },
            "mrr": {
              "accuracy": 0.4816083014011383,
              "accuracy_macro": 0.12423447935248434,
              "f1": 0.10910732299089432,