{
  "state": "alabama",
  "folds": 5,
  "epochs": 50,
  "seed": 42,
  "input_type": "region",
  "n_regions": 1109,
  "heads": {
    "next_getnext_hard": {
      "per_fold": [
        {
          "accuracy": 0.29346969723701477,
          "accuracy_macro": 0.10698998177978979,
          "f1": 0.09083609282970428,
          "f1_weighted": 0.2649090886116028,
          "mrr": 0.4106186032295227,
          "top5_acc": 0.5452399849891663,
          "ndcg_5": 0.42567142844200134,
          "top10_acc": 0.6498819589614868,
          "ndcg_10": 0.45947250723838806,
          "best_epoch": 24,
          "per_metric_best": {
            "accuracy": {
              "accuracy": 0.2981904149055481,
              "accuracy_macro": 0.11142295981353184,
              "f1": 0.09550847113132477,
              "f1_weighted": 0.27084773778915405,
              "mrr": 0.4145410358905792,
              "top5_acc": 0.538945734500885,
              "ndcg_5": 0.4270162582397461,
              "top10_acc": 0.6463414430618286,
              "ndcg_10": 0.46177613735198975,
              "best_epoch": 25
            },
            "top5_acc": {
              "accuracy": 0.2926829159259796,
              "accuracy_macro": 0.11845698952674866,
              "f1": 0.09795897454023361,
              "f1_weighted": 0.261102557182312,
              "mrr": 0.4138074517250061,
              "top5_acc": 0.5511408448219299,
              "ndcg_5": 0.43037334084510803,
              "top10_acc": 0.643194317817688,
              "ndcg_10": 0.4603162109851837,
              "best_epoch": 22
            },
            "top10_acc": {
              "accuracy": 0.29346969723701477,
              "accuracy_macro": 0.10698998177978979,
              "f1": 0.09083609282970428,
              "f1_weighted": 0.2649090886116028,
              "mrr": 0.4106186032295227,
              "top5_acc": 0.5452399849891663,
              "ndcg_5": 0.42567142844200134,
              "top10_acc": 0.6498819589614868,
              "ndcg_10": 0.45947250723838806,
              "best_epoch": 24
            },
            "mrr": {
              "accuracy": 0.2981904149055481,
              "accuracy_macro": 0.11142295981353184,
              "f1": 0.09550847113132477,
              "f1_weighted": 0.27084773778915405,
              "mrr": 0.4145410358905792,
              "top5_acc": 0.538945734500885,
              "ndcg_5": 0.4270162582397461,
              "top10_acc": 0.6463414430618286,
              "ndcg_10": 0.46177613735198975,
              "best_epoch": 25
            },
            "f1": {
              "accuracy": 0.2926829159259796,
              "accuracy_macro": 0.11845698952674866,
              "f1": 0.09795897454023361,
              "f1_weighted": 0.261102557182312,
              "mrr": 0.4138074517250061,
              "top5_acc": 0.5511408448219299,
              "ndcg_5": 0.43037334084510803,
              "top10_acc": 0.643194317817688,
              "ndcg_10": 0.4603162109851837,
              "best_epoch": 22
            }
          }
        },
        {
          "accuracy": 0.25098347663879395,
          "accuracy_macro": 0.09331087705467929,
          "f1": 0.07120563834905624,
          "f1_weighted": 0.20172446966171265,
          "mrr": 0.3677801787853241,
          "top5_acc": 0.49331235885620117,
          "ndcg_5": 0.3772251605987549,
          "top10_acc": 0.6156569719314575,
          "ndcg_10": 0.4169274568557739,
          "best_epoch": 15,
          "per_metric_best": {
            "accuracy": {
              "accuracy": 0.25609755516052246,
              "accuracy_macro": 0.09194826782986336,
              "f1": 0.07271905988454819,
              "f1_weighted": 0.20778891444206238,
              "mrr": 0.3733755350112915,
              "top5_acc": 0.49881982803344727,
              "ndcg_5": 0.3837331533432007,
              "top10_acc": 0.6093627214431763,
              "ndcg_10": 0.4196082055568695,
              "best_epoch": 16
            },
            "top5_acc": {
              "accuracy": 0.25059008598327637,
              "accuracy_macro": 0.1039621258570143,
              "f1": 0.08885892480611801,
              "f1_weighted": 0.21231405436992645,
              "mrr": 0.36856815218925476,
              "top5_acc": 0.5023603439331055,
              "ndcg_5": 0.3816196024417877,
              "top10_acc": 0.607789158821106,
              "ndcg_10": 0.4155404567718506,
              "best_epoch": 23
            },
            "top10_acc": {
              "accuracy": 0.25098347663879395,
              "accuracy_macro": 0.09331087705467929,
              "f1": 0.07120563834905624,
              "f1_weighted": 0.20172446966171265,
              "mrr": 0.3677801787853241,
              "top5_acc": 0.49331235885620117,
              "ndcg_5": 0.3772251605987549,
              "top10_acc": 0.6156569719314575,
              "ndcg_10": 0.4169274568557739,
              "best_epoch": 15
            },
            "mrr": {
              "accuracy": 0.25609755516052246,
              "accuracy_macro": 0.09194826782986336,
              "f1": 0.07271905988454819,
              "f1_weighted": 0.20778891444206238,
              "mrr": 0.3733755350112915,
              "top5_acc": 0.49881982803344727,
              "ndcg_5": 0.3837331533432007,
              "top10_acc": 0.6093627214431763,
              "ndcg_10": 0.4196082055568695,
              "best_epoch": 16
            },
            "f1": {
              "accuracy": 0.25059008598327637,
              "accuracy_macro": 0.1039621258570143,
              "f1": 0.08885892480611801,
              "f1_weighted": 0.21231405436992645,
              "mrr": 0.36856815218925476,
              "top5_acc": 0.5023603439331055,
              "ndcg_5": 0.3816196024417877,
              "top10_acc": 0.607789158821106,
              "ndcg_10": 0.4155404567718506,
              "best_epoch": 23
            }
          }
        },
        {
          "accuracy": 0.25609755516052246,
          "accuracy_macro": 0.1067704794184114,
          "f1": 0.08875097334384918,
          "f1_weighted": 0.2173924446105957,
          "mrr": 0.38739699125289917,
          "top5_acc": 0.5393391251564026,
          "ndcg_5": 0.40584543347358704,
          "top10_acc": 0.6510621309280396,
          "ndcg_10": 0.441821813583374,
          "best_epoch": 18,
          "per_metric_best": {
            "accuracy": {
              "accuracy": 0.26711252331733704,
              "accuracy_macro": 0.10621926804219396,
              "f1": 0.0834631621837616,
              "f1_weighted": 0.2131439447402954,
              "mrr": 0.38817983865737915,
              "top5_acc": 0.5255703926086426,
              "ndcg_5": 0.402708500623703,
              "top10_acc": 0.6337529420852661,
              "ndcg_10": 0.43758532404899597,
              "best_epoch": 14
            },
            "top5_acc": {
              "accuracy": 0.25609755516052246,
              "accuracy_macro": 0.1067704794184114,
              "f1": 0.08875097334384918,
              "f1_weighted": 0.2173924446105957,
              "mrr": 0.38739699125289917,
              "top5_acc": 0.5393391251564026,
              "ndcg_5": 0.40584543347358704,
              "top10_acc": 0.6510621309280396,
              "ndcg_10": 0.441821813583374,
              "best_epoch": 18
            },
            "top10_acc": {
              "accuracy": 0.25609755516052246,
              "accuracy_macro": 0.1067704794184114,
              "f1": 0.08875097334384918,
              "f1_weighted": 0.2173924446105957,
              "mrr": 0.38739699125289917,
              "top5_acc": 0.5393391251564026,
              "ndcg_5": 0.40584543347358704,
              "top10_acc": 0.6510621309280396,
              "ndcg_10": 0.441821813583374,
              "best_epoch": 18
            },
            "mrr": {
              "accuracy": 0.26317858695983887,
              "accuracy_macro": 0.10452870073536577,