{
  "state": "alabama",
  "folds": 5,
  "epochs": 30,
  "seed": 1,
  "input_type": "checkin",
  "n_regions": 1109,
  "heads": {
    "next_gru": {
      "per_fold": [
        {
          "accuracy": 0.37018096446990967,
          "accuracy_macro": 0.1680082380771637,
          "f1": 0.13134364783763885,
          "f1_weighted": 0.27356889843940735,
          "mrr": 0.5899685621261597,
          "top5_acc": 0.9126672148704529,
          "ndcg_5": 0.6604215502738953,
          "top10_acc": 1.0,
          "ndcg_10": 0.690711259841919,
          "best_epoch": 1,
          "per_metric_best": {
            "accuracy": {
              "accuracy": 0.5928402543067932,
              "accuracy_macro": 0.5164577960968018,
              "f1": 0.5404713153839111,
              "f1_weighted": 0.5888999700546265,
              "mrr": 0.7541465163230896,
              "top5_acc": 0.9740362167358398,
              "ndcg_5": 0.8067687749862671,
              "top10_acc": 1.0,
              "ndcg_10": 0.8157742619514465,
              "best_epoch": 22
            },
            "top5_acc": {
              "accuracy": 0.5145554542541504,
              "accuracy_macro": 0.4268951714038849,
              "f1": 0.4424125552177429,
              "f1_weighted": 0.5084396004676819,
              "mrr": 0.7112153768539429,
              "top5_acc": 0.9744296073913574,
              "ndcg_5": 0.7750037908554077,
              "top10_acc": 1.0,
              "ndcg_10": 0.7839141488075256,
              "best_epoch": 15
            },
            "top10_acc": {
              "accuracy": 0.37018096446990967,
              "accuracy_macro": 0.1680082380771637,
              "f1": 0.13134364783763885,
              "f1_weighted": 0.27356889843940735,
              "mrr": 0.5899685621261597,
              "top5_acc": 0.9126672148704529,
              "ndcg_5": 0.6604215502738953,
              "top10_acc": 1.0,
              "ndcg_10": 0.690711259841919,
              "best_epoch": 1
            },
            "mrr": {
              "accuracy": 0.5928402543067932,
              "accuracy_macro": 0.5164577960968018,
              "f1": 0.5404713153839111,
              "f1_weighted": 0.5888999700546265,
              "mrr": 0.7541465163230896,
              "top5_acc": 0.9740362167358398,
              "ndcg_5": 0.8067687749862671,
              "top10_acc": 1.0,
              "ndcg_10": 0.8157742619514465,
              "best_epoch": 22
            },
            "f1": {
              "accuracy": 0.5889063477516174,
              "accuracy_macro": 0.5250592827796936,
              "f1": 0.5457038879394531,
              "f1_weighted": 0.5859285593032837,
              "mrr": 0.7509562969207764,
              "top5_acc": 0.9724626541137695,
              "ndcg_5": 0.8037645220756531,
              "top10_acc": 1.0,
              "ndcg_10": 0.8133395910263062,
              "best_epoch": 24
            }
          }
        },
        {
          "accuracy": 0.3623131513595581,
          "accuracy_macro": 0.17869628965854645,
          "f1": 0.15840734541416168,
          "f1_weighted": 0.30233097076416016,
          "mrr": 0.5837491750717163,
          "top5_acc": 0.8926042318344116,
          "ndcg_5": 0.6485676169395447,
          "top10_acc": 1.0,
          "ndcg_10": 0.6856979131698608,
          "best_epoch": 1,
          "per_metric_best": {
            "accuracy": {
              "accuracy": 0.5432730317115784,
              "accuracy_macro": 0.4286037087440491,
              "f1": 0.4615122675895691,
              "f1_weighted": 0.5327837467193604,
              "mrr": 0.7148571014404297,
              "top5_acc": 0.9622344374656677,
              "ndcg_5": 0.7726190686225891,
              "top10_acc": 1.0,
              "ndcg_10": 0.7857564687728882,
              "best_epoch": 21
            },
            "top5_acc": {
              "accuracy": 0.44217151403427124,
              "accuracy_macro": 0.32498133182525635,
              "f1": 0.34606972336769104,
              "f1_weighted": 0.4310649633407593,
              "mrr": 0.6533447504043579,
              "top5_acc": 0.9626278281211853,
              "ndcg_5": 0.7267760634422302,
              "top10_acc": 1.0,
              "ndcg_10": 0.7397553324699402,
              "best_epoch": 10
            },
            "top10_acc": {
              "accuracy": 0.3623131513595581,
              "accuracy_macro": 0.17869628965854645,
              "f1": 0.15840734541416168,
              "f1_weighted": 0.30233097076416016,
              "mrr": 0.5837491750717163,
              "top5_acc": 0.8926042318344116,
              "ndcg_5": 0.6485676169395447,
              "top10_acc": 1.0,
              "ndcg_10": 0.6856979131698608,
              "best_epoch": 1
            },
            "mrr": {
              "accuracy": 0.5432730317115784,
              "accuracy_macro": 0.4286037087440491,
              "f1": 0.4615122675895691,
              "f1_weighted": 0.5327837467193604,
              "mrr": 0.7148571014404297,
              "top5_acc": 0.9622344374656677,
              "ndcg_5": 0.7726190686225891,
              "top10_acc": 1.0,
              "ndcg_10": 0.7857564687728882,
              "best_epoch": 21
            },
            "f1": {
              "accuracy": 0.5432730317115784,
              "accuracy_macro": 0.4507330656051636,
              "f1": 0.475481241941452,
              "f1_weighted": 0.537488579750061,
              "mrr": 0.7148346304893494,
              "top5_acc": 0.9586939215660095,
              "ndcg_5": 0.771373450756073,
              "top10_acc": 1.0,
              "ndcg_10": 0.7857000231742859,
              "best_epoch": 28
            }
          }
        },
        {
          "accuracy": 0.3859165906906128,
          "accuracy_macro": 0.19039011001586914,
          "f1": 0.16837087273597717,
          "f1_weighted": 0.31839898228645325,
          "mrr": 0.5982475876808167,
          "top5_acc": 0.9122738242149353,
          "ndcg_5": 0.6664842367172241,
          "top10_acc": 1.0,
          "ndcg_10": 0.6968870759010315,
          "best_epoch": 1,
          "per_metric_best": {
            "accuracy": {
              "accuracy": 0.5759244561195374,
              "accuracy_macro": 0.5110573768615723,
              "f1": 0.5374029874801636,
              "f1_weighted": 0.5712433457374573,
              "mrr": 0.7446845173835754,
              "top5_acc": 0.9724626541137695,
              "ndcg_5": 0.7991378903388977,
              "top10_acc": 1.0,
              "ndcg_10": 0.8087218999862671,
              "best_epoch": 25
            },
            "top5_acc": {
              "accuracy": 0.5267505645751953,
              "accuracy_macro": 0.43725141882896423,
              "f1": 0.4656592905521393,
              "f1_weighted": 0.516628623008728,
              "mrr": 0.7156045436859131,
              "top5_acc": 0.9744296073913574,
              "ndcg_5": 0.7780666351318359,
              "top10_acc": 1.0,
              "ndcg_10": 0.7869860529899597,
              "best_epoch": 15
            },
            "top10_acc": {
              "accuracy": 0.3859165906906128,
              "accuracy_macro": 0.19039011001586914,
              "f1": 0.16837087273597717,
              "f1_weighted": 0.31839898228645325,
              "mrr": 0.5982475876808167,
              "top5_acc": 0.9122738242149353,
              "ndcg_5": 0.6664842367172241,
              "top10_acc": 1.0,
              "ndcg_10": 0.6968870759010315,
              "best_epoch": 1
            },
            "mrr": {
              "accuracy": 0.5759244561195374,
              "accuracy_macro": 0.5110573768615723,
              "f1": 0.5374029874801636,
              "f1_weighted": 0.5712433457374573,
              "mrr": 0.7446845173835754,
              "top5_acc": 0.9724626541137695,
              "ndcg_5": 0.7991378903388977,
              "top10_acc": 1.0,
              "ndcg_10": 0.8087218999862671,