{
  "state": "florida",
  "folds": 5,
  "epochs": 30,
  "seed": 0,
  "input_type": "region",
  "n_regions": 4702,
  "heads": {
    "next_stan_flow": {
      "per_fold": [
        {
          "accuracy": 0.4721698760986328,
          "accuracy_macro": 0.11410701468639577,
          "f1": 0.09841801226139069,
          "f1_weighted": 0.4370173513889313,
          "mrr": 0.5523858070373535,
          "top5_acc": 0.6438623070716858,
          "ndcg_5": 0.5639453530311584,
          "top10_acc": 0.7020354270935059,
          "ndcg_10": 0.5828530788421631,
          "best_epoch": 7,
          "per_metric_best": {
            "accuracy": {
              "accuracy": 0.47867193818092346,
              "accuracy_macro": 0.12741326800847458,
              "f1": 0.11223853379487991,
              "f1_weighted": 0.45788154006004333,
              "mrr": 0.5569449067115784,
              "top5_acc": 0.644270658493042,
              "ndcg_5": 0.5678020119667053,
              "top10_acc": 0.6990827918052673,
              "ndcg_10": 0.5855724811553955,
              "best_epoch": 10
            },
            "top5_acc": {
              "accuracy": 0.47798091173171997,
              "accuracy_macro": 0.12498729580196599,
              "f1": 0.10841496288776398,
              "f1_weighted": 0.45282524824142456,
              "mrr": 0.5576725006103516,
              "top5_acc": 0.6479771137237549,
              "ndcg_5": 0.5694944858551025,
              "top10_acc": 0.7014071941375732,
              "ndcg_10": 0.5867936611175537,
              "best_epoch": 8
            },
            "top10_acc": {
              "accuracy": 0.4721698760986328,
              "accuracy_macro": 0.11410701468639577,
              "f1": 0.09841801226139069,
              "f1_weighted": 0.4370173513889313,
              "mrr": 0.5523858070373535,
              "top5_acc": 0.6438623070716858,
              "ndcg_5": 0.5639453530311584,
              "top10_acc": 0.7020354270935059,
              "ndcg_10": 0.5828530788421631,
              "best_epoch": 7
            },
            "mrr": {
              "accuracy": 0.47798091173171997,
              "accuracy_macro": 0.12498729580196599,
              "f1": 0.10841496288776398,
              "f1_weighted": 0.45282524824142456,
              "mrr": 0.5576725006103516,
              "top5_acc": 0.6479771137237549,
              "ndcg_5": 0.5694944858551025,
              "top10_acc": 0.7014071941375732,
              "ndcg_10": 0.5867936611175537,
              "best_epoch": 8
            },
            "f1": {
              "accuracy": 0.47867193818092346,
              "accuracy_macro": 0.12741326800847458,
              "f1": 0.11223853379487991,
              "f1_weighted": 0.45788154006004333,
              "mrr": 0.5569449067115784,
              "top5_acc": 0.644270658493042,
              "ndcg_5": 0.5678020119667053,
              "top10_acc": 0.6990827918052673,
              "ndcg_10": 0.5855724811553955,
              "best_epoch": 10
            }
          }
        },
        {
          "accuracy": 0.4650541841983795,
          "accuracy_macro": 0.1124378245109445,
          "f1": 0.09854783117771149,
          "f1_weighted": 0.43005916476249695,
          "mrr": 0.5461356043815613,
          "top5_acc": 0.6362808346748352,
          "ndcg_5": 0.5570586323738098,
          "top10_acc": 0.6985079050064087,
          "ndcg_10": 0.5772801637649536,
          "best_epoch": 7,
          "per_metric_best": {
            "accuracy": {
              "accuracy": 0.47008010745048523,
              "accuracy_macro": 0.11971258052899629,
              "f1": 0.10839032381772995,
              "f1_weighted": 0.44824379682540894,
              "mrr": 0.5485092401504517,
              "top5_acc": 0.6368462443351746,
              "ndcg_5": 0.5595578551292419,
              "top10_acc": 0.6932621598243713,
              "ndcg_10": 0.5779193043708801,
              "best_epoch": 10
            },
            "top5_acc": {
              "accuracy": 0.4683210253715515,
              "accuracy_macro": 0.11830917774687395,
              "f1": 0.1069784089922905,
              "f1_weighted": 0.4430873990058899,
              "mrr": 0.5483087301254272,
              "top5_acc": 0.6379456520080566,
              "ndcg_5": 0.5595428943634033,
              "top10_acc": 0.6961520314216614,
              "ndcg_10": 0.5783829092979431,
              "best_epoch": 9
            },
            "top10_acc": {
              "accuracy": 0.4650541841983795,
              "accuracy_macro": 0.1124378245109445,
              "f1": 0.09854783117771149,
              "f1_weighted": 0.43005916476249695,
              "mrr": 0.5461356043815613,
              "top5_acc": 0.6362808346748352,
              "ndcg_5": 0.5570586323738098,
              "top10_acc": 0.6985079050064087,
              "ndcg_10": 0.5772801637649536,
              "best_epoch": 7
            },
            "mrr": {
              "accuracy": 0.47008010745048523,
              "accuracy_macro": 0.11971258052899629,
              "f1": 0.10839032381772995,
              "f1_weighted": 0.44824379682540894,
              "mrr": 0.5485092401504517,
              "top5_acc": 0.6368462443351746,
              "ndcg_5": 0.5595578551292419,
              "top10_acc": 0.6932621598243713,
              "ndcg_10": 0.5779193043708801,
              "best_epoch": 10
            },
            "f1": {
              "accuracy": 0.46888643503189087,
              "accuracy_macro": 0.11952002091379185,
              "f1": 0.10906136780977249,
              "f1_weighted": 0.446790486574173,
              "mrr": 0.546789824962616,
              "top5_acc": 0.6358410716056824,
              "ndcg_5": 0.5581425428390503,
              "top10_acc": 0.6907491683959961,
              "ndcg_10": 0.5759896039962769,
              "best_epoch": 11
            }
          }
        },
        {
          "accuracy": 0.4716821014881134,
          "accuracy_macro": 0.11961841716632976,
          "f1": 0.10297813266515732,
          "f1_weighted": 0.44229310750961304,
          "mrr": 0.5526071786880493,
          "top5_acc": 0.6454216837882996,
          "ndcg_5": 0.5648711919784546,
          "top10_acc": 0.7008010149002075,
          "ndcg_10": 0.5827933549880981,
          "best_epoch": 7,
          "per_metric_best": {
            "accuracy": {
              "accuracy": 0.4763624966144562,
              "accuracy_macro": 0.12971261910258564,
              "f1": 0.11508265882730484,
              "f1_weighted": 0.4567296802997589,
              "mrr": 0.5541749596595764,
              "top5_acc": 0.6424375772476196,
              "ndcg_5": 0.5654686689376831,
              "top10_acc": 0.6959635615348816,
              "ndcg_10": 0.582828164100647,
              "best_epoch": 10
            },
            "top5_acc": {
              "accuracy": 0.47633108496665955,
              "accuracy_macro": 0.12536498774652896,
              "f1": 0.11082009971141815,
              "f1_weighted": 0.45237135887145996,
              "mrr": 0.5551406741142273,
              "top5_acc": 0.6459556818008423,
              "ndcg_5": 0.5671679973602295,
              "top10_acc": 0.6986963748931885,
              "ndcg_10": 0.5842449069023132,
              "best_epoch": 9
            },
            "top10_acc": {
              "accuracy": 0.4716821014881134,
              "accuracy_macro": 0.11961841716632976,
              "f1": 0.10297813266515732,
              "f1_weighted": 0.44229310750961304,
              "mrr": 0.5526071786880493,
              "top5_acc": 0.6454216837882996,
              "ndcg_5": 0.5648711919784546,
              "top10_acc": 0.7008010149002075,
              "ndcg_10": 0.5827933549880981,
              "best_epoch": 7
            },
            "mrr": {
              "accuracy": 0.47633108496665955,
              "accuracy_macro": 0.12536498774652896,
              "f1": 0.11082009971141815,