{
  "state": "alabama",
  "folds": 5,
  "epochs": 50,
  "seed": 42,
  "input_type": "checkin",
  "n_regions": 1109,
  "heads": {
    "next_gru": {
      "per_fold": [
        {
          "accuracy": 0.37765538692474365,
          "accuracy_macro": 0.1818249523639679,
          "f1": 0.1577584445476532,
          "f1_weighted": 0.29686906933784485,
          "mrr": 0.5961766242980957,
          "top5_acc": 0.905979573726654,
          "ndcg_5": 0.6628142595291138,
          "top10_acc": 1.0,
          "ndcg_10": 0.6953781843185425,
          "best_epoch": 1,
          "per_metric_best": {
            "accuracy": {
              "accuracy": 0.5692368149757385,
              "accuracy_macro": 0.49943211674690247,
              "f1": 0.5077747702598572,
              "f1_weighted": 0.5678628087043762,
              "mrr": 0.7291924357414246,
              "top5_acc": 0.9602674841880798,
              "ndcg_5": 0.7825770974159241,
              "top10_acc": 1.0,
              "ndcg_10": 0.7963611483573914,
              "best_epoch": 30
            },
            "top5_acc": {
              "accuracy": 0.5653029084205627,
              "accuracy_macro": 0.4936911165714264,
              "f1": 0.5066587924957275,
              "f1_weighted": 0.5621615052223206,
              "mrr": 0.7314572334289551,
              "top5_acc": 0.9701023101806641,
              "ndcg_5": 0.7880620360374451,
              "top10_acc": 1.0,
              "ndcg_10": 0.7984148859977722,
              "best_epoch": 25
            },
            "top10_acc": {
              "accuracy": 0.37765538692474365,
              "accuracy_macro": 0.1818249523639679,
              "f1": 0.1577584445476532,
              "f1_weighted": 0.29686906933784485,
              "mrr": 0.5961766242980957,
              "top5_acc": 0.905979573726654,
              "ndcg_5": 0.6628142595291138,
              "top10_acc": 1.0,
              "ndcg_10": 0.6953781843185425,
              "best_epoch": 1
            },
            "mrr": {
              "accuracy": 0.5653029084205627,
              "accuracy_macro": 0.4936911165714264,
              "f1": 0.5066587924957275,
              "f1_weighted": 0.5621615052223206,
              "mrr": 0.7314572334289551,
              "top5_acc": 0.9701023101806641,
              "ndcg_5": 0.7880620360374451,
              "top10_acc": 1.0,
              "ndcg_10": 0.7984148859977722,
              "best_epoch": 25
            },
            "f1": {
              "accuracy": 0.568843424320221,
              "accuracy_macro": 0.49584686756134033,
              "f1": 0.5113790035247803,
              "f1_weighted": 0.5662609338760376,
              "mrr": 0.7303426265716553,
              "top5_acc": 0.9626278877258301,
              "ndcg_5": 0.784389317035675,
              "top10_acc": 1.0,
              "ndcg_10": 0.7973416447639465,
              "best_epoch": 29
            }
          }
        },
        {
          "accuracy": 0.3788355588912964,
          "accuracy_macro": 0.1748737096786499,
          "f1": 0.13677352666854858,
          "f1_weighted": 0.2841007113456726,
          "mrr": 0.5987982749938965,
          "top5_acc": 0.9067663550376892,
          "ndcg_5": 0.6652593016624451,
          "top10_acc": 1.0,
          "ndcg_10": 0.6973720192909241,
          "best_epoch": 1,
          "per_metric_best": {
            "accuracy": {
              "accuracy": 0.5487805008888245,
              "accuracy_macro": 0.45030421018600464,
              "f1": 0.4783598780632019,
              "f1_weighted": 0.5416052937507629,
              "mrr": 0.7215026021003723,
              "top5_acc": 0.9575137495994568,
              "ndcg_5": 0.7761087417602539,
              "top10_acc": 1.0,
              "ndcg_10": 0.7908557057380676,
              "best_epoch": 25
            },
            "top5_acc": {
              "accuracy": 0.5118017196655273,
              "accuracy_macro": 0.3631742000579834,
              "f1": 0.39313507080078125,
              "f1_weighted": 0.48957887291908264,
              "mrr": 0.7015876770019531,
              "top5_acc": 0.9638080596923828,
              "ndcg_5": 0.7635546922683716,
              "top10_acc": 1.0,
              "ndcg_10": 0.7761135697364807,
              "best_epoch": 19
            },
            "top10_acc": {
              "accuracy": 0.3788355588912964,
              "accuracy_macro": 0.1748737096786499,
              "f1": 0.13677352666854858,
              "f1_weighted": 0.2841007113456726,
              "mrr": 0.5987982749938965,
              "top5_acc": 0.9067663550376892,
              "ndcg_5": 0.6652593016624451,
              "top10_acc": 1.0,
              "ndcg_10": 0.6973720192909241,
              "best_epoch": 1
            },
            "mrr": {
              "accuracy": 0.5487805008888245,
              "accuracy_macro": 0.45030421018600464,
              "f1": 0.4783598780632019,
              "f1_weighted": 0.5416052937507629,
              "mrr": 0.7215026021003723,
              "top5_acc": 0.9575137495994568,
              "ndcg_5": 0.7761087417602539,
              "top10_acc": 1.0,
              "ndcg_10": 0.7908557057380676,
              "best_epoch": 25
            },
            "f1": {
              "accuracy": 0.5448465943336487,
              "accuracy_macro": 0.45686253905296326,
              "f1": 0.4788550138473511,
              "f1_weighted": 0.5396251678466797,
              "mrr": 0.7188687324523926,
              "top5_acc": 0.9571203589439392,
              "ndcg_5": 0.7740607261657715,
              "top10_acc": 1.0,
              "ndcg_10": 0.7888489365577698,
              "best_epoch": 26
            }
          }
        },
        {
          "accuracy": 0.3768686056137085,
          "accuracy_macro": 0.18041831254959106,
          "f1": 0.1556151658296585,
          "f1_weighted": 0.29841628670692444,
          "mrr": 0.598556637763977,
          "top5_acc": 0.8988985419273376,
          "ndcg_5": 0.662294864654541,
          "top10_acc": 1.0,
          "ndcg_10": 0.6972551345825195,
          "best_epoch": 1,
          "per_metric_best": {
            "accuracy": {
              "accuracy": 0.5550747513771057,
              "accuracy_macro": 0.4817652404308319,
              "f1": 0.5106120109558105,
              "f1_weighted": 0.5513527393341064,
              "mrr": 0.7273697257041931,
              "top5_acc": 0.967348575592041,
              "ndcg_5": 0.7841034531593323,
              "top10_acc": 1.0,
              "ndcg_10": 0.7954281568527222,
              "best_epoch": 24
            },
            "top5_acc": {
              "accuracy": 0.48977184295654297,
              "accuracy_macro": 0.40347158908843994,
              "f1": 0.42715558409690857,
              "f1_weighted": 0.4789440631866455,
              "mrr": 0.6933882832527161,
              "top5_acc": 0.9712824821472168,
              "ndcg_5": 0.7603884935379028,
              "top10_acc": 1.0,
              "ndcg_10": 0.7703570127487183,
              "best_epoch": 18
            },
            "top10_acc": {
              "accuracy": 0.3768686056137085,
              "accuracy_macro": 0.18041831254959106,
              "f1": 0.1556151658296585,
              "f1_weighted": 0.29841628670692444,
              "mrr": 0.598556637763977,
              "top5_acc": 0.8988985419273376,
              "ndcg_5": 0.662294864654541,
              "top10_acc": 1.0,
              "ndcg_10": 0.6972551345825195,
              "best_epoch": 1
            },
            "mrr": {
              "accuracy": 0.5550747513771057,
              "accuracy_macro": 0.4817652404308319,
              "f1": 0.5106120109558105,
              "f1_weighted": 0.5513527393341064,
              "mrr": 0.7273697257041931,
              "top5_acc": 0.967348575592041,
              "ndcg_5": 0.7841034531593323,
              "top10_acc": 1.0,
              "ndcg_10": 0.7954281568527222,