{
  "state": "arizona_catC",
  "folds": 5,
  "epochs": 30,
  "seed": 42,
  "input_type": "region",
  "n_regions": 1540,
  "heads": {
    "next_getnext_hard": {
      "per_fold": [
        {
          "accuracy": 0.2640651762485504,
          "accuracy_macro": 0.10655115061792834,
          "f1": 0.09286253154277802,
          "f1_weighted": 0.23765917122364044,
          "mrr": 0.37479183077812195,
          "top5_acc": 0.49725326895713806,
          "ndcg_5": 0.3867408037185669,
          "top10_acc": 0.5976510643959045,
          "ndcg_10": 0.41919592022895813,
          "best_epoch": 18,
          "per_metric_best": {
            "accuracy": {
              "accuracy": 0.26804319024086,
              "accuracy_macro": 0.10810679376262991,
              "f1": 0.09068252891302109,
              "f1_weighted": 0.2391243278980255,
              "mrr": 0.37565305829048157,
              "top5_acc": 0.49232807755470276,
              "ndcg_5": 0.38587164878845215,
              "top10_acc": 0.5927258729934692,
              "ndcg_10": 0.41839754581451416,
              "best_epoch": 15
            },
            "top5_acc": {
              "accuracy": 0.2640651762485504,
              "accuracy_macro": 0.10655115061792834,
              "f1": 0.09286253154277802,
              "f1_weighted": 0.23765917122364044,
              "mrr": 0.37479183077812195,
              "top5_acc": 0.49725326895713806,
              "ndcg_5": 0.3867408037185669,
              "top10_acc": 0.5976510643959045,
              "ndcg_10": 0.41919592022895813,
              "best_epoch": 18
            },
            "top10_acc": {
              "accuracy": 0.2640651762485504,
              "accuracy_macro": 0.10655115061792834,
              "f1": 0.09286253154277802,
              "f1_weighted": 0.23765917122364044,
              "mrr": 0.37479183077812195,
              "top5_acc": 0.49725326895713806,
              "ndcg_5": 0.3867408037185669,
              "top10_acc": 0.5976510643959045,
              "ndcg_10": 0.41919592022895813,
              "best_epoch": 18
            },
            "mrr": {
              "accuracy": 0.26804319024086,
              "accuracy_macro": 0.10810679376262991,
              "f1": 0.09068252891302109,
              "f1_weighted": 0.2391243278980255,
              "mrr": 0.37565305829048157,
              "top5_acc": 0.49232807755470276,
              "ndcg_5": 0.38587164878845215,
              "top10_acc": 0.5927258729934692,
              "ndcg_10": 0.41839754581451416,
              "best_epoch": 15
            },
            "f1": {
              "accuracy": 0.2676643431186676,
              "accuracy_macro": 0.11187439482675958,
              "f1": 0.09709913283586502,
              "f1_weighted": 0.2430669367313385,
              "mrr": 0.374736487865448,
              "top5_acc": 0.49403294920921326,
              "ndcg_5": 0.3858988881111145,
              "top10_acc": 0.5919681787490845,
              "ndcg_10": 0.417667031288147,
              "best_epoch": 22
            }
          }
        },
        {
          "accuracy": 0.27505210041999817,
          "accuracy_macro": 0.11421695105009327,
          "f1": 0.10085226595401764,
          "f1_weighted": 0.24514664709568024,
          "mrr": 0.3847976326942444,
          "top5_acc": 0.5061564445495605,
          "ndcg_5": 0.39674612879753113,
          "top10_acc": 0.6050388216972351,
          "ndcg_10": 0.42864349484443665,
          "best_epoch": 18,
          "per_metric_best": {
            "accuracy": {
              "accuracy": 0.28395530581474304,
              "accuracy_macro": 0.115210334174067,
              "f1": 0.09975956380367279,
              "f1_weighted": 0.24713312089443207,
              "mrr": 0.38989660143852234,
              "top5_acc": 0.5095661878585815,
              "ndcg_5": 0.40182116627693176,
              "top10_acc": 0.603902280330658,
              "ndcg_10": 0.43227875232696533,
              "best_epoch": 15
            },
            "top5_acc": {
              "accuracy": 0.28395530581474304,
              "accuracy_macro": 0.115210334174067,
              "f1": 0.09975956380367279,
              "f1_weighted": 0.24713312089443207,
              "mrr": 0.38989660143852234,
              "top5_acc": 0.5095661878585815,
              "ndcg_5": 0.40182116627693176,
              "top10_acc": 0.603902280330658,
              "ndcg_10": 0.43227875232696533,
              "best_epoch": 15
            },
            "top10_acc": {
              "accuracy": 0.27505210041999817,
              "accuracy_macro": 0.11421695105009327,
              "f1": 0.10085226595401764,
              "f1_weighted": 0.24514664709568024,
              "mrr": 0.3847976326942444,
              "top5_acc": 0.5061564445495605,
              "ndcg_5": 0.39674612879753113,
              "top10_acc": 0.6050388216972351,
              "ndcg_10": 0.42864349484443665,
              "best_epoch": 18
            },
            "mrr": {
              "accuracy": 0.28395530581474304,
              "accuracy_macro": 0.115210334174067,
              "f1": 0.09975956380367279,
              "f1_weighted": 0.24713312089443207,
              "mrr": 0.38989660143852234,
              "top5_acc": 0.5095661878585815,
              "ndcg_5": 0.40182116627693176,
              "top10_acc": 0.603902280330658,
              "ndcg_10": 0.43227875232696533,
              "best_epoch": 15
            },
            "f1": {
              "accuracy": 0.2797878384590149,
              "accuracy_macro": 0.12221138809804269,
              "f1": 0.10693694651126862,
              "f1_weighted": 0.24823012948036194,
              "mrr": 0.38859423995018005,
              "top5_acc": 0.5057775974273682,
              "ndcg_5": 0.3994690179824829,
              "top10_acc": 0.603902280330658,
              "ndcg_10": 0.43105319142341614,
              "best_epoch": 17
            }
          }
        },
        {
          "accuracy": 0.2913430631160736,
          "accuracy_macro": 0.11042760645301597,
          "f1": 0.09792746603488922,
          "f1_weighted": 0.2636379599571228,
          "mrr": 0.39718103408813477,
          "top5_acc": 0.5144913792610168,
          "ndcg_5": 0.40838849544525146,
          "top10_acc": 0.6120477318763733,
          "ndcg_10": 0.4399249851703644,
          "best_epoch": 21,
          "per_metric_best": {
            "accuracy": {
              "accuracy": 0.2968365252017975,
              "accuracy_macro": 0.1084355172935439,
              "f1": 0.09779088199138641,
              "f1_weighted": 0.2686765193939209,
              "mrr": 0.3991411626338959,
              "top5_acc": 0.5125970840454102,
              "ndcg_5": 0.4094007611274719,
              "top10_acc": 0.6073119640350342,
              "ndcg_10": 0.4401341676712036,
              "best_epoch": 17
            },
            "top5_acc": {
              "accuracy": 0.28736501932144165,
              "accuracy_macro": 0.10471543143777286,
              "f1": 0.09443368017673492,
              "f1_weighted": 0.26269856095314026,
              "mrr": 0.39460065960884094,
              "top5_acc": 0.5150596499443054,
              "ndcg_5": 0.4068056046962738,
              "top10_acc": 0.6107217073440552,
              "ndcg_10": 0.43761253356933594,
              "best_epoch": 20
            },
            "top10_acc": {
              "accuracy": 0.2913430631160736,
              "accuracy_macro": 0.11042760645301597,
              "f1": 0.09792746603488922,
              "f1_weighted": 0.2636379599571228,
              "mrr": 0.39718103408813477,
              "top5_acc": 0.5144913792610168,
              "ndcg_5": 0.40838849544525146,
              "top10_acc": 0.6120477318763733,
              "ndcg_10": 0.4399249851703644,
              "best_epoch": 21
            },
            "mrr": {
              "accuracy": 0.2968365252017975,
              "accuracy_macro": 0.1084355172935439,