{
  "state": "arizona",
  "folds": 5,
  "epochs": 30,
  "seed": 7,
  "input_type": "region",
  "n_regions": 1540,
  "heads": {
    "next_stan_flow": {
      "per_fold": [
        {
          "accuracy": 0.25757575035095215,
          "accuracy_macro": 0.09153203351782002,
          "f1": 0.07715695351362228,
          "f1_weighted": 0.22883592545986176,
          "mrr": 0.35004884004592896,
          "top5_acc": 0.448106050491333,
          "ndcg_5": 0.3572452962398529,
          "top10_acc": 0.5354166626930237,
          "ndcg_10": 0.3854117691516876,
          "best_epoch": 19,
          "per_metric_best": {
            "accuracy": {
              "accuracy": 0.260606050491333,
              "accuracy_macro": 0.09027262908268303,
              "f1": 0.0758284330368042,
              "f1_weighted": 0.2286936491727829,
              "mrr": 0.35019582509994507,
              "top5_acc": 0.44469696283340454,
              "ndcg_5": 0.35629895329475403,
              "top10_acc": 0.528030276298523,
              "ndcg_10": 0.383442223072052,
              "best_epoch": 17
            },
            "top5_acc": {
              "accuracy": 0.25757575035095215,
              "accuracy_macro": 0.09153203351782002,
              "f1": 0.07715695351362228,
              "f1_weighted": 0.22883592545986176,
              "mrr": 0.35004884004592896,
              "top5_acc": 0.448106050491333,
              "ndcg_5": 0.3572452962398529,
              "top10_acc": 0.5354166626930237,
              "ndcg_10": 0.3854117691516876,
              "best_epoch": 19
            },
            "top10_acc": {
              "accuracy": 0.25757575035095215,
              "accuracy_macro": 0.09153203351782002,
              "f1": 0.07715695351362228,
              "f1_weighted": 0.22883592545986176,
              "mrr": 0.35004884004592896,
              "top5_acc": 0.448106050491333,
              "ndcg_5": 0.3572452962398529,
              "top10_acc": 0.5354166626930237,
              "ndcg_10": 0.3854117691516876,
              "best_epoch": 19
            },
            "mrr": {
              "accuracy": 0.2594696879386902,
              "accuracy_macro": 0.0865662987552472,
              "f1": 0.0709301009774208,
              "f1_weighted": 0.2262887954711914,
              "mrr": 0.3509446680545807,
              "top5_acc": 0.4475378692150116,
              "ndcg_5": 0.3577426075935364,
              "top10_acc": 0.5333333611488342,
              "ndcg_10": 0.3854634463787079,
              "best_epoch": 18
            },
            "f1": {
              "accuracy": 0.25871211290359497,
              "accuracy_macro": 0.09238364639019446,
              "f1": 0.07796183228492737,
              "f1_weighted": 0.2273360788822174,
              "mrr": 0.3501453399658203,
              "top5_acc": 0.44526514410972595,
              "ndcg_5": 0.3564191460609436,
              "top10_acc": 0.5329545736312866,
              "ndcg_10": 0.38477057218551636,
              "best_epoch": 20
            }
          }
        },
        {
          "accuracy": 0.2578139901161194,
          "accuracy_macro": 0.0934250169615022,
          "f1": 0.07605281472206116,
          "f1_weighted": 0.21805444359779358,
          "mrr": 0.3512376546859741,
          "top5_acc": 0.44288691878318787,
          "ndcg_5": 0.35650232434272766,
          "top10_acc": 0.5294563174247742,
          "ndcg_10": 0.38463515043258667,
          "best_epoch": 15,
          "per_metric_best": {
            "accuracy": {
              "accuracy": 0.2648228704929352,
              "accuracy_macro": 0.09552397861876621,
              "f1": 0.07623269408941269,
              "f1_weighted": 0.2188480645418167,
              "mrr": 0.3531630337238312,
              "top5_acc": 0.44326576590538025,
              "ndcg_5": 0.3589075803756714,
              "top10_acc": 0.5233945846557617,
              "ndcg_10": 0.3847617506980896,
              "best_epoch": 12
            },
            "top5_acc": {
              "accuracy": 0.26027655601501465,
              "accuracy_macro": 0.09489181500539588,
              "f1": 0.07700809836387634,
              "f1_weighted": 0.22680431604385376,
              "mrr": 0.35134559869766235,
              "top5_acc": 0.44534948468208313,
              "ndcg_5": 0.3577725291252136,
              "top10_acc": 0.5279408693313599,
              "ndcg_10": 0.3843816816806793,
              "best_epoch": 17
            },
            "top10_acc": {
              "accuracy": 0.2578139901161194,
              "accuracy_macro": 0.0934250169615022,
              "f1": 0.07605281472206116,
              "f1_weighted": 0.21805444359779358,
              "mrr": 0.3512376546859741,
              "top5_acc": 0.44288691878318787,
              "ndcg_5": 0.35650232434272766,
              "top10_acc": 0.5294563174247742,
              "ndcg_10": 0.38463515043258667,
              "best_epoch": 15
            },
            "mrr": {
              "accuracy": 0.2648228704929352,
              "accuracy_macro": 0.09552397861876621,
              "f1": 0.07623269408941269,
              "f1_weighted": 0.2188480645418167,
              "mrr": 0.3531630337238312,
              "top5_acc": 0.44326576590538025,
              "ndcg_5": 0.3589075803756714,
              "top10_acc": 0.5233945846557617,
              "ndcg_10": 0.3847617506980896,
              "best_epoch": 12
            },
            "f1": {
              "accuracy": 0.25876113772392273,
              "accuracy_macro": 0.0988781015402795,
              "f1": 0.08216633647680283,
              "f1_weighted": 0.23022964596748352,
              "mrr": 0.34897151589393616,
              "top5_acc": 0.43834060430526733,
              "ndcg_5": 0.3541147708892822,
              "top10_acc": 0.5203636884689331,
              "ndcg_10": 0.3807212710380554,
              "best_epoch": 23
            }
          }
        },
        {
          "accuracy": 0.2877438962459564,
          "accuracy_macro": 0.0946538006817853,
          "f1": 0.07591082900762558,
          "f1_weighted": 0.2410353720188141,
          "mrr": 0.3844586908817291,
          "top5_acc": 0.48929721117019653,
          "ndcg_5": 0.39436620473861694,
          "top10_acc": 0.572267472743988,
          "ndcg_10": 0.4209277033805847,
          "best_epoch": 13,
          "per_metric_best": {
            "accuracy": {
              "accuracy": 0.2934267818927765,
              "accuracy_macro": 0.1011623634299651,
              "f1": 0.08599167317152023,
              "f1_weighted": 0.26166531443595886,
              "mrr": 0.3858949542045593,
              "top5_acc": 0.48190945386886597,
              "ndcg_5": 0.3930652141571045,
              "top10_acc": 0.5658268332481384,
              "ndcg_10": 0.42024680972099304,
              "best_epoch": 20
            },
            "top5_acc": {
              "accuracy": 0.2877438962459564,
              "accuracy_macro": 0.0946538006817853,
              "f1": 0.07591082900762558,
              "f1_weighted": 0.2410353720188141,
              "mrr": 0.3844586908817291,
              "top5_acc": 0.48929721117019653,
              "ndcg_5": 0.39436620473861694,
              "top10_acc": 0.572267472743988,
              "ndcg_10": 0.4209277033805847,
              "best_epoch": 13
            },
            "top10_acc": {
              "accuracy": 0.2877438962459564,
              "accuracy_macro": 0.0946538006817853,
              "f1": 0.07591082900762558,
              "f1_weighted": 0.2410353720188141,
              "mrr": 0.3844586908817291,
              "top5_acc": 0.48929721117019653,
              "ndcg_5": 0.39436620473861694,
              "top10_acc": 0.572267472743988,
              "ndcg_10": 0.4209277033805847,
              "best_epoch": 13
            },
            "mrr": {
              "accuracy": 0.2934267818927765,
              "accuracy_macro": 0.1011623634299651,