{
  "state": "alabama",
  "folds": 5,
  "epochs": 50,
  "seed": 100,
  "input_type": "region",
  "n_regions": 1109,
  "heads": {
    "next_getnext_hard": {
      "per_fold": [
        {
          "accuracy": 0.2800944149494171,
          "accuracy_macro": 0.10582945897028996,
          "f1": 0.08567386865615845,
          "f1_weighted": 0.23147788643836975,
          "mrr": 0.39906904101371765,
          "top5_acc": 0.5291109681129456,
          "ndcg_5": 0.4121130406856537,
          "top10_acc": 0.6345397233963013,
          "ndcg_10": 0.44651103019714355,
          "best_epoch": 37,
          "per_metric_best": {
            "accuracy": {
              "accuracy": 0.28088119626045227,
              "accuracy_macro": 0.1090302032017151,
              "f1": 0.08833552151918411,
              "f1_weighted": 0.2363004982471466,
              "mrr": 0.40038904547691345,
              "top5_acc": 0.5338316559791565,
              "ndcg_5": 0.4146764576435089,
              "top10_acc": 0.6302124261856079,
              "ndcg_10": 0.4462512731552124,
              "best_epoch": 47
            },
            "top5_acc": {
              "accuracy": 0.2749803364276886,
              "accuracy_macro": 0.10361110606092087,
              "f1": 0.0826534777879715,
              "f1_weighted": 0.22683250904083252,
              "mrr": 0.39799439907073975,
              "top5_acc": 0.5342250466346741,
              "ndcg_5": 0.4133107364177704,
              "top10_acc": 0.6286388635635376,
              "ndcg_10": 0.4440862238407135,
              "best_epoch": 40
            },
            "top10_acc": {
              "accuracy": 0.2800944149494171,
              "accuracy_macro": 0.10582945897028996,
              "f1": 0.08567386865615845,
              "f1_weighted": 0.23147788643836975,
              "mrr": 0.39906904101371765,
              "top5_acc": 0.5291109681129456,
              "ndcg_5": 0.4121130406856537,
              "top10_acc": 0.6345397233963013,
              "ndcg_10": 0.44651103019714355,
              "best_epoch": 37
            },
            "mrr": {
              "accuracy": 0.2800944149494171,
              "accuracy_macro": 0.10686023418719952,
              "f1": 0.08712960034608841,
              "f1_weighted": 0.2336457520723343,
              "mrr": 0.4003925025463104,
              "top5_acc": 0.5334382653236389,
              "ndcg_5": 0.41462868452072144,
              "top10_acc": 0.6313925981521606,
              "ndcg_10": 0.44657161831855774,
              "best_epoch": 39
            },
            "f1": {
              "accuracy": 0.2800944149494171,
              "accuracy_macro": 0.10899958843385085,
              "f1": 0.08845371007919312,
              "f1_weighted": 0.23564006388187408,
              "mrr": 0.40017589926719666,
              "top5_acc": 0.5342250466346741,
              "ndcg_5": 0.41470301151275635,
              "top10_acc": 0.6298190355300903,
              "ndcg_10": 0.445986807346344,
              "best_epoch": 46
            }
          }
        },
        {
          "accuracy": 0.26671913266181946,
          "accuracy_macro": 0.09113217175491457,
          "f1": 0.07314318418502808,
          "f1_weighted": 0.2203916609287262,
          "mrr": 0.3815940022468567,
          "top5_acc": 0.5055074691772461,
          "ndcg_5": 0.3936481475830078,
          "top10_acc": 0.6070023775100708,
          "ndcg_10": 0.42642277479171753,
          "best_epoch": 41,
          "per_metric_best": {
            "accuracy": {
              "accuracy": 0.27261999249458313,
              "accuracy_macro": 0.09874988478057238,
              "f1": 0.08120440691709518,
              "f1_weighted": 0.22809745371341705,
              "mrr": 0.3857344686985016,
              "top5_acc": 0.5094413757324219,
              "ndcg_5": 0.3981369435787201,
              "top10_acc": 0.6014949083328247,
              "ndcg_10": 0.4280782639980316,
              "best_epoch": 38
            },
            "top5_acc": {
              "accuracy": 0.2663257420063019,
              "accuracy_macro": 0.09743864098373725,
              "f1": 0.07873629033565521,
              "f1_weighted": 0.22157686948776245,
              "mrr": 0.38205552101135254,
              "top5_acc": 0.5118017196655273,
              "ndcg_5": 0.39650681614875793,
              "top10_acc": 0.6007081270217896,
              "ndcg_10": 0.42526814341545105,
              "best_epoch": 36
            },
            "top10_acc": {
              "accuracy": 0.26671913266181946,
              "accuracy_macro": 0.09113217175491457,
              "f1": 0.07314318418502808,
              "f1_weighted": 0.2203916609287262,
              "mrr": 0.3815940022468567,
              "top5_acc": 0.5055074691772461,
              "ndcg_5": 0.3936481475830078,
              "top10_acc": 0.6070023775100708,
              "ndcg_10": 0.42642277479171753,
              "best_epoch": 41
            },
            "mrr": {
              "accuracy": 0.27261999249458313,
              "accuracy_macro": 0.09874988478057238,
              "f1": 0.08120440691709518,
              "f1_weighted": 0.22809745371341705,
              "mrr": 0.3857344686985016,
              "top5_acc": 0.5094413757324219,
              "ndcg_5": 0.3981369435787201,
              "top10_acc": 0.6014949083328247,
              "ndcg_10": 0.4280782639980316,
              "best_epoch": 38
            },
            "f1": {
              "accuracy": 0.27261999249458313,
              "accuracy_macro": 0.09874988478057238,
              "f1": 0.08120440691709518,
              "f1_weighted": 0.22809745371341705,
              "mrr": 0.3857344686985016,
              "top5_acc": 0.5094413757324219,
              "ndcg_5": 0.3981369435787201,
              "top10_acc": 0.6014949083328247,
              "ndcg_10": 0.4280782639980316,
              "best_epoch": 38
            }
          }
        },
        {
          "accuracy": 0.261211633682251,
          "accuracy_macro": 0.0933661130395266,
          "f1": 0.07386676967144012,
          "f1_weighted": 0.21323871612548828,
          "mrr": 0.38081029057502747,
          "top5_acc": 0.5137686729431152,
          "ndcg_5": 0.39493995904922485,
          "top10_acc": 0.6172305345535278,
          "ndcg_10": 0.42855918407440186,
          "best_epoch": 39,
          "per_metric_best": {
            "accuracy": {
              "accuracy": 0.2663257420063019,
              "accuracy_macro": 0.09478280268817309,
              "f1": 0.07545255124568939,
              "f1_weighted": 0.21892458200454712,
              "mrr": 0.3848029375076294,
              "top5_acc": 0.5125885009765625,
              "ndcg_5": 0.39749473333358765,
              "top10_acc": 0.6129032373428345,
              "ndcg_10": 0.4303337335586548,
              "best_epoch": 42
            },
            "top5_acc": {
              "accuracy": 0.2659323513507843,
              "accuracy_macro": 0.09491229151548604,
              "f1": 0.0749487578868866,
              "f1_weighted": 0.21760627627372742,
              "mrr": 0.38416650891304016,
              "top5_acc": 0.514948844909668,
              "ndcg_5": 0.398008793592453,
              "top10_acc": 0.6152635812759399,
              "ndcg_10": 0.4306163191795349,
              "best_epoch": 38
            },
            "top10_acc": {
              "accuracy": 0.261211633682251,
              "accuracy_macro": 0.0933661130395266,
              "f1": 0.07386676967144012,
              "f1_weighted": 0.21323871612548828,
              "mrr": 0.38081029057502747,
              "top5_acc": 0.5137686729431152,
              "ndcg_5": 0.39493995904922485,
              "top10_acc": 0.6172305345535278,
              "ndcg_10": 0.42855918407440186,
              "best_epoch": 39
            },
            "mrr": {
              "accuracy": 0.2663257420063019,
              "accuracy_macro": 0.09478280268817309,