{
  "state": "alabama",
  "folds": 5,
  "epochs": 30,
  "seed": 42,
  "input_type": "checkin",
  "n_regions": 1109,
  "heads": {
    "next_gru": {
      "per_fold": [
        {
          "accuracy": 0.3249409794807434,
          "accuracy_macro": 0.1480223834514618,
          "f1": 0.11615084111690521,
          "f1_weighted": 0.23857617378234863,
          "mrr": 0.5630390644073486,
          "top5_acc": 0.8953579664230347,
          "ndcg_5": 0.6340059638023376,
          "top10_acc": 1.0,
          "ndcg_10": 0.670371413230896,
          "best_epoch": 1,
          "per_metric_best": {
            "accuracy": {
              "accuracy": 0.3890637159347534,
              "accuracy_macro": 0.2671608626842499,
              "f1": 0.2837839722633362,
              "f1_weighted": 0.3716115355491638,
              "mrr": 0.6128966212272644,
              "top5_acc": 0.9398111701011658,
              "ndcg_5": 0.6877796053886414,
              "top10_acc": 1.0,
              "ndcg_10": 0.7087153792381287,
              "best_epoch": 14
            },
            "top5_acc": {
              "accuracy": 0.38630998134613037,
              "accuracy_macro": 0.25429001450538635,
              "f1": 0.26282525062561035,
              "f1_weighted": 0.3550114631652832,
              "mrr": 0.6116031408309937,
              "top5_acc": 0.9445318579673767,
              "ndcg_5": 0.688615620136261,
              "top10_acc": 1.0,
              "ndcg_10": 0.7078428864479065,
              "best_epoch": 11
            },
            "top10_acc": {
              "accuracy": 0.3249409794807434,
              "accuracy_macro": 0.1480223834514618,
              "f1": 0.11615084111690521,
              "f1_weighted": 0.23857617378234863,
              "mrr": 0.5630390644073486,
              "top5_acc": 0.8953579664230347,
              "ndcg_5": 0.6340059638023376,
              "top10_acc": 1.0,
              "ndcg_10": 0.670371413230896,
              "best_epoch": 1
            },
            "mrr": {
              "accuracy": 0.3890637159347534,
              "accuracy_macro": 0.2671608626842499,
              "f1": 0.2837839722633362,
              "f1_weighted": 0.3716115355491638,
              "mrr": 0.6128966212272644,
              "top5_acc": 0.9398111701011658,
              "ndcg_5": 0.6877796053886414,
              "top10_acc": 1.0,
              "ndcg_10": 0.7087153792381287,
              "best_epoch": 14
            },
            "f1": {
              "accuracy": 0.38827693462371826,
              "accuracy_macro": 0.26895835995674133,
              "f1": 0.2847124934196472,
              "f1_weighted": 0.3696191906929016,
              "mrr": 0.6099677681922913,
              "top5_acc": 0.9409913420677185,
              "ndcg_5": 0.6859198808670044,
              "top10_acc": 1.0,
              "ndcg_10": 0.7063992619514465,
              "best_epoch": 17
            }
          }
        },
        {
          "accuracy": 0.33280882239341736,
          "accuracy_macro": 0.15403395891189575,
          "f1": 0.12594392895698547,
          "f1_weighted": 0.25129568576812744,
          "mrr": 0.5669767260551453,
          "top5_acc": 0.8977183103561401,
          "ndcg_5": 0.6380360722541809,
          "top10_acc": 1.0,
          "ndcg_10": 0.6732996702194214,
          "best_epoch": 1,
          "per_metric_best": {
            "accuracy": {
              "accuracy": 0.3929976522922516,
              "accuracy_macro": 0.2230740785598755,
              "f1": 0.221592977643013,
              "f1_weighted": 0.34859246015548706,
              "mrr": 0.6121286153793335,
              "top5_acc": 0.9232887625694275,
              "ndcg_5": 0.6811462044715881,
              "top10_acc": 1.0,
              "ndcg_10": 0.7078593969345093,
              "best_epoch": 5
            },
            "top5_acc": {
              "accuracy": 0.3843430280685425,
              "accuracy_macro": 0.25870415568351746,
              "f1": 0.2619025409221649,
              "f1_weighted": 0.360429972410202,
              "mrr": 0.6073179841041565,
              "top5_acc": 0.9350904822349548,
              "ndcg_5": 0.6817712187767029,
              "top10_acc": 1.0,
              "ndcg_10": 0.7043705582618713,
              "best_epoch": 7
            },
            "top10_acc": {
              "accuracy": 0.33280882239341736,
              "accuracy_macro": 0.15403395891189575,
              "f1": 0.12594392895698547,
              "f1_weighted": 0.25129568576812744,
              "mrr": 0.5669767260551453,
              "top5_acc": 0.8977183103561401,
              "ndcg_5": 0.6380360722541809,
              "top10_acc": 1.0,
              "ndcg_10": 0.6732996702194214,
              "best_epoch": 1
            },
            "mrr": {
              "accuracy": 0.39221087098121643,
              "accuracy_macro": 0.24616701900959015,
              "f1": 0.25116655230522156,
              "f1_weighted": 0.35146623849868774,
              "mrr": 0.6123833656311035,
              "top5_acc": 0.9272226691246033,
              "ndcg_5": 0.682781457901001,
              "top10_acc": 1.0,
              "ndcg_10": 0.7081113457679749,
              "best_epoch": 10
            },
            "f1": {
              "accuracy": 0.364280104637146,
              "accuracy_macro": 0.25812357664108276,
              "f1": 0.271554172039032,
              "f1_weighted": 0.3480275869369507,
              "mrr": 0.5879734754562378,
              "top5_acc": 0.9162077307701111,
              "ndcg_5": 0.6601727604866028,
              "top10_acc": 1.0,
              "ndcg_10": 0.6893002986907959,
              "best_epoch": 19
            }
          }
        },
        {
          "accuracy": 0.353658527135849,
          "accuracy_macro": 0.16162565350532532,
          "f1": 0.12911564111709595,
          "f1_weighted": 0.2666153907775879,
          "mrr": 0.575931966304779,
          "top5_acc": 0.8914240598678589,
          "ndcg_5": 0.642224133014679,
          "top10_acc": 1.0,
          "ndcg_10": 0.6797478199005127,
          "best_epoch": 1,
          "per_metric_best": {
            "accuracy": {
              "accuracy": 0.4020456373691559,
              "accuracy_macro": 0.2581234574317932,
              "f1": 0.2717641592025757,
              "f1_weighted": 0.3656412363052368,
              "mrr": 0.6202324628829956,
              "top5_acc": 0.9394177794456482,
              "ndcg_5": 0.6931670308113098,
              "top10_acc": 1.0,
              "ndcg_10": 0.7142608761787415,
              "best_epoch": 7
            },
            "top5_acc": {
              "accuracy": 0.37765538692474365,
              "accuracy_macro": 0.24926552176475525,
              "f1": 0.2694142460823059,
              "f1_weighted": 0.353718638420105,
              "mrr": 0.6086658835411072,
              "top5_acc": 0.9421715140342712,
              "ndcg_5": 0.6856552958488464,
              "top10_acc": 1.0,
              "ndcg_10": 0.7057862877845764,
              "best_epoch": 9
            },
            "top10_acc": {
              "accuracy": 0.353658527135849,
              "accuracy_macro": 0.16162565350532532,
              "f1": 0.12911564111709595,
              "f1_weighted": 0.2666153907775879,
              "mrr": 0.575931966304779,
              "top5_acc": 0.8914240598678589,
              "ndcg_5": 0.642224133014679,
              "top10_acc": 1.0,
              "ndcg_10": 0.6797478199005127,
              "best_epoch": 1
            },
            "mrr": {
              "accuracy": 0.4020456373691559,
              "accuracy_macro": 0.2581234574317932,
              "f1": 0.2717641592025757,
              "f1_weighted": 0.3656412363052368,
              "mrr": 0.6202324628829956,
              "top5_acc": 0.9394177794456482,
              "ndcg_5": 0.6931670308113098,
              "top10_acc": 1.0,
              "ndcg_10": 0.7142608761787415,