{
  "state": "alabama",
  "folds": 5,
  "epochs": 50,
  "seed": 42,
  "input_type": "region",
  "n_regions": 1109,
  "heads": {
    "next_stan": {
      "per_fold": [
        {
          "accuracy": 0.3091800808906555,
          "accuracy_macro": 0.08864039276282824,
          "f1": 0.07533217966556549,
          "f1_weighted": 0.27226585149765015,
          "mrr": 0.4400518536567688,
          "top5_acc": 0.5899962782859802,
          "ndcg_5": 0.45793312788009644,
          "top10_acc": 0.7066907286643982,
          "ndcg_10": 0.4957055449485779,
          "best_epoch": 48,
          "per_metric_best": {
            "accuracy": {
              "accuracy": 0.309503972530365,
              "accuracy_macro": 0.09010071641816868,
              "f1": 0.07624570280313492,
              "f1_weighted": 0.27252396941185,
              "mrr": 0.4403495788574219,
              "top5_acc": 0.5899500250816345,
              "ndcg_5": 0.4581931531429291,
              "top10_acc": 0.7059966921806335,
              "ndcg_10": 0.4957517683506012,
              "best_epoch": 44
            },
            "top5_acc": {
              "accuracy": 0.3091800808906555,
              "accuracy_macro": 0.08864039276282824,
              "f1": 0.07533217966556549,
              "f1_weighted": 0.27226585149765015,
              "mrr": 0.4400518536567688,
              "top5_acc": 0.5899962782859802,
              "ndcg_5": 0.45793312788009644,
              "top10_acc": 0.7066907286643982,
              "ndcg_10": 0.4957055449485779,
              "best_epoch": 48
            },
            "top10_acc": {
              "accuracy": 0.3091800808906555,
              "accuracy_macro": 0.08864039276282824,
              "f1": 0.07533217966556549,
              "f1_weighted": 0.27226585149765015,
              "mrr": 0.4400518536567688,
              "top5_acc": 0.5899962782859802,
              "ndcg_5": 0.45793312788009644,
              "top10_acc": 0.7066907286643982,
              "ndcg_10": 0.4957055449485779,
              "best_epoch": 48
            },
            "mrr": {
              "accuracy": 0.309503972530365,
              "accuracy_macro": 0.09010071641816868,
              "f1": 0.07624570280313492,
              "f1_weighted": 0.27252396941185,
              "mrr": 0.4403495788574219,
              "top5_acc": 0.5899500250816345,
              "ndcg_5": 0.4581931531429291,
              "top10_acc": 0.7059966921806335,
              "ndcg_10": 0.4957517683506012,
              "best_epoch": 44
            },
            "f1": {
              "accuracy": 0.309503972530365,
              "accuracy_macro": 0.09010071641816868,
              "f1": 0.07624570280313492,
              "f1_weighted": 0.27252396941185,
              "mrr": 0.4403495788574219,
              "top5_acc": 0.5899500250816345,
              "ndcg_5": 0.4581931531429291,
              "top10_acc": 0.7059966921806335,
              "ndcg_10": 0.4957517683506012,
              "best_epoch": 44
            }
          }
        },
        {
          "accuracy": 0.2681223154067993,
          "accuracy_macro": 0.08037737770374759,
          "f1": 0.06746505945920944,
          "f1_weighted": 0.2331119030714035,
          "mrr": 0.3973277509212494,
          "top5_acc": 0.5446639060974121,
          "ndcg_5": 0.4137870967388153,
          "top10_acc": 0.6553637981414795,
          "ndcg_10": 0.4495534598827362,
          "best_epoch": 44,
          "per_metric_best": {
            "accuracy": {
              "accuracy": 0.27103668451309204,
              "accuracy_macro": 0.08081735464242788,
              "f1": 0.06787438690662384,
              "f1_weighted": 0.23629796504974365,
              "mrr": 0.39853399991989136,
              "top5_acc": 0.5430910587310791,
              "ndcg_5": 0.41412466764450073,
              "top10_acc": 0.6538835167884827,
              "ndcg_10": 0.45004427433013916,
              "best_epoch": 45
            },
            "top5_acc": {
              "accuracy": 0.26964887976646423,
              "accuracy_macro": 0.08034795744013085,
              "f1": 0.06862486898899078,
              "f1_weighted": 0.23536933958530426,
              "mrr": 0.3983444273471832,
              "top5_acc": 0.5452653169631958,
              "ndcg_5": 0.4147863984107971,
              "top10_acc": 0.6544386148452759,
              "ndcg_10": 0.4500987231731415,
              "best_epoch": 47
            },
            "top10_acc": {
              "accuracy": 0.2681223154067993,
              "accuracy_macro": 0.08037737770374759,
              "f1": 0.06746505945920944,
              "f1_weighted": 0.2331119030714035,
              "mrr": 0.3973277509212494,
              "top5_acc": 0.5446639060974121,
              "ndcg_5": 0.4137870967388153,
              "top10_acc": 0.6553637981414795,
              "ndcg_10": 0.4495534598827362,
              "best_epoch": 44
            },
            "mrr": {
              "accuracy": 0.26988017559051514,
              "accuracy_macro": 0.08066555418827775,
              "f1": 0.06889240443706512,
              "f1_weighted": 0.235818013548851,
              "mrr": 0.39855512976646423,
              "top5_acc": 0.5442938208580017,
              "ndcg_5": 0.41459885239601135,
              "top10_acc": 0.6541610956192017,
              "ndcg_10": 0.45016518235206604,
              "best_epoch": 48
            },
            "f1": {
              "accuracy": 0.26978766918182373,
              "accuracy_macro": 0.08214843319071426,
              "f1": 0.06934867054224014,
              "f1_weighted": 0.23470456898212433,
              "mrr": 0.3982774019241333,
              "top5_acc": 0.543229877948761,
              "ndcg_5": 0.4140433371067047,
              "top10_acc": 0.6531895995140076,
              "ndcg_10": 0.44969552755355835,
              "best_epoch": 40
            }
          }
        },
        {
          "accuracy": 0.30574193596839905,
          "accuracy_macro": 0.09244938476239989,
          "f1": 0.0784481093287468,
          "f1_weighted": 0.27323853969573975,
          "mrr": 0.43650659918785095,
          "top5_acc": 0.585527241230011,
          "ndcg_5": 0.45381245017051697,
          "top10_acc": 0.700689435005188,
          "ndcg_10": 0.49102768301963806,
          "best_epoch": 44,
          "per_metric_best": {
            "accuracy": {
              "accuracy": 0.309535950422287,
              "accuracy_macro": 0.09167429741392745,
              "f1": 0.07768850028514862,
              "f1_weighted": 0.27253568172454834,
              "mrr": 0.43779727816581726,
              "top5_acc": 0.5840466618537903,
              "ndcg_5": 0.4544137120246887,
              "top10_acc": 0.6962013840675354,
              "ndcg_10": 0.4906984865665436,
              "best_epoch": 35
            },
            "top5_acc": {
              "accuracy": 0.30537179112434387,
              "accuracy_macro": 0.09225343456318903,
              "f1": 0.07755415886640549,
              "f1_weighted": 0.273489385843277,
              "mrr": 0.43688270449638367,
              "top5_acc": 0.5877018570899963,
              "ndcg_5": 0.45488494634628296,
              "top10_acc": 0.6989312171936035,
              "ndcg_10": 0.4908677935600281,
              "best_epoch": 39
            },
            "top10_acc": {
              "accuracy": 0.30574193596839905,
              "accuracy_macro": 0.09244938476239989,
              "f1": 0.0784481093287468,
              "f1_weighted": 0.27323853969573975,
              "mrr": 0.43650659918785095,
              "top5_acc": 0.585527241230011,
              "ndcg_5": 0.45381245017051697,
              "top10_acc": 0.700689435005188,
              "ndcg_10": 0.49102768301963806,
              "best_epoch": 44
            },
            "mrr": {
              "accuracy": 0.3081941604614258,
              "accuracy_macro": 0.09372431166628574,
              "f1": 0.07973174750804901,