{
  "state": "arizona",
  "folds": 5,
  "epochs": 50,
  "seed": 0,
  "input_type": "region",
  "n_regions": 1547,
  "heads": {
    "next_stan_flow": {
      "per_fold": [
        {
          "accuracy": 0.28109210729599,
          "accuracy_macro": 0.08170642600154245,
          "f1": 0.07063756883144379,
          "f1_weighted": 0.24819594621658325,
          "mrr": 0.3941570222377777,
          "top5_acc": 0.5201970934867859,
          "ndcg_5": 0.4061453938484192,
          "top10_acc": 0.6281639933586121,
          "ndcg_10": 0.4412190020084381,
          "best_epoch": 46,
          "per_metric_best": {
            "accuracy": {
              "accuracy": 0.28228676319122314,
              "accuracy_macro": 0.0805142084757487,
              "f1": 0.07013280689716339,
              "f1_weighted": 0.24790513515472412,
              "mrr": 0.39385008811950684,
              "top5_acc": 0.5178576111793518,
              "ndcg_5": 0.4053357243537903,
              "top10_acc": 0.6246546506881714,
              "ndcg_10": 0.4400533139705658,
              "best_epoch": 36
            },
            "top5_acc": {
              "accuracy": 0.28096768260002136,
              "accuracy_macro": 0.0813317132273847,
              "f1": 0.06999766826629639,
              "f1_weighted": 0.24691414833068848,
              "mrr": 0.3936237096786499,
              "top5_acc": 0.5214415788650513,
              "ndcg_5": 0.40636199712753296,
              "top10_acc": 0.626272439956665,
              "ndcg_10": 0.4403541684150696,
              "best_epoch": 37
            },
            "top10_acc": {
              "accuracy": 0.28109210729599,
              "accuracy_macro": 0.08170642600154245,
              "f1": 0.07063756883144379,
              "f1_weighted": 0.24819594621658325,
              "mrr": 0.3941570222377777,
              "top5_acc": 0.5201970934867859,
              "ndcg_5": 0.4061453938484192,
              "top10_acc": 0.6281639933586121,
              "ndcg_10": 0.4412190020084381,
              "best_epoch": 46
            },
            "mrr": {
              "accuracy": 0.2811169922351837,
              "accuracy_macro": 0.08232160872718931,
              "f1": 0.07131792604923248,
              "f1_weighted": 0.24873042106628418,
              "mrr": 0.39418184757232666,
              "top5_acc": 0.5206451416015625,
              "ndcg_5": 0.4063388705253601,
              "top10_acc": 0.6271933317184448,
              "ndcg_10": 0.44098779559135437,
              "best_epoch": 47
            },
            "f1": {
              "accuracy": 0.2802707850933075,
              "accuracy_macro": 0.08161975491431452,
              "f1": 0.07155007123947144,
              "f1_weighted": 0.24766844511032104,
              "mrr": 0.3931097686290741,
              "top5_acc": 0.5204957723617554,
              "ndcg_5": 0.40559229254722595,
              "top10_acc": 0.626745343208313,
              "ndcg_10": 0.4400547742843628,
              "best_epoch": 41
            }
          }
        },
        {
          "accuracy": 0.27691081166267395,
          "accuracy_macro": 0.08097081619353753,
          "f1": 0.07051985710859299,
          "f1_weighted": 0.2435847818851471,
          "mrr": 0.3827906847000122,
          "top5_acc": 0.49471116065979004,
          "ndcg_5": 0.3915867805480957,
          "top10_acc": 0.5945643186569214,
          "ndcg_10": 0.4238664209842682,
          "best_epoch": 48,
          "per_metric_best": {
            "accuracy": {
              "accuracy": 0.27703526616096497,
              "accuracy_macro": 0.08065201560791849,
              "f1": 0.07008756697177887,
              "f1_weighted": 0.24355073273181915,
              "mrr": 0.38266700506210327,
              "top5_acc": 0.49493515491485596,
              "ndcg_5": 0.3916776478290558,
              "top10_acc": 0.5932203531265259,
              "ndcg_10": 0.42342206835746765,
              "best_epoch": 45
            },
            "top5_acc": {
              "accuracy": 0.27703526616096497,
              "accuracy_macro": 0.08065201560791849,
              "f1": 0.07008756697177887,
              "f1_weighted": 0.24355073273181915,
              "mrr": 0.38266700506210327,
              "top5_acc": 0.49493515491485596,
              "ndcg_5": 0.3916776478290558,
              "top10_acc": 0.5932203531265259,
              "ndcg_10": 0.42342206835746765,
              "best_epoch": 45
            },
            "top10_acc": {
              "accuracy": 0.27691081166267395,
              "accuracy_macro": 0.08097081619353753,
              "f1": 0.07051985710859299,
              "f1_weighted": 0.2435847818851471,
              "mrr": 0.3827906847000122,
              "top5_acc": 0.49471116065979004,
              "ndcg_5": 0.3915867805480957,
              "top10_acc": 0.5945643186569214,
              "ndcg_10": 0.4238664209842682,
              "best_epoch": 48
            },
            "mrr": {
              "accuracy": 0.2769606113433838,
              "accuracy_macro": 0.08056417721905944,
              "f1": 0.06987765431404114,
              "f1_weighted": 0.24313534796237946,
              "mrr": 0.3828587234020233,
              "top5_acc": 0.4945618212223053,
              "ndcg_5": 0.39163073897361755,
              "top10_acc": 0.5943403244018555,
              "ndcg_10": 0.4238797128200531,
              "best_epoch": 46
            },
            "f1": {
              "accuracy": 0.27648770809173584,
              "accuracy_macro": 0.08078390898046542,
              "f1": 0.0705852285027504,
              "f1_weighted": 0.2432367503643036,
              "mrr": 0.3825114071369171,
              "top5_acc": 0.4943876266479492,
              "ndcg_5": 0.39126643538475037,
              "top10_acc": 0.5945145487785339,
              "ndcg_10": 0.42364242672920227,
              "best_epoch": 50
            }
          }
        },
        {
          "accuracy": 0.27287885546684265,
          "accuracy_macro": 0.08103854911598336,
          "f1": 0.06855663657188416,
          "f1_weighted": 0.2375851571559906,
          "mrr": 0.3809639811515808,
          "top5_acc": 0.4963040351867676,
          "ndcg_5": 0.3907581865787506,
          "top10_acc": 0.595933198928833,
          "ndcg_10": 0.4229222536087036,
          "best_epoch": 40,
          "per_metric_best": {
            "accuracy": {
              "accuracy": 0.2745712995529175,
              "accuracy_macro": 0.08164991740307777,
              "f1": 0.06912610679864883,
              "f1_weighted": 0.23944908380508423,
              "mrr": 0.38137686252593994,
              "top5_acc": 0.4947858452796936,
              "ndcg_5": 0.3905636668205261,
              "top10_acc": 0.5942158699035645,
              "ndcg_10": 0.42270469665527344,
              "best_epoch": 41
            },
            "top5_acc": {
              "accuracy": 0.27287885546684265,
              "accuracy_macro": 0.08103854911598336,
              "f1": 0.06855663657188416,
              "f1_weighted": 0.2375851571559906,
              "mrr": 0.3809639811515808,
              "top5_acc": 0.4963040351867676,
              "ndcg_5": 0.3907581865787506,
              "top10_acc": 0.595933198928833,
              "ndcg_10": 0.4229222536087036,
              "best_epoch": 40
            },
            "top10_acc": {
              "accuracy": 0.27287885546684265,
              "accuracy_macro": 0.08103854911598336,
              "f1": 0.06855663657188416,
              "f1_weighted": 0.2375851571559906,
              "mrr": 0.3809639811515808,
              "top5_acc": 0.4963040351867676,
              "ndcg_5": 0.3907581865787506,
              "top10_acc": 0.595933198928833,
              "ndcg_10": 0.4229222536087036,
              "best_epoch": 40
            },
            "mrr": {
              "accuracy": 0.2738495171070099,
              "accuracy_macro": 0.08261541872608419,