{
  "state": "florida",
  "folds": 5,
  "epochs": 50,
  "seed": 42,
  "input_type": "region",
  "n_regions": 4702,
  "heads": {
    "next_stan_flow": {
      "per_fold": [
        {
          "accuracy": 0.4773048460483551,
          "accuracy_macro": 0.1224965331374958,
          "f1": 0.10498128086328506,
          "f1_weighted": 0.4462098479270935,
          "mrr": 0.5671536922454834,
          "top5_acc": 0.6704570651054382,
          "ndcg_5": 0.5806532502174377,
          "top10_acc": 0.7388094663619995,
          "ndcg_10": 0.6028247475624084,
          "best_epoch": 46,
          "per_metric_best": {
            "accuracy": {
              "accuracy": 0.47777602076530457,
              "accuracy_macro": 0.1230977719042179,
              "f1": 0.1055905893445015,
              "f1_weighted": 0.44595810770988464,
              "mrr": 0.5672121047973633,
              "top5_acc": 0.6696403622627258,
              "ndcg_5": 0.5804353356361389,
              "top10_acc": 0.7384011149406433,
              "ndcg_10": 0.6027275323867798,
              "best_epoch": 45
            },
            "top5_acc": {
              "accuracy": 0.4773048460483551,
              "accuracy_macro": 0.1224965331374958,
              "f1": 0.10498128086328506,
              "f1_weighted": 0.4462098479270935,
              "mrr": 0.5671536922454834,
              "top5_acc": 0.6704570651054382,
              "ndcg_5": 0.5806532502174377,
              "top10_acc": 0.7388094663619995,
              "ndcg_10": 0.6028247475624084,
              "best_epoch": 46
            },
            "top10_acc": {
              "accuracy": 0.4773048460483551,
              "accuracy_macro": 0.1224965331374958,
              "f1": 0.10498128086328506,
              "f1_weighted": 0.4462098479270935,
              "mrr": 0.5671536922454834,
              "top5_acc": 0.6704570651054382,
              "ndcg_5": 0.5806532502174377,
              "top10_acc": 0.7388094663619995,
              "ndcg_10": 0.6028247475624084,
              "best_epoch": 46
            },
            "mrr": {
              "accuracy": 0.47765037417411804,
              "accuracy_macro": 0.12268253102022059,
              "f1": 0.10480215400457382,
              "f1_weighted": 0.4461360573768616,
              "mrr": 0.5672154426574707,
              "top5_acc": 0.6702371835708618,
              "ndcg_5": 0.5806266665458679,
              "top10_acc": 0.7386209964752197,
              "ndcg_10": 0.6028026342391968,
              "best_epoch": 50
            },
            "f1": {
              "accuracy": 0.47777602076530457,
              "accuracy_macro": 0.1230977719042179,
              "f1": 0.1055905893445015,
              "f1_weighted": 0.44595810770988464,
              "mrr": 0.5672121047973633,
              "top5_acc": 0.6696403622627258,
              "ndcg_5": 0.5804353356361389,
              "top10_acc": 0.7384011149406433,
              "ndcg_10": 0.6027275323867798,
              "best_epoch": 45
            }
          }
        },
        {
          "accuracy": 0.46549394726753235,
          "accuracy_macro": 0.10083180228195622,
          "f1": 0.08737551420927048,
          "f1_weighted": 0.43116432428359985,
          "mrr": 0.5552409887313843,
          "top5_acc": 0.656070351600647,
          "ndcg_5": 0.5675025582313538,
          "top10_acc": 0.7278466820716858,
          "ndcg_10": 0.5907370448112488,
          "best_epoch": 43,
          "per_metric_best": {
            "accuracy": {
              "accuracy": 0.46609076857566833,
              "accuracy_macro": 0.10257885397112412,
              "f1": 0.08916056156158447,
              "f1_weighted": 0.43176892399787903,
              "mrr": 0.5555294156074524,
              "top5_acc": 0.6560389399528503,
              "ndcg_5": 0.567686915397644,
              "top10_acc": 0.7269357442855835,
              "ndcg_10": 0.5906708836555481,
              "best_epoch": 44
            },
            "top5_acc": {
              "accuracy": 0.46489712595939636,
              "accuracy_macro": 0.10121394919945308,
              "f1": 0.08771226555109024,
              "f1_weighted": 0.4313444197177887,
              "mrr": 0.5547932982444763,
              "top5_acc": 0.6565101146697998,
              "ndcg_5": 0.5673332810401917,
              "top10_acc": 0.7273755073547363,
              "ndcg_10": 0.5902519822120667,
              "best_epoch": 42
            },
            "top10_acc": {
              "accuracy": 0.46549394726753235,
              "accuracy_macro": 0.10083180228195622,
              "f1": 0.08737551420927048,
              "f1_weighted": 0.43116432428359985,
              "mrr": 0.5552409887313843,
              "top5_acc": 0.656070351600647,
              "ndcg_5": 0.5675025582313538,
              "top10_acc": 0.7278466820716858,
              "ndcg_10": 0.5907370448112488,
              "best_epoch": 43
            },
            "mrr": {
              "accuracy": 0.46609076857566833,
              "accuracy_macro": 0.10257885397112412,
              "f1": 0.08916056156158447,
              "f1_weighted": 0.43176892399787903,
              "mrr": 0.5555294156074524,
              "top5_acc": 0.6560389399528503,
              "ndcg_5": 0.567686915397644,
              "top10_acc": 0.7269357442855835,
              "ndcg_10": 0.5906708836555481,
              "best_epoch": 44
            },
            "f1": {
              "accuracy": 0.46609076857566833,
              "accuracy_macro": 0.10257885397112412,
              "f1": 0.08916056156158447,
              "f1_weighted": 0.43176892399787903,
              "mrr": 0.5555294156074524,
              "top5_acc": 0.6560389399528503,
              "ndcg_5": 0.567686915397644,
              "top10_acc": 0.7269357442855835,
              "ndcg_10": 0.5906708836555481,
              "best_epoch": 44
            }
          }
        },
        {
          "accuracy": 0.4777296185493469,
          "accuracy_macro": 0.11182833613287918,
          "f1": 0.09511879831552505,
          "f1_weighted": 0.4459047019481659,
          "mrr": 0.5652887225151062,
          "top5_acc": 0.6625832319259644,
          "ndcg_5": 0.5771452784538269,
          "top10_acc": 0.7301168441772461,
          "ndcg_10": 0.5990586876869202,
          "best_epoch": 49,
          "per_metric_best": {
            "accuracy": {
              "accuracy": 0.4781065583229065,
              "accuracy_macro": 0.1127177122146716,
              "f1": 0.09565912187099457,
              "f1_weighted": 0.4465161859989166,
              "mrr": 0.5652777552604675,
              "top5_acc": 0.6623633503913879,
              "ndcg_5": 0.5771026611328125,
              "top10_acc": 0.7292373776435852,
              "ndcg_10": 0.598816454410553,
              "best_epoch": 45
            },
            "top5_acc": {
              "accuracy": 0.4778238534927368,
              "accuracy_macro": 0.1124398456991268,
              "f1": 0.09577717632055283,
              "f1_weighted": 0.44603821635246277,
              "mrr": 0.565292477607727,
              "top5_acc": 0.6627402901649475,
              "ndcg_5": 0.5772229433059692,
              "top10_acc": 0.7298027276992798,
              "ndcg_10": 0.5989730358123779,
              "best_epoch": 48
            },
            "top10_acc": {
              "accuracy": 0.4777296185493469,
              "accuracy_macro": 0.11182833613287918,
              "f1": 0.09511879831552505,
              "f1_weighted": 0.4459047019481659,
              "mrr": 0.5652887225151062,
              "top5_acc": 0.6625832319259644,
              "ndcg_5": 0.5771452784538269,
              "top10_acc": 0.7301168441772461,
              "ndcg_10": 0.5990586876869202,
              "best_epoch": 49
            },
            "mrr": {
              "accuracy": 0.47804373502731323,
              "accuracy_macro": 0.11019409969652057,
              "f1": 0.09390906989574432,