{
  "state": "alabama",
  "folds": 5,
  "epochs": 30,
  "seed": 7,
  "input_type": "region",
  "n_regions": 1109,
  "heads": {
    "next_stan_flow": {
      "per_fold": [
        {
          "accuracy": 0.3036978840827942,
          "accuracy_macro": 0.12423112040497905,
          "f1": 0.10920775681734085,
          "f1_weighted": 0.26958608627319336,
          "mrr": 0.4224826693534851,
          "top5_acc": 0.5523210167884827,
          "ndcg_5": 0.43661487102508545,
          "top10_acc": 0.6546026468276978,
          "ndcg_10": 0.46977123618125916,
          "best_epoch": 27,
          "per_metric_best": {
            "accuracy": {
              "accuracy": 0.3056648373603821,
              "accuracy_macro": 0.125161616007487,
              "f1": 0.11062982678413391,
              "f1_weighted": 0.2714903950691223,
              "mrr": 0.4232426881790161,
              "top5_acc": 0.5511408448219299,
              "ndcg_5": 0.43674588203430176,
              "top10_acc": 0.6530290842056274,
              "ndcg_10": 0.46988508105278015,
              "best_epoch": 26
            },
            "top5_acc": {
              "accuracy": 0.3013375401496887,
              "accuracy_macro": 0.12183495287625294,
              "f1": 0.10639426112174988,
              "f1_weighted": 0.2651262879371643,
              "mrr": 0.42113471031188965,
              "top5_acc": 0.5546813607215881,
              "ndcg_5": 0.43654993176460266,
              "top10_acc": 0.6518489122390747,
              "ndcg_10": 0.46804365515708923,
              "best_epoch": 20
            },
            "top10_acc": {
              "accuracy": 0.3036978840827942,
              "accuracy_macro": 0.12423112040497905,
              "f1": 0.10920775681734085,
              "f1_weighted": 0.26958608627319336,
              "mrr": 0.4224826693534851,
              "top5_acc": 0.5523210167884827,
              "ndcg_5": 0.43661487102508545,
              "top10_acc": 0.6546026468276978,
              "ndcg_10": 0.46977123618125916,
              "best_epoch": 27
            },
            "mrr": {
              "accuracy": 0.3056648373603821,
              "accuracy_macro": 0.125161616007487,
              "f1": 0.11062982678413391,
              "f1_weighted": 0.2714903950691223,
              "mrr": 0.4232426881790161,
              "top5_acc": 0.5511408448219299,
              "ndcg_5": 0.43674588203430176,
              "top10_acc": 0.6530290842056274,
              "ndcg_10": 0.46988508105278015,
              "best_epoch": 26
            },
            "f1": {
              "accuracy": 0.3056648373603821,
              "accuracy_macro": 0.125161616007487,
              "f1": 0.11062982678413391,
              "f1_weighted": 0.2714903950691223,
              "mrr": 0.4232426881790161,
              "top5_acc": 0.5511408448219299,
              "ndcg_5": 0.43674588203430176,
              "top10_acc": 0.6530290842056274,
              "ndcg_10": 0.46988508105278015,
              "best_epoch": 26
            }
          }
        },
        {
          "accuracy": 0.2576711177825928,
          "accuracy_macro": 0.10156556080452538,
          "f1": 0.08152268826961517,
          "f1_weighted": 0.22226688265800476,
          "mrr": 0.3820299506187439,
          "top5_acc": 0.5188827514648438,
          "ndcg_5": 0.395723432302475,
          "top10_acc": 0.6349331140518188,
          "ndcg_10": 0.43359726667404175,
          "best_epoch": 24,
          "per_metric_best": {
            "accuracy": {
              "accuracy": 0.271833211183548,
              "accuracy_macro": 0.09389059422379833,
              "f1": 0.06963419169187546,
              "f1_weighted": 0.21070170402526855,
              "mrr": 0.38236838579177856,
              "top5_acc": 0.5035405158996582,
              "ndcg_5": 0.3935544192790985,
              "top10_acc": 0.610542893409729,
              "ndcg_10": 0.42826905846595764,
              "best_epoch": 11
            },
            "top5_acc": {
              "accuracy": 0.2678993046283722,
              "accuracy_macro": 0.10439764763698105,
              "f1": 0.08048860728740692,
              "f1_weighted": 0.21935391426086426,
              "mrr": 0.38550254702568054,
              "top5_acc": 0.5232100486755371,
              "ndcg_5": 0.4011802077293396,
              "top10_acc": 0.6215578317642212,
              "ndcg_10": 0.43308502435684204,
              "best_epoch": 14
            },
            "top10_acc": {
              "accuracy": 0.2576711177825928,
              "accuracy_macro": 0.10156556080452538,
              "f1": 0.08152268826961517,
              "f1_weighted": 0.22226688265800476,
              "mrr": 0.3820299506187439,
              "top5_acc": 0.5188827514648438,
              "ndcg_5": 0.395723432302475,
              "top10_acc": 0.6349331140518188,
              "ndcg_10": 0.43359726667404175,
              "best_epoch": 24
            },
            "mrr": {
              "accuracy": 0.26317858695983887,
              "accuracy_macro": 0.10444886178681345,
              "f1": 0.07985524088144302,
              "f1_weighted": 0.2211284190416336,
              "mrr": 0.38563886284828186,
              "top5_acc": 0.5220298767089844,
              "ndcg_5": 0.4003327488899231,
              "top10_acc": 0.6313925981521606,
              "ndcg_10": 0.43569815158843994,
              "best_epoch": 17
            },
            "f1": {
              "accuracy": 0.2608182430267334,
              "accuracy_macro": 0.10239367765538833,
              "f1": 0.08426483720541,
              "f1_weighted": 0.22759342193603516,
              "mrr": 0.3825446367263794,
              "top5_acc": 0.5188827514648438,
              "ndcg_5": 0.3962422013282776,
              "top10_acc": 0.6317859888076782,
              "ndcg_10": 0.43296948075294495,
              "best_epoch": 28
            }
          }
        },
        {
          "accuracy": 0.25845789909362793,
          "accuracy_macro": 0.10614478612482425,
          "f1": 0.0847172662615776,
          "f1_weighted": 0.21327772736549377,
          "mrr": 0.3817693889141083,
          "top5_acc": 0.5208497047424316,
          "ndcg_5": 0.3977811336517334,
          "top10_acc": 0.6286388635635376,
          "ndcg_10": 0.43256667256355286,
          "best_epoch": 14,
          "per_metric_best": {
            "accuracy": {
              "accuracy": 0.271833211183548,
              "accuracy_macro": 0.11452657936592779,
              "f1": 0.09099996834993362,
              "f1_weighted": 0.23095718026161194,
              "mrr": 0.387286901473999,
              "top5_acc": 0.5220298767089844,
              "ndcg_5": 0.40194860100746155,
              "top10_acc": 0.6250983476638794,
              "ndcg_10": 0.43528419733047485,
              "best_epoch": 21
            },
            "top5_acc": {
              "accuracy": 0.2647521495819092,
              "accuracy_macro": 0.10469490823114892,
              "f1": 0.08356282860040665,
              "f1_weighted": 0.22508075833320618,
              "mrr": 0.3845841586589813,
              "top5_acc": 0.527930736541748,
              "ndcg_5": 0.40196433663368225,
              "top10_acc": 0.6250983476638794,
              "ndcg_10": 0.43318089842796326,
              "best_epoch": 29
            },
            "top10_acc": {
              "accuracy": 0.25845789909362793,
              "accuracy_macro": 0.10614478612482425,
              "f1": 0.0847172662615776,
              "f1_weighted": 0.21327772736549377,
              "mrr": 0.3817693889141083,
              "top5_acc": 0.5208497047424316,
              "ndcg_5": 0.3977811336517334,
              "top10_acc": 0.6286388635635376,
              "ndcg_10": 0.43256667256355286,
              "best_epoch": 14
            },
            "mrr": {
              "accuracy": 0.271833211183548,
              "accuracy_macro": 0.11060573269394493,