{
  "state": "alabama",
  "folds": 5,
  "epochs": 50,
  "seed": 42,
  "input_type": "region",
  "n_regions": 1109,
  "heads": {
    "next_stan_flow": {
      "per_fold": [
        {
          "accuracy": 0.2604248523712158,
          "accuracy_macro": 0.09686743311521386,
          "f1": 0.06998112052679062,
          "f1_weighted": 0.20323428511619568,
          "mrr": 0.3897293210029602,
          "top5_acc": 0.5354052186012268,
          "ndcg_5": 0.40703919529914856,
          "top10_acc": 0.6443744897842407,
          "ndcg_10": 0.4422139823436737,
          "best_epoch": 33,
          "per_metric_best": {
            "accuracy": {
              "accuracy": 0.28127458691596985,
              "accuracy_macro": 0.10351559340830421,
              "f1": 0.07847465574741364,
              "f1_weighted": 0.2311030477285385,
              "mrr": 0.4022047817707062,
              "top5_acc": 0.5357986092567444,
              "ndcg_5": 0.4163559675216675,
              "top10_acc": 0.6392604112625122,
              "ndcg_10": 0.44973623752593994,
              "best_epoch": 44
            },
            "top5_acc": {
              "accuracy": 0.2789142429828644,
              "accuracy_macro": 0.10256370889797133,
              "f1": 0.07880859822034836,
              "f1_weighted": 0.23004287481307983,
              "mrr": 0.40192079544067383,
              "top5_acc": 0.5373721718788147,
              "ndcg_5": 0.4167696535587311,
              "top10_acc": 0.6365066766738892,
              "ndcg_10": 0.4488537907600403,
              "best_epoch": 45
            },
            "top10_acc": {
              "accuracy": 0.2604248523712158,
              "accuracy_macro": 0.09686743311521386,
              "f1": 0.06998112052679062,
              "f1_weighted": 0.20323428511619568,
              "mrr": 0.3897293210029602,
              "top5_acc": 0.5354052186012268,
              "ndcg_5": 0.40703919529914856,
              "top10_acc": 0.6443744897842407,
              "ndcg_10": 0.4422139823436737,
              "best_epoch": 33
            },
            "mrr": {
              "accuracy": 0.28088119626045227,
              "accuracy_macro": 0.10282414018615219,
              "f1": 0.07935608178377151,
              "f1_weighted": 0.23181764781475067,
              "mrr": 0.40227603912353516,
              "top5_acc": 0.5350118279457092,
              "ndcg_5": 0.4160504937171936,
              "top10_acc": 0.6424075365066528,
              "ndcg_10": 0.45070627331733704,
              "best_epoch": 49
            },
            "f1": {
              "accuracy": 0.28088119626045227,
              "accuracy_macro": 0.10282414018615219,
              "f1": 0.07935608178377151,
              "f1_weighted": 0.23181764781475067,
              "mrr": 0.40227603912353516,
              "top5_acc": 0.5350118279457092,
              "ndcg_5": 0.4160504937171936,
              "top10_acc": 0.6424075365066528,
              "ndcg_10": 0.45070627331733704,
              "best_epoch": 49
            }
          }
        },
        {
          "accuracy": 0.2576711177825928,
          "accuracy_macro": 0.0900070794899918,
          "f1": 0.07158899307250977,
          "f1_weighted": 0.20377850532531738,
          "mrr": 0.3809184730052948,
          "top5_acc": 0.5141620635986328,
          "ndcg_5": 0.3936142027378082,
          "top10_acc": 0.6313925981521606,
          "ndcg_10": 0.4314465820789337,
          "best_epoch": 44,
          "per_metric_best": {
            "accuracy": {
              "accuracy": 0.2627851963043213,
              "accuracy_macro": 0.09095216763299158,
              "f1": 0.07367509603500366,
              "f1_weighted": 0.207987979054451,
              "mrr": 0.3837262988090515,
              "top5_acc": 0.5133752822875977,
              "ndcg_5": 0.3954329490661621,
              "top10_acc": 0.6270653009414673,
              "ndcg_10": 0.43227946758270264,
              "best_epoch": 46
            },
            "top5_acc": {
              "accuracy": 0.2592446804046631,
              "accuracy_macro": 0.08519620976896368,
              "f1": 0.065460704267025,
              "f1_weighted": 0.2017752230167389,
              "mrr": 0.38222840428352356,
              "top5_acc": 0.5165224075317383,
              "ndcg_5": 0.3958602547645569,
              "top10_acc": 0.6247049570083618,
              "ndcg_10": 0.4307684600353241,
              "best_epoch": 39
            },
            "top10_acc": {
              "accuracy": 0.2576711177825928,
              "accuracy_macro": 0.0900070794899918,
              "f1": 0.07158899307250977,
              "f1_weighted": 0.20377850532531738,
              "mrr": 0.3809184730052948,
              "top5_acc": 0.5141620635986328,
              "ndcg_5": 0.3936142027378082,
              "top10_acc": 0.6313925981521606,
              "ndcg_10": 0.4314465820789337,
              "best_epoch": 44
            },
            "mrr": {
              "accuracy": 0.2627851963043213,
              "accuracy_macro": 0.09095216763299158,
              "f1": 0.07367509603500366,
              "f1_weighted": 0.207987979054451,
              "mrr": 0.3837262988090515,
              "top5_acc": 0.5133752822875977,
              "ndcg_5": 0.3954329490661621,
              "top10_acc": 0.6270653009414673,
              "ndcg_10": 0.43227946758270264,
              "best_epoch": 46
            },
            "f1": {
              "accuracy": 0.2627851963043213,
              "accuracy_macro": 0.09095216763299158,
              "f1": 0.07367509603500366,
              "f1_weighted": 0.207987979054451,
              "mrr": 0.3837262988090515,
              "top5_acc": 0.5133752822875977,
              "ndcg_5": 0.3954329490661621,
              "top10_acc": 0.6270653009414673,
              "ndcg_10": 0.43227946758270264,
              "best_epoch": 46
            }
          }
        },
        {
          "accuracy": 0.261211633682251,
          "accuracy_macro": 0.10112784506166772,
          "f1": 0.07463464140892029,
          "f1_weighted": 0.20804965496063232,
          "mrr": 0.3839593827724457,
          "top5_acc": 0.5220298767089844,
          "ndcg_5": 0.397340327501297,
          "top10_acc": 0.6412273645401001,
          "ndcg_10": 0.4359808564186096,
          "best_epoch": 45,
          "per_metric_best": {
            "accuracy": {
              "accuracy": 0.26357200741767883,
              "accuracy_macro": 0.1029191088320604,
              "f1": 0.07568084448575974,
              "f1_weighted": 0.20842623710632324,
              "mrr": 0.38492944836616516,
              "top5_acc": 0.5204563140869141,
              "ndcg_5": 0.397504597902298,
              "top10_acc": 0.6388670206069946,
              "ndcg_10": 0.43602657318115234,
              "best_epoch": 48
            },
            "top5_acc": {
              "accuracy": 0.26199841499328613,
              "accuracy_macro": 0.10207681287511736,
              "f1": 0.07516682147979736,
              "f1_weighted": 0.2081056833267212,
              "mrr": 0.3838728666305542,
              "top5_acc": 0.522423267364502,
              "ndcg_5": 0.3976544737815857,
              "top10_acc": 0.6404405832290649,
              "ndcg_10": 0.4357975125312805,
              "best_epoch": 39
            },
            "top10_acc": {
              "accuracy": 0.261211633682251,
              "accuracy_macro": 0.10112784506166772,
              "f1": 0.07463464140892029,
              "f1_weighted": 0.20804965496063232,
              "mrr": 0.3839593827724457,
              "top5_acc": 0.5220298767089844,
              "ndcg_5": 0.397340327501297,
              "top10_acc": 0.6412273645401001,
              "ndcg_10": 0.4359808564186096,
              "best_epoch": 45
            },
            "mrr": {
              "accuracy": 0.26357200741767883,
              "accuracy_macro": 0.1029191088320604,
              "f1": 0.07568084448575974,