{
  "state": "alabama",
  "folds": 5,
  "epochs": 50,
  "seed": 42,
  "input_type": "region",
  "n_regions": 1109,
  "heads": {
    "next_stan_flow": {
      "per_fold": [
        {
          "accuracy": 0.2568843364715576,
          "accuracy_macro": 0.09303584098815917,
          "f1": 0.06886902451515198,
          "f1_weighted": 0.2019292414188385,
          "mrr": 0.3803001344203949,
          "top5_acc": 0.525177001953125,
          "ndcg_5": 0.3985811173915863,
          "top10_acc": 0.6195908784866333,
          "ndcg_10": 0.4289831221103668,
          "best_epoch": 46,
          "per_metric_best": {
            "accuracy": {
              "accuracy": 0.2604248523712158,
              "accuracy_macro": 0.09363707692999589,
              "f1": 0.0682973563671112,
              "f1_weighted": 0.20120030641555786,
              "mrr": 0.38088446855545044,
              "top5_acc": 0.5196695327758789,
              "ndcg_5": 0.3972553014755249,
              "top10_acc": 0.6156569719314575,
              "ndcg_10": 0.42854323983192444,
              "best_epoch": 40
            },
            "top5_acc": {
              "accuracy": 0.26003146171569824,
              "accuracy_macro": 0.09441202119894963,
              "f1": 0.06973135471343994,
              "f1_weighted": 0.20511125028133392,
              "mrr": 0.3820483386516571,
              "top5_acc": 0.5263571739196777,
              "ndcg_5": 0.4004203677177429,
              "top10_acc": 0.6176239252090454,
              "ndcg_10": 0.42974868416786194,
              "best_epoch": 49
            },
            "top10_acc": {
              "accuracy": 0.2568843364715576,
              "accuracy_macro": 0.09303584098815917,
              "f1": 0.06886902451515198,
              "f1_weighted": 0.2019292414188385,
              "mrr": 0.3803001344203949,
              "top5_acc": 0.525177001953125,
              "ndcg_5": 0.3985811173915863,
              "top10_acc": 0.6195908784866333,
              "ndcg_10": 0.4289831221103668,
              "best_epoch": 46
            },
            "mrr": {
              "accuracy": 0.26003146171569824,
              "accuracy_macro": 0.09441202119894963,
              "f1": 0.06973135471343994,
              "f1_weighted": 0.20511125028133392,
              "mrr": 0.3821597993373871,
              "top5_acc": 0.5263571739196777,
              "ndcg_5": 0.4004991352558136,
              "top10_acc": 0.618017315864563,
              "ndcg_10": 0.42995160818099976,
              "best_epoch": 50
            },
            "f1": {
              "accuracy": 0.26003146171569824,
              "accuracy_macro": 0.09507970471471734,
              "f1": 0.07018719613552094,
              "f1_weighted": 0.20505520701408386,
              "mrr": 0.3819207549095154,
              "top5_acc": 0.5255703926086426,
              "ndcg_5": 0.4000341594219208,
              "top10_acc": 0.6172305345535278,
              "ndcg_10": 0.42953479290008545,
              "best_epoch": 48
            }
          }
        },
        {
          "accuracy": 0.24350905418395996,
          "accuracy_macro": 0.07856009603823022,
          "f1": 0.06039363145828247,
          "f1_weighted": 0.18902626633644104,
          "mrr": 0.3635028600692749,
          "top5_acc": 0.49527931213378906,
          "ndcg_5": 0.37574028968811035,
          "top10_acc": 0.6097561120986938,
          "ndcg_10": 0.4127286672592163,
          "best_epoch": 46,
          "per_metric_best": {
            "accuracy": {
              "accuracy": 0.24429583549499512,
              "accuracy_macro": 0.08064084640074497,
              "f1": 0.06059067323803902,
              "f1_weighted": 0.19010339677333832,
              "mrr": 0.3616429269313812,
              "top5_acc": 0.4893784523010254,
              "ndcg_5": 0.3725339472293854,
              "top10_acc": 0.6066089868545532,
              "ndcg_10": 0.4105953574180603,
              "best_epoch": 38
            },
            "top5_acc": {
              "accuracy": 0.24350905418395996,
              "accuracy_macro": 0.07856009603823022,
              "f1": 0.06039363145828247,
              "f1_weighted": 0.18902626633644104,
              "mrr": 0.3635028600692749,
              "top5_acc": 0.49527931213378906,
              "ndcg_5": 0.37574028968811035,
              "top10_acc": 0.6097561120986938,
              "ndcg_10": 0.4127286672592163,
              "best_epoch": 46
            },
            "top10_acc": {
              "accuracy": 0.24350905418395996,
              "accuracy_macro": 0.07856009603823022,
              "f1": 0.06039363145828247,
              "f1_weighted": 0.18902626633644104,
              "mrr": 0.3635028600692749,
              "top5_acc": 0.49527931213378906,
              "ndcg_5": 0.37574028968811035,
              "top10_acc": 0.6097561120986938,
              "ndcg_10": 0.4127286672592163,
              "best_epoch": 46
            },
            "mrr": {
              "accuracy": 0.24350905418395996,
              "accuracy_macro": 0.08003643405052924,
              "f1": 0.060590919107198715,
              "f1_weighted": 0.18813031911849976,
              "mrr": 0.3639019727706909,
              "top5_acc": 0.4948859214782715,
              "ndcg_5": 0.375831663608551,
              "top10_acc": 0.6085759401321411,
              "ndcg_10": 0.4126969575881958,
              "best_epoch": 48
            },
            "f1": {
              "accuracy": 0.24232888221740723,
              "accuracy_macro": 0.08041525910340665,
              "f1": 0.06261681020259857,
              "f1_weighted": 0.18869002163410187,
              "mrr": 0.36190715432167053,
              "top5_acc": 0.4889850616455078,
              "ndcg_5": 0.37235960364341736,
              "top10_acc": 0.6058222055435181,
              "ndcg_10": 0.4103230834007263,
              "best_epoch": 44
            }
          }
        },
        {
          "accuracy": 0.24744296073913574,
          "accuracy_macro": 0.0944496486497962,
          "f1": 0.06923073530197144,
          "f1_weighted": 0.1928768754005432,
          "mrr": 0.3721681833267212,
          "top5_acc": 0.4960660934448242,
          "ndcg_5": 0.3813141882419586,
          "top10_acc": 0.6227380037307739,
          "ndcg_10": 0.4224573075771332,
          "best_epoch": 46,
          "per_metric_best": {
            "accuracy": {
              "accuracy": 0.2498033046722412,
              "accuracy_macro": 0.09519970131335954,
              "f1": 0.07089140266180038,
              "f1_weighted": 0.19523219764232635,
              "mrr": 0.3712608218193054,
              "top5_acc": 0.49409914016723633,
              "ndcg_5": 0.3804532289505005,
              "top10_acc": 0.6156569719314575,
              "ndcg_10": 0.41994157433509827,
              "best_epoch": 39
            },
            "top5_acc": {
              "accuracy": 0.24547600746154785,
              "accuracy_macro": 0.09396147159071651,
              "f1": 0.06755255907773972,
              "f1_weighted": 0.19066336750984192,
              "mrr": 0.37119603157043457,
              "top5_acc": 0.4996066093444824,
              "ndcg_5": 0.3819991648197174,
              "top10_acc": 0.6195908784866333,
              "ndcg_10": 0.4209376275539398,
              "best_epoch": 44
            },
            "top10_acc": {
              "accuracy": 0.24744296073913574,
              "accuracy_macro": 0.0944496486497962,
              "f1": 0.06923073530197144,
              "f1_weighted": 0.1928768754005432,
              "mrr": 0.3721681833267212,
              "top5_acc": 0.4960660934448242,
              "ndcg_5": 0.3813141882419586,
              "top10_acc": 0.6227380037307739,
              "ndcg_10": 0.4224573075771332,
              "best_epoch": 46
            },
            "mrr": {
              "accuracy": 0.24744296073913574,
              "accuracy_macro": 0.0944496486497962,