{
  "state": "alabama",
  "folds": 5,
  "epochs": 50,
  "seed": 7,
  "input_type": "region",
  "n_regions": 1109,
  "heads": {
    "next_stan_flow": {
      "per_fold": [
        {
          "accuracy": 0.2981904149055481,
          "accuracy_macro": 0.10273684692382813,
          "f1": 0.08873256295919418,
          "f1_weighted": 0.2674855589866638,
          "mrr": 0.4126918315887451,
          "top5_acc": 0.5432730317115784,
          "ndcg_5": 0.42791417241096497,
          "top10_acc": 0.6372934579849243,
          "ndcg_10": 0.45824283361434937,
          "best_epoch": 38,
          "per_metric_best": {
            "accuracy": {
              "accuracy": 0.3033044934272766,
              "accuracy_macro": 0.10486437610744201,
              "f1": 0.08926326781511307,
              "f1_weighted": 0.2649948000907898,
              "mrr": 0.41584789752960205,
              "top5_acc": 0.5440598130226135,
              "ndcg_5": 0.4306655526161194,
              "top10_acc": 0.635719895362854,
              "ndcg_10": 0.46025025844573975,
              "best_epoch": 29
            },
            "top5_acc": {
              "accuracy": 0.30291110277175903,
              "accuracy_macro": 0.10618788246216813,
              "f1": 0.09284920990467072,
              "f1_weighted": 0.26931944489479065,
              "mrr": 0.4155846834182739,
              "top5_acc": 0.5495672821998596,
              "ndcg_5": 0.43234696984291077,
              "top10_acc": 0.6337529420852661,
              "ndcg_10": 0.45940878987312317,
              "best_epoch": 35
            },
            "top10_acc": {
              "accuracy": 0.2981904149055481,
              "accuracy_macro": 0.10273684692382813,
              "f1": 0.08873256295919418,
              "f1_weighted": 0.2674855589866638,
              "mrr": 0.4126918315887451,
              "top5_acc": 0.5432730317115784,
              "ndcg_5": 0.42791417241096497,
              "top10_acc": 0.6372934579849243,
              "ndcg_10": 0.45824283361434937,
              "best_epoch": 38
            },
            "mrr": {
              "accuracy": 0.3033044934272766,
              "accuracy_macro": 0.10086287245920053,
              "f1": 0.0874004065990448,
              "f1_weighted": 0.27111566066741943,
              "mrr": 0.41594985127449036,
              "top5_acc": 0.5432730317115784,
              "ndcg_5": 0.43049871921539307,
              "top10_acc": 0.635719895362854,
              "ndcg_10": 0.46019259095191956,
              "best_epoch": 41
            },
            "f1": {
              "accuracy": 0.30055075883865356,
              "accuracy_macro": 0.10623378602285234,
              "f1": 0.09306804835796356,
              "f1_weighted": 0.27059459686279297,
              "mrr": 0.41411489248275757,
              "top5_acc": 0.5420928597450256,
              "ndcg_5": 0.42875272035598755,
              "top10_acc": 0.632966160774231,
              "ndcg_10": 0.45801857113838196,
              "best_epoch": 44
            }
          }
        },
        {
          "accuracy": 0.2568843364715576,
          "accuracy_macro": 0.09727738453791691,
          "f1": 0.08032287657260895,
          "f1_weighted": 0.21802690625190735,
          "mrr": 0.3695538341999054,
          "top5_acc": 0.48859167098999023,
          "ndcg_5": 0.37907519936561584,
          "top10_acc": 0.5999213457107544,
          "ndcg_10": 0.41520920395851135,
          "best_epoch": 36,
          "per_metric_best": {
            "accuracy": {
              "accuracy": 0.2588512897491455,
              "accuracy_macro": 0.098185946894627,
              "f1": 0.0782039612531662,
              "f1_weighted": 0.21479865908622742,
              "mrr": 0.36922311782836914,
              "top5_acc": 0.4889850616455078,
              "ndcg_5": 0.3793671131134033,
              "top10_acc": 0.5967742204666138,
              "ndcg_10": 0.4141537547111511,
              "best_epoch": 32
            },
            "top5_acc": {
              "accuracy": 0.2588512897491455,
              "accuracy_macro": 0.09771683680069469,
              "f1": 0.0813891738653183,
              "f1_weighted": 0.2202906459569931,
              "mrr": 0.37019583582878113,
              "top5_acc": 0.4948859214782715,
              "ndcg_5": 0.38215959072113037,
              "top10_acc": 0.5944138765335083,
              "ndcg_10": 0.41424843668937683,
              "best_epoch": 38
            },
            "top10_acc": {
              "accuracy": 0.2568843364715576,
              "accuracy_macro": 0.09727738453791691,
              "f1": 0.08032287657260895,
              "f1_weighted": 0.21802690625190735,
              "mrr": 0.3695538341999054,
              "top5_acc": 0.48859167098999023,
              "ndcg_5": 0.37907519936561584,
              "top10_acc": 0.5999213457107544,
              "ndcg_10": 0.41520920395851135,
              "best_epoch": 36
            },
            "mrr": {
              "accuracy": 0.25845789909362793,
              "accuracy_macro": 0.09659281610285195,
              "f1": 0.07874415069818497,
              "f1_weighted": 0.21945637464523315,
              "mrr": 0.3705005943775177,
              "top5_acc": 0.49331235885620117,
              "ndcg_5": 0.38169702887535095,
              "top10_acc": 0.595594048500061,
              "ndcg_10": 0.41487693786621094,
              "best_epoch": 34
            },
            "f1": {
              "accuracy": 0.2572777271270752,
              "accuracy_macro": 0.10109207648357363,
              "f1": 0.08410334587097168,
              "f1_weighted": 0.22160811722278595,
              "mrr": 0.36890164017677307,
              "top5_acc": 0.4893784523010254,
              "ndcg_5": 0.3790892958641052,
              "top10_acc": 0.5936270952224731,
              "ndcg_10": 0.4130866229534149,
              "best_epoch": 46
            }
          }
        },
        {
          "accuracy": 0.2568843364715576,
          "accuracy_macro": 0.11484379238552517,
          "f1": 0.09935283660888672,
          "f1_weighted": 0.2278406023979187,
          "mrr": 0.3761051595211029,
          "top5_acc": 0.510228157043457,
          "ndcg_5": 0.38947421312332153,
          "top10_acc": 0.620771050453186,
          "ndcg_10": 0.42531660199165344,
          "best_epoch": 45,
          "per_metric_best": {
            "accuracy": {
              "accuracy": 0.2608182430267334,
              "accuracy_macro": 0.10993585754513974,
              "f1": 0.09349215775728226,
              "f1_weighted": 0.21994878351688385,
              "mrr": 0.3781587481498718,
              "top5_acc": 0.510228157043457,
              "ndcg_5": 0.391737699508667,
              "top10_acc": 0.613296627998352,
              "ndcg_10": 0.42508262395858765,
              "best_epoch": 28
            },
            "top5_acc": {
              "accuracy": 0.2501966953277588,
              "accuracy_macro": 0.1077143744758296,
              "f1": 0.08879214525222778,
              "f1_weighted": 0.21352045238018036,
              "mrr": 0.3735080361366272,
              "top5_acc": 0.5118017196655273,
              "ndcg_5": 0.38851842284202576,
              "top10_acc": 0.6156569719314575,
              "ndcg_10": 0.4220842719078064,
              "best_epoch": 31
            },
            "top10_acc": {
              "accuracy": 0.2568843364715576,
              "accuracy_macro": 0.11484379238552517,
              "f1": 0.09935283660888672,
              "f1_weighted": 0.2278406023979187,
              "mrr": 0.3761051595211029,
              "top5_acc": 0.510228157043457,
              "ndcg_5": 0.38947421312332153,
              "top10_acc": 0.620771050453186,
              "ndcg_10": 0.42531660199165344,
              "best_epoch": 45
            },
            "mrr": {
              "accuracy": 0.2608182430267334,
              "accuracy_macro": 0.10993585754513974,