{
  "state": "florida",
  "folds": 5,
  "epochs": 50,
  "seed": 42,
  "input_type": "region",
  "n_regions": 4702,
  "heads": {
    "next_stan_flow": {
      "per_fold": [
        {
          "accuracy": 0.4742264747619629,
          "accuracy_macro": 0.11775510024639221,
          "f1": 0.09958723187446594,
          "f1_weighted": 0.44009196758270264,
          "mrr": 0.564422607421875,
          "top5_acc": 0.6693575978279114,
          "ndcg_5": 0.5781390070915222,
          "top10_acc": 0.7381812334060669,
          "ndcg_10": 0.6005063652992249,
          "best_epoch": 45,
          "per_metric_best": {
            "accuracy": {
              "accuracy": 0.47479188442230225,
              "accuracy_macro": 0.11829901960945387,
              "f1": 0.1002449318766594,
              "f1_weighted": 0.440815806388855,
              "mrr": 0.5646714568138123,
              "top5_acc": 0.6685094833374023,
              "ndcg_5": 0.5780431628227234,
              "top10_acc": 0.737490177154541,
              "ndcg_10": 0.6004891991615295,
              "best_epoch": 49
            },
            "top5_acc": {
              "accuracy": 0.4742264747619629,
              "accuracy_macro": 0.11775510024639221,
              "f1": 0.09958723187446594,
              "f1_weighted": 0.44009196758270264,
              "mrr": 0.564422607421875,
              "top5_acc": 0.6693575978279114,
              "ndcg_5": 0.5781390070915222,
              "top10_acc": 0.7381812334060669,
              "ndcg_10": 0.6005063652992249,
              "best_epoch": 45
            },
            "top10_acc": {
              "accuracy": 0.4742264747619629,
              "accuracy_macro": 0.11775510024639221,
              "f1": 0.09958723187446594,
              "f1_weighted": 0.44009196758270264,
              "mrr": 0.564422607421875,
              "top5_acc": 0.6693575978279114,
              "ndcg_5": 0.5781390070915222,
              "top10_acc": 0.7381812334060669,
              "ndcg_10": 0.6005063652992249,
              "best_epoch": 45
            },
            "mrr": {
              "accuracy": 0.474729061126709,
              "accuracy_macro": 0.11827227240302814,
              "f1": 0.10003738850355148,
              "f1_weighted": 0.4402211308479309,
              "mrr": 0.564731240272522,
              "top5_acc": 0.6686979532241821,
              "ndcg_5": 0.5781258344650269,
              "top10_acc": 0.7377414703369141,
              "ndcg_10": 0.6006065607070923,
              "best_epoch": 47
            },
            "f1": {
              "accuracy": 0.47479188442230225,
              "accuracy_macro": 0.11829901960945387,
              "f1": 0.1002449318766594,
              "f1_weighted": 0.440815806388855,
              "mrr": 0.5646714568138123,
              "top5_acc": 0.6685094833374023,
              "ndcg_5": 0.5780431628227234,
              "top10_acc": 0.737490177154541,
              "ndcg_10": 0.6004891991615295,
              "best_epoch": 49
            }
          }
        },
        {
          "accuracy": 0.46458300948143005,
          "accuracy_macro": 0.09976432456333754,
          "f1": 0.08527475595474243,
          "f1_weighted": 0.42772242426872253,
          "mrr": 0.5534138083457947,
          "top5_acc": 0.6530548334121704,
          "ndcg_5": 0.5653594732284546,
          "top10_acc": 0.7254279851913452,
          "ndcg_10": 0.5887799263000488,
          "best_epoch": 49,
          "per_metric_best": {
            "accuracy": {
              "accuracy": 0.46486571431159973,
              "accuracy_macro": 0.0999495642042177,
              "f1": 0.08543667942285538,
              "f1_weighted": 0.4279191195964813,
              "mrr": 0.553638756275177,
              "top5_acc": 0.6529920101165771,
              "ndcg_5": 0.5655101537704468,
              "top10_acc": 0.7251766920089722,
              "ndcg_10": 0.5888832211494446,
              "best_epoch": 48
            },
            "top5_acc": {
              "accuracy": 0.46480289101600647,
              "accuracy_macro": 0.0998980407389843,
              "f1": 0.08547559380531311,
              "f1_weighted": 0.4279613792896271,
              "mrr": 0.5536693930625916,
              "top5_acc": 0.6533061265945435,
              "ndcg_5": 0.5656467080116272,
              "top10_acc": 0.724768340587616,
              "ndcg_10": 0.5887883901596069,
              "best_epoch": 47
            },
            "top10_acc": {
              "accuracy": 0.46458300948143005,
              "accuracy_macro": 0.09976432456333754,
              "f1": 0.08527475595474243,
              "f1_weighted": 0.42772242426872253,
              "mrr": 0.5534138083457947,
              "top5_acc": 0.6530548334121704,
              "ndcg_5": 0.5653594732284546,
              "top10_acc": 0.7254279851913452,
              "ndcg_10": 0.5887799263000488,
              "best_epoch": 49
            },
            "mrr": {
              "accuracy": 0.46480289101600647,
              "accuracy_macro": 0.0998980407389843,
              "f1": 0.08547559380531311,
              "f1_weighted": 0.4279613792896271,
              "mrr": 0.5536693930625916,
              "top5_acc": 0.6533061265945435,
              "ndcg_5": 0.5656467080116272,
              "top10_acc": 0.724768340587616,
              "ndcg_10": 0.5887883901596069,
              "best_epoch": 47
            },
            "f1": {
              "accuracy": 0.46480289101600647,
              "accuracy_macro": 0.0998980407389843,
              "f1": 0.08547559380531311,
              "f1_weighted": 0.4279613792896271,
              "mrr": 0.5536693930625916,
              "top5_acc": 0.6533061265945435,
              "ndcg_5": 0.5656467080116272,
              "top10_acc": 0.724768340587616,
              "ndcg_10": 0.5887883901596069,
              "best_epoch": 47
            }
          }
        },
        {
          "accuracy": 0.47534239292144775,
          "accuracy_macro": 0.10842355662378772,
          "f1": 0.0927266851067543,
          "f1_weighted": 0.4416828751564026,
          "mrr": 0.5629300475120544,
          "top5_acc": 0.6621749401092529,
          "ndcg_5": 0.5753170251846313,
          "top10_acc": 0.7280437350273132,
          "ndcg_10": 0.5966503620147705,
          "best_epoch": 42,
          "per_metric_best": {
            "accuracy": {
              "accuracy": 0.4765045940876007,
              "accuracy_macro": 0.10981870619631603,
              "f1": 0.09423305094242096,
              "f1_weighted": 0.44322746992111206,
              "mrr": 0.5638807415962219,
              "top5_acc": 0.6619550585746765,
              "ndcg_5": 0.5759444236755371,
              "top10_acc": 0.7279180884361267,
              "ndcg_10": 0.5973120331764221,
              "best_epoch": 44
            },
            "top5_acc": {
              "accuracy": 0.47480839490890503,
              "accuracy_macro": 0.10756876641591827,
              "f1": 0.09173350781202316,
              "f1_weighted": 0.44194942712783813,
              "mrr": 0.5631259083747864,
              "top5_acc": 0.6623947620391846,
              "ndcg_5": 0.5755364894866943,
              "top10_acc": 0.72798091173172,
              "ndcg_10": 0.5967966318130493,
              "best_epoch": 46
            },
            "top10_acc": {
              "accuracy": 0.47534239292144775,
              "accuracy_macro": 0.10842355662378772,
              "f1": 0.0927266851067543,
              "f1_weighted": 0.4416828751564026,
              "mrr": 0.5629300475120544,
              "top5_acc": 0.6621749401092529,
              "ndcg_5": 0.5753170251846313,
              "top10_acc": 0.7280437350273132,
              "ndcg_10": 0.5966503620147705,
              "best_epoch": 42
            },
            "mrr": {
              "accuracy": 0.4765045940876007,
              "accuracy_macro": 0.10981870619631603,
              "f1": 0.09423305094242096,