{
  "state": "georgia",
  "folds": 5,
  "epochs": 50,
  "seed": 42,
  "input_type": "region",
  "n_regions": 2282,
  "heads": {
    "next_stan_flow": {
      "per_fold": [
        {
          "accuracy": 0.2806802988052368,
          "accuracy_macro": 0.0955544415278253,
          "f1": 0.07761719822883606,
          "f1_weighted": 0.2477300465106964,
          "mrr": 0.38156041502952576,
          "top5_acc": 0.4917741119861603,
          "ndcg_5": 0.3916339576244354,
          "top10_acc": 0.5849266648292542,
          "ndcg_10": 0.42176610231399536,
          "best_epoch": 37,
          "per_metric_best": {
            "accuracy": {
              "accuracy": 0.2831258475780487,
              "accuracy_macro": 0.09202706968629515,
              "f1": 0.0740324854850769,
              "f1_weighted": 0.2460307776927948,
              "mrr": 0.38252782821655273,
              "top5_acc": 0.48877277970314026,
              "ndcg_5": 0.3915935158729553,
              "top10_acc": 0.5809248685836792,
              "ndcg_10": 0.4214878976345062,
              "best_epoch": 29
            },
            "top5_acc": {
              "accuracy": 0.2821253836154938,
              "accuracy_macro": 0.09858995488423124,
              "f1": 0.08055572956800461,
              "f1_weighted": 0.24930432438850403,
              "mrr": 0.3817760646343231,
              "top5_acc": 0.4926634132862091,
              "ndcg_5": 0.392097532749176,
              "top10_acc": 0.5833703875541687,
              "ndcg_10": 0.4213862717151642,
              "best_epoch": 45
            },
            "top10_acc": {
              "accuracy": 0.2806802988052368,
              "accuracy_macro": 0.0955544415278253,
              "f1": 0.07761719822883606,
              "f1_weighted": 0.2477300465106964,
              "mrr": 0.38156041502952576,
              "top5_acc": 0.4917741119861603,
              "ndcg_5": 0.3916339576244354,
              "top10_acc": 0.5849266648292542,
              "ndcg_10": 0.42176610231399536,
              "best_epoch": 37
            },
            "mrr": {
              "accuracy": 0.2831258475780487,
              "accuracy_macro": 0.09202706968629515,
              "f1": 0.0740324854850769,
              "f1_weighted": 0.2460307776927948,
              "mrr": 0.38252782821655273,
              "top5_acc": 0.48877277970314026,
              "ndcg_5": 0.3915935158729553,
              "top10_acc": 0.5809248685836792,
              "ndcg_10": 0.4214878976345062,
              "best_epoch": 29
            },
            "f1": {
              "accuracy": 0.282347708940506,
              "accuracy_macro": 0.10009987123550908,
              "f1": 0.08137544989585876,
              "f1_weighted": 0.24994850158691406,
              "mrr": 0.3818151354789734,
              "top5_acc": 0.49155181646347046,
              "ndcg_5": 0.3917290270328522,
              "top10_acc": 0.5829257369041443,
              "ndcg_10": 0.42129161953926086,
              "best_epoch": 50
            }
          }
        },
        {
          "accuracy": 0.27415230870246887,
          "accuracy_macro": 0.09565407357564787,
          "f1": 0.07896091043949127,
          "f1_weighted": 0.24022802710533142,
          "mrr": 0.37157294154167175,
          "top5_acc": 0.4739299416542053,
          "ndcg_5": 0.37975504994392395,
          "top10_acc": 0.5646470189094543,
          "ndcg_10": 0.40900763869285583,
          "best_epoch": 40,
          "per_metric_best": {
            "accuracy": {
              "accuracy": 0.27670928835868835,
              "accuracy_macro": 0.09410914040396734,
              "f1": 0.07763443887233734,
              "f1_weighted": 0.2406023144721985,
              "mrr": 0.37301430106163025,
              "top5_acc": 0.4779321849346161,
              "ndcg_5": 0.3823856711387634,
              "top10_acc": 0.5614230036735535,
              "ndcg_10": 0.40928301215171814,
              "best_epoch": 33
            },
            "top5_acc": {
              "accuracy": 0.27670928835868835,
              "accuracy_macro": 0.09410914040396734,
              "f1": 0.07763443887233734,
              "f1_weighted": 0.2406023144721985,
              "mrr": 0.37301430106163025,
              "top5_acc": 0.4779321849346161,
              "ndcg_5": 0.3823856711387634,
              "top10_acc": 0.5614230036735535,
              "ndcg_10": 0.40928301215171814,
              "best_epoch": 33
            },
            "top10_acc": {
              "accuracy": 0.27415230870246887,
              "accuracy_macro": 0.09565407357564787,
              "f1": 0.07896091043949127,
              "f1_weighted": 0.24022802710533142,
              "mrr": 0.37157294154167175,
              "top5_acc": 0.4739299416542053,
              "ndcg_5": 0.37975504994392395,
              "top10_acc": 0.5646470189094543,
              "ndcg_10": 0.40900763869285583,
              "best_epoch": 40
            },
            "mrr": {
              "accuracy": 0.27670928835868835,
              "accuracy_macro": 0.09410914040396734,
              "f1": 0.07763443887233734,
              "f1_weighted": 0.2406023144721985,
              "mrr": 0.37301430106163025,
              "top5_acc": 0.4779321849346161,
              "ndcg_5": 0.3823856711387634,
              "top10_acc": 0.5614230036735535,
              "ndcg_10": 0.40928301215171814,
              "best_epoch": 33
            },
            "f1": {
              "accuracy": 0.27448582649230957,
              "accuracy_macro": 0.09735147119537602,
              "f1": 0.08128420263528824,
              "f1_weighted": 0.2407953143119812,
              "mrr": 0.37236714363098145,
              "top5_acc": 0.4769316017627716,
              "ndcg_5": 0.3813971281051636,
              "top10_acc": 0.5624235272407532,
              "ndcg_10": 0.4090156555175781,
              "best_epoch": 42
            }
          }
        },
        {
          "accuracy": 0.2754557728767395,
          "accuracy_macro": 0.09380145867665608,
          "f1": 0.0760316252708435,
          "f1_weighted": 0.24395722150802612,
          "mrr": 0.3767204284667969,
          "top5_acc": 0.48866161704063416,
          "ndcg_5": 0.38722071051597595,
          "top10_acc": 0.5771453976631165,
          "ndcg_10": 0.4158678948879242,
          "best_epoch": 45,
          "per_metric_best": {
            "accuracy": {
              "accuracy": 0.27645620703697205,
              "accuracy_macro": 0.09074112282262105,
              "f1": 0.07351119071245193,
              "f1_weighted": 0.2439115345478058,
              "mrr": 0.37670403718948364,
              "top5_acc": 0.48677191138267517,
              "ndcg_5": 0.38665515184402466,
              "top10_acc": 0.5757003426551819,
              "ndcg_10": 0.4153871536254883,
              "best_epoch": 35
            },
            "top5_acc": {
              "accuracy": 0.2725655734539032,
              "accuracy_macro": 0.0911037524541219,
              "f1": 0.073063924908638,
              "f1_weighted": 0.24007409811019897,
              "mrr": 0.37459826469421387,
              "top5_acc": 0.48877277970314026,
              "ndcg_5": 0.38576585054397583,
              "top10_acc": 0.574699878692627,
              "ndcg_10": 0.4136168658733368,
              "best_epoch": 42
            },
            "top10_acc": {
              "accuracy": 0.2754557728767395,
              "accuracy_macro": 0.09380145867665608,
              "f1": 0.0760316252708435,
              "f1_weighted": 0.24395722150802612,
              "mrr": 0.3767204284667969,
              "top5_acc": 0.48866161704063416,
              "ndcg_5": 0.38722071051597595,
              "top10_acc": 0.5771453976631165,
              "ndcg_10": 0.4158678948879242,
              "best_epoch": 45
            },
            "mrr": {
              "accuracy": 0.2754557728767395,
              "accuracy_macro": 0.09380145867665608,