{
  "state": "florida",
  "folds": 5,
  "epochs": 50,
  "seed": 0,
  "input_type": "region",
  "n_regions": 4702,
  "heads": {
    "next_stan_flow": {
      "per_fold": [
        {
          "accuracy": 0.47928380966186523,
          "accuracy_macro": 0.12664936373119162,
          "f1": 0.10972338914871216,
          "f1_weighted": 0.44629037380218506,
          "mrr": 0.5600621700286865,
          "top5_acc": 0.650981605052948,
          "ndcg_5": 0.57157963514328,
          "top10_acc": 0.709502100944519,
          "ndcg_10": 0.5905482172966003,
          "best_epoch": 10,
          "per_metric_best": {
            "accuracy": {
              "accuracy": 0.483932763338089,
              "accuracy_macro": 0.1382770748769747,
              "f1": 0.12065620720386505,
              "f1_weighted": 0.46159523725509644,
              "mrr": 0.5602736473083496,
              "top5_acc": 0.6476519703865051,
              "ndcg_5": 0.5716292262077332,
              "top10_acc": 0.6995759606361389,
              "ndcg_10": 0.5884615182876587,
              "best_epoch": 14
            },
            "top5_acc": {
              "accuracy": 0.4811685383319855,
              "accuracy_macro": 0.13199093903478765,
              "f1": 0.11400832235813141,
              "f1_weighted": 0.4546634256839752,
              "mrr": 0.5607948303222656,
              "top5_acc": 0.6514841914176941,
              "ndcg_5": 0.572546124458313,
              "top10_acc": 0.706863522529602,
              "ndcg_10": 0.5904890298843384,
              "best_epoch": 11
            },
            "top10_acc": {
              "accuracy": 0.47928380966186523,
              "accuracy_macro": 0.12664936373119162,
              "f1": 0.10972338914871216,
              "f1_weighted": 0.44629037380218506,
              "mrr": 0.5600621700286865,
              "top5_acc": 0.650981605052948,
              "ndcg_5": 0.57157963514328,
              "top10_acc": 0.709502100944519,
              "ndcg_10": 0.5905482172966003,
              "best_epoch": 10
            },
            "mrr": {
              "accuracy": 0.4811685383319855,
              "accuracy_macro": 0.13199093903478765,
              "f1": 0.11400832235813141,
              "f1_weighted": 0.4546634256839752,
              "mrr": 0.5607948303222656,
              "top5_acc": 0.6514841914176941,
              "ndcg_5": 0.572546124458313,
              "top10_acc": 0.706863522529602,
              "ndcg_10": 0.5904890298843384,
              "best_epoch": 11
            },
            "f1": {
              "accuracy": 0.4822051227092743,
              "accuracy_macro": 0.136685107066996,
              "f1": 0.12138818204402924,
              "f1_weighted": 0.46259331703186035,
              "mrr": 0.5581032037734985,
              "top5_acc": 0.6435369849205017,
              "ndcg_5": 0.5689732432365417,
              "top10_acc": 0.6969059109687805,
              "ndcg_10": 0.5862680673599243,
              "best_epoch": 15
            }
          }
        },
        {
          "accuracy": 0.45385727286338806,
          "accuracy_macro": 0.10193947543845948,
          "f1": 0.08542091399431229,
          "f1_weighted": 0.41726410388946533,
          "mrr": 0.5354197025299072,
          "top5_acc": 0.6280626058578491,
          "ndcg_5": 0.5467749238014221,
          "top10_acc": 0.6886857748031616,
          "ndcg_10": 0.5664865374565125,
          "best_epoch": 9,
          "per_metric_best": {
            "accuracy": {
              "accuracy": 0.4611760377883911,
              "accuracy_macro": 0.11098461448629766,
              "f1": 0.09859432280063629,
              "f1_weighted": 0.43625617027282715,
              "mrr": 0.5377785563468933,
              "top5_acc": 0.6231310367584229,
              "ndcg_5": 0.5477544069290161,
              "top10_acc": 0.6798906922340393,
              "ndcg_10": 0.5661923885345459,
              "best_epoch": 13
            },
            "top5_acc": {
              "accuracy": 0.45285212993621826,
              "accuracy_macro": 0.10221383938163897,
              "f1": 0.08756986260414124,
              "f1_weighted": 0.4173581004142761,
              "mrr": 0.5353290438652039,
              "top5_acc": 0.6282824873924255,
              "ndcg_5": 0.5470771193504333,
              "top10_acc": 0.6861100792884827,
              "ndcg_10": 0.5658556222915649,
              "best_epoch": 10
            },
            "top10_acc": {
              "accuracy": 0.45385727286338806,
              "accuracy_macro": 0.10193947543845948,
              "f1": 0.08542091399431229,
              "f1_weighted": 0.41726410388946533,
              "mrr": 0.5354197025299072,
              "top5_acc": 0.6280626058578491,
              "ndcg_5": 0.5467749238014221,
              "top10_acc": 0.6886857748031616,
              "ndcg_10": 0.5664865374565125,
              "best_epoch": 9
            },
            "mrr": {
              "accuracy": 0.45988819003105164,
              "accuracy_macro": 0.10703041876537465,
              "f1": 0.09254606068134308,
              "f1_weighted": 0.4306633174419403,
              "mrr": 0.5388602614402771,
              "top5_acc": 0.6275914311408997,
              "ndcg_5": 0.5495424866676331,
              "top10_acc": 0.6855760812759399,
              "ndcg_10": 0.5682975053787231,
              "best_epoch": 11
            },
            "f1": {
              "accuracy": 0.4611760377883911,
              "accuracy_macro": 0.11098461448629766,
              "f1": 0.09859432280063629,
              "f1_weighted": 0.43625617027282715,
              "mrr": 0.5377785563468933,
              "top5_acc": 0.6231310367584229,
              "ndcg_5": 0.5477544069290161,
              "top10_acc": 0.6798906922340393,
              "ndcg_10": 0.5661923885345459,
              "best_epoch": 13
            }
          }
        },
        {
          "accuracy": 0.46816396713256836,
          "accuracy_macro": 0.10646280509576429,
          "f1": 0.08855865895748138,
          "f1_weighted": 0.4243457317352295,
          "mrr": 0.5508569478988647,
          "top5_acc": 0.6457358002662659,
          "ndcg_5": 0.5629453659057617,
          "top10_acc": 0.7073032855987549,
          "ndcg_10": 0.5829215049743652,
          "best_epoch": 8,
          "per_metric_best": {
            "accuracy": {
              "accuracy": 0.48063451051712036,
              "accuracy_macro": 0.12285243351587094,
              "f1": 0.10861854255199432,
              "f1_weighted": 0.4545234739780426,
              "mrr": 0.5590541362762451,
              "top5_acc": 0.6457043886184692,
              "ndcg_5": 0.5695241093635559,
              "top10_acc": 0.7027485370635986,
              "ndcg_10": 0.5880485773086548,
              "best_epoch": 12
            },
            "top5_acc": {
              "accuracy": 0.475357323884964,
              "accuracy_macro": 0.11923093189785232,
              "f1": 0.10256480425596237,
              "f1_weighted": 0.4442700147628784,
              "mrr": 0.5554383993148804,
              "top5_acc": 0.6470865607261658,
              "ndcg_5": 0.5670017004013062,
              "top10_acc": 0.7055128216743469,
              "ndcg_10": 0.5859419107437134,
              "best_epoch": 10
            },
            "top10_acc": {
              "accuracy": 0.46816396713256836,
              "accuracy_macro": 0.10646280509576429,
              "f1": 0.08855865895748138,
              "f1_weighted": 0.4243457317352295,
              "mrr": 0.5508569478988647,
              "top5_acc": 0.6457358002662659,
              "ndcg_5": 0.5629453659057617,
              "top10_acc": 0.7073032855987549,
              "ndcg_10": 0.5829215049743652,
              "best_epoch": 8
            },
            "mrr": {
              "accuracy": 0.48063451051712036,
              "accuracy_macro": 0.12285243351587094,
              "f1": 0.10861854255199432,