{
  "state": "arizona",
  "folds": 5,
  "epochs": 50,
  "seed": 42,
  "input_type": "region",
  "n_regions": 1540,
  "heads": {
    "next_stan_flow": {
      "per_fold": [
        {
          "accuracy": 0.2612237334251404,
          "accuracy_macro": 0.09158334108156578,
          "f1": 0.07512407749891281,
          "f1_weighted": 0.22963464260101318,
          "mrr": 0.3596927225589752,
          "top5_acc": 0.4648607671260834,
          "ndcg_5": 0.3674640357494354,
          "top10_acc": 0.5610911250114441,
          "ndcg_10": 0.3985440731048584,
          "best_epoch": 44,
          "per_metric_best": {
            "accuracy": {
              "accuracy": 0.2614131569862366,
              "accuracy_macro": 0.09611211279066281,
              "f1": 0.07817627489566803,
              "f1_weighted": 0.22887937724590302,
              "mrr": 0.3598622679710388,
              "top5_acc": 0.46182990074157715,
              "ndcg_5": 0.3667910695075989,
              "top10_acc": 0.5569236874580383,
              "ndcg_10": 0.39755043387413025,
              "best_epoch": 37
            },
            "top5_acc": {
              "accuracy": 0.2576245665550232,
              "accuracy_macro": 0.09275452127445433,
              "f1": 0.0756489560008049,
              "f1_weighted": 0.22592881321907043,
              "mrr": 0.35701051354408264,
              "top5_acc": 0.4690282344818115,
              "ndcg_5": 0.36699238419532776,
              "top10_acc": 0.5586285591125488,
              "ndcg_10": 0.39597925543785095,
              "best_epoch": 32
            },
            "top10_acc": {
              "accuracy": 0.2612237334251404,
              "accuracy_macro": 0.09158334108156578,
              "f1": 0.07512407749891281,
              "f1_weighted": 0.22963464260101318,
              "mrr": 0.3596927225589752,
              "top5_acc": 0.4648607671260834,
              "ndcg_5": 0.3674640357494354,
              "top10_acc": 0.5610911250114441,
              "ndcg_10": 0.3985440731048584,
              "best_epoch": 44
            },
            "mrr": {
              "accuracy": 0.2612237334251404,
              "accuracy_macro": 0.0924165513780382,
              "f1": 0.07538118958473206,
              "f1_weighted": 0.2298041135072708,
              "mrr": 0.3600568175315857,
              "top5_acc": 0.46505019068717957,
              "ndcg_5": 0.3677929937839508,
              "top10_acc": 0.5593862533569336,
              "ndcg_10": 0.39833149313926697,
              "best_epoch": 46
            },
            "f1": {
              "accuracy": 0.2614131569862366,
              "accuracy_macro": 0.09611211279066281,
              "f1": 0.07817627489566803,
              "f1_weighted": 0.22887937724590302,
              "mrr": 0.3598622679710388,
              "top5_acc": 0.46182990074157715,
              "ndcg_5": 0.3667910695075989,
              "top10_acc": 0.5569236874580383,
              "ndcg_10": 0.39755043387413025,
              "best_epoch": 37
            }
          }
        },
        {
          "accuracy": 0.2758098244667053,
          "accuracy_macro": 0.10296743349853225,
          "f1": 0.08616892248392105,
          "f1_weighted": 0.23918424546718597,
          "mrr": 0.3726772665977478,
          "top5_acc": 0.4730062484741211,
          "ndcg_5": 0.3800481855869293,
          "top10_acc": 0.5627959966659546,
          "ndcg_10": 0.40901392698287964,
          "best_epoch": 40,
          "per_metric_best": {
            "accuracy": {
              "accuracy": 0.2794089913368225,
              "accuracy_macro": 0.10383943921807004,
              "f1": 0.08720970898866653,
              "f1_weighted": 0.23832905292510986,
              "mrr": 0.37421584129333496,
              "top5_acc": 0.4694070816040039,
              "ndcg_5": 0.38001948595046997,
              "top10_acc": 0.5610911250114441,
              "ndcg_10": 0.40972861647605896,
              "best_epoch": 38
            },
            "top5_acc": {
              "accuracy": 0.2775146961212158,
              "accuracy_macro": 0.09498822935896582,
              "f1": 0.07764676958322525,
              "f1_weighted": 0.2301226705312729,
              "mrr": 0.37261584401130676,
              "top5_acc": 0.47584769129753113,
              "ndcg_5": 0.38157567381858826,
              "top10_acc": 0.5582496523857117,
              "ndcg_10": 0.40811386704444885,
              "best_epoch": 24
            },
            "top10_acc": {
              "accuracy": 0.2758098244667053,
              "accuracy_macro": 0.10296743349853225,
              "f1": 0.08616892248392105,
              "f1_weighted": 0.23918424546718597,
              "mrr": 0.3726772665977478,
              "top5_acc": 0.4730062484741211,
              "ndcg_5": 0.3800481855869293,
              "top10_acc": 0.5627959966659546,
              "ndcg_10": 0.40901392698287964,
              "best_epoch": 40
            },
            "mrr": {
              "accuracy": 0.27865126729011536,
              "accuracy_macro": 0.10383407520285129,
              "f1": 0.08690176159143448,
              "f1_weighted": 0.24102962017059326,
              "mrr": 0.37524276971817017,
              "top5_acc": 0.47395339608192444,
              "ndcg_5": 0.3823460638523102,
              "top10_acc": 0.5603334307670593,
              "ndcg_10": 0.4103974401950836,
              "best_epoch": 46
            },
            "f1": {
              "accuracy": 0.2763780951499939,
              "accuracy_macro": 0.10374425894947259,
              "f1": 0.08764073997735977,
              "f1_weighted": 0.23718830943107605,
              "mrr": 0.37157824635505676,
              "top5_acc": 0.4677022099494934,
              "ndcg_5": 0.3775378167629242,
              "top10_acc": 0.5552188158035278,
              "ndcg_10": 0.4059757888317108,
              "best_epoch": 31
            }
          }
        },
        {
          "accuracy": 0.2860390245914459,
          "accuracy_macro": 0.09513423342266981,
          "f1": 0.0804838091135025,
          "f1_weighted": 0.24879370629787445,
          "mrr": 0.37690985202789307,
          "top5_acc": 0.4724379777908325,
          "ndcg_5": 0.3833615481853485,
          "top10_acc": 0.5607122778892517,
          "ndcg_10": 0.411651611328125,
          "best_epoch": 35,
          "per_metric_best": {
            "accuracy": {
              "accuracy": 0.2898276150226593,
              "accuracy_macro": 0.10116643081476659,
              "f1": 0.0836036428809166,
              "f1_weighted": 0.2560231387615204,
              "mrr": 0.3792826235294342,
              "top5_acc": 0.47168025374412537,
              "ndcg_5": 0.3847750723361969,
              "top10_acc": 0.5607122778892517,
              "ndcg_10": 0.4134182333946228,
              "best_epoch": 46
            },
            "top5_acc": {
              "accuracy": 0.2847130298614502,
              "accuracy_macro": 0.09719071564850984,
              "f1": 0.0794195905327797,
              "f1_weighted": 0.2507859468460083,
              "mrr": 0.37664443254470825,
              "top5_acc": 0.4743322730064392,
              "ndcg_5": 0.3838554322719574,
              "top10_acc": 0.5580602288246155,
              "ndcg_10": 0.41076770424842834,
              "best_epoch": 41
            },
            "top10_acc": {
              "accuracy": 0.2860390245914459,
              "accuracy_macro": 0.09513423342266981,
              "f1": 0.0804838091135025,
              "f1_weighted": 0.24879370629787445,
              "mrr": 0.37690985202789307,
              "top5_acc": 0.4724379777908325,
              "ndcg_5": 0.3833615481853485,
              "top10_acc": 0.5607122778892517,
              "ndcg_10": 0.411651611328125,
              "best_epoch": 35
            },
            "mrr": {
              "accuracy": 0.2898276150226593,
              "accuracy_macro": 0.10116643081476659,