{
  "state": "florida",
  "folds": 5,
  "epochs": 50,
  "seed": 42,
  "input_type": "region",
  "n_regions": 4702,
  "heads": {
    "next_stan_flow": {
      "per_fold": [
        {
          "accuracy": 0.4793780446052551,
          "accuracy_macro": 0.13162569615848138,
          "f1": 0.11177004873752594,
          "f1_weighted": 0.45034104585647583,
          "mrr": 0.5710002779960632,
          "top5_acc": 0.6762996912002563,
          "ndcg_5": 0.5848034620285034,
          "top10_acc": 0.7471964955329895,
          "ndcg_10": 0.6077343225479126,
          "best_epoch": 46,
          "per_metric_best": {
            "accuracy": {
              "accuracy": 0.48032039403915405,
              "accuracy_macro": 0.1320787030895364,
              "f1": 0.11244752258062363,
              "f1_weighted": 0.4519748091697693,
              "mrr": 0.5714737772941589,
              "top5_acc": 0.6759227514266968,
              "ndcg_5": 0.5850520730018616,
              "top10_acc": 0.746128499507904,
              "ndcg_10": 0.6077920198440552,
              "best_epoch": 47
            },
            "top5_acc": {
              "accuracy": 0.4796607494354248,
              "accuracy_macro": 0.13219334568410532,
              "f1": 0.11336219310760498,
              "f1_weighted": 0.45050448179244995,
              "mrr": 0.5713300108909607,
              "top5_acc": 0.6764881610870361,
              "ndcg_5": 0.585196852684021,
              "top10_acc": 0.7454373836517334,
              "ndcg_10": 0.607511043548584,
              "best_epoch": 44
            },
            "top10_acc": {
              "accuracy": 0.4793780446052551,
              "accuracy_macro": 0.13162569615848138,
              "f1": 0.11177004873752594,
              "f1_weighted": 0.45034104585647583,
              "mrr": 0.5710002779960632,
              "top5_acc": 0.6762996912002563,
              "ndcg_5": 0.5848034620285034,
              "top10_acc": 0.7471964955329895,
              "ndcg_10": 0.6077343225479126,
              "best_epoch": 46
            },
            "mrr": {
              "accuracy": 0.48032039403915405,
              "accuracy_macro": 0.1320787030895364,
              "f1": 0.11244752258062363,
              "f1_weighted": 0.4519748091697693,
              "mrr": 0.5714737772941589,
              "top5_acc": 0.6759227514266968,
              "ndcg_5": 0.5850520730018616,
              "top10_acc": 0.746128499507904,
              "ndcg_10": 0.6077920198440552,
              "best_epoch": 47
            },
            "f1": {
              "accuracy": 0.4796607494354248,
              "accuracy_macro": 0.13219334568410532,
              "f1": 0.11336219310760498,
              "f1_weighted": 0.45050448179244995,
              "mrr": 0.5713300108909607,
              "top5_acc": 0.6764881610870361,
              "ndcg_5": 0.585196852684021,
              "top10_acc": 0.7454373836517334,
              "ndcg_10": 0.607511043548584,
              "best_epoch": 44
            }
          }
        },
        {
          "accuracy": 0.46907490491867065,
          "accuracy_macro": 0.10616721417286092,
          "f1": 0.09174884855747223,
          "f1_weighted": 0.43736502528190613,
          "mrr": 0.5590482354164124,
          "top5_acc": 0.6604994535446167,
          "ndcg_5": 0.5713292360305786,
          "top10_acc": 0.7336893081665039,
          "ndcg_10": 0.5950170159339905,
          "best_epoch": 48,
          "per_metric_best": {
            "accuracy": {
              "accuracy": 0.4693576395511627,
              "accuracy_macro": 0.10613206997039212,
              "f1": 0.09107664227485657,
              "f1_weighted": 0.4370294511318207,
              "mrr": 0.5593465566635132,
              "top5_acc": 0.6600911021232605,
              "ndcg_5": 0.5713911652565002,
              "top10_acc": 0.7334694266319275,
              "ndcg_10": 0.5951708555221558,
              "best_epoch": 43
            },
            "top5_acc": {
              "accuracy": 0.4692319631576538,
              "accuracy_macro": 0.10644604656272108,
              "f1": 0.09206074476242065,
              "f1_weighted": 0.43747204542160034,
              "mrr": 0.5592392683029175,
              "top5_acc": 0.6612847447395325,
              "ndcg_5": 0.5717477798461914,
              "top10_acc": 0.7331867218017578,
              "ndcg_10": 0.5950186252593994,
              "best_epoch": 47
            },
            "top10_acc": {
              "accuracy": 0.46907490491867065,
              "accuracy_macro": 0.10616721417286092,
              "f1": 0.09174884855747223,
              "f1_weighted": 0.43736502528190613,
              "mrr": 0.5590482354164124,
              "top5_acc": 0.6604994535446167,
              "ndcg_5": 0.5713292360305786,
              "top10_acc": 0.7336893081665039,
              "ndcg_10": 0.5950170159339905,
              "best_epoch": 48
            },
            "mrr": {
              "accuracy": 0.4693576395511627,
              "accuracy_macro": 0.10613206997039212,
              "f1": 0.09107664227485657,
              "f1_weighted": 0.4370294511318207,
              "mrr": 0.5593465566635132,
              "top5_acc": 0.6600911021232605,
              "ndcg_5": 0.5713911652565002,
              "top10_acc": 0.7334694266319275,
              "ndcg_10": 0.5951708555221558,
              "best_epoch": 43
            },
            "f1": {
              "accuracy": 0.4691377282142639,
              "accuracy_macro": 0.10670447383366578,
              "f1": 0.09207906574010849,
              "f1_weighted": 0.43741971254348755,
              "mrr": 0.5591643452644348,
              "top5_acc": 0.660813570022583,
              "ndcg_5": 0.5715211033821106,
              "top10_acc": 0.7335008382797241,
              "ndcg_10": 0.5950489044189453,
              "best_epoch": 49
            }
          }
        },
        {
          "accuracy": 0.4818444550037384,
          "accuracy_macro": 0.1198475861395245,
          "f1": 0.10397207736968994,
          "f1_weighted": 0.4519890248775482,
          "mrr": 0.5704657435417175,
          "top5_acc": 0.6699962615966797,
          "ndcg_5": 0.5828182697296143,
          "top10_acc": 0.7390689849853516,
          "ndcg_10": 0.6051421165466309,
          "best_epoch": 46,
          "per_metric_best": {
            "accuracy": {
              "accuracy": 0.4826297461986542,
              "accuracy_macro": 0.1205415034074949,
              "f1": 0.10464663803577423,
              "f1_weighted": 0.45214515924453735,
              "mrr": 0.5706455707550049,
              "top5_acc": 0.6693994402885437,
              "ndcg_5": 0.58278489112854,
              "top10_acc": 0.7387862801551819,
              "ndcg_10": 0.6052152514457703,
              "best_epoch": 40
            },
            "top5_acc": {
              "accuracy": 0.48149895668029785,
              "accuracy_macro": 0.11824192887645657,
              "f1": 0.10199552774429321,
              "f1_weighted": 0.4524194002151489,
              "mrr": 0.56999272108078,
              "top5_acc": 0.6702475547790527,
              "ndcg_5": 0.58258056640625,
              "top10_acc": 0.738440752029419,
              "ndcg_10": 0.6046642065048218,
              "best_epoch": 39
            },
            "top10_acc": {
              "accuracy": 0.4818444550037384,
              "accuracy_macro": 0.1198475861395245,
              "f1": 0.10397207736968994,
              "f1_weighted": 0.4519890248775482,
              "mrr": 0.5704657435417175,
              "top5_acc": 0.6699962615966797,
              "ndcg_5": 0.5828182697296143,
              "top10_acc": 0.7390689849853516,
              "ndcg_10": 0.6051421165466309,
              "best_epoch": 46
            },
            "mrr": {
              "accuracy": 0.48240986466407776,
              "accuracy_macro": 0.11963563608629056,
              "f1": 0.10344567894935608,