{
  "state": "alabama",
  "folds": 5,
  "epochs": 50,
  "seed": 42,
  "input_type": "region",
  "n_regions": 1109,
  "heads": {
    "next_getnext_hard": {
      "per_fold": [
        {
          "accuracy": 0.2549019753932953,
          "accuracy_macro": 0.09534761094555412,
          "f1": 0.08563036471605301,
          "f1_weighted": 0.2260662317276001,
          "mrr": 0.3638744652271271,
          "top5_acc": 0.4852941334247589,
          "ndcg_5": 0.37443438172340393,
          "top10_acc": 0.5890523195266724,
          "ndcg_10": 0.40761804580688477,
          "best_epoch": 42,
          "per_metric_best": {
            "accuracy": {
              "accuracy": 0.2589869201183319,
              "accuracy_macro": 0.0979569182266522,
              "f1": 0.0889618769288063,
              "f1_weighted": 0.22917209565639496,
              "mrr": 0.3642973005771637,
              "top5_acc": 0.4730392098426819,
              "ndcg_5": 0.3712557554244995,
              "top10_acc": 0.5747548937797546,
              "ndcg_10": 0.40429529547691345,
              "best_epoch": 32
            },
            "top5_acc": {
              "accuracy": 0.2557189464569092,
              "accuracy_macro": 0.09672436616858658,
              "f1": 0.08695518970489502,
              "f1_weighted": 0.2261982560157776,
              "mrr": 0.3665598928928375,
              "top5_acc": 0.48978757858276367,
              "ndcg_5": 0.37801820039749146,
              "top10_acc": 0.5861928462982178,
              "ndcg_10": 0.4091680645942688,
              "best_epoch": 44
            },
            "top10_acc": {
              "accuracy": 0.2549019753932953,
              "accuracy_macro": 0.09534761094555412,
              "f1": 0.08563036471605301,
              "f1_weighted": 0.2260662317276001,
              "mrr": 0.3638744652271271,
              "top5_acc": 0.4852941334247589,
              "ndcg_5": 0.37443438172340393,
              "top10_acc": 0.5890523195266724,
              "ndcg_10": 0.40761804580688477,
              "best_epoch": 42
            },
            "mrr": {
              "accuracy": 0.25531044602394104,
              "accuracy_macro": 0.0964529607713837,
              "f1": 0.0856955349445343,
              "f1_weighted": 0.22570174932479858,
              "mrr": 0.3666631579399109,
              "top5_acc": 0.48937907814979553,
              "ndcg_5": 0.3781432807445526,
              "top10_acc": 0.5808823704719543,
              "ndcg_10": 0.40781986713409424,
              "best_epoch": 45
            },
            "f1": {
              "accuracy": 0.2589869201183319,
              "accuracy_macro": 0.0979569182266522,
              "f1": 0.0889618769288063,
              "f1_weighted": 0.22917209565639496,
              "mrr": 0.3642973005771637,
              "top5_acc": 0.4730392098426819,
              "ndcg_5": 0.3712557554244995,
              "top10_acc": 0.5747548937797546,
              "ndcg_10": 0.40429529547691345,
              "best_epoch": 32
            }
          }
        },
        {
          "accuracy": 0.2577962577342987,
          "accuracy_macro": 0.08586593534125657,
          "f1": 0.07256435602903366,
          "f1_weighted": 0.23117958009243011,
          "mrr": 0.37078532576560974,
          "top5_acc": 0.4956341087818146,
          "ndcg_5": 0.3823925256729126,
          "top10_acc": 0.6000000238418579,
          "ndcg_10": 0.41616836190223694,
          "best_epoch": 40,
          "per_metric_best": {
            "accuracy": {
              "accuracy": 0.26361748576164246,
              "accuracy_macro": 0.09284841686676219,
              "f1": 0.0791190043091774,
              "f1_weighted": 0.2312907576560974,
              "mrr": 0.3728829026222229,
              "top5_acc": 0.48731809854507446,
              "ndcg_5": 0.38149988651275635,
              "top10_acc": 0.5900208353996277,
              "ndcg_10": 0.414773553609848,
              "best_epoch": 33
            },
            "top5_acc": {
              "accuracy": 0.25696465373039246,
              "accuracy_macro": 0.08574199086612033,
              "f1": 0.07335370033979416,
              "f1_weighted": 0.23409393429756165,
              "mrr": 0.3706962466239929,
              "top5_acc": 0.4956341087818146,
              "ndcg_5": 0.38262537121772766,
              "top10_acc": 0.5912682414054871,
              "ndcg_10": 0.41360124945640564,
              "best_epoch": 37
            },
            "top10_acc": {
              "accuracy": 0.2577962577342987,
              "accuracy_macro": 0.08586593534125657,
              "f1": 0.07256435602903366,
              "f1_weighted": 0.23117958009243011,
              "mrr": 0.37078532576560974,
              "top5_acc": 0.4956341087818146,
              "ndcg_5": 0.3823925256729126,
              "top10_acc": 0.6000000238418579,
              "ndcg_10": 0.41616836190223694,
              "best_epoch": 40
            },
            "mrr": {
              "accuracy": 0.2611226737499237,
              "accuracy_macro": 0.09267824985941903,
              "f1": 0.07701965421438217,
              "f1_weighted": 0.23417818546295166,
              "mrr": 0.3738652765750885,
              "top5_acc": 0.49355509877204895,
              "ndcg_5": 0.38400107622146606,
              "top10_acc": 0.5941787958145142,
              "ndcg_10": 0.41644546389579773,
              "best_epoch": 44
            },
            "f1": {
              "accuracy": 0.26361748576164246,
              "accuracy_macro": 0.09284841686676219,
              "f1": 0.0791190043091774,
              "f1_weighted": 0.2312907576560974,
              "mrr": 0.3728829026222229,
              "top5_acc": 0.48731809854507446,
              "ndcg_5": 0.38149988651275635,
              "top10_acc": 0.5900208353996277,
              "ndcg_10": 0.414773553609848,
              "best_epoch": 33
            }
          }
        },
        {
          "accuracy": 0.28173375129699707,
          "accuracy_macro": 0.10341648533525626,
          "f1": 0.08125468343496323,
          "f1_weighted": 0.22382287681102753,
          "mrr": 0.4019034504890442,
          "top5_acc": 0.5471432209014893,
          "ndcg_5": 0.4206326901912689,
          "top10_acc": 0.6439628601074219,
          "ndcg_10": 0.45211538672447205,
          "best_epoch": 21,
          "per_metric_best": {
            "accuracy": {
              "accuracy": 0.28792569041252136,
              "accuracy_macro": 0.10500984261633055,
              "f1": 0.08545561134815216,
              "f1_weighted": 0.24245931208133698,
              "mrr": 0.40820780396461487,
              "top5_acc": 0.5460174679756165,
              "ndcg_5": 0.4252595603466034,
              "top10_acc": 0.6400225162506104,
              "ndcg_10": 0.4557332396507263,
              "best_epoch": 27
            },
            "top5_acc": {
              "accuracy": 0.2803264856338501,
              "accuracy_macro": 0.10242235746315058,
              "f1": 0.08584608882665634,
              "f1_weighted": 0.23869910836219788,
              "mrr": 0.4043848216533661,
              "top5_acc": 0.5502392053604126,
              "ndcg_5": 0.4237940311431885,
              "top10_acc": 0.6388967037200928,
              "ndcg_10": 0.4524590075016022,
              "best_epoch": 31
            },
            "top10_acc": {
              "accuracy": 0.28173375129699707,
              "accuracy_macro": 0.10341648533525626,
              "f1": 0.08125468343496323,
              "f1_weighted": 0.22382287681102753,
              "mrr": 0.4019034504890442,
              "top5_acc": 0.5471432209014893,
              "ndcg_5": 0.4206326901912689,
              "top10_acc": 0.6439628601074219,
              "ndcg_10": 0.45211538672447205,
              "best_epoch": 21
            },
            "mrr": {
              "accuracy": 0.28792569041252136,
              "accuracy_macro": 0.10500984261633055,