{
  "state": "alabama",
  "folds": 5,
  "epochs": 50,
  "seed": 42,
  "input_type": "region",
  "n_regions": 1109,
  "heads": {
    "next_stan_flow": {
      "per_fold": [
        {
          "accuracy": 0.2816679775714874,
          "accuracy_macro": 0.09862615877227464,
          "f1": 0.07117532193660736,
          "f1_weighted": 0.2265785038471222,
          "mrr": 0.40175798535346985,
          "top5_acc": 0.5357986092567444,
          "ndcg_5": 0.4167642891407013,
          "top10_acc": 0.6392604112625122,
          "ndcg_10": 0.4501760005950928,
          "best_epoch": 46,
          "per_metric_best": {
            "accuracy": {
              "accuracy": 0.28284814953804016,
              "accuracy_macro": 0.09910402757816594,
              "f1": 0.07106097042560577,
              "f1_weighted": 0.22570660710334778,
              "mrr": 0.4030981659889221,
              "top5_acc": 0.5373721718788147,
              "ndcg_5": 0.4184492528438568,
              "top10_acc": 0.6353265047073364,
              "ndcg_10": 0.4501212537288666,
              "best_epoch": 45
            },
            "top5_acc": {
              "accuracy": 0.2789142429828644,
              "accuracy_macro": 0.09760810146812632,
              "f1": 0.06942879408597946,
              "f1_weighted": 0.22065909206867218,
              "mrr": 0.40096476674079895,
              "top5_acc": 0.5397325158119202,
              "ndcg_5": 0.41777387261390686,
              "top10_acc": 0.6353265047073364,
              "ndcg_10": 0.4485877454280853,
              "best_epoch": 44
            },
            "top10_acc": {
              "accuracy": 0.2816679775714874,
              "accuracy_macro": 0.09862615877227464,
              "f1": 0.07117532193660736,
              "f1_weighted": 0.2265785038471222,
              "mrr": 0.40175798535346985,
              "top5_acc": 0.5357986092567444,
              "ndcg_5": 0.4167642891407013,
              "top10_acc": 0.6392604112625122,
              "ndcg_10": 0.4501760005950928,
              "best_epoch": 46
            },
            "mrr": {
              "accuracy": 0.28284814953804016,
              "accuracy_macro": 0.09910402757816594,
              "f1": 0.07106097042560577,
              "f1_weighted": 0.22570660710334778,
              "mrr": 0.4030981659889221,
              "top5_acc": 0.5373721718788147,
              "ndcg_5": 0.4184492528438568,
              "top10_acc": 0.6353265047073364,
              "ndcg_10": 0.4501212537288666,
              "best_epoch": 45
            },
            "f1": {
              "accuracy": 0.2816679775714874,
              "accuracy_macro": 0.09862615877227464,
              "f1": 0.07117532193660736,
              "f1_weighted": 0.2265785038471222,
              "mrr": 0.40175798535346985,
              "top5_acc": 0.5357986092567444,
              "ndcg_5": 0.4167642891407013,
              "top10_acc": 0.6392604112625122,
              "ndcg_10": 0.4501760005950928,
              "best_epoch": 46
            }
          }
        },
        {
          "accuracy": 0.2557041645050049,
          "accuracy_macro": 0.08717237316999313,
          "f1": 0.06773786246776581,
          "f1_weighted": 0.20265281200408936,
          "mrr": 0.3756793737411499,
          "top5_acc": 0.5023603439331055,
          "ndcg_5": 0.386566698551178,
          "top10_acc": 0.620771050453186,
          "ndcg_10": 0.4250103235244751,
          "best_epoch": 47,
          "per_metric_best": {
            "accuracy": {
              "accuracy": 0.2608182430267334,
              "accuracy_macro": 0.09230542440393831,
              "f1": 0.07104111462831497,
              "f1_weighted": 0.20702773332595825,
              "mrr": 0.37818193435668945,
              "top5_acc": 0.5019669532775879,
              "ndcg_5": 0.3884470760822296,
              "top10_acc": 0.6184107065200806,
              "ndcg_10": 0.42636215686798096,
              "best_epoch": 41
            },
            "top5_acc": {
              "accuracy": 0.25295042991638184,
              "accuracy_macro": 0.08813448729944844,
              "f1": 0.0686919316649437,
              "f1_weighted": 0.20138347148895264,
              "mrr": 0.3739323914051056,
              "top5_acc": 0.5043272972106934,
              "ndcg_5": 0.3861696422100067,
              "top10_acc": 0.6188040971755981,
              "ndcg_10": 0.42325571179389954,
              "best_epoch": 43
            },
            "top10_acc": {
              "accuracy": 0.2557041645050049,
              "accuracy_macro": 0.08717237316999313,
              "f1": 0.06773786246776581,
              "f1_weighted": 0.20265281200408936,
              "mrr": 0.3756793737411499,
              "top5_acc": 0.5023603439331055,
              "ndcg_5": 0.386566698551178,
              "top10_acc": 0.620771050453186,
              "ndcg_10": 0.4250103235244751,
              "best_epoch": 47
            },
            "mrr": {
              "accuracy": 0.2608182430267334,
              "accuracy_macro": 0.09230542440393831,
              "f1": 0.07104111462831497,
              "f1_weighted": 0.20702773332595825,
              "mrr": 0.37818193435668945,
              "top5_acc": 0.5019669532775879,
              "ndcg_5": 0.3884470760822296,
              "top10_acc": 0.6184107065200806,
              "ndcg_10": 0.42636215686798096,
              "best_epoch": 41
            },
            "f1": {
              "accuracy": 0.2608182430267334,
              "accuracy_macro": 0.09230542440393831,
              "f1": 0.07104111462831497,
              "f1_weighted": 0.20702773332595825,
              "mrr": 0.37818193435668945,
              "top5_acc": 0.5019669532775879,
              "ndcg_5": 0.3884470760822296,
              "top10_acc": 0.6184107065200806,
              "ndcg_10": 0.42636215686798096,
              "best_epoch": 41
            }
          }
        },
        {
          "accuracy": 0.24704957008361816,
          "accuracy_macro": 0.10463745840664568,
          "f1": 0.07468488812446594,
          "f1_weighted": 0.19093556702136993,
          "mrr": 0.3761935234069824,
          "top5_acc": 0.510228157043457,
          "ndcg_5": 0.3882156014442444,
          "top10_acc": 0.6369000673294067,
          "ndcg_10": 0.4293938875198364,
          "best_epoch": 40,
          "per_metric_best": {
            "accuracy": {
              "accuracy": 0.26199841499328613,
              "accuracy_macro": 0.106979711731868,
              "f1": 0.07693278044462204,
              "f1_weighted": 0.20538774132728577,
              "mrr": 0.38210245966911316,
              "top5_acc": 0.5106215476989746,
              "ndcg_5": 0.3929857909679413,
              "top10_acc": 0.6270653009414673,
              "ndcg_10": 0.4309536814689636,
              "best_epoch": 37
            },
            "top5_acc": {
              "accuracy": 0.25806450843811035,
              "accuracy_macro": 0.1057094997829861,
              "f1": 0.07624673843383789,
              "f1_weighted": 0.20274904370307922,
              "mrr": 0.3817737102508545,
              "top5_acc": 0.5165224075317383,
              "ndcg_5": 0.3948558270931244,
              "top10_acc": 0.6317859888076782,
              "ndcg_10": 0.43213486671447754,
              "best_epoch": 44
            },
            "top10_acc": {
              "accuracy": 0.24704957008361816,
              "accuracy_macro": 0.10463745840664568,
              "f1": 0.07468488812446594,
              "f1_weighted": 0.19093556702136993,
              "mrr": 0.3761935234069824,
              "top5_acc": 0.510228157043457,
              "ndcg_5": 0.3882156014442444,
              "top10_acc": 0.6369000673294067,
              "ndcg_10": 0.4293938875198364,
              "best_epoch": 40
            },
            "mrr": {
              "accuracy": 0.26003146171569824,
              "accuracy_macro": 0.10612028388566869,