{
  "state": "alabama",
  "folds": 5,
  "epochs": 50,
  "seed": 42,
  "input_type": "region",
  "n_regions": 1109,
  "heads": {
    "next_stan_flow": {
      "per_fold": [
        {
          "accuracy": 0.24586939811706543,
          "accuracy_macro": 0.08504796181955646,
          "f1": 0.05839933454990387,
          "f1_weighted": 0.18136900663375854,
          "mrr": 0.37701210379600525,
          "top5_acc": 0.5279307961463928,
          "ndcg_5": 0.3951702117919922,
          "top10_acc": 0.6408339738845825,
          "ndcg_10": 0.43172505497932434,
          "best_epoch": 41,
          "per_metric_best": {
            "accuracy": {
              "accuracy": 0.24586939811706543,
              "accuracy_macro": 0.08504796181955646,
              "f1": 0.05839933454990387,
              "f1_weighted": 0.18136900663375854,
              "mrr": 0.37701210379600525,
              "top5_acc": 0.5279307961463928,
              "ndcg_5": 0.3951702117919922,
              "top10_acc": 0.6408339738845825,
              "ndcg_10": 0.43172505497932434,
              "best_epoch": 41
            },
            "top5_acc": {
              "accuracy": 0.24075531959533691,
              "accuracy_macro": 0.08292678306842673,
              "f1": 0.05557730421423912,
              "f1_weighted": 0.17737601697444916,
              "mrr": 0.3753574788570404,
              "top5_acc": 0.531471312046051,
              "ndcg_5": 0.3949853777885437,
              "top10_acc": 0.6392604112625122,
              "ndcg_10": 0.43010932207107544,
              "best_epoch": 45
            },
            "top10_acc": {
              "accuracy": 0.24586939811706543,
              "accuracy_macro": 0.08504796181955646,
              "f1": 0.05839933454990387,
              "f1_weighted": 0.18136900663375854,
              "mrr": 0.37701210379600525,
              "top5_acc": 0.5279307961463928,
              "ndcg_5": 0.3951702117919922,
              "top10_acc": 0.6408339738845825,
              "ndcg_10": 0.43172505497932434,
              "best_epoch": 41
            },
            "mrr": {
              "accuracy": 0.2446892261505127,
              "accuracy_macro": 0.08372977260867925,
              "f1": 0.05607607960700989,
              "f1_weighted": 0.17925328016281128,
              "mrr": 0.37758389115333557,
              "top5_acc": 0.5302911400794983,
              "ndcg_5": 0.3962399363517761,
              "top10_acc": 0.6392604112625122,
              "ndcg_10": 0.4317467510700226,
              "best_epoch": 48
            },
            "f1": {
              "accuracy": 0.24508261680603027,
              "accuracy_macro": 0.08682169585392394,
              "f1": 0.05914944410324097,
              "f1_weighted": 0.18124951422214508,
              "mrr": 0.3768570125102997,
              "top5_acc": 0.5279307961463928,
              "ndcg_5": 0.3950154483318329,
              "top10_acc": 0.6396538019180298,
              "ndcg_10": 0.4313145577907562,
              "best_epoch": 40
            }
          }
        },
        {
          "accuracy": 0.22619985044002533,
          "accuracy_macro": 0.07198898415816457,
          "f1": 0.04930425062775612,
          "f1_weighted": 0.16873666644096375,
          "mrr": 0.3542088270187378,
          "top5_acc": 0.4964594841003418,
          "ndcg_5": 0.3681638836860657,
          "top10_acc": 0.6152635812759399,
          "ndcg_10": 0.40668785572052,
          "best_epoch": 46,
          "per_metric_best": {
            "accuracy": {
              "accuracy": 0.23485444486141205,
              "accuracy_macro": 0.0752978555956601,
              "f1": 0.05259307473897934,
              "f1_weighted": 0.1743777096271515,
              "mrr": 0.3582213521003723,
              "top5_acc": 0.48977184295654297,
              "ndcg_5": 0.36914053559303284,
              "top10_acc": 0.6121164560317993,
              "ndcg_10": 0.4088895916938782,
              "best_epoch": 40
            },
            "top5_acc": {
              "accuracy": 0.22619985044002533,
              "accuracy_macro": 0.07198898415816457,
              "f1": 0.04930425062775612,
              "f1_weighted": 0.16873666644096375,
              "mrr": 0.3542088270187378,
              "top5_acc": 0.4964594841003418,
              "ndcg_5": 0.3681638836860657,
              "top10_acc": 0.6152635812759399,
              "ndcg_10": 0.40668785572052,
              "best_epoch": 46
            },
            "top10_acc": {
              "accuracy": 0.22619985044002533,
              "accuracy_macro": 0.07198898415816457,
              "f1": 0.04930425062775612,
              "f1_weighted": 0.16873666644096375,
              "mrr": 0.3542088270187378,
              "top5_acc": 0.4964594841003418,
              "ndcg_5": 0.3681638836860657,
              "top10_acc": 0.6152635812759399,
              "ndcg_10": 0.40668785572052,
              "best_epoch": 46
            },
            "mrr": {
              "accuracy": 0.23485444486141205,
              "accuracy_macro": 0.0752978555956601,
              "f1": 0.05259307473897934,
              "f1_weighted": 0.1743777096271515,
              "mrr": 0.3582213521003723,
              "top5_acc": 0.48977184295654297,
              "ndcg_5": 0.36914053559303284,
              "top10_acc": 0.6121164560317993,
              "ndcg_10": 0.4088895916938782,
              "best_epoch": 40
            },
            "f1": {
              "accuracy": 0.2340676635503769,
              "accuracy_macro": 0.07687105212295264,
              "f1": 0.05379224568605423,
              "f1_weighted": 0.17436237633228302,
              "mrr": 0.3574028015136719,
              "top5_acc": 0.49173879623413086,
              "ndcg_5": 0.3692353367805481,
              "top10_acc": 0.6117230653762817,
              "ndcg_10": 0.4080996513366699,
              "best_epoch": 38
            }
          }
        },
        {
          "accuracy": 0.23367427289485931,
          "accuracy_macro": 0.09724321094070534,
          "f1": 0.06700596213340759,
          "f1_weighted": 0.1657623052597046,
          "mrr": 0.3644375503063202,
          "top5_acc": 0.5090479850769043,
          "ndcg_5": 0.3794389069080353,
          "top10_acc": 0.6341463327407837,
          "ndcg_10": 0.4195404052734375,
          "best_epoch": 44,
          "per_metric_best": {
            "accuracy": {
              "accuracy": 0.23367427289485931,
              "accuracy_macro": 0.09724321094070534,
              "f1": 0.06700596213340759,
              "f1_weighted": 0.1657623052597046,
              "mrr": 0.3644375503063202,
              "top5_acc": 0.5090479850769043,
              "ndcg_5": 0.3794389069080353,
              "top10_acc": 0.6341463327407837,
              "ndcg_10": 0.4195404052734375,
              "best_epoch": 44
            },
            "top5_acc": {
              "accuracy": 0.23367427289485931,
              "accuracy_macro": 0.09724321094070534,
              "f1": 0.06700596213340759,
              "f1_weighted": 0.1657623052597046,
              "mrr": 0.3644375503063202,
              "top5_acc": 0.5090479850769043,
              "ndcg_5": 0.3794389069080353,
              "top10_acc": 0.6341463327407837,
              "ndcg_10": 0.4195404052734375,
              "best_epoch": 44
            },
            "top10_acc": {
              "accuracy": 0.23367427289485931,
              "accuracy_macro": 0.09724321094070534,
              "f1": 0.06700596213340759,
              "f1_weighted": 0.1657623052597046,
              "mrr": 0.3644375503063202,
              "top5_acc": 0.5090479850769043,
              "ndcg_5": 0.3794389069080353,
              "top10_acc": 0.6341463327407837,
              "ndcg_10": 0.4195404052734375,
              "best_epoch": 44
            },
            "mrr": {
              "accuracy": 0.23367427289485931,
              "accuracy_macro": 0.09724321094070534,