{
  "state": "arizona",
  "folds": 5,
  "epochs": 30,
  "seed": 0,
  "input_type": "region",
  "n_regions": 1540,
  "heads": {
    "next_stan_flow": {
      "per_fold": [
        {
          "accuracy": 0.25700756907463074,
          "accuracy_macro": 0.08757864199535595,
          "f1": 0.0739833265542984,
          "f1_weighted": 0.22756405174732208,
          "mrr": 0.3496142625808716,
          "top5_acc": 0.4437499940395355,
          "ndcg_5": 0.354696661233902,
          "top10_acc": 0.5373106002807617,
          "ndcg_10": 0.38501837849617004,
          "best_epoch": 17,
          "per_metric_best": {
            "accuracy": {
              "accuracy": 0.261553019285202,
              "accuracy_macro": 0.09614758343020112,
              "f1": 0.08154921978712082,
              "f1_weighted": 0.23747727274894714,
              "mrr": 0.35230135917663574,
              "top5_acc": 0.4416666626930237,
              "ndcg_5": 0.3563571870326996,
              "top10_acc": 0.53125,
              "ndcg_10": 0.3851889669895172,
              "best_epoch": 25
            },
            "top5_acc": {
              "accuracy": 0.25757575035095215,
              "accuracy_macro": 0.0896480202260465,
              "f1": 0.07530900090932846,
              "f1_weighted": 0.22578215599060059,
              "mrr": 0.3507908880710602,
              "top5_acc": 0.4465909004211426,
              "ndcg_5": 0.3570931851863861,
              "top10_acc": 0.5323863625526428,
              "ndcg_10": 0.38481950759887695,
              "best_epoch": 18
            },
            "top10_acc": {
              "accuracy": 0.25700756907463074,
              "accuracy_macro": 0.08757864199535595,
              "f1": 0.0739833265542984,
              "f1_weighted": 0.22756405174732208,
              "mrr": 0.3496142625808716,
              "top5_acc": 0.4437499940395355,
              "ndcg_5": 0.354696661233902,
              "top10_acc": 0.5373106002807617,
              "ndcg_10": 0.38501837849617004,
              "best_epoch": 17
            },
            "mrr": {
              "accuracy": 0.261553019285202,
              "accuracy_macro": 0.09614758343020112,
              "f1": 0.08154921978712082,
              "f1_weighted": 0.23747727274894714,
              "mrr": 0.35230135917663574,
              "top5_acc": 0.4416666626930237,
              "ndcg_5": 0.3563571870326996,
              "top10_acc": 0.53125,
              "ndcg_10": 0.3851889669895172,
              "best_epoch": 25
            },
            "f1": {
              "accuracy": 0.2607954442501068,
              "accuracy_macro": 0.10023782338121591,
              "f1": 0.08633356541395187,
              "f1_weighted": 0.23716193437576294,
              "mrr": 0.3509107232093811,
              "top5_acc": 0.4422348439693451,
              "ndcg_5": 0.35556620359420776,
              "top10_acc": 0.5306817889213562,
              "ndcg_10": 0.38412508368492126,
              "best_epoch": 23
            }
          }
        },
        {
          "accuracy": 0.2576245367527008,
          "accuracy_macro": 0.0985799604089791,
          "f1": 0.08220040053129196,
          "f1_weighted": 0.22196926176548004,
          "mrr": 0.34936830401420593,
          "top5_acc": 0.43947717547416687,
          "ndcg_5": 0.3535322844982147,
          "top10_acc": 0.5266149044036865,
          "ndcg_10": 0.3817835748195648,
          "best_epoch": 15,
          "per_metric_best": {
            "accuracy": {
              "accuracy": 0.2576245367527008,
              "accuracy_macro": 0.0985799604089791,
              "f1": 0.08220040053129196,
              "f1_weighted": 0.22196926176548004,
              "mrr": 0.34936830401420593,
              "top5_acc": 0.43947717547416687,
              "ndcg_5": 0.3535322844982147,
              "top10_acc": 0.5266149044036865,
              "ndcg_10": 0.3817835748195648,
              "best_epoch": 15
            },
            "top5_acc": {
              "accuracy": 0.25364652276039124,
              "accuracy_macro": 0.10181836830340416,
              "f1": 0.0860830768942833,
              "f1_weighted": 0.2246878445148468,
              "mrr": 0.3467782735824585,
              "top5_acc": 0.44307634234428406,
              "ndcg_5": 0.3529715836048126,
              "top10_acc": 0.5207425355911255,
              "ndcg_10": 0.3782459795475006,
              "best_epoch": 19
            },
            "top10_acc": {
              "accuracy": 0.2576245367527008,
              "accuracy_macro": 0.0985799604089791,
              "f1": 0.08220040053129196,
              "f1_weighted": 0.22196926176548004,
              "mrr": 0.34936830401420593,
              "top5_acc": 0.43947717547416687,
              "ndcg_5": 0.3535322844982147,
              "top10_acc": 0.5266149044036865,
              "ndcg_10": 0.3817835748195648,
              "best_epoch": 15
            },
            "mrr": {
              "accuracy": 0.2576245367527008,
              "accuracy_macro": 0.0985799604089791,
              "f1": 0.08220040053129196,
              "f1_weighted": 0.22196926176548004,
              "mrr": 0.34936830401420593,
              "top5_acc": 0.43947717547416687,
              "ndcg_5": 0.3535322844982147,
              "top10_acc": 0.5266149044036865,
              "ndcg_10": 0.3817835748195648,
              "best_epoch": 15
            },
            "f1": {
              "accuracy": 0.2528887987136841,
              "accuracy_macro": 0.10736599876767113,
              "f1": 0.09149295091629028,
              "f1_weighted": 0.22656765580177307,
              "mrr": 0.3459417521953583,
              "top5_acc": 0.4423186182975769,
              "ndcg_5": 0.35193970799446106,
              "top10_acc": 0.5264254808425903,
              "ndcg_10": 0.3791857361793518,
              "best_epoch": 24
            }
          }
        },
        {
          "accuracy": 0.27921953797340393,
          "accuracy_macro": 0.09747112021129928,
          "f1": 0.08122669905424118,
          "f1_weighted": 0.23892049491405487,
          "mrr": 0.37208884954452515,
          "top5_acc": 0.4627770483493805,
          "ndcg_5": 0.37690508365631104,
          "top10_acc": 0.5561659336090088,
          "ndcg_10": 0.40719538927078247,
          "best_epoch": 18,
          "per_metric_best": {
            "accuracy": {
              "accuracy": 0.2843341529369354,
              "accuracy_macro": 0.09755794782580042,
              "f1": 0.08258793503046036,
              "f1_weighted": 0.2523883581161499,
              "mrr": 0.37509846687316895,
              "top5_acc": 0.4663762152194977,
              "ndcg_5": 0.3807925879955292,
              "top10_acc": 0.5510513186454773,
              "ndcg_10": 0.40812167525291443,
              "best_epoch": 27
            },
            "top5_acc": {
              "accuracy": 0.2778935432434082,
              "accuracy_macro": 0.09739628334470841,
              "f1": 0.08092864602804184,
              "f1_weighted": 0.24317243695259094,
              "mrr": 0.3725185692310333,
              "top5_acc": 0.4695965051651001,
              "ndcg_5": 0.3796713650226593,
              "top10_acc": 0.5518090724945068,
              "ndcg_10": 0.4063694477081299,
              "best_epoch": 19
            },
            "top10_acc": {
              "accuracy": 0.27921953797340393,
              "accuracy_macro": 0.09747112021129928,
              "f1": 0.08122669905424118,
              "f1_weighted": 0.23892049491405487,
              "mrr": 0.37208884954452515,
              "top5_acc": 0.4627770483493805,
              "ndcg_5": 0.37690508365631104,
              "top10_acc": 0.5561659336090088,
              "ndcg_10": 0.40719538927078247,
              "best_epoch": 18
            },
            "mrr": {
              "accuracy": 0.2843341529369354,
              "accuracy_macro": 0.09755794782580042,
              "f1": 0.08258793503046036,