{
  "state": "texas",
  "folds": 5,
  "epochs": 50,
  "seed": 42,
  "input_type": "region",
  "n_regions": 6553,
  "heads": {
    "next_stan": {
      "per_fold": [
        {
          "accuracy": 0.2889047861099243,
          "accuracy_macro": 0.11212349556587838,
          "f1": 0.10214054584503174,
          "f1_weighted": 0.25795358419418335,
          "mrr": 0.4016418755054474,
          "top5_acc": 0.5265800952911377,
          "ndcg_5": 0.4145283102989197,
          "top10_acc": 0.624331533908844,
          "ndcg_10": 0.44617417454719543,
          "best_epoch": 44,
          "per_metric_best": {
            "accuracy": {
              "accuracy": 0.2894579768180847,
              "accuracy_macro": 0.11263057305024973,
              "f1": 0.1027483344078064,
              "f1_weighted": 0.259070485830307,
              "mrr": 0.40167441964149475,
              "top5_acc": 0.525820791721344,
              "ndcg_5": 0.41434553265571594,
              "top10_acc": 0.6237024068832397,
              "ndcg_10": 0.4460141062736511,
              "best_epoch": 43
            },
            "top5_acc": {
              "accuracy": 0.2889047861099243,
              "accuracy_macro": 0.11212349556587838,
              "f1": 0.10214054584503174,
              "f1_weighted": 0.25795358419418335,
              "mrr": 0.4016418755054474,
              "top5_acc": 0.5265800952911377,
              "ndcg_5": 0.4145283102989197,
              "top10_acc": 0.624331533908844,
              "ndcg_10": 0.44617417454719543,
              "best_epoch": 44
            },
            "top10_acc": {
              "accuracy": 0.2889047861099243,
              "accuracy_macro": 0.11212349556587838,
              "f1": 0.10214054584503174,
              "f1_weighted": 0.25795358419418335,
              "mrr": 0.4016418755054474,
              "top5_acc": 0.5265800952911377,
              "ndcg_5": 0.4145283102989197,
              "top10_acc": 0.624331533908844,
              "ndcg_10": 0.44617417454719543,
              "best_epoch": 44
            },
            "mrr": {
              "accuracy": 0.2889590263366699,
              "accuracy_macro": 0.11134997693026615,
              "f1": 0.10168813169002533,
              "f1_weighted": 0.25831323862075806,
              "mrr": 0.4017060101032257,
              "top5_acc": 0.526265561580658,
              "ndcg_5": 0.4144924581050873,
              "top10_acc": 0.6238434314727783,
              "ndcg_10": 0.44607752561569214,
              "best_epoch": 46
            },
            "f1": {
              "accuracy": 0.2894579768180847,
              "accuracy_macro": 0.11263057305024973,
              "f1": 0.1027483344078064,
              "f1_weighted": 0.259070485830307,
              "mrr": 0.40167441964149475,
              "top5_acc": 0.525820791721344,
              "ndcg_5": 0.41434553265571594,
              "top10_acc": 0.6237024068832397,
              "ndcg_10": 0.4460141062736511,
              "best_epoch": 43
            }
          }
        },
        {
          "accuracy": 0.29626214504241943,
          "accuracy_macro": 0.11133097453289721,
          "f1": 0.10219186544418335,
          "f1_weighted": 0.2663530707359314,
          "mrr": 0.40826094150543213,
          "top5_acc": 0.531521201133728,
          "ndcg_5": 0.42109620571136475,
          "top10_acc": 0.6268005967140198,
          "ndcg_10": 0.45193710923194885,
          "best_epoch": 47,
          "per_metric_best": {
            "accuracy": {
              "accuracy": 0.2965441644191742,
              "accuracy_macro": 0.11070904475386424,
              "f1": 0.10159158706665039,
              "f1_weighted": 0.2667759656906128,
              "mrr": 0.4084051251411438,
              "top5_acc": 0.5319876074790955,
              "ndcg_5": 0.4213751256465912,
              "top10_acc": 0.6268005967140198,
              "ndcg_10": 0.4520484209060669,
              "best_epoch": 50
            },
            "top5_acc": {
              "accuracy": 0.29647910594940186,
              "accuracy_macro": 0.11070685273857526,
              "f1": 0.10156352072954178,
              "f1_weighted": 0.26669442653656006,
              "mrr": 0.4083879888057709,
              "top5_acc": 0.5320418477058411,
              "ndcg_5": 0.421383261680603,
              "top10_acc": 0.6267897486686707,
              "ndcg_10": 0.4520353078842163,
              "best_epoch": 49
            },
            "top10_acc": {
              "accuracy": 0.29626214504241943,
              "accuracy_macro": 0.11133097453289721,
              "f1": 0.10219186544418335,
              "f1_weighted": 0.2663530707359314,
              "mrr": 0.40826094150543213,
              "top5_acc": 0.531521201133728,
              "ndcg_5": 0.42109620571136475,
              "top10_acc": 0.6268005967140198,
              "ndcg_10": 0.45193710923194885,
              "best_epoch": 47
            },
            "mrr": {
              "accuracy": 0.2965441644191742,
              "accuracy_macro": 0.11070904475386424,
              "f1": 0.10159158706665039,
              "f1_weighted": 0.2667759656906128,
              "mrr": 0.4084051251411438,
              "top5_acc": 0.5319876074790955,
              "ndcg_5": 0.4213751256465912,
              "top10_acc": 0.6268005967140198,
              "ndcg_10": 0.4520484209060669,
              "best_epoch": 50
            },
            "f1": {
              "accuracy": 0.29631638526916504,
              "accuracy_macro": 0.11165193146093078,
              "f1": 0.1024949699640274,
              "f1_weighted": 0.266417920589447,
              "mrr": 0.4082534611225128,
              "top5_acc": 0.5318031907081604,
              "ndcg_5": 0.4212028980255127,
              "top10_acc": 0.6266162395477295,
              "ndcg_10": 0.45188480615615845,
              "best_epoch": 46
            }
          }
        },
        {
          "accuracy": 0.3000032603740692,
          "accuracy_macro": 0.11375866286924834,
          "f1": 0.10575389117002487,
          "f1_weighted": 0.26929333806037903,
          "mrr": 0.4127222001552582,
          "top5_acc": 0.5384006500244141,
          "ndcg_5": 0.42643430829048157,
          "top10_acc": 0.6328051090240479,
          "ndcg_10": 0.4570218026638031,
          "best_epoch": 42,
          "per_metric_best": {
            "accuracy": {
              "accuracy": 0.3007299304008484,
              "accuracy_macro": 0.11384204543563632,
              "f1": 0.10576162487268448,
              "f1_weighted": 0.2709319293498993,
              "mrr": 0.4134424924850464,
              "top5_acc": 0.5383247137069702,
              "ndcg_5": 0.4269215762615204,
              "top10_acc": 0.632566511631012,
              "ndcg_10": 0.45747894048690796,
              "best_epoch": 49
            },
            "top5_acc": {
              "accuracy": 0.3005021810531616,
              "accuracy_macro": 0.11387298375673262,
              "f1": 0.10587070137262344,
              "f1_weighted": 0.27059638500213623,
              "mrr": 0.41326767206192017,
              "top5_acc": 0.5387151837348938,
              "ndcg_5": 0.4269446134567261,
              "top10_acc": 0.6324363350868225,
              "ndcg_10": 0.4573078751564026,
              "best_epoch": 46
            },
            "top10_acc": {
              "accuracy": 0.3000032603740692,
              "accuracy_macro": 0.11375866286924834,
              "f1": 0.10575389117002487,
              "f1_weighted": 0.26929333806037903,
              "mrr": 0.4127222001552582,
              "top5_acc": 0.5384006500244141,
              "ndcg_5": 0.42643430829048157,
              "top10_acc": 0.6328051090240479,
              "ndcg_10": 0.4570218026638031,
              "best_epoch": 42
            },
            "mrr": {
              "accuracy": 0.3007299304008484,
              "accuracy_macro": 0.11384204543563632,
              "f1": 0.10576162487268448,