{
  "state": "florida",
  "folds": 5,
  "epochs": 50,
  "seed": 42,
  "input_type": "region",
  "n_regions": 4703,
  "heads": {
    "next_stan_flow": {
      "per_fold": [
        {
          "accuracy": 0.49383246898651123,
          "accuracy_macro": 0.09130716725784244,
          "f1": 0.08454199135303497,
          "f1_weighted": 0.4608805775642395,
          "mrr": 0.5878592133522034,
          "top5_acc": 0.6949631571769714,
          "ndcg_5": 0.6018190383911133,
          "top10_acc": 0.7668507695198059,
          "ndcg_10": 0.6251034140586853,
          "best_epoch": 48,
          "per_metric_best": {
            "accuracy": {
              "accuracy": 0.4942130446434021,
              "accuracy_macro": 0.09180310005614549,
              "f1": 0.08484446257352829,
              "f1_weighted": 0.46148425340652466,
              "mrr": 0.588091254234314,
              "top5_acc": 0.6950024366378784,
              "ndcg_5": 0.6020137071609497,
              "top10_acc": 0.7666153907775879,
              "ndcg_10": 0.6252208948135376,
              "best_epoch": 45
            },
            "top5_acc": {
              "accuracy": 0.4942130446434021,
              "accuracy_macro": 0.09180310005614549,
              "f1": 0.08484446257352829,
              "f1_weighted": 0.46148425340652466,
              "mrr": 0.588091254234314,
              "top5_acc": 0.6950024366378784,
              "ndcg_5": 0.6020137071609497,
              "top10_acc": 0.7666153907775879,
              "ndcg_10": 0.6252208948135376,
              "best_epoch": 45
            },
            "top10_acc": {
              "accuracy": 0.49383246898651123,
              "accuracy_macro": 0.09130716725784244,
              "f1": 0.08454199135303497,
              "f1_weighted": 0.4608805775642395,
              "mrr": 0.5878592133522034,
              "top5_acc": 0.6949631571769714,
              "ndcg_5": 0.6018190383911133,
              "top10_acc": 0.7668507695198059,
              "ndcg_10": 0.6251034140586853,
              "best_epoch": 48
            },
            "mrr": {
              "accuracy": 0.4942130446434021,
              "accuracy_macro": 0.09180310005614549,
              "f1": 0.08484446257352829,
              "f1_weighted": 0.46148425340652466,
              "mrr": 0.588091254234314,
              "top5_acc": 0.6950024366378784,
              "ndcg_5": 0.6020137071609497,
              "top10_acc": 0.7666153907775879,
              "ndcg_10": 0.6252208948135376,
              "best_epoch": 45
            },
            "f1": {
              "accuracy": 0.4942130446434021,
              "accuracy_macro": 0.09180310005614549,
              "f1": 0.08484446257352829,
              "f1_weighted": 0.46148425340652466,
              "mrr": 0.588091254234314,
              "top5_acc": 0.6950024366378784,
              "ndcg_5": 0.6020137071609497,
              "top10_acc": 0.7666153907775879,
              "ndcg_10": 0.6252208948135376,
              "best_epoch": 45
            }
          }
        },
        {
          "accuracy": 0.5012789964675903,
          "accuracy_macro": 0.10017530379756805,
          "f1": 0.09227481484413147,
          "f1_weighted": 0.4704415202140808,
          "mrr": 0.5930087566375732,
          "top5_acc": 0.6965090036392212,
          "ndcg_5": 0.6063774228096008,
          "top10_acc": 0.7648341655731201,
          "ndcg_10": 0.6285248398780823,
          "best_epoch": 49,
          "per_metric_best": {
            "accuracy": {
              "accuracy": 0.5015143752098083,
              "accuracy_macro": 0.10007950109890976,
              "f1": 0.09215699136257172,
              "f1_weighted": 0.4704354405403137,
              "mrr": 0.5929914116859436,
              "top5_acc": 0.6963127851486206,
              "ndcg_5": 0.6063224673271179,
              "top10_acc": 0.7646811604499817,
              "ndcg_10": 0.6284618377685547,
              "best_epoch": 44
            },
            "top5_acc": {
              "accuracy": 0.5013182163238525,
              "accuracy_macro": 0.10020918230856618,
              "f1": 0.09223759174346924,
              "f1_weighted": 0.47037285566329956,
              "mrr": 0.5930495858192444,
              "top5_acc": 0.6966031193733215,
              "ndcg_5": 0.6064350008964539,
              "top10_acc": 0.7647988796234131,
              "ndcg_10": 0.628545880317688,
              "best_epoch": 48
            },
            "top10_acc": {
              "accuracy": 0.5012789964675903,
              "accuracy_macro": 0.10017530379756805,
              "f1": 0.09227481484413147,
              "f1_weighted": 0.4704415202140808,
              "mrr": 0.5930087566375732,
              "top5_acc": 0.6965090036392212,
              "ndcg_5": 0.6063774228096008,
              "top10_acc": 0.7648341655731201,
              "ndcg_10": 0.6285248398780823,
              "best_epoch": 49
            },
            "mrr": {
              "accuracy": 0.501420259475708,
              "accuracy_macro": 0.10045276988636363,
              "f1": 0.09240837395191193,
              "f1_weighted": 0.4706769287586212,
              "mrr": 0.5931141376495361,
              "top5_acc": 0.6964265704154968,
              "ndcg_5": 0.6064367294311523,
              "top10_acc": 0.7648028135299683,
              "ndcg_10": 0.6286056637763977,
              "best_epoch": 46
            },
            "f1": {
              "accuracy": 0.5012319087982178,
              "accuracy_macro": 0.10039282097387567,
              "f1": 0.09260503202676773,
              "f1_weighted": 0.47040075063705444,
              "mrr": 0.5929717421531677,
              "top5_acc": 0.696540355682373,
              "ndcg_5": 0.6063641905784607,
              "top10_acc": 0.7647125720977783,
              "ndcg_10": 0.6284646391868591,
              "best_epoch": 47
            }
          }
        },
        {
          "accuracy": 0.48573073744773865,
          "accuracy_macro": 0.09773701223935734,
          "f1": 0.08887945115566254,
          "f1_weighted": 0.45239096879959106,
          "mrr": 0.5789392590522766,
          "top5_acc": 0.684942901134491,
          "ndcg_5": 0.5925178527832031,
          "top10_acc": 0.755767285823822,
          "ndcg_10": 0.6154559254646301,
          "best_epoch": 46,
          "per_metric_best": {
            "accuracy": {
              "accuracy": 0.4860132336616516,
              "accuracy_macro": 0.09817340679627448,
              "f1": 0.08945091813802719,
              "f1_weighted": 0.4526745676994324,
              "mrr": 0.5790969729423523,
              "top5_acc": 0.6847153902053833,
              "ndcg_5": 0.5925575494766235,
              "top10_acc": 0.755567193031311,
              "ndcg_10": 0.6155140399932861,
              "best_epoch": 49
            },
            "top5_acc": {
              "accuracy": 0.48573073744773865,
              "accuracy_macro": 0.09773701223935734,
              "f1": 0.08887945115566254,
              "f1_weighted": 0.45239096879959106,
              "mrr": 0.5789392590522766,
              "top5_acc": 0.684942901134491,
              "ndcg_5": 0.5925178527832031,
              "top10_acc": 0.755767285823822,
              "ndcg_10": 0.6154559254646301,
              "best_epoch": 46
            },
            "top10_acc": {
              "accuracy": 0.48573073744773865,
              "accuracy_macro": 0.09773701223935734,
              "f1": 0.08887945115566254,
              "f1_weighted": 0.45239096879959106,
              "mrr": 0.5789392590522766,
              "top5_acc": 0.684942901134491,
              "ndcg_5": 0.5925178527832031,
              "top10_acc": 0.755767285823822,
              "ndcg_10": 0.6154559254646301,
              "best_epoch": 46
            },
            "mrr": {
              "accuracy": 0.4860132336616516,
              "accuracy_macro": 0.09817340679627448,
              "f1": 0.08945091813802719,