{
  "state": "georgia",
  "folds": 5,
  "epochs": 50,
  "seed": 42,
  "input_type": "region",
  "n_regions": 2282,
  "heads": {
    "next_getnext_hard": {
      "per_fold": [
        {
          "accuracy": 0.25389060378074646,
          "accuracy_macro": 0.08105060577392578,
          "f1": 0.0649220272898674,
          "f1_weighted": 0.2183508276939392,
          "mrr": 0.3487119972705841,
          "top5_acc": 0.4523121416568756,
          "ndcg_5": 0.35776272416114807,
          "top10_acc": 0.5341262817382812,
          "ndcg_10": 0.38425275683403015,
          "best_epoch": 15,
          "per_metric_best": {
            "accuracy": {
              "accuracy": 0.2681191563606262,
              "accuracy_macro": 0.09037048660562033,
              "f1": 0.07565478980541229,
              "f1_weighted": 0.23800083994865417,
              "mrr": 0.35681360960006714,
              "top5_acc": 0.45353490114212036,
              "ndcg_5": 0.36516669392585754,
              "top10_acc": 0.5300133228302002,
              "ndcg_10": 0.38990604877471924,
              "best_epoch": 22
            },
            "top5_acc": {
              "accuracy": 0.26634058356285095,
              "accuracy_macro": 0.09260488485361075,
              "f1": 0.07902608811855316,
              "f1_weighted": 0.2420179545879364,
              "mrr": 0.3556714355945587,
              "top5_acc": 0.4548688232898712,
              "ndcg_5": 0.3655323088169098,
              "top10_acc": 0.5242329835891724,
              "ndcg_10": 0.38784855604171753,
              "best_epoch": 23
            },
            "top10_acc": {
              "accuracy": 0.25389060378074646,
              "accuracy_macro": 0.08105060577392578,
              "f1": 0.0649220272898674,
              "f1_weighted": 0.2183508276939392,
              "mrr": 0.3487119972705841,
              "top5_acc": 0.4523121416568756,
              "ndcg_5": 0.35776272416114807,
              "top10_acc": 0.5341262817382812,
              "ndcg_10": 0.38425275683403015,
              "best_epoch": 15
            },
            "mrr": {
              "accuracy": 0.2681191563606262,
              "accuracy_macro": 0.09037048660562033,
              "f1": 0.07565478980541229,
              "f1_weighted": 0.23800083994865417,
              "mrr": 0.35681360960006714,
              "top5_acc": 0.45353490114212036,
              "ndcg_5": 0.36516669392585754,
              "top10_acc": 0.5300133228302002,
              "ndcg_10": 0.38990604877471924,
              "best_epoch": 22
            },
            "f1": {
              "accuracy": 0.26611828804016113,
              "accuracy_macro": 0.0914284048435335,
              "f1": 0.07918489724397659,
              "f1_weighted": 0.2427353709936142,
              "mrr": 0.3548336625099182,
              "top5_acc": 0.4496442973613739,
              "ndcg_5": 0.3629889488220215,
              "top10_acc": 0.5259004235267639,
              "ndcg_10": 0.3876594603061676,
              "best_epoch": 24
            }
          }
        },
        {
          "accuracy": 0.2672595977783203,
          "accuracy_macro": 0.09444903491502739,
          "f1": 0.0809844359755516,
          "f1_weighted": 0.23966486752033234,
          "mrr": 0.3529805541038513,
          "top5_acc": 0.4418010115623474,
          "ndcg_5": 0.35956108570098877,
          "top10_acc": 0.5183991193771362,
          "ndcg_10": 0.3843010663986206,
          "best_epoch": 21,
          "per_metric_best": {
            "accuracy": {
              "accuracy": 0.2693718671798706,
              "accuracy_macro": 0.09744003549607519,
              "f1": 0.083145372569561,
              "f1_weighted": 0.24462057650089264,
              "mrr": 0.35275575518608093,
              "top5_acc": 0.4416898190975189,
              "ndcg_5": 0.3599228262901306,
              "top10_acc": 0.5110617280006409,
              "ndcg_10": 0.3825191557407379,
              "best_epoch": 25
            },
            "top5_acc": {
              "accuracy": 0.26503613591194153,
              "accuracy_macro": 0.09532516741499195,
              "f1": 0.08039186894893646,
              "f1_weighted": 0.23408734798431396,
              "mrr": 0.3517993986606598,
              "top5_acc": 0.4442467987537384,
              "ndcg_5": 0.3596591353416443,
              "top10_acc": 0.5150639414787292,
              "ndcg_10": 0.38258224725723267,
              "best_epoch": 18
            },
            "top10_acc": {
              "accuracy": 0.2672595977783203,
              "accuracy_macro": 0.09444903491502739,
              "f1": 0.0809844359755516,
              "f1_weighted": 0.23966486752033234,
              "mrr": 0.3529805541038513,
              "top5_acc": 0.4418010115623474,
              "ndcg_5": 0.35956108570098877,
              "top10_acc": 0.5183991193771362,
              "ndcg_10": 0.3843010663986206,
              "best_epoch": 21
            },
            "mrr": {
              "accuracy": 0.2670372426509857,
              "accuracy_macro": 0.09527111364109897,
              "f1": 0.07959968596696854,
              "f1_weighted": 0.23706959187984467,
              "mrr": 0.3533652722835541,
              "top5_acc": 0.4432462453842163,
              "ndcg_5": 0.36035698652267456,
              "top10_acc": 0.5172873735427856,
              "ndcg_10": 0.3844713270664215,
              "best_epoch": 20
            },
            "f1": {
              "accuracy": 0.2678154408931732,
              "accuracy_macro": 0.09661513290169069,
              "f1": 0.08577893674373627,
              "f1_weighted": 0.2494325041770935,
              "mrr": 0.3509730100631714,
              "top5_acc": 0.43957754969596863,
              "ndcg_5": 0.358151912689209,
              "top10_acc": 0.5107281804084778,
              "ndcg_10": 0.3811216652393341,
              "best_epoch": 26
            }
          }
        },
        {
          "accuracy": 0.2626723051071167,
          "accuracy_macro": 0.0757574104480381,
          "f1": 0.06555645167827606,
          "f1_weighted": 0.22691234946250916,
          "mrr": 0.35206538438796997,
          "top5_acc": 0.44775456190109253,
          "ndcg_5": 0.3598712682723999,
          "top10_acc": 0.5253446102142334,
          "ndcg_10": 0.38491109013557434,
          "best_epoch": 19,
          "per_metric_best": {
            "accuracy": {
              "accuracy": 0.27200978994369507,
              "accuracy_macro": 0.09023320503008375,
              "f1": 0.07966630160808563,
              "f1_weighted": 0.24616952240467072,
              "mrr": 0.35695502161979675,
              "top5_acc": 0.44619831442832947,
              "ndcg_5": 0.3638005256652832,
              "top10_acc": 0.5182303190231323,
              "ndcg_10": 0.38713499903678894,
              "best_epoch": 24
            },
            "top5_acc": {
              "accuracy": 0.2698977291584015,
              "accuracy_macro": 0.08723985000441244,
              "f1": 0.0778026282787323,
              "f1_weighted": 0.24336040019989014,
              "mrr": 0.3572760224342346,
              "top5_acc": 0.45020008087158203,
              "ndcg_5": 0.36512434482574463,
              "top10_acc": 0.5206758379936218,
              "ndcg_10": 0.388025164604187,
              "best_epoch": 21
            },
            "top10_acc": {
              "accuracy": 0.2626723051071167,
              "accuracy_macro": 0.0757574104480381,
              "f1": 0.06555645167827606,
              "f1_weighted": 0.22691234946250916,
              "mrr": 0.35206538438796997,
              "top5_acc": 0.44775456190109253,
              "ndcg_5": 0.3598712682723999,
              "top10_acc": 0.5253446102142334,
              "ndcg_10": 0.38491109013557434,
              "best_epoch": 19
            },
            "mrr": {
              "accuracy": 0.2698977291584015,
              "accuracy_macro": 0.08723985000441244,