{
  "state": "alabama",
  "folds": 5,
  "epochs": 50,
  "seed": 1,
  "input_type": "region",
  "n_regions": 1109,
  "heads": {
    "next_getnext_hard": {
      "per_fold": [
        {
          "accuracy": 0.2962234616279602,
          "accuracy_macro": 0.10901903011603746,
          "f1": 0.08424773067235947,
          "f1_weighted": 0.2480323612689972,
          "mrr": 0.4132828414440155,
          "top5_acc": 0.5416994690895081,
          "ndcg_5": 0.42726778984069824,
          "top10_acc": 0.6439810991287231,
          "ndcg_10": 0.4603498578071594,
          "best_epoch": 44,
          "per_metric_best": {
            "accuracy": {
              "accuracy": 0.29701024293899536,
              "accuracy_macro": 0.10682262980961943,
              "f1": 0.08383209258317947,
              "f1_weighted": 0.24762985110282898,
              "mrr": 0.41438233852386475,
              "top5_acc": 0.5428796410560608,
              "ndcg_5": 0.4287959337234497,
              "top10_acc": 0.638473629951477,
              "ndcg_10": 0.4598546326160431,
              "best_epoch": 39
            },
            "top5_acc": {
              "accuracy": 0.29346969723701477,
              "accuracy_macro": 0.10584010082076352,
              "f1": 0.0825979933142662,
              "f1_weighted": 0.24366343021392822,
              "mrr": 0.41239646077156067,
              "top5_acc": 0.5452399849891663,
              "ndcg_5": 0.4280851185321808,
              "top10_acc": 0.6396538019180298,
              "ndcg_10": 0.45862096548080444,
              "best_epoch": 40
            },
            "top10_acc": {
              "accuracy": 0.2962234616279602,
              "accuracy_macro": 0.10901903011603746,
              "f1": 0.08424773067235947,
              "f1_weighted": 0.2480323612689972,
              "mrr": 0.4132828414440155,
              "top5_acc": 0.5416994690895081,
              "ndcg_5": 0.42726778984069824,
              "top10_acc": 0.6439810991287231,
              "ndcg_10": 0.4603498578071594,
              "best_epoch": 44
            },
            "mrr": {
              "accuracy": 0.29701024293899536,
              "accuracy_macro": 0.10682262980961943,
              "f1": 0.08383209258317947,
              "f1_weighted": 0.24762985110282898,
              "mrr": 0.41438233852386475,
              "top5_acc": 0.5428796410560608,
              "ndcg_5": 0.4287959337234497,
              "top10_acc": 0.638473629951477,
              "ndcg_10": 0.4598546326160431,
              "best_epoch": 39
            },
            "f1": {
              "accuracy": 0.2962234616279602,
              "accuracy_macro": 0.11142272333944997,
              "f1": 0.08600327372550964,
              "f1_weighted": 0.24697047472000122,
              "mrr": 0.4129372537136078,
              "top5_acc": 0.5416994690895081,
              "ndcg_5": 0.42721420526504517,
              "top10_acc": 0.6361132860183716,
              "ndcg_10": 0.45809420943260193,
              "best_epoch": 38
            }
          }
        },
        {
          "accuracy": 0.2513768672943115,
          "accuracy_macro": 0.09210068779573462,
          "f1": 0.07572583109140396,
          "f1_weighted": 0.20806953310966492,
          "mrr": 0.3746245205402374,
          "top5_acc": 0.5043272972106934,
          "ndcg_5": 0.38609078526496887,
          "top10_acc": 0.6227380037307739,
          "ndcg_10": 0.42410901188850403,
          "best_epoch": 38,
          "per_metric_best": {
            "accuracy": {
              "accuracy": 0.2553107738494873,
              "accuracy_macro": 0.09371625396596404,
              "f1": 0.0744422972202301,
              "f1_weighted": 0.20690424740314484,
              "mrr": 0.37436169385910034,
              "top5_acc": 0.5011801719665527,
              "ndcg_5": 0.38502413034439087,
              "top10_acc": 0.6172305345535278,
              "ndcg_10": 0.4225623905658722,
              "best_epoch": 32
            },
            "top5_acc": {
              "accuracy": 0.2482297420501709,
              "accuracy_macro": 0.09099039338415978,
              "f1": 0.07556931674480438,
              "f1_weighted": 0.20250216126441956,
              "mrr": 0.37279659509658813,
              "top5_acc": 0.5098347663879395,
              "ndcg_5": 0.3866584599018097,
              "top10_acc": 0.620771050453186,
              "ndcg_10": 0.4224061667919159,
              "best_epoch": 33
            },
            "top10_acc": {
              "accuracy": 0.2513768672943115,
              "accuracy_macro": 0.09210068779573462,
              "f1": 0.07572583109140396,
              "f1_weighted": 0.20806953310966492,
              "mrr": 0.3746245205402374,
              "top5_acc": 0.5043272972106934,
              "ndcg_5": 0.38609078526496887,
              "top10_acc": 0.6227380037307739,
              "ndcg_10": 0.42410901188850403,
              "best_epoch": 38
            },
            "mrr": {
              "accuracy": 0.2549173831939697,
              "accuracy_macro": 0.0952951269212112,
              "f1": 0.07751905173063278,
              "f1_weighted": 0.2102169692516327,
              "mrr": 0.3761414587497711,
              "top5_acc": 0.5051140785217285,
              "ndcg_5": 0.3875058591365814,
              "top10_acc": 0.6191974878311157,
              "ndcg_10": 0.4242720305919647,
              "best_epoch": 39
            },
            "f1": {
              "accuracy": 0.25295042991638184,
              "accuracy_macro": 0.09769330822858688,
              "f1": 0.08050162345170975,
              "f1_weighted": 0.21086736023426056,
              "mrr": 0.375482439994812,
              "top5_acc": 0.5070810317993164,
              "ndcg_5": 0.3875913918018341,
              "top10_acc": 0.6160503625869751,
              "ndcg_10": 0.4228098392486572,
              "best_epoch": 45
            }
          }
        },
        {
          "accuracy": 0.2859952747821808,
          "accuracy_macro": 0.10582975688733552,
          "f1": 0.08558906614780426,
          "f1_weighted": 0.23896661400794983,
          "mrr": 0.4116808772087097,
          "top5_acc": 0.5597954392433167,
          "ndcg_5": 0.43026289343833923,
          "top10_acc": 0.6667978167533875,
          "ndcg_10": 0.46477454900741577,
          "best_epoch": 47,
          "per_metric_best": {
            "accuracy": {
              "accuracy": 0.28992918133735657,
              "accuracy_macro": 0.10680687876426026,
              "f1": 0.08624338358640671,
              "f1_weighted": 0.24345245957374573,
              "mrr": 0.4133221209049225,
              "top5_acc": 0.5578284859657288,
              "ndcg_5": 0.4307529628276825,
              "top10_acc": 0.6636506915092468,
              "ndcg_10": 0.4651385545730591,
              "best_epoch": 44
            },
            "top5_acc": {
              "accuracy": 0.2785208523273468,
              "accuracy_macro": 0.10321469684739695,
              "f1": 0.08479133993387222,
              "f1_weighted": 0.22599035501480103,
              "mrr": 0.4087682068347931,
              "top5_acc": 0.5617623925209045,
              "ndcg_5": 0.42905136942863464,
              "top10_acc": 0.6640440821647644,
              "ndcg_10": 0.46207550168037415,
              "best_epoch": 35
            },
            "top10_acc": {
              "accuracy": 0.2859952747821808,
              "accuracy_macro": 0.10582975688733552,
              "f1": 0.08558906614780426,
              "f1_weighted": 0.23896661400794983,
              "mrr": 0.4116808772087097,
              "top5_acc": 0.5597954392433167,
              "ndcg_5": 0.43026289343833923,
              "top10_acc": 0.6667978167533875,
              "ndcg_10": 0.46477454900741577,
              "best_epoch": 47
            },
            "mrr": {
              "accuracy": 0.28992918133735657,
              "accuracy_macro": 0.10680687876426026,