{
  "state": "istanbul",
  "folds": 5,
  "epochs": 50,
  "seed": 0,
  "input_type": "region",
  "n_regions": 520,
  "heads": {
    "next_stan": {
      "per_fold": [
        {
          "accuracy": 0.3267003893852234,
          "accuracy_macro": 0.12144450899920886,
          "f1": 0.11035942286252975,
          "f1_weighted": 0.28704291582107544,
          "mrr": 0.4557475745677948,
          "top5_acc": 0.6025388240814209,
          "ndcg_5": 0.47330954670906067,
          "top10_acc": 0.7103525400161743,
          "ndcg_10": 0.5083629488945007,
          "best_epoch": 47,
          "per_metric_best": {
            "accuracy": {
              "accuracy": 0.32687193155288696,
              "accuracy_macro": 0.11584307272222978,
              "f1": 0.10367294400930405,
              "f1_weighted": 0.2863105535507202,
              "mrr": 0.4549003839492798,
              "top5_acc": 0.6011664867401123,
              "ndcg_5": 0.47239574790000916,
              "top10_acc": 0.7083798050880432,
              "ndcg_10": 0.507128894329071,
              "best_epoch": 40
            },
            "top5_acc": {
              "accuracy": 0.3257569372653961,
              "accuracy_macro": 0.12168765973441209,
              "f1": 0.10905200988054276,
              "f1_weighted": 0.28434252738952637,
              "mrr": 0.4547787308692932,
              "top5_acc": 0.6027961373329163,
              "ndcg_5": 0.4727335572242737,
              "top10_acc": 0.7088944315910339,
              "ndcg_10": 0.507238507270813,
              "best_epoch": 45
            },
            "top10_acc": {
              "accuracy": 0.3267003893852234,
              "accuracy_macro": 0.12144450899920886,
              "f1": 0.11035942286252975,
              "f1_weighted": 0.28704291582107544,
              "mrr": 0.4557475745677948,
              "top5_acc": 0.6025388240814209,
              "ndcg_5": 0.47330954670906067,
              "top10_acc": 0.7103525400161743,
              "ndcg_10": 0.5083629488945007,
              "best_epoch": 47
            },
            "mrr": {
              "accuracy": 0.3267003893852234,
              "accuracy_macro": 0.12144450899920886,
              "f1": 0.11035942286252975,
              "f1_weighted": 0.28704291582107544,
              "mrr": 0.4557475745677948,
              "top5_acc": 0.6025388240814209,
              "ndcg_5": 0.47330954670906067,
              "top10_acc": 0.7103525400161743,
              "ndcg_10": 0.5083629488945007,
              "best_epoch": 47
            },
            "f1": {
              "accuracy": 0.3267003893852234,
              "accuracy_macro": 0.12144450899920886,
              "f1": 0.11035942286252975,
              "f1_weighted": 0.28704291582107544,
              "mrr": 0.4557475745677948,
              "top5_acc": 0.6025388240814209,
              "ndcg_5": 0.47330954670906067,
              "top10_acc": 0.7103525400161743,
              "ndcg_10": 0.5083629488945007,
              "best_epoch": 47
            }
          }
        },
        {
          "accuracy": 0.31017327308654785,
          "accuracy_macro": 0.12093240243417246,
          "f1": 0.10405036807060242,
          "f1_weighted": 0.26695388555526733,
          "mrr": 0.4415518343448639,
          "top5_acc": 0.5895522236824036,
          "ndcg_5": 0.459072470664978,
          "top10_acc": 0.6965174078941345,
          "ndcg_10": 0.49380940198898315,
          "best_epoch": 42,
          "per_metric_best": {
            "accuracy": {
              "accuracy": 0.3130039572715759,
              "accuracy_macro": 0.12462150644591719,
              "f1": 0.10702259838581085,
              "f1_weighted": 0.27025559544563293,
              "mrr": 0.44352808594703674,
              "top5_acc": 0.5918682217597961,
              "ndcg_5": 0.46129170060157776,
              "top10_acc": 0.6957454085350037,
              "ndcg_10": 0.4951047897338867,
              "best_epoch": 47
            },
            "top5_acc": {
              "accuracy": 0.3127466142177582,
              "accuracy_macro": 0.12485951757283403,
              "f1": 0.10810849815607071,
              "f1_weighted": 0.2731519341468811,
              "mrr": 0.44322988390922546,
              "top5_acc": 0.5924686789512634,
              "ndcg_5": 0.46135759353637695,
              "top10_acc": 0.6955738663673401,
              "ndcg_10": 0.4948422312736511,
              "best_epoch": 44
            },
            "top10_acc": {
              "accuracy": 0.31017327308654785,
              "accuracy_macro": 0.12093240243417246,
              "f1": 0.10405036807060242,
              "f1_weighted": 0.26695388555526733,
              "mrr": 0.4415518343448639,
              "top5_acc": 0.5895522236824036,
              "ndcg_5": 0.459072470664978,
              "top10_acc": 0.6965174078941345,
              "ndcg_10": 0.49380940198898315,
              "best_epoch": 42
            },
            "mrr": {
              "accuracy": 0.3126608431339264,
              "accuracy_macro": 0.12616278586372873,
              "f1": 0.1103467345237732,
              "f1_weighted": 0.273094117641449,
              "mrr": 0.44360658526420593,
              "top5_acc": 0.5913535952568054,
              "ndcg_5": 0.4611641466617584,
              "top10_acc": 0.6952307224273682,
              "ndcg_10": 0.4950040876865387,
              "best_epoch": 45
            },
            "f1": {
              "accuracy": 0.3126608431339264,
              "accuracy_macro": 0.12616278586372873,
              "f1": 0.1103467345237732,
              "f1_weighted": 0.273094117641449,
              "mrr": 0.44360658526420593,
              "top5_acc": 0.5913535952568054,
              "ndcg_5": 0.4611641466617584,
              "top10_acc": 0.6952307224273682,
              "ndcg_10": 0.4950040876865387,
              "best_epoch": 45
            }
          }
        },
        {
          "accuracy": 0.32327476143836975,
          "accuracy_macro": 0.11727632620395759,
          "f1": 0.10871104896068573,
          "f1_weighted": 0.2859988808631897,
          "mrr": 0.4516811668872833,
          "top5_acc": 0.5977711081504822,
          "ndcg_5": 0.46905314922332764,
          "top10_acc": 0.7038148045539856,
          "ndcg_10": 0.5034085512161255,
          "best_epoch": 47,
          "per_metric_best": {
            "accuracy": {
              "accuracy": 0.32327476143836975,
              "accuracy_macro": 0.11727632620395759,
              "f1": 0.10871104896068573,
              "f1_weighted": 0.2859988808631897,
              "mrr": 0.4516811668872833,
              "top5_acc": 0.5977711081504822,
              "ndcg_5": 0.46905314922332764,
              "top10_acc": 0.7038148045539856,
              "ndcg_10": 0.5034085512161255,
              "best_epoch": 47
            },
            "top5_acc": {
              "accuracy": 0.32327476143836975,
              "accuracy_macro": 0.11727632620395759,
              "f1": 0.10871104896068573,
              "f1_weighted": 0.2859988808631897,
              "mrr": 0.4516811668872833,
              "top5_acc": 0.5977711081504822,
              "ndcg_5": 0.46905314922332764,
              "top10_acc": 0.7038148045539856,
              "ndcg_10": 0.5034085512161255,
              "best_epoch": 47
            },
            "top10_acc": {
              "accuracy": 0.32327476143836975,
              "accuracy_macro": 0.11727632620395759,
              "f1": 0.10871104896068573,
              "f1_weighted": 0.2859988808631897,
              "mrr": 0.4516811668872833,
              "top5_acc": 0.5977711081504822,
              "ndcg_5": 0.46905314922332764,
              "top10_acc": 0.7038148045539856,
              "ndcg_10": 0.5034085512161255,
              "best_epoch": 47
            },
            "mrr": {
              "accuracy": 0.32327476143836975,
              "accuracy_macro": 0.11727632620395759,