{
  "state": "alabama",
  "folds": 5,
  "epochs": 30,
  "seed": 7,
  "input_type": "checkin",
  "n_regions": 1109,
  "heads": {
    "next_gru": {
      "per_fold": [
        {
          "accuracy": 0.33320221304893494,
          "accuracy_macro": 0.16134564578533173,
          "f1": 0.140132337808609,
          "f1_weighted": 0.2525380253791809,
          "mrr": 0.5703898668289185,
          "top5_acc": 0.8977183103561401,
          "ndcg_5": 0.6407051682472229,
          "top10_acc": 1.0,
          "ndcg_10": 0.6760858297348022,
          "best_epoch": 1,
          "per_metric_best": {
            "accuracy": {
              "accuracy": 0.39575138688087463,
              "accuracy_macro": 0.26671481132507324,
              "f1": 0.27232855558395386,
              "f1_weighted": 0.36884772777557373,
              "mrr": 0.6149975657463074,
              "top5_acc": 0.9362706542015076,
              "ndcg_5": 0.6880658864974976,
              "top10_acc": 1.0,
              "ndcg_10": 0.7102088332176208,
              "best_epoch": 9
            },
            "top5_acc": {
              "accuracy": 0.37922894954681396,
              "accuracy_macro": 0.24581602215766907,
              "f1": 0.26112401485443115,
              "f1_weighted": 0.3581903576850891,
              "mrr": 0.6055730581283569,
              "top5_acc": 0.9382376074790955,
              "ndcg_5": 0.6816719174385071,
              "top10_acc": 1.0,
              "ndcg_10": 0.7031681537628174,
              "best_epoch": 11
            },
            "top10_acc": {
              "accuracy": 0.33320221304893494,
              "accuracy_macro": 0.16134564578533173,
              "f1": 0.140132337808609,
              "f1_weighted": 0.2525380253791809,
              "mrr": 0.5703898668289185,
              "top5_acc": 0.8977183103561401,
              "ndcg_5": 0.6407051682472229,
              "top10_acc": 1.0,
              "ndcg_10": 0.6760858297348022,
              "best_epoch": 1
            },
            "mrr": {
              "accuracy": 0.39575138688087463,
              "accuracy_macro": 0.26671481132507324,
              "f1": 0.27232855558395386,
              "f1_weighted": 0.36884772777557373,
              "mrr": 0.6149975657463074,
              "top5_acc": 0.9362706542015076,
              "ndcg_5": 0.6880658864974976,
              "top10_acc": 1.0,
              "ndcg_10": 0.7102088332176208,
              "best_epoch": 9
            },
            "f1": {
              "accuracy": 0.39575138688087463,
              "accuracy_macro": 0.26671481132507324,
              "f1": 0.27232855558395386,
              "f1_weighted": 0.36884772777557373,
              "mrr": 0.6149975657463074,
              "top5_acc": 0.9362706542015076,
              "ndcg_5": 0.6880658864974976,
              "top10_acc": 1.0,
              "ndcg_10": 0.7102088332176208,
              "best_epoch": 9
            }
          }
        },
        {
          "accuracy": 0.3351691663265228,
          "accuracy_macro": 0.1548444777727127,
          "f1": 0.12587937712669373,
          "f1_weighted": 0.24703094363212585,
          "mrr": 0.5628610253334045,
          "top5_acc": 0.8756884336471558,
          "ndcg_5": 0.6267627477645874,
          "top10_acc": 1.0,
          "ndcg_10": 0.6696487069129944,
          "best_epoch": 1,
          "per_metric_best": {
            "accuracy": {
              "accuracy": 0.37922894954681396,
              "accuracy_macro": 0.23281541466712952,
              "f1": 0.23691663146018982,
              "f1_weighted": 0.34600335359573364,
              "mrr": 0.606209933757782,
              "top5_acc": 0.9343037009239197,
              "ndcg_5": 0.6808348298072815,
              "top10_acc": 1.0,
              "ndcg_10": 0.7036514282226562,
              "best_epoch": 9
            },
            "top5_acc": {
              "accuracy": 0.37608182430267334,
              "accuracy_macro": 0.22480130195617676,
              "f1": 0.22596439719200134,
              "f1_weighted": 0.3432370126247406,
              "mrr": 0.6025195717811584,
              "top5_acc": 0.9354838728904724,
              "ndcg_5": 0.6783398985862732,
              "top10_acc": 1.0,
              "ndcg_10": 0.7007812261581421,
              "best_epoch": 7
            },
            "top10_acc": {
              "accuracy": 0.3351691663265228,
              "accuracy_macro": 0.1548444777727127,
              "f1": 0.12587937712669373,
              "f1_weighted": 0.24703094363212585,
              "mrr": 0.5628610253334045,
              "top5_acc": 0.8756884336471558,
              "ndcg_5": 0.6267627477645874,
              "top10_acc": 1.0,
              "ndcg_10": 0.6696487069129944,
              "best_epoch": 1
            },
            "mrr": {
              "accuracy": 0.37922894954681396,
              "accuracy_macro": 0.23281541466712952,
              "f1": 0.23691663146018982,
              "f1_weighted": 0.34600335359573364,
              "mrr": 0.606209933757782,
              "top5_acc": 0.9343037009239197,
              "ndcg_5": 0.6808348298072815,
              "top10_acc": 1.0,
              "ndcg_10": 0.7036514282226562,
              "best_epoch": 9
            },
            "f1": {
              "accuracy": 0.3485444486141205,
              "accuracy_macro": 0.25845837593078613,
              "f1": 0.2649310231208801,
              "f1_weighted": 0.3360810875892639,
              "mrr": 0.580415666103363,
              "top5_acc": 0.9240755438804626,
              "ndcg_5": 0.6574451327323914,
              "top10_acc": 1.0,
              "ndcg_10": 0.6838600635528564,
              "best_epoch": 18
            }
          }
        },
        {
          "accuracy": 0.33831629157066345,
          "accuracy_macro": 0.1591155230998993,
          "f1": 0.1333460658788681,
          "f1_weighted": 0.259779691696167,
          "mrr": 0.570424497127533,
          "top5_acc": 0.8929976224899292,
          "ndcg_5": 0.6388526558876038,
          "top10_acc": 1.0,
          "ndcg_10": 0.6758158802986145,
          "best_epoch": 1,
          "per_metric_best": {
            "accuracy": {
              "accuracy": 0.3855232000350952,
              "accuracy_macro": 0.22270558774471283,
              "f1": 0.22269247472286224,
              "f1_weighted": 0.3115587830543518,
              "mrr": 0.6078135371208191,
              "top5_acc": 0.9390243887901306,
              "ndcg_5": 0.683637797832489,
              "top10_acc": 1.0,
              "ndcg_10": 0.704826831817627,
              "best_epoch": 8
            },
            "top5_acc": {
              "accuracy": 0.35641226172447205,
              "accuracy_macro": 0.23327183723449707,
              "f1": 0.2412087321281433,
              "f1_weighted": 0.3270232081413269,
              "mrr": 0.5910494327545166,
              "top5_acc": 0.9405979514122009,
              "ndcg_5": 0.6716404557228088,
              "top10_acc": 1.0,
              "ndcg_10": 0.6922509670257568,
              "best_epoch": 15
            },
            "top10_acc": {
              "accuracy": 0.33831629157066345,
              "accuracy_macro": 0.1591155230998993,
              "f1": 0.1333460658788681,
              "f1_weighted": 0.259779691696167,
              "mrr": 0.570424497127533,
              "top5_acc": 0.8929976224899292,
              "ndcg_5": 0.6388526558876038,
              "top10_acc": 1.0,
              "ndcg_10": 0.6758158802986145,
              "best_epoch": 1
            },
            "mrr": {
              "accuracy": 0.3855232000350952,
              "accuracy_macro": 0.22270558774471283,
              "f1": 0.22269247472286224,
              "f1_weighted": 0.3115587830543518,
              "mrr": 0.6078135371208191,
              "top5_acc": 0.9390243887901306,
              "ndcg_5": 0.683637797832489,
              "top10_acc": 1.0,
              "ndcg_10": 0.704826831817627,