{
  "state": "arizona",
  "folds": 5,
  "epochs": 50,
  "seed": 42,
  "input_type": "region",
  "n_regions": 1540,
  "heads": {
    "next_getnext_hard": {
      "per_fold": [
        {
          "accuracy": 0.2450757622718811,
          "accuracy_macro": 0.07495559710744773,
          "f1": 0.06652355939149857,
          "f1_weighted": 0.19948583841323853,
          "mrr": 0.3412676751613617,
          "top5_acc": 0.4420454502105713,
          "ndcg_5": 0.348776251077652,
          "top10_acc": 0.5303030014038086,
          "ndcg_10": 0.3772520124912262,
          "best_epoch": 21,
          "per_metric_best": {
            "accuracy": {
              "accuracy": 0.2513257563114166,
              "accuracy_macro": 0.08581463571940882,
              "f1": 0.0749220997095108,
              "f1_weighted": 0.21248608827590942,
              "mrr": 0.3424900770187378,
              "top5_acc": 0.43977272510528564,
              "ndcg_5": 0.34932833909988403,
              "top10_acc": 0.5267045497894287,
              "ndcg_10": 0.3773488402366638,
              "best_epoch": 19
            },
            "top5_acc": {
              "accuracy": 0.2450757622718811,
              "accuracy_macro": 0.07495559710744773,
              "f1": 0.06652355939149857,
              "f1_weighted": 0.19948583841323853,
              "mrr": 0.3412676751613617,
              "top5_acc": 0.4420454502105713,
              "ndcg_5": 0.348776251077652,
              "top10_acc": 0.5303030014038086,
              "ndcg_10": 0.3772520124912262,
              "best_epoch": 21
            },
            "top10_acc": {
              "accuracy": 0.2450757622718811,
              "accuracy_macro": 0.07495559710744773,
              "f1": 0.06652355939149857,
              "f1_weighted": 0.19948583841323853,
              "mrr": 0.3412676751613617,
              "top5_acc": 0.4420454502105713,
              "ndcg_5": 0.348776251077652,
              "top10_acc": 0.5303030014038086,
              "ndcg_10": 0.3772520124912262,
              "best_epoch": 21
            },
            "mrr": {
              "accuracy": 0.2496212124824524,
              "accuracy_macro": 0.0826940727458545,
              "f1": 0.07265041768550873,
              "f1_weighted": 0.21389910578727722,
              "mrr": 0.34267619252204895,
              "top5_acc": 0.4375,
              "ndcg_5": 0.34869185090065,
              "top10_acc": 0.5232954621315002,
              "ndcg_10": 0.37637487053871155,
              "best_epoch": 24
            },
            "f1": {
              "accuracy": 0.24924242496490479,
              "accuracy_macro": 0.0856669286639342,
              "f1": 0.0771084576845169,
              "f1_weighted": 0.22290557622909546,
              "mrr": 0.3408629298210144,
              "top5_acc": 0.43579545617103577,
              "ndcg_5": 0.34732896089553833,
              "top10_acc": 0.5176136493682861,
              "ndcg_10": 0.3737988770008087,
              "best_epoch": 28
            }
          }
        },
        {
          "accuracy": 0.25364652276039124,
          "accuracy_macro": 0.08682250043873682,
          "f1": 0.071652851998806,
          "f1_weighted": 0.20389457046985626,
          "mrr": 0.35043251514434814,
          "top5_acc": 0.4487592279911041,
          "ndcg_5": 0.3575974404811859,
          "top10_acc": 0.5372229814529419,
          "ndcg_10": 0.38610875606536865,
          "best_epoch": 19,
          "per_metric_best": {
            "accuracy": {
              "accuracy": 0.26387572288513184,
              "accuracy_macro": 0.08920183799249663,
              "f1": 0.07540407031774521,
              "f1_weighted": 0.2240850031375885,
              "mrr": 0.35584595799446106,
              "top5_acc": 0.4506535232067108,
              "ndcg_5": 0.36210396885871887,
              "top10_acc": 0.5345709323883057,
              "ndcg_10": 0.3891806900501251,
              "best_epoch": 21
            },
            "top5_acc": {
              "accuracy": 0.2610342800617218,
              "accuracy_macro": 0.0878432864234561,
              "f1": 0.07528440654277802,
              "f1_weighted": 0.2236514538526535,
              "mrr": 0.35491815209388733,
              "top5_acc": 0.45179012417793274,
              "ndcg_5": 0.3622410297393799,
              "top10_acc": 0.529266893863678,
              "ndcg_10": 0.387457937002182,
              "best_epoch": 23
            },
            "top10_acc": {
              "accuracy": 0.25364652276039124,
              "accuracy_macro": 0.08682250043873682,
              "f1": 0.071652851998806,
              "f1_weighted": 0.20389457046985626,
              "mrr": 0.35043251514434814,
              "top5_acc": 0.4487592279911041,
              "ndcg_5": 0.3575974404811859,
              "top10_acc": 0.5372229814529419,
              "ndcg_10": 0.38610875606536865,
              "best_epoch": 19
            },
            "mrr": {
              "accuracy": 0.26387572288513184,
              "accuracy_macro": 0.08920183799249663,
              "f1": 0.07540407031774521,
              "f1_weighted": 0.2240850031375885,
              "mrr": 0.35584595799446106,
              "top5_acc": 0.4506535232067108,
              "ndcg_5": 0.36210396885871887,
              "top10_acc": 0.5345709323883057,
              "ndcg_10": 0.3891806900501251,
              "best_epoch": 21
            },
            "f1": {
              "accuracy": 0.2574351131916046,
              "accuracy_macro": 0.09297569574439773,
              "f1": 0.08235379308462143,
              "f1_weighted": 0.22962528467178345,
              "mrr": 0.34948423504829407,
              "top5_acc": 0.4404243230819702,
              "ndcg_5": 0.3545396029949188,
              "top10_acc": 0.5285091996192932,
              "ndcg_10": 0.38304194808006287,
              "best_epoch": 27
            }
          }
        },
        {
          "accuracy": 0.261223703622818,
          "accuracy_macro": 0.08380304509943182,
          "f1": 0.07152868062257767,
          "f1_weighted": 0.22631487250328064,
          "mrr": 0.35535043478012085,
          "top5_acc": 0.4512218236923218,
          "ndcg_5": 0.3616443872451782,
          "top10_acc": 0.5415798425674438,
          "ndcg_10": 0.39072585105895996,
          "best_epoch": 26,
          "per_metric_best": {
            "accuracy": {
              "accuracy": 0.2682326138019562,
              "accuracy_macro": 0.08979198314525463,
              "f1": 0.07708590477705002,
              "f1_weighted": 0.2275153547525406,
              "mrr": 0.3605349361896515,
              "top5_acc": 0.45311611890792847,
              "ndcg_5": 0.3661409914493561,
              "top10_acc": 0.5389278531074524,
              "ndcg_10": 0.39386263489723206,
              "best_epoch": 23
            },
            "top5_acc": {
              "accuracy": 0.2625497281551361,
              "accuracy_macro": 0.08523204215872841,
              "f1": 0.07541163265705109,
              "f1_weighted": 0.2301013171672821,
              "mrr": 0.357904314994812,
              "top5_acc": 0.45842015743255615,
              "ndcg_5": 0.3663446307182312,
              "top10_acc": 0.5377912521362305,
              "ndcg_10": 0.3919214606285095,
              "best_epoch": 29
            },
            "top10_acc": {
              "accuracy": 0.261223703622818,
              "accuracy_macro": 0.08380304509943182,
              "f1": 0.07152868062257767,
              "f1_weighted": 0.22631487250328064,
              "mrr": 0.35535043478012085,
              "top5_acc": 0.4512218236923218,
              "ndcg_5": 0.3616443872451782,
              "top10_acc": 0.5415798425674438,
              "ndcg_10": 0.39072585105895996,
              "best_epoch": 26
            },
            "mrr": {
              "accuracy": 0.2682326138019562,
              "accuracy_macro": 0.08979198314525463,
              "f1": 0.07708590477705002,