{
  "state": "arizona",
  "folds": 5,
  "epochs": 30,
  "seed": 7,
  "input_type": "region",
  "n_regions": 1540,
  "heads": {
    "next_stan_flow": {
      "per_fold": [
        {
          "accuracy": 0.25814393162727356,
          "accuracy_macro": 0.09503155496627842,
          "f1": 0.07826432585716248,
          "f1_weighted": 0.22599442303180695,
          "mrr": 0.3453076481819153,
          "top5_acc": 0.43598484992980957,
          "ndcg_5": 0.35065343976020813,
          "top10_acc": 0.5178030133247375,
          "ndcg_10": 0.3771217465400696,
          "best_epoch": 22,
          "per_metric_best": {
            "accuracy": {
              "accuracy": 0.26212120056152344,
              "accuracy_macro": 0.09820157131384263,
              "f1": 0.08045924454927444,
              "f1_weighted": 0.22949182987213135,
              "mrr": 0.3478615880012512,
              "top5_acc": 0.436553031206131,
              "ndcg_5": 0.35287919640541077,
              "top10_acc": 0.5145833492279053,
              "ndcg_10": 0.378293514251709,
              "best_epoch": 17
            },
            "top5_acc": {
              "accuracy": 0.25871211290359497,
              "accuracy_macro": 0.09691892906871549,
              "f1": 0.07934635877609253,
              "f1_weighted": 0.22918672859668732,
              "mrr": 0.345425009727478,
              "top5_acc": 0.4369318187236786,
              "ndcg_5": 0.3514381945133209,
              "top10_acc": 0.5130681991577148,
              "ndcg_10": 0.3759358823299408,
              "best_epoch": 29
            },
            "top10_acc": {
              "accuracy": 0.25814393162727356,
              "accuracy_macro": 0.09503155496627842,
              "f1": 0.07826432585716248,
              "f1_weighted": 0.22599442303180695,
              "mrr": 0.3453076481819153,
              "top5_acc": 0.43598484992980957,
              "ndcg_5": 0.35065343976020813,
              "top10_acc": 0.5178030133247375,
              "ndcg_10": 0.3771217465400696,
              "best_epoch": 22
            },
            "mrr": {
              "accuracy": 0.26212120056152344,
              "accuracy_macro": 0.09820157131384263,
              "f1": 0.08045924454927444,
              "f1_weighted": 0.22949182987213135,
              "mrr": 0.3478615880012512,
              "top5_acc": 0.436553031206131,
              "ndcg_5": 0.35287919640541077,
              "top10_acc": 0.5145833492279053,
              "ndcg_10": 0.378293514251709,
              "best_epoch": 17
            },
            "f1": {
              "accuracy": 0.25719696283340454,
              "accuracy_macro": 0.09768204951259557,
              "f1": 0.08088427782058716,
              "f1_weighted": 0.22955280542373657,
              "mrr": 0.34456267952919006,
              "top5_acc": 0.43541666865348816,
              "ndcg_5": 0.35021722316741943,
              "top10_acc": 0.5115530490875244,
              "ndcg_10": 0.37487947940826416,
              "best_epoch": 27
            }
          }
        },
        {
          "accuracy": 0.2578139901161194,
          "accuracy_macro": 0.09136225041750723,
          "f1": 0.07532496750354767,
          "f1_weighted": 0.2185203582048416,
          "mrr": 0.3506998121738434,
          "top5_acc": 0.4476226568222046,
          "ndcg_5": 0.3577554523944855,
          "top10_acc": 0.528319776058197,
          "ndcg_10": 0.38381606340408325,
          "best_epoch": 14,
          "per_metric_best": {
            "accuracy": {
              "accuracy": 0.264633446931839,
              "accuracy_macro": 0.10252942869649131,
              "f1": 0.08514692634344101,
              "f1_weighted": 0.23124094307422638,
              "mrr": 0.3537030518054962,
              "top5_acc": 0.4440234899520874,
              "ndcg_5": 0.3589874505996704,
              "top10_acc": 0.5239628553390503,
              "ndcg_10": 0.38482680916786194,
              "best_epoch": 17
            },
            "top5_acc": {
              "accuracy": 0.2578139901161194,
              "accuracy_macro": 0.09136225041750723,
              "f1": 0.07532496750354767,
              "f1_weighted": 0.2185203582048416,
              "mrr": 0.3506998121738434,
              "top5_acc": 0.4476226568222046,
              "ndcg_5": 0.3577554523944855,
              "top10_acc": 0.528319776058197,
              "ndcg_10": 0.38381606340408325,
              "best_epoch": 14
            },
            "top10_acc": {
              "accuracy": 0.2578139901161194,
              "accuracy_macro": 0.09136225041750723,
              "f1": 0.07532496750354767,
              "f1_weighted": 0.2185203582048416,
              "mrr": 0.3506998121738434,
              "top5_acc": 0.4476226568222046,
              "ndcg_5": 0.3577554523944855,
              "top10_acc": 0.528319776058197,
              "ndcg_10": 0.38381606340408325,
              "best_epoch": 14
            },
            "mrr": {
              "accuracy": 0.264633446931839,
              "accuracy_macro": 0.10252942869649131,
              "f1": 0.08514692634344101,
              "f1_weighted": 0.23124094307422638,
              "mrr": 0.3537030518054962,
              "top5_acc": 0.4440234899520874,
              "ndcg_5": 0.3589874505996704,
              "top10_acc": 0.5239628553390503,
              "ndcg_10": 0.38482680916786194,
              "best_epoch": 17
            },
            "f1": {
              "accuracy": 0.2593294084072113,
              "accuracy_macro": 0.1014485524377977,
              "f1": 0.08588293194770813,
              "f1_weighted": 0.23296506702899933,
              "mrr": 0.3504430651664734,
              "top5_acc": 0.44345518946647644,
              "ndcg_5": 0.3564802408218384,
              "top10_acc": 0.5247206091880798,
              "ndcg_10": 0.38274818658828735,
              "best_epoch": 27
            }
          }
        },
        {
          "accuracy": 0.27921953797340393,
          "accuracy_macro": 0.09198389502720059,
          "f1": 0.07616367936134338,
          "f1_weighted": 0.23467187583446503,
          "mrr": 0.37649887800216675,
          "top5_acc": 0.47906801104545593,
          "ndcg_5": 0.38508152961730957,
          "top10_acc": 0.5627959966659546,
          "ndcg_10": 0.4121076762676239,
          "best_epoch": 16,
          "per_metric_best": {
            "accuracy": {
              "accuracy": 0.28528130054473877,
              "accuracy_macro": 0.09673069267515924,
              "f1": 0.08184695243835449,
              "f1_weighted": 0.25338464975357056,
              "mrr": 0.37905558943748474,
              "top5_acc": 0.4743322730064392,
              "ndcg_5": 0.38550662994384766,
              "top10_acc": 0.5595756769180298,
              "ndcg_10": 0.41310638189315796,
              "best_epoch": 19
            },
            "top5_acc": {
              "accuracy": 0.27921953797340393,
              "accuracy_macro": 0.09198389502720059,
              "f1": 0.07616367936134338,
              "f1_weighted": 0.23467187583446503,
              "mrr": 0.37649887800216675,
              "top5_acc": 0.47906801104545593,
              "ndcg_5": 0.38508152961730957,
              "top10_acc": 0.5627959966659546,
              "ndcg_10": 0.4121076762676239,
              "best_epoch": 16
            },
            "top10_acc": {
              "accuracy": 0.27921953797340393,
              "accuracy_macro": 0.09198389502720059,
              "f1": 0.07616367936134338,
              "f1_weighted": 0.23467187583446503,
              "mrr": 0.37649887800216675,
              "top5_acc": 0.47906801104545593,
              "ndcg_5": 0.38508152961730957,
              "top10_acc": 0.5627959966659546,
              "ndcg_10": 0.4121076762676239,
              "best_epoch": 16
            },
            "mrr": {
              "accuracy": 0.28528130054473877,
              "accuracy_macro": 0.09673069267515924,