{
  "state": "florida",
  "folds": 5,
  "epochs": 50,
  "seed": 0,
  "input_type": "region",
  "n_regions": 4702,
  "heads": {
    "next_stan_flow": {
      "per_fold": [
        {
          "accuracy": 0.4787184000015259,
          "accuracy_macro": 0.12345499715872965,
          "f1": 0.10560020059347153,
          "f1_weighted": 0.44603070616722107,
          "mrr": 0.568922758102417,
          "top5_acc": 0.6705198884010315,
          "ndcg_5": 0.5818545818328857,
          "top10_acc": 0.7403486967086792,
          "ndcg_10": 0.6044840812683105,
          "best_epoch": 43,
          "per_metric_best": {
            "accuracy": {
              "accuracy": 0.47928380966186523,
              "accuracy_macro": 0.12409183575879998,
              "f1": 0.10584685206413269,
              "f1_weighted": 0.44705140590667725,
              "mrr": 0.5691025257110596,
              "top5_acc": 0.6705198884010315,
              "ndcg_5": 0.581966757774353,
              "top10_acc": 0.7394376993179321,
              "ndcg_10": 0.6043378710746765,
              "best_epoch": 47
            },
            "top5_acc": {
              "accuracy": 0.47928380966186523,
              "accuracy_macro": 0.12446182132050046,
              "f1": 0.1064402237534523,
              "f1_weighted": 0.4471079707145691,
              "mrr": 0.569092869758606,
              "top5_acc": 0.6707711815834045,
              "ndcg_5": 0.5820549130439758,
              "top10_acc": 0.7395633459091187,
              "ndcg_10": 0.6043596863746643,
              "best_epoch": 48
            },
            "top10_acc": {
              "accuracy": 0.4787184000015259,
              "accuracy_macro": 0.12345499715872965,
              "f1": 0.10560020059347153,
              "f1_weighted": 0.44603070616722107,
              "mrr": 0.568922758102417,
              "top5_acc": 0.6705198884010315,
              "ndcg_5": 0.5818545818328857,
              "top10_acc": 0.7403486967086792,
              "ndcg_10": 0.6044840812683105,
              "best_epoch": 43
            },
            "mrr": {
              "accuracy": 0.47928380966186523,
              "accuracy_macro": 0.12409183575879998,
              "f1": 0.10584685206413269,
              "f1_weighted": 0.44705140590667725,
              "mrr": 0.5691025257110596,
              "top5_acc": 0.6705198884010315,
              "ndcg_5": 0.581966757774353,
              "top10_acc": 0.7394376993179321,
              "ndcg_10": 0.6043378710746765,
              "best_epoch": 47
            },
            "f1": {
              "accuracy": 0.47928380966186523,
              "accuracy_macro": 0.12446182132050046,
              "f1": 0.1064402237534523,
              "f1_weighted": 0.4471079707145691,
              "mrr": 0.569092869758606,
              "top5_acc": 0.6707711815834045,
              "ndcg_5": 0.5820549130439758,
              "top10_acc": 0.7395633459091187,
              "ndcg_10": 0.6043596863746643,
              "best_epoch": 48
            }
          }
        },
        {
          "accuracy": 0.46051639318466187,
          "accuracy_macro": 0.10169399548373846,
          "f1": 0.08802145719528198,
          "f1_weighted": 0.4276798963546753,
          "mrr": 0.5499486327171326,
          "top5_acc": 0.6497047543525696,
          "ndcg_5": 0.5619032382965088,
          "top10_acc": 0.7208192348480225,
          "ndcg_10": 0.5849518775939941,
          "best_epoch": 47,
          "per_metric_best": {
            "accuracy": {
              "accuracy": 0.4610818028450012,
              "accuracy_macro": 0.10222903116549634,
              "f1": 0.08769696205854416,
              "f1_weighted": 0.42796117067337036,
              "mrr": 0.5499975681304932,
              "top5_acc": 0.6507099270820618,
              "ndcg_5": 0.5623413920402527,
              "top10_acc": 0.7202538251876831,
              "ndcg_10": 0.584830641746521,
              "best_epoch": 43
            },
            "top5_acc": {
              "accuracy": 0.4610818028450012,
              "accuracy_macro": 0.10222903116549634,
              "f1": 0.08769696205854416,
              "f1_weighted": 0.42796117067337036,
              "mrr": 0.5499975681304932,
              "top5_acc": 0.6507099270820618,
              "ndcg_5": 0.5623413920402527,
              "top10_acc": 0.7202538251876831,
              "ndcg_10": 0.584830641746521,
              "best_epoch": 43
            },
            "top10_acc": {
              "accuracy": 0.46051639318466187,
              "accuracy_macro": 0.10169399548373846,
              "f1": 0.08802145719528198,
              "f1_weighted": 0.4276798963546753,
              "mrr": 0.5499486327171326,
              "top5_acc": 0.6497047543525696,
              "ndcg_5": 0.5619032382965088,
              "top10_acc": 0.7208192348480225,
              "ndcg_10": 0.5849518775939941,
              "best_epoch": 47
            },
            "mrr": {
              "accuracy": 0.46101897954940796,
              "accuracy_macro": 0.10214259917014251,
              "f1": 0.08855844289064407,
              "f1_weighted": 0.42833730578422546,
              "mrr": 0.5500527024269104,
              "top5_acc": 0.649673342704773,
              "ndcg_5": 0.5620161890983582,
              "top10_acc": 0.7204108834266663,
              "ndcg_10": 0.5849220752716064,
              "best_epoch": 46
            },
            "f1": {
              "accuracy": 0.46098756790161133,
              "accuracy_macro": 0.10224693385851147,
              "f1": 0.08874082565307617,
              "f1_weighted": 0.4281618297100067,
              "mrr": 0.5500138998031616,
              "top5_acc": 0.6497675776481628,
              "ndcg_5": 0.5619891881942749,
              "top10_acc": 0.7203794717788696,
              "ndcg_10": 0.5848788022994995,
              "best_epoch": 50
            }
          }
        },
        {
          "accuracy": 0.4785299301147461,
          "accuracy_macro": 0.11585116378003747,
          "f1": 0.10044513642787933,
          "f1_weighted": 0.4466211199760437,
          "mrr": 0.5675559043884277,
          "top5_acc": 0.6685723066329956,
          "ndcg_5": 0.5801597833633423,
          "top10_acc": 0.7379613518714905,
          "ndcg_10": 0.6026237607002258,
          "best_epoch": 45,
          "per_metric_best": {
            "accuracy": {
              "accuracy": 0.4787184000015259,
              "accuracy_macro": 0.1152560045884354,
              "f1": 0.10047198086977005,
              "f1_weighted": 0.4469307065010071,
              "mrr": 0.5675511956214905,
              "top5_acc": 0.6684152483940125,
              "ndcg_5": 0.5801240801811218,
              "top10_acc": 0.7377728819847107,
              "ndcg_10": 0.6025593280792236,
              "best_epoch": 48
            },
            "top5_acc": {
              "accuracy": 0.4782472252845764,
              "accuracy_macro": 0.11599788377084433,
              "f1": 0.10076385736465454,
              "f1_weighted": 0.44665247201919556,
              "mrr": 0.5673931241035461,
              "top5_acc": 0.6688864231109619,
              "ndcg_5": 0.5801911354064941,
              "top10_acc": 0.7373645305633545,
              "ndcg_10": 0.6023440361022949,
              "best_epoch": 46
            },
            "top10_acc": {
              "accuracy": 0.4785299301147461,
              "accuracy_macro": 0.11585116378003747,
              "f1": 0.10044513642787933,
              "f1_weighted": 0.4466211199760437,
              "mrr": 0.5675559043884277,
              "top5_acc": 0.6685723066329956,
              "ndcg_5": 0.5801597833633423,
              "top10_acc": 0.7379613518714905,
              "ndcg_10": 0.6026237607002258,
              "best_epoch": 45
            },
            "mrr": {
              "accuracy": 0.4785299301147461,
              "accuracy_macro": 0.11585116378003747,
              "f1": 0.10044513642787933,