{
  "state": "alabama",
  "folds": 1,
  "epochs": 30,
  "seed": 42,
  "input_type": "region",
  "n_regions": 1109,
  "heads": {
    "next_lstm": {
      "per_fold": [
        {
          "accuracy": 0.2033044844865799,
          "accuracy_macro": 0.046994033536882196,
          "f1": 0.03639615327119827,
          "f1_weighted": 0.15497317910194397,
          "mrr": 0.30921053886413574,
          "top5_acc": 0.42218726873397827,
          "ndcg_5": 0.31732770800590515,
          "top10_acc": 0.5266718864440918,
          "ndcg_10": 0.3510020673274994,
          "best_epoch": 29
        }
      ],
      "aggregate": {
        "accuracy_mean": 0.2033044844865799,
        "accuracy_std": 0.0,
        "top5_acc_mean": 0.42218726873397827,
        "top5_acc_std": 0.0,
        "top10_acc_mean": 0.5266718864440918,
        "top10_acc_std": 0.0,
        "mrr_mean": 0.30921053886413574,
        "mrr_std": 0.0,
        "f1_mean": 0.03639615327119827,
        "f1_std": 0.0
      },
      "config": {
        "max_lr": 0.003,
        "label_smoothing": 0.0,
        "input_layernorm": false,
        "overrides": {},
        "input_type": "region"
      }
    },
    "next_tcn_residual": {
      "per_fold": [
        {
          "accuracy": 0.20204563438892365,
          "accuracy_macro": 0.04884840858666918,
          "f1": 0.04046088457107544,
          "f1_weighted": 0.16382499039173126,
          "mrr": 0.3136141896247864,
          "top5_acc": 0.4343037009239197,
          "ndcg_5": 0.3227616548538208,
          "top10_acc": 0.5460267663002014,
          "ndcg_10": 0.3589005470275879,
          "best_epoch": 29
        }
      ],
      "aggregate": {
        "accuracy_mean": 0.20204563438892365,
        "accuracy_std": 0.0,
        "top5_acc_mean": 0.4343037009239197,
        "top5_acc_std": 0.0,
        "top10_acc_mean": 0.5460267663002014,
        "top10_acc_std": 0.0,
        "mrr_mean": 0.3136141896247864,
        "mrr_std": 0.0,
        "f1_mean": 0.04046088457107544,
        "f1_std": 0.0
      },
      "config": {
        "max_lr": 0.003,
        "label_smoothing": 0.0,
        "input_layernorm": false,
        "overrides": {},
        "input_type": "region"
      }
    },
    "next_mtl": {
      "per_fold": [
        {
          "accuracy": 0.0036191975232213736,
          "accuracy_macro": 0.0015105740181268882,
          "f1": 1.0894701517827343e-05,
          "f1_weighted": 2.6102710762643255e-05,
          "mrr": 1.0,
          "top5_acc": 0.03745082765817642,
          "ndcg_5": 1.0,
          "top10_acc": 0.07332808524370193,
          "ndcg_10": 1.0,
          "best_epoch": 1
        }
      ],
      "aggregate": {
        "accuracy_mean": 0.0036191975232213736,
        "accuracy_std": 0.0,
        "top5_acc_mean": 0.03745082765817642,
        "top5_acc_std": 0.0,
        "top10_acc_mean": 0.07332808524370193,
        "top10_acc_std": 0.0,
        "mrr_mean": 1.0,
        "mrr_std": 0.0,
        "f1_mean": 1.0894701517827343e-05,
        "f1_std": 0.0
      },
      "config": {
        "max_lr": 0.0005,
        "label_smoothing": 0.0,
        "input_layernorm": false,
        "overrides": {},
        "input_type": "region"
      }
    }
  }
}