{
  "state": "florida",
  "folds": 5,
  "epochs": 50,
  "seed": 42,
  "input_type": "region",
  "n_regions": 4702,
  "heads": {
    "next_stan_flow": {
      "per_fold": [
        {
          "accuracy": 0.4770221412181854,
          "accuracy_macro": 0.12359330460831926,
          "f1": 0.10676497966051102,
          "f1_weighted": 0.4457072615623474,
          "mrr": 0.5670442581176758,
          "top5_acc": 0.6706141233444214,
          "ndcg_5": 0.5803619027137756,
          "top10_acc": 0.7406942248344421,
          "ndcg_10": 0.6030837297439575,
          "best_epoch": 42,
          "per_metric_best": {
            "accuracy": {
              "accuracy": 0.4770221412181854,
              "accuracy_macro": 0.12359330460831926,
              "f1": 0.10676497966051102,
              "f1_weighted": 0.4457072615623474,
              "mrr": 0.5670442581176758,
              "top5_acc": 0.6706141233444214,
              "ndcg_5": 0.5803619027137756,
              "top10_acc": 0.7406942248344421,
              "ndcg_10": 0.6030837297439575,
              "best_epoch": 42
            },
            "top5_acc": {
              "accuracy": 0.47419506311416626,
              "accuracy_macro": 0.12202147611863798,
              "f1": 0.10508285462856293,
              "f1_weighted": 0.44200778007507324,
              "mrr": 0.5651230812072754,
              "top5_acc": 0.6712109446525574,
              "ndcg_5": 0.5792652368545532,
              "top10_acc": 0.739280641078949,
              "ndcg_10": 0.601332426071167,
              "best_epoch": 37
            },
            "top10_acc": {
              "accuracy": 0.4770221412181854,
              "accuracy_macro": 0.12359330460831926,
              "f1": 0.10676497966051102,
              "f1_weighted": 0.4457072615623474,
              "mrr": 0.5670442581176758,
              "top5_acc": 0.6706141233444214,
              "ndcg_5": 0.5803619027137756,
              "top10_acc": 0.7406942248344421,
              "ndcg_10": 0.6030837297439575,
              "best_epoch": 42
            },
            "mrr": {
              "accuracy": 0.47673943638801575,
              "accuracy_macro": 0.1222468777520408,
              "f1": 0.105650395154953,
              "f1_weighted": 0.4458279013633728,
              "mrr": 0.5671805143356323,
              "top5_acc": 0.6705198884010315,
              "ndcg_5": 0.5804344415664673,
              "top10_acc": 0.7400345802307129,
              "ndcg_10": 0.6030139327049255,
              "best_epoch": 46
            },
            "f1": {
              "accuracy": 0.4770221412181854,
              "accuracy_macro": 0.12359330460831926,
              "f1": 0.10676497966051102,
              "f1_weighted": 0.4457072615623474,
              "mrr": 0.5670442581176758,
              "top5_acc": 0.6706141233444214,
              "ndcg_5": 0.5803619027137756,
              "top10_acc": 0.7406942248344421,
              "ndcg_10": 0.6030837297439575,
              "best_epoch": 42
            }
          }
        },
        {
          "accuracy": 0.4654625356197357,
          "accuracy_macro": 0.09900269027828246,
          "f1": 0.08548363298177719,
          "f1_weighted": 0.4308415353298187,
          "mrr": 0.5552487373352051,
          "top5_acc": 0.6558818817138672,
          "ndcg_5": 0.5673786997795105,
          "top10_acc": 0.7281294465065002,
          "ndcg_10": 0.5906984806060791,
          "best_epoch": 43,
          "per_metric_best": {
            "accuracy": {
              "accuracy": 0.46561959385871887,
              "accuracy_macro": 0.10078826291580442,
              "f1": 0.0866960883140564,
              "f1_weighted": 0.4317343831062317,
              "mrr": 0.5551427006721497,
              "top5_acc": 0.6555363535881042,
              "ndcg_5": 0.5671590566635132,
              "top10_acc": 0.7279409170150757,
              "ndcg_10": 0.5905461311340332,
              "best_epoch": 46
            },
            "top5_acc": {
              "accuracy": 0.4645515978336334,
              "accuracy_macro": 0.09800939885548662,
              "f1": 0.08448636531829834,
              "f1_weighted": 0.4300552010536194,
              "mrr": 0.5547264218330383,
              "top5_acc": 0.6560389399528503,
              "ndcg_5": 0.5670486092567444,
              "top10_acc": 0.7278152704238892,
              "ndcg_10": 0.5902097225189209,
              "best_epoch": 44
            },
            "top10_acc": {
              "accuracy": 0.4654625356197357,
              "accuracy_macro": 0.09900269027828246,
              "f1": 0.08548363298177719,
              "f1_weighted": 0.4308415353298187,
              "mrr": 0.5552487373352051,
              "top5_acc": 0.6558818817138672,
              "ndcg_5": 0.5673786997795105,
              "top10_acc": 0.7281294465065002,
              "ndcg_10": 0.5906984806060791,
              "best_epoch": 43
            },
            "mrr": {
              "accuracy": 0.4654625356197357,
              "accuracy_macro": 0.09900269027828246,
              "f1": 0.08548363298177719,
              "f1_weighted": 0.4308415353298187,
              "mrr": 0.5552487373352051,
              "top5_acc": 0.6558818817138672,
              "ndcg_5": 0.5673786997795105,
              "top10_acc": 0.7281294465065002,
              "ndcg_10": 0.5906984806060791,
              "best_epoch": 43
            },
            "f1": {
              "accuracy": 0.46561959385871887,
              "accuracy_macro": 0.10078826291580442,
              "f1": 0.0866960883140564,
              "f1_weighted": 0.4317343831062317,
              "mrr": 0.5551427006721497,
              "top5_acc": 0.6555363535881042,
              "ndcg_5": 0.5671590566635132,
              "top10_acc": 0.7279409170150757,
              "ndcg_10": 0.5905461311340332,
              "best_epoch": 46
            }
          }
        },
        {
          "accuracy": 0.4800226390361786,
          "accuracy_macro": 0.113429105106342,
          "f1": 0.09656340628862381,
          "f1_weighted": 0.44951584935188293,
          "mrr": 0.567419707775116,
          "top5_acc": 0.666635274887085,
          "ndcg_5": 0.5798192620277405,
          "top10_acc": 0.7346400618553162,
          "ndcg_10": 0.6018283367156982,
          "best_epoch": 49,
          "per_metric_best": {
            "accuracy": {
              "accuracy": 0.4811534285545349,
              "accuracy_macro": 0.11405835795606303,
              "f1": 0.09763636440038681,
              "f1_weighted": 0.45021742582321167,
              "mrr": 0.5681573748588562,
              "top5_acc": 0.6669179797172546,
              "ndcg_5": 0.5804405808448792,
              "top10_acc": 0.7335092425346375,
              "ndcg_10": 0.6020699739456177,
              "best_epoch": 44
            },
            "top5_acc": {
              "accuracy": 0.4800226390361786,
              "accuracy_macro": 0.11300493062093461,
              "f1": 0.09616302698850632,
              "f1_weighted": 0.4492124617099762,
              "mrr": 0.5674736499786377,
              "top5_acc": 0.6672006845474243,
              "ndcg_5": 0.5800462961196899,
              "top10_acc": 0.7343887686729431,
              "ndcg_10": 0.601805567741394,
              "best_epoch": 47
            },
            "top10_acc": {
              "accuracy": 0.4800226390361786,
              "accuracy_macro": 0.113429105106342,
              "f1": 0.09656340628862381,
              "f1_weighted": 0.44951584935188293,
              "mrr": 0.567419707775116,
              "top5_acc": 0.666635274887085,
              "ndcg_5": 0.5798192620277405,
              "top10_acc": 0.7346400618553162,
              "ndcg_10": 0.6018283367156982,
              "best_epoch": 49
            },
            "mrr": {
              "accuracy": 0.4811534285545349,
              "accuracy_macro": 0.11405835795606303,
              "f1": 0.09763636440038681,