{
  "state": "alabama",
  "folds": 5,
  "epochs": 50,
  "seed": 42,
  "input_type": "region",
  "n_regions": 1109,
  "heads": {
    "next_stan_flow": {
      "per_fold": [
        {
          "accuracy": 0.2844217121601105,
          "accuracy_macro": 0.10614554427675824,
          "f1": 0.07967638224363327,
          "f1_weighted": 0.22953400015830994,
          "mrr": 0.4072781503200531,
          "top5_acc": 0.5452399849891663,
          "ndcg_5": 0.42301425337791443,
          "top10_acc": 0.6565696597099304,
          "ndcg_10": 0.45886778831481934,
          "best_epoch": 16,
          "per_metric_best": {
            "accuracy": {
              "accuracy": 0.2997639775276184,
              "accuracy_macro": 0.12384042680633735,
              "f1": 0.09873313456773758,
              "f1_weighted": 0.2593151926994324,
              "mrr": 0.41915902495384216,
              "top5_acc": 0.5432730317115784,
              "ndcg_5": 0.4306572377681732,
              "top10_acc": 0.654209315776825,
              "ndcg_10": 0.4665842354297638,
              "best_epoch": 21
            },
            "top5_acc": {
              "accuracy": 0.29937058687210083,
              "accuracy_macro": 0.11912089218328029,
              "f1": 0.09816889464855194,
              "f1_weighted": 0.2577176094055176,
              "mrr": 0.4205890893936157,
              "top5_acc": 0.561369001865387,
              "ndcg_5": 0.43793076276779175,
              "top10_acc": 0.6557828783988953,
              "ndcg_10": 0.46839475631713867,
              "best_epoch": 20
            },
            "top10_acc": {
              "accuracy": 0.2844217121601105,
              "accuracy_macro": 0.10614554427675824,
              "f1": 0.07967638224363327,
              "f1_weighted": 0.22953400015830994,
              "mrr": 0.4072781503200531,
              "top5_acc": 0.5452399849891663,
              "ndcg_5": 0.42301425337791443,
              "top10_acc": 0.6565696597099304,
              "ndcg_10": 0.45886778831481934,
              "best_epoch": 16
            },
            "mrr": {
              "accuracy": 0.29937058687210083,
              "accuracy_macro": 0.11912089218328029,
              "f1": 0.09816889464855194,
              "f1_weighted": 0.2577176094055176,
              "mrr": 0.4205890893936157,
              "top5_acc": 0.561369001865387,
              "ndcg_5": 0.43793076276779175,
              "top10_acc": 0.6557828783988953,
              "ndcg_10": 0.46839475631713867,
              "best_epoch": 20
            },
            "f1": {
              "accuracy": 0.29189613461494446,
              "accuracy_macro": 0.12877162076369905,
              "f1": 0.11129877716302872,
              "f1_weighted": 0.2627376616001129,
              "mrr": 0.41181913018226624,
              "top5_acc": 0.5452399849891663,
              "ndcg_5": 0.42627793550491333,
              "top10_acc": 0.6490951776504517,
              "ndcg_10": 0.4599109888076782,
              "best_epoch": 32
            }
          }
        },
        {
          "accuracy": 0.2655389606952667,
          "accuracy_macro": 0.10451258643198821,
          "f1": 0.0853692889213562,
          "f1_weighted": 0.21621333062648773,
          "mrr": 0.3896707594394684,
          "top5_acc": 0.5263571739196777,
          "ndcg_5": 0.40313196182250977,
          "top10_acc": 0.645948052406311,
          "ndcg_10": 0.4416806101799011,
          "best_epoch": 21,
          "per_metric_best": {
            "accuracy": {
              "accuracy": 0.2678993046283722,
              "accuracy_macro": 0.11094167345113579,
              "f1": 0.09079496562480927,
              "f1_weighted": 0.23238971829414368,
              "mrr": 0.3894543945789337,
              "top5_acc": 0.5208497047424316,
              "ndcg_5": 0.4017564654350281,
              "top10_acc": 0.635719895362854,
              "ndcg_10": 0.4387955367565155,
              "best_epoch": 25
            },
            "top5_acc": {
              "accuracy": 0.2604248523712158,
              "accuracy_macro": 0.09660228951703395,
              "f1": 0.07594572752714157,
              "f1_weighted": 0.21268264949321747,
              "mrr": 0.38892510533332825,
              "top5_acc": 0.531471312046051,
              "ndcg_5": 0.40439319610595703,
              "top10_acc": 0.6420141458511353,
              "ndcg_10": 0.4402867257595062,
              "best_epoch": 19
            },
            "top10_acc": {
              "accuracy": 0.2655389606952667,
              "accuracy_macro": 0.10451258643198821,
              "f1": 0.0853692889213562,
              "f1_weighted": 0.21621333062648773,
              "mrr": 0.3896707594394684,
              "top5_acc": 0.5263571739196777,
              "ndcg_5": 0.40313196182250977,
              "top10_acc": 0.645948052406311,
              "ndcg_10": 0.4416806101799011,
              "best_epoch": 21
            },
            "mrr": {
              "accuracy": 0.2655389606952667,
              "accuracy_macro": 0.10451258643198821,
              "f1": 0.0853692889213562,
              "f1_weighted": 0.21621333062648773,
              "mrr": 0.3896707594394684,
              "top5_acc": 0.5263571739196777,
              "ndcg_5": 0.40313196182250977,
              "top10_acc": 0.645948052406311,
              "ndcg_10": 0.4416806101799011,
              "best_epoch": 21
            },
            "f1": {
              "accuracy": 0.2604248523712158,
              "accuracy_macro": 0.1122340506207728,
              "f1": 0.09686543792486191,
              "f1_weighted": 0.2336519956588745,
              "mrr": 0.3802696764469147,
              "top5_acc": 0.5078678131103516,
              "ndcg_5": 0.3907277286052704,
              "top10_acc": 0.6290322542190552,
              "ndcg_10": 0.42988017201423645,
              "best_epoch": 36
            }
          }
        },
        {
          "accuracy": 0.26514557003974915,
          "accuracy_macro": 0.11286442492954944,
          "f1": 0.08805772662162781,
          "f1_weighted": 0.21945104002952576,
          "mrr": 0.393052875995636,
          "top5_acc": 0.5413060784339905,
          "ndcg_5": 0.40946483612060547,
          "top10_acc": 0.6648308634757996,
          "ndcg_10": 0.449308842420578,
          "best_epoch": 25,
          "per_metric_best": {
            "accuracy": {
              "accuracy": 0.26514557003974915,
              "accuracy_macro": 0.11286442492954944,
              "f1": 0.08805772662162781,
              "f1_weighted": 0.21945104002952576,
              "mrr": 0.393052875995636,
              "top5_acc": 0.5413060784339905,
              "ndcg_5": 0.40946483612060547,
              "top10_acc": 0.6648308634757996,
              "ndcg_10": 0.449308842420578,
              "best_epoch": 25
            },
            "top5_acc": {
              "accuracy": 0.26514557003974915,
              "accuracy_macro": 0.11286442492954944,
              "f1": 0.08805772662162781,
              "f1_weighted": 0.21945104002952576,
              "mrr": 0.393052875995636,
              "top5_acc": 0.5413060784339905,
              "ndcg_5": 0.40946483612060547,
              "top10_acc": 0.6648308634757996,
              "ndcg_10": 0.449308842420578,
              "best_epoch": 25
            },
            "top10_acc": {
              "accuracy": 0.26514557003974915,
              "accuracy_macro": 0.11286442492954944,
              "f1": 0.08805772662162781,
              "f1_weighted": 0.21945104002952576,
              "mrr": 0.393052875995636,
              "top5_acc": 0.5413060784339905,
              "ndcg_5": 0.40946483612060547,
              "top10_acc": 0.6648308634757996,
              "ndcg_10": 0.449308842420578,
              "best_epoch": 25
            },
            "mrr": {
              "accuracy": 0.26514557003974915,
              "accuracy_macro": 0.11286442492954944,