{
  "state": "florida",
  "folds": 5,
  "epochs": 50,
  "seed": 42,
  "input_type": "region",
  "n_regions": 4702,
  "heads": {
    "next_getnext_hard": {
      "per_fold": [
        {
          "accuracy": 0.4651170074939728,
          "accuracy_macro": 0.11643511510701178,
          "f1": 0.09975353628396988,
          "f1_weighted": 0.4380565285682678,
          "mrr": 0.547662615776062,
          "top5_acc": 0.6413067579269409,
          "ndcg_5": 0.559424102306366,
          "top10_acc": 0.7039421796798706,
          "ndcg_10": 0.5797190070152283,
          "best_epoch": 10,
          "per_metric_best": {
            "accuracy": {
              "accuracy": 0.4777131974697113,
              "accuracy_macro": 0.12963253839121316,
              "f1": 0.11688881367444992,
              "f1_weighted": 0.46024346351623535,
              "mrr": 0.5531923770904541,
              "top5_acc": 0.6383540034294128,
              "ndcg_5": 0.5642361044883728,
              "top10_acc": 0.6906863451004028,
              "ndcg_10": 0.5811944603919983,
              "best_epoch": 17
            },
            "top5_acc": {
              "accuracy": 0.46367207169532776,
              "accuracy_macro": 0.11114571937842034,
              "f1": 0.0966244488954544,
              "f1_weighted": 0.4274536371231079,
              "mrr": 0.5466694831848145,
              "top5_acc": 0.6425004005432129,
              "ndcg_5": 0.5593097805976868,
              "top10_acc": 0.7026857137680054,
              "ndcg_10": 0.5788126587867737,
              "best_epoch": 9
            },
            "top10_acc": {
              "accuracy": 0.4651170074939728,
              "accuracy_macro": 0.11643511510701178,
              "f1": 0.09975353628396988,
              "f1_weighted": 0.4380565285682678,
              "mrr": 0.547662615776062,
              "top5_acc": 0.6413067579269409,
              "ndcg_5": 0.559424102306366,
              "top10_acc": 0.7039421796798706,
              "ndcg_10": 0.5797190070152283,
              "best_epoch": 10
            },
            "mrr": {
              "accuracy": 0.4777131974697113,
              "accuracy_macro": 0.12963253839121316,
              "f1": 0.11688881367444992,
              "f1_weighted": 0.46024346351623535,
              "mrr": 0.5531923770904541,
              "top5_acc": 0.6383540034294128,
              "ndcg_5": 0.5642361044883728,
              "top10_acc": 0.6906863451004028,
              "ndcg_10": 0.5811944603919983,
              "best_epoch": 17
            },
            "f1": {
              "accuracy": 0.4777131974697113,
              "accuracy_macro": 0.12963253839121316,
              "f1": 0.11688881367444992,
              "f1_weighted": 0.46024346351623535,
              "mrr": 0.5531923770904541,
              "top5_acc": 0.6383540034294128,
              "ndcg_5": 0.5642361044883728,
              "top10_acc": 0.6906863451004028,
              "ndcg_10": 0.5811944603919983,
              "best_epoch": 17
            }
          }
        },
        {
          "accuracy": 0.45506519079208374,
          "accuracy_macro": 0.09628021447985713,
          "f1": 0.08222078531980515,
          "f1_weighted": 0.41919612884521484,
          "mrr": 0.5366066098213196,
          "top5_acc": 0.6278623938560486,
          "ndcg_5": 0.5475099682807922,
          "top10_acc": 0.6908748149871826,
          "ndcg_10": 0.5678871273994446,
          "best_epoch": 10,
          "per_metric_best": {
            "accuracy": {
              "accuracy": 0.4638919532299042,
              "accuracy_macro": 0.10202953510218425,
              "f1": 0.08963748812675476,
              "f1_weighted": 0.44226741790771484,
              "mrr": 0.5393109917640686,
              "top5_acc": 0.6241872310638428,
              "ndcg_5": 0.5497570037841797,
              "top10_acc": 0.6785299181938171,
              "ndcg_10": 0.567355215549469,
              "best_epoch": 15
            },
            "top5_acc": {
              "accuracy": 0.4534003436565399,
              "accuracy_macro": 0.09231554313185894,
              "f1": 0.08056267350912094,
              "f1_weighted": 0.41306817531585693,
              "mrr": 0.5358384847640991,
              "top5_acc": 0.6282707452774048,
              "ndcg_5": 0.5470461845397949,
              "top10_acc": 0.6908748149871826,
              "ndcg_10": 0.5673359036445618,
              "best_epoch": 11
            },
            "top10_acc": {
              "accuracy": 0.45506519079208374,
              "accuracy_macro": 0.09628021447985713,
              "f1": 0.08222078531980515,
              "f1_weighted": 0.41919612884521484,
              "mrr": 0.5366066098213196,
              "top5_acc": 0.6278623938560486,
              "ndcg_5": 0.5475099682807922,
              "top10_acc": 0.6908748149871826,
              "ndcg_10": 0.5678871273994446,
              "best_epoch": 10
            },
            "mrr": {
              "accuracy": 0.4632951021194458,
              "accuracy_macro": 0.10486947557917928,
              "f1": 0.09155044704675674,
              "f1_weighted": 0.4368903636932373,
              "mrr": 0.5409191846847534,
              "top5_acc": 0.6265431046485901,
              "ndcg_5": 0.5510125160217285,
              "top10_acc": 0.6854405403137207,
              "ndcg_10": 0.5701055526733398,
              "best_epoch": 14
            },
            "f1": {
              "accuracy": 0.46090781688690186,
              "accuracy_macro": 0.10364255983108396,
              "f1": 0.09338262677192688,
              "f1_weighted": 0.44085127115249634,
              "mrr": 0.5347795486450195,
              "top5_acc": 0.6184388399124146,
              "ndcg_5": 0.5453765392303467,
              "top10_acc": 0.6729385852813721,
              "ndcg_10": 0.5630943775177002,
              "best_epoch": 18
            }
          }
        },
        {
          "accuracy": 0.46827492117881775,
          "accuracy_macro": 0.10539974273280926,
          "f1": 0.08949340134859085,
          "f1_weighted": 0.4316493570804596,
          "mrr": 0.5480685234069824,
          "top5_acc": 0.637171745300293,
          "ndcg_5": 0.5591747164726257,
          "top10_acc": 0.6951878666877747,
          "ndcg_10": 0.578011155128479,
          "best_epoch": 11,
          "per_metric_best": {
            "accuracy": {
              "accuracy": 0.4777296185493469,
              "accuracy_macro": 0.11447940860782657,
              "f1": 0.09967479109764099,
              "f1_weighted": 0.45409584045410156,
              "mrr": 0.552488386631012,
              "top5_acc": 0.6378942131996155,
              "ndcg_5": 0.5636717081069946,
              "top10_acc": 0.6895967125892639,
              "ndcg_10": 0.580438494682312,
              "best_epoch": 15
            },
            "top5_acc": {
              "accuracy": 0.47707000374794006,
              "accuracy_macro": 0.1166850226081812,
              "f1": 0.1026880294084549,
              "f1_weighted": 0.45055267214775085,
              "mrr": 0.5530444383621216,
              "top5_acc": 0.6385538578033447,
              "ndcg_5": 0.5638338923454285,
              "top10_acc": 0.6924551129341125,
              "ndcg_10": 0.5813153386116028,
              "best_epoch": 14
            },
            "top10_acc": {
              "accuracy": 0.46827492117881775,
              "accuracy_macro": 0.10539974273280926,
              "f1": 0.08949340134859085,
              "f1_weighted": 0.4316493570804596,
              "mrr": 0.5480685234069824,
              "top5_acc": 0.637171745300293,
              "ndcg_5": 0.5591747164726257,
              "top10_acc": 0.6951878666877747,
              "ndcg_10": 0.578011155128479,
              "best_epoch": 11
            },
            "mrr": {
              "accuracy": 0.47707000374794006,
              "accuracy_macro": 0.1166850226081812,
              "f1": 0.1026880294084549,