{
    "model": {
        "aggregation_basis": "joint_best",
        "joint_score": {
            "mean": 0.4326688289642334,
            "std": 0.008435772523121193,
            "min": 0.4183284118771553,
            "max": 0.4403228834271431
        },
        "loss": {
            "mean": 2.4368899345397947,
            "std": 0.1026041081273131,
            "min": 2.3207387924194336,
            "max": 2.5834732055664062
        }
    },
    "next_region": {
        "aggregation_basis": "joint_best",
        "accuracy": {
            "mean": 0.30214995741844175,
            "std": 0.11440866553914376,
            "min": 0.22362881898880005,
            "max": 0.5046488642692566
        },
        "accuracy_macro": {
            "mean": 0.19515145493240466,
            "std": 0.01286464070992279,
            "min": 0.17410635623963516,
            "max": 0.2086538978877987
        },
        "f1": {
            "mean": 0.1641370177268982,
            "std": 0.011217111583014843,
            "min": 0.14759720861911774,
            "max": 0.17827188968658447
        },
        "f1_weighted": {
            "mean": 0.29658383429050444,
            "std": 0.11383159369302569,
            "min": 0.21582001447677612,
            "max": 0.49762508273124695
        },
        "mrr": {
            "mean": 0.39268735647201536,
            "std": 0.09882216192952875,
            "min": 0.3339385986328125,
            "max": 0.5674397945404053
        },
        "top3_acc": {
            "mean": 0.40335955023765563,
            "std": 0.10328445169932142,
            "min": 0.34431737661361694,
            "max": 0.587134063243866
        },
        "ndcg_3": {
            "mean": 0.3614226818084717,
            "std": 0.10744730701799063,
            "min": 0.29394274950027466,
            "max": 0.552422285079956
        },
        "top5_acc": {
            "mean": 0.49762701988220215,
            "std": 0.11359497184913434,
            "min": 0.41414839029312134,
            "max": 0.6327114105224609
        },
        "ndcg_5": {
            "mean": 0.39905216693878176,
            "std": 0.10266863048610367,
            "min": 0.3221244513988495,
            "max": 0.5711511373519897
        },
        "loss": {
            "mean": 4.077203702926636,
            "std": 0.1946104741772768,
            "min": 3.865895986557007,
            "max": 4.322136402130127
        },
        "n_indist": {
            "mean": 31589.4,
            "std": 57.177792891996106,
            "min": 31514.0,
            "max": 31660.0
        },
        "n_ood": {
            "mean": 245.6,
            "std": 57.020171869260444,
            "min": 175.0,
            "max": 320.0
        },
        "ood_fraction": {
            "mean": 0.0077147862416575485,
            "std": 0.0017911702468798199,
            "min": 0.005497094392963719,
            "max": 0.010052145504806181
        },
        "top1_acc_indist": {
            "mean": 0.30412760078907014,
            "std": 0.11554160216158445,
            "min": 0.2255505472421646,
            "max": 0.5087319016456604
        },
        "top5_acc_indist": {
            "mean": 0.4996242165565491,
            "std": 0.11450070388288835,
            "min": 0.4161209762096405,
            "max": 0.6356692314147949
        },
        "top10_acc_indist": {
            "mean": 0.6130807936191559,
            "std": 0.11390666737269163,
            "min": 0.4861915111541748,
            "max": 0.7042565941810608
        },
        "mrr_indist": {
            "mean": 0.3946078956127167,
            "std": 0.0997069036651191,
            "min": 0.33605876564979553,
            "max": 0.5709577798843384
        }
    },
    "next_category": {
        "aggregation_basis": "joint_best",
        "accuracy": {
            "mean": 0.729675006866455,
            "std": 0.011438811983631164,
            "min": 0.7148197293281555,
            "max": 0.7393120527267456
        },
        "accuracy_macro": {
            "mean": 0.7270416498184205,
            "std": 0.013702439752591666,
            "min": 0.7094191312789917,
            "max": 0.7400025129318237
        },
        "f1": {
            "mean": 0.7012006402015686,
            "std": 0.011778918972061613,
            "min": 0.6876921653747559,
            "max": 0.7115119099617004
        },
        "f1_weighted": {
            "mean": 0.7335463166236877,
            "std": 0.011575388350277487,
            "min": 0.7183390855789185,
            "max": 0.7434465885162354
        },
        "mrr": {
            "mean": 0.8278316736221314,
            "std": 0.006725173793760453,
            "min": 0.8193901777267456,
            "max": 0.8336564302444458
        },
        "top3_acc": {
            "mean": 0.9091880202293396,
            "std": 0.002136944498129533,
            "min": 0.9063923358917236,
            "max": 0.9112297892570496
        },
        "ndcg_3": {
            "mean": 0.8350054621696472,
            "std": 0.005785958744863608,
            "min": 0.8281828165054321,
            "max": 0.8401132225990295
        },
        "top5_acc": {
            "mean": 0.9678216099739074,
            "std": 0.0015303161161562208,
            "min": 0.9655736088752747,
            "max": 0.9690896272659302
        },
        "ndcg_5": {
            "mean": 0.8592199087142944,
            "std": 0.005284435890090434,
            "min": 0.8521693348884583,
            "max": 0.8639273643493652
        },
        "loss": {
            "mean": 0.7965762853622437,
            "std": 0.03761844207278025,
            "min": 0.754582941532135,
            "max": 0.8448105454444885
        }
    },
    "_selection": {
        "primary": "joint_score",
        "primary_basis": "joint_best",
        "diagnostic_task_best": "per-task best validation f1",
        "diagnostic_basis": "per_task_f1_best",
        "per_metric_best": "each (task,metric) aggregated at its own best epoch",
        "per_metric_basis": "per_metric_best"
    },
    "diagnostic_task_best": {
        "next_region": {
            "aggregation_basis": "per_task_f1_best",
            "accuracy": {
                "mean": 0.5047777175903321,
                "std": 0.005786989660277248,
                "min": 0.49709439277648926,
                "max": 0.5123759508132935
            },
            "accuracy_macro": {
                "mean": 0.20094179410069282,
                "std": 0.012462531837867032,
                "min": 0.18250250824713715,
                "max": 0.2132594589359504
            },
            "f1": {
                "mean": 0.17372713685035707,
                "std": 0.009922509296596677,
                "min": 0.15829719603061676,
                "max": 0.18310341238975525
            },
            "f1_weighted": {
                "mean": 0.4940908491611481,
                "std": 0.00648420555781167,
                "min": 0.48547178506851196,
                "max": 0.5026602149009705
            },
            "mrr": {
                "mean": 0.5804885268211365,
                "std": 0.00552308699880553,
                "min": 0.5738695859909058,
                "max": 0.5873146057128906
            },
            "top3_acc": {
                "mean": 0.6115657210350036,
                "std": 0.010724448776708547,
                "min": 0.5961236357688904,
                "max": 0.6225223541259766
            },
            "ndcg_3": {
                "mean": 0.5664893865585328,
                "std": 0.007157958277597944,
                "min": 0.557479977607727,
                "max": 0.5749971866607666
            },
            "top5_acc": {
                "mean": 0.6645703196525574,
                "std": 0.009853325463363892,
                "min": 0.6514732241630554,
                "max": 0.6779016852378845
            },
            "ndcg_5": {
                "mean": 0.5883076310157775,
                "std": 0.006497732236619606,
                "min": 0.580249547958374,