{
    "model": {
        "aggregation_basis": "joint_best",
        "joint_score": {
            "mean": 0.2825465589761734,
            "std": 0.018232536897564388,
            "min": 0.2632501497864723,
            "max": 0.3041899763047695
        },
        "loss": {
            "mean": 4.16204800605774,
            "std": 0.3269853443341324,
            "min": 3.7681803703308105,
            "max": 4.595848083496094
        }
    },
    "next_category": {
        "aggregation_basis": "joint_best",
        "accuracy": {
            "mean": 0.47155410051345825,
            "std": 0.013748115362956602,
            "min": 0.45257773995399475,
            "max": 0.4854445457458496
        },
        "accuracy_macro": {
            "mean": 0.4970203697681427,
            "std": 0.034031814395354236,
            "min": 0.4564356803894043,
            "max": 0.5448622107505798
        },
        "f1": {
            "mean": 0.45853480100631716,
            "std": 0.024199423845093628,
            "min": 0.4273880422115326,
            "max": 0.48764532804489136
        },
        "f1_weighted": {
            "mean": 0.4715098559856415,
            "std": 0.0133582381975259,
            "min": 0.4518170654773712,
            "max": 0.486101359128952
        },
        "mrr": {
            "mean": 0.675364077091217,
            "std": 0.010092964641087724,
            "min": 0.660560131072998,
            "max": 0.685369610786438
        },
        "top3_acc": {
            "mean": 0.8668649554252624,
            "std": 0.008499111547451536,
            "min": 0.8536009192466736,
            "max": 0.8772619962692261
        },
        "ndcg_3": {
            "mean": 0.7038808941841126,
            "std": 0.010253829510742248,
            "min": 0.6878605484962463,
            "max": 0.7140036225318909
        },
        "top5_acc": {
            "mean": 0.9593977689743042,
            "std": 0.010567875217072677,
            "min": 0.9456906318664551,
            "max": 0.972069263458252
        },
        "ndcg_5": {
            "mean": 0.742322301864624,
            "std": 0.011290466926643077,
            "min": 0.7261935472488403,
            "max": 0.7534211277961731
        },
        "loss": {
            "mean": 2.09906063079834,
            "std": 0.5574888251047287,
            "min": 1.4326043128967285,
            "max": 2.832219123840332
        }
    },
    "next_region": {
        "aggregation_basis": "joint_best",
        "accuracy": {
            "mean": 0.2765722185373306,
            "std": 0.02930322754378525,
            "min": 0.23297913372516632,
            "max": 0.3088119626045227
        },
        "accuracy_macro": {
            "mean": 0.12275026312539503,
            "std": 0.015814729252268168,
            "min": 0.1043847027946921,
            "max": 0.14134758319633808
        },
        "f1": {
            "mean": 0.10655831694602966,
            "std": 0.014052530517987914,
            "min": 0.08799311518669128,
            "max": 0.12073462456464767
        },
        "f1_weighted": {
            "mean": 0.26642697751522065,
            "std": 0.029383540767827867,
            "min": 0.2224111109972,
            "max": 0.29849547147750854
        },
        "mrr": {
            "mean": 0.34223179817199706,
            "std": 0.03366920455882323,
            "min": 0.2898746728897095,
            "max": 0.37708020210266113
        },
        "top3_acc": {
            "mean": 0.368002188205719,
            "std": 0.03852866159602395,
            "min": 0.3077528476715088,
            "max": 0.40833988785743713
        },
        "ndcg_3": {
            "mean": 0.3301064372062683,
            "std": 0.03448105486916834,
            "min": 0.27711600065231323,
            "max": 0.3668169677257538
        },
        "top5_acc": {
            "mean": 0.4152124226093292,
            "std": 0.04007517615114977,
            "min": 0.3498622477054596,
            "max": 0.4512195289134979
        },
        "ndcg_5": {
            "mean": 0.3493594825267792,
            "std": 0.03504502177534811,
            "min": 0.2943201959133148,
            "max": 0.3843187987804413
        },
        "loss": {
            "mean": 6.225035190582275,
            "std": 0.09723814147600457,
            "min": 6.103755950927734,
            "max": 6.3594770431518555
        },
        "n_indist": {
            "mean": 2464.6,
            "std": 12.77888884058391,
            "min": 2445.0,
            "max": 2476.0
        },
        "n_ood": {
            "mean": 77.2,
            "std": 12.96919426949878,
            "min": 66.0,
            "max": 97.0
        },
        "ood_fraction": {
            "mean": 0.03037186212209458,
            "std": 0.005099926911825699,
            "min": 0.025963808025177025,
            "max": 0.03815892997639654
        },
        "top1_acc_indist": {
            "mean": 0.2852825164794922,
            "std": 0.030644133635761062,
            "min": 0.2392885982990265,
            "max": 0.31704363226890564
        },
        "top5_acc_indist": {
            "mean": 0.42829678654670716,
            "std": 0.042158018672189254,
            "min": 0.35933709144592285,
            "max": 0.4632471799850464
        },
        "top10_acc_indist": {
            "mean": 0.49150819778442384,
            "std": 0.047737927867353175,
            "min": 0.4114793837070465,
            "max": 0.5339257121086121
        },
        "mrr_indist": {
            "mean": 0.3529768824577332,
            "std": 0.03530736783975508,
            "min": 0.2976970374584198,
            "max": 0.3871029019355774
        }
    },
    "_selection": {
        "primary": "joint_score",
        "primary_basis": "joint_best",
        "diagnostic_task_best": "per-task best validation f1",
        "diagnostic_basis": "per_task_f1_best",
        "per_metric_best": "each (task,metric) aggregated at its own best epoch",
        "per_metric_basis": "per_metric_best"
    },
    "diagnostic_task_best": {
        "next_category": {
            "aggregation_basis": "per_task_f1_best",
            "accuracy": {
                "mean": 0.47226247787475584,
                "std": 0.012566368127378583,
                "min": 0.4561196267604828,
                "max": 0.4854445457458496
            },
            "accuracy_macro": {
                "mean": 0.4977949023246765,
                "std": 0.0329025604838572,
                "min": 0.46030834317207336,
                "max": 0.5448622107505798
            },
            "f1": {
                "mean": 0.45891551971435546,
                "std": 0.023594309985416152,
                "min": 0.42929163575172424,
                "max": 0.48764532804489136
            },
            "f1_weighted": {
                "mean": 0.4722622990608215,
                "std": 0.012009542914968639,
                "min": 0.4555792808532715,
                "max": 0.486101359128952
            },
            "mrr": {
                "mean": 0.6765207290649414,
                "std": 0.008108613983637679,
                "min": 0.6663433909416199,
                "max": 0.685369610786438
            },
            "top3_acc": {
                "mean": 0.8694623589515686,
                "std": 0.0044539068950826145,
                "min": 0.8665879368782043,
                "max": 0.8772619962692261
            },
            "ndcg_3": {
                "mean": 0.7058017373085022,
                "std": 0.006830650336222432,
                "min": 0.6974647641181946,
                "max": 0.7140036225318909
            },
            "top5_acc": {
                "mean": 0.9607358336448669,
                "std": 0.008647513062738244,
                "min": 0.9523809552192688,
                "max": 0.972069263458252
            },
            "ndcg_5": {
                "mean": 0.7437076449394227,
                "std": 0.009011707624852743,
                "min": 0.7331202626228333,