{
    "fold_number": 5,
    "duration": 169.85522866249084,
    "primary_checkpoint": {
        "selection_metric": "joint_score",
        "epoch": 28,
        "joint_score": 0.4368036836385727,
        "loss": 2.4178292751312256,
        "time": 98.89901876449585,
        "task_metrics": {
            "next_category": {
                "accuracy": 0.7344663143157959,
                "f1": 0.7073342800140381
            },
            "next_region": {
                "accuracy": 0.24137713015079498,
                "f1": 0.1662730872631073
            }
        }
    },
    "diagnostic_best_epochs": {
        "next_category": {
            "epoch": 28,
            "time": 98.9260721206665,
            "metrics": {
                "accuracy": 0.7344663143157959,
                "accuracy_macro": 0.7317723035812378,
                "f1": 0.7073342800140381,
                "f1_weighted": 0.7385637760162354,
                "mrr": 0.8306620121002197,
                "top3_acc": 0.9097191691398621,
                "ndcg_3": 0.8373788595199585,
                "top5_acc": 0.9674561619758606,
                "ndcg_5": 0.8612111806869507,
                "loss": 0.7809890508651733
            },
            "accuracy": 0.7344663143157959,
            "f1": 0.7073342800140381,
            "per_metric_best": {
                "top5_acc": {
                    "epoch": 35,
                    "best_value": 0.9678645133972168,
                    "metrics": {
                        "accuracy": 0.7336495518684387,
                        "accuracy_macro": 0.7340595722198486,
                        "f1": 0.7035335302352905,
                        "f1_weighted": 0.7383447885513306,
                        "mrr": 0.829753041267395,
                        "top3_acc": 0.9097191691398621,
                        "ndcg_3": 0.8366381525993347,
                        "top5_acc": 0.9678645133972168,
                        "ndcg_5": 0.8606624007225037,
                        "loss": 0.7772083282470703
                    }
                },
                "top3_acc": {
                    "epoch": 28,
                    "best_value": 0.9097191691398621,
                    "metrics": {
                        "accuracy": 0.7344663143157959,
                        "accuracy_macro": 0.7317723035812378,
                        "f1": 0.7073342800140381,
                        "f1_weighted": 0.7385637760162354,
                        "mrr": 0.8306620121002197,
                        "top3_acc": 0.9097191691398621,
                        "ndcg_3": 0.8373788595199585,
                        "top5_acc": 0.9674561619758606,
                        "ndcg_5": 0.8612111806869507,
                        "loss": 0.7809890508651733
                    }
                },
                "mrr": {
                    "epoch": 28,
                    "best_value": 0.8306620121002197,
                    "metrics": {
                        "accuracy": 0.7344663143157959,
                        "accuracy_macro": 0.7317723035812378,
                        "f1": 0.7073342800140381,
                        "f1_weighted": 0.7385637760162354,
                        "mrr": 0.8306620121002197,
                        "top3_acc": 0.9097191691398621,
                        "ndcg_3": 0.8373788595199585,
                        "top5_acc": 0.9674561619758606,
                        "ndcg_5": 0.8612111806869507,
                        "loss": 0.7809890508651733
                    }
                },
                "accuracy": {
                    "epoch": 28,
                    "best_value": 0.7344663143157959,
                    "metrics": {
                        "accuracy": 0.7344663143157959,
                        "accuracy_macro": 0.7317723035812378,
                        "f1": 0.7073342800140381,
                        "f1_weighted": 0.7385637760162354,
                        "mrr": 0.8306620121002197,
                        "top3_acc": 0.9097191691398621,
                        "ndcg_3": 0.8373788595199585,
                        "top5_acc": 0.9674561619758606,
                        "ndcg_5": 0.8612111806869507,
                        "loss": 0.7809890508651733
                    }
                },
                "accuracy_macro": {
                    "epoch": 35,
                    "best_value": 0.7340595722198486,
                    "metrics": {
                        "accuracy": 0.7336495518684387,
                        "accuracy_macro": 0.7340595722198486,
                        "f1": 0.7035335302352905,
                        "f1_weighted": 0.7383447885513306,
                        "mrr": 0.829753041267395,
                        "top3_acc": 0.9097191691398621,
                        "ndcg_3": 0.8366381525993347,
                        "top5_acc": 0.9678645133972168,
                        "ndcg_5": 0.8606624007225037,
                        "loss": 0.7772083282470703
                    }
                },
                "f1_weighted": {
                    "epoch": 43,
                    "best_value": 0.7393413186073303,
                    "metrics": {
                        "accuracy": 0.7344663143157959,
                        "accuracy_macro": 0.7340378165245056,
                        "f1": 0.7024650573730469,
                        "f1_weighted": 0.7393413186073303,
                        "mrr": 0.8298225402832031,
                        "top3_acc": 0.9063893556594849,
                        "ndcg_3": 0.8352956175804138,
                        "top5_acc": 0.9673305153846741,
                        "ndcg_5": 0.860455334186554,
                        "loss": 0.7776261568069458
                    }
                }
            }
        },
        "next_region": {
            "epoch": 9,
            "time": 35.197803020477295,
            "metrics": {
                "accuracy": 0.5038951635360718,
                "accuracy_macro": 0.21571947004906425,
                "f1": 0.18416745960712433,
                "f1_weighted": 0.49326515197753906,
                "mrr": 0.5732480883598328,
                "top3_acc": 0.5966262221336365,
                "ndcg_3": 0.5575117468833923,
                "top5_acc": 0.6484889984130859,
                "ndcg_5": 0.5788304805755615,
                "loss": 4.758722305297852,
                "n_indist": 31514.0,
                "n_ood": 320.0,
                "ood_fraction": 0.010052145504806181,
                "top1_acc_indist": 0.5086945295333862,
                "top5_acc_indist": 0.6530748009681702,
                "top10_acc_indist": 0.725740909576416,
                "mrr_indist": 0.5778455138206482
            },
            "accuracy": 0.5038951635360718,
            "f1": 0.18416745960712433,
            "per_metric_best": {
                "top10_acc_indist": {
                    "epoch": 4,
                    "best_value": 0.7580122947692871,
                    "metrics": {
                        "accuracy": 0.5001884698867798,
                        "accuracy_macro": 0.19577241048231867,
                        "f1": 0.16429825127124786,
                        "f1_weighted": 0.4838373064994812,
                        "mrr": 0.5809271931648254,
                        "top3_acc": 0.6123955249786377,
                        "ndcg_3": 0.5655829906463623,
                        "top5_acc": 0.6752214431762695,
                        "ndcg_5": 0.5912310481071472,
                        "loss": 6.2389655113220215,
                        "n_indist": 31514.0,
                        "n_ood": 320.0,
                        "ood_fraction": 0.010052145504806181,
                        "top1_acc_indist": 0.5052675008773804,
                        "top5_acc_indist": 0.6816335320472717,
                        "top10_acc_indist": 0.7580122947692871,
                        "mrr_indist": 0.5864805579185486
                    }
                },