{
    "Community": {
        "precision": 0.0,
        "recall": 0.0,
        "f1-score": 0.0,
        "support": 438.0
    },
    "Entertainment": {
        "precision": 0.0,
        "recall": 0.0,
        "f1-score": 0.0,
        "support": 167.0
    },
    "Food": {
        "precision": 0.3440105309346205,
        "recall": 0.9021864211737629,
        "f1-score": 0.49809402795425667,
        "support": 869.0
    },
    "Nightlife": {
        "precision": 0.0,
        "recall": 0.0,
        "f1-score": 0.0,
        "support": 90.0
    },
    "Outdoors": {
        "precision": 0.0,
        "recall": 0.0,
        "f1-score": 0.0,
        "support": 143.0
    },
    "Shopping": {
        "precision": 0.0,
        "recall": 0.0,
        "f1-score": 0.0,
        "support": 658.0
    },
    "Travel": {
        "precision": 0.20532319391634982,
        "recall": 0.3050847457627119,
        "f1-score": 0.24545454545454545,
        "support": 177.0
    },
    "macro avg": {
        "precision": 0.07847624640728147,
        "recall": 0.17246730956235354,
        "f1-score": 0.10622122477268602,
        "support": 2542.0
    },
    "weighted avg": {
        "precision": 0.13189903882981083,
        "recall": 0.3296616837136113,
        "f1-score": 0.18736788545936411,
        "support": 2542.0
    }
}