{
    "fold_number": 2,
    "duration": 17.88710927963257,
    "primary_checkpoint": {
        "selection_metric": "joint_score",
        "epoch": 28,
        "joint_score": 0.05511025685700588,
        "loss": 4.381953239440918,
        "time": 10.492989778518677,
        "task_metrics": {
            "next_category": {
                "accuracy": 0.3237608075141907,
                "f1": 0.11021161079406738
            },
            "next_region": {
                "accuracy": 0.00196695514023304,
                "f1": 8.902919944375753e-06
            }
        }
    },
    "diagnostic_best_epochs": {
        "next_category": {
            "epoch": 28,
            "time": 10.498539686203003,
            "metrics": {
                "accuracy": 0.3237608075141907,
                "accuracy_macro": 0.1716737449169159,
                "f1": 0.11021161079406738,
                "f1_weighted": 0.18709181249141693,
                "mrr": 0.48147690296173096,
                "top3_acc": 0.4712824523448944,
                "ndcg_3": 0.40478411316871643,
                "top5_acc": 0.7753737568855286,
                "ndcg_5": 0.5245258808135986,
                "loss": 1.9327733516693115
            },
            "accuracy": 0.3237608075141907,
            "f1": 0.11021161079406738,
            "per_metric_best": {
                "top5_acc": {
                    "epoch": 18,
                    "best_value": 0.9012588858604431,
                    "metrics": {
                        "accuracy": 0.07985837757587433,
                        "accuracy_macro": 0.17049318552017212,
                        "f1": 0.051001064479351044,
                        "f1_weighted": 0.024332646280527115,
                        "mrr": 0.334531307220459,
                        "top3_acc": 0.4771833121776581,
                        "ndcg_3": 0.2857832908630371,
                        "top5_acc": 0.9012588858604431,
                        "ndcg_5": 0.4611646831035614,
                        "loss": 1.9344528913497925
                    }
                },
                "top3_acc": {
                    "epoch": 35,
                    "best_value": 0.6608969569206238,
                    "metrics": {
                        "accuracy": 0.2623918056488037,
                        "accuracy_macro": 0.1777152717113495,
                        "f1": 0.09367701411247253,
                        "f1_weighted": 0.1251007467508316,
                        "mrr": 0.47986119985580444,
                        "top3_acc": 0.6608969569206238,
                        "ndcg_3": 0.47220322489738464,
                        "top5_acc": 0.8804091215133667,
                        "ndcg_5": 0.5646559596061707,
                        "loss": 1.9433224201202393
                    }
                },
                "mrr": {
                    "epoch": 15,
                    "best_value": 0.5334935188293457,
                    "metrics": {
                        "accuracy": 0.32769471406936646,
                        "accuracy_macro": 0.16477273404598236,
                        "f1": 0.10164764523506165,
                        "f1_weighted": 0.18433474004268646,
                        "mrr": 0.5334935188293457,
                        "top3_acc": 0.5731707215309143,
                        "ndcg_3": 0.47438329458236694,
                        "top5_acc": 0.9000787138938904,
                        "ndcg_5": 0.6119682788848877,
                        "loss": 1.9305734634399414
                    }
                },
                "accuracy": {
                    "epoch": 14,
                    "best_value": 0.3324154317378998,
                    "metrics": {
                        "accuracy": 0.3324154317378998,
                        "accuracy_macro": 0.1628616750240326,
                        "f1": 0.1016518771648407,
                        "f1_weighted": 0.18528178334236145,
                        "mrr": 0.5136019587516785,
                        "top3_acc": 0.5570417046546936,
                        "ndcg_3": 0.452609121799469,
                        "top5_acc": 0.8827694654464722,
                        "ndcg_5": 0.5899960994720459,
                        "loss": 1.955300211906433
                    }
                },
                "accuracy_macro": {
                    "epoch": 35,
                    "best_value": 0.1777152717113495,
                    "metrics": {
                        "accuracy": 0.2623918056488037,
                        "accuracy_macro": 0.1777152717113495,
                        "f1": 0.09367701411247253,
                        "f1_weighted": 0.1251007467508316,
                        "mrr": 0.47986119985580444,
                        "top3_acc": 0.6608969569206238,
                        "ndcg_3": 0.47220322489738464,
                        "top5_acc": 0.8804091215133667,
                        "ndcg_5": 0.5646559596061707,
                        "loss": 1.9433224201202393
                    }
                },
                "f1_weighted": {
                    "epoch": 28,
                    "best_value": 0.18709181249141693,
                    "metrics": {
                        "accuracy": 0.3237608075141907,
                        "accuracy_macro": 0.1716737449169159,
                        "f1": 0.11021161079406738,
                        "f1_weighted": 0.18709181249141693,
                        "mrr": 0.48147690296173096,
                        "top3_acc": 0.4712824523448944,
                        "ndcg_3": 0.40478411316871643,
                        "top5_acc": 0.7753737568855286,
                        "ndcg_5": 0.5245258808135986,
                        "loss": 1.9327733516693115
                    }
                }
            }
        },
        "next_region": {
            "epoch": 1,
            "time": 0.8360962867736816,
            "metrics": {
                "accuracy": 0.011408340185880661,
                "accuracy_macro": 0.0022675736961451248,
                "f1": 5.11549151269719e-05,
                "f1_weighted": 0.00025736435782164335,
                "mrr": 0.02331746555864811,
                "top3_acc": 0.02163650654256344,
                "ndcg_3": 0.01770707406103611,
                "top5_acc": 0.022816680371761322,
                "ndcg_5": 0.01816362887620926,
                "loss": 7.005520343780518,
                "n_indist": 2462.0,
                "n_ood": 80.0,
                "ood_fraction": 0.03147128245476003,
                "top1_acc_indist": 0.011779041029512882,
                "top5_acc_indist": 0.023558082059025764,
                "top10_acc_indist": 0.025588952004909515,
                "mrr_indist": 0.02403970994055271
            },
            "accuracy": 0.011408340185880661,
            "f1": 5.11549151269719e-05,
            "per_metric_best": {
                "top10_acc_indist": {
                    "epoch": 31,
                    "best_value": 0.08651503175497055,
                    "metrics": {
                        "accuracy": 0.0,
                        "accuracy_macro": 0.0,
                        "f1": 0.0,
                        "f1_weighted": 0.0,
                        "mrr": 0.023358536884188652,
                        "top3_acc": 0.01730920560657978,
                        "ndcg_3": 0.00989076029509306,
                        "top5_acc": 0.018882770091295242,
                        "ndcg_5": 0.010568458586931229,
                        "loss": 6.826098442077637,
                        "n_indist": 2462.0,
                        "n_ood": 80.0,
                        "ood_fraction": 0.03147128245476003,
                        "top1_acc_indist": 0.0,
                        "top5_acc_indist": 0.019496344029903412,
                        "top10_acc_indist": 0.08651503175497055,
                        "mrr_indist": 0.024082859978079796
                    }
                },