{
    "fold_number": 1,
    "duration": 18.250582218170166,
    "primary_checkpoint": {
        "selection_metric": "joint_score",
        "epoch": 31,
        "joint_score": 0.05284333974123001,
        "loss": 4.350934982299805,
        "time": 11.827334642410278,
        "task_metrics": {
            "next_category": {
                "accuracy": 0.325334370136261,
                "f1": 0.10568667948246002
            },
            "next_region": {
                "accuracy": 0.0,
                "f1": 0.0
            }
        }
    },
    "diagnostic_best_epochs": {
        "next_category": {
            "epoch": 31,
            "time": 11.832912921905518,
            "metrics": {
                "accuracy": 0.325334370136261,
                "accuracy_macro": 0.17155390977859497,
                "f1": 0.10568667948246002,
                "f1_weighted": 0.18506138026714325,
                "mrr": 0.511353075504303,
                "top3_acc": 0.6581432223320007,
                "ndcg_3": 0.4996193051338196,
                "top5_acc": 0.8760818243026733,
                "ndcg_5": 0.5859120488166809,
                "loss": 1.9243087768554688
            },
            "accuracy": 0.325334370136261,
            "f1": 0.10568667948246002,
            "per_metric_best": {
                "top5_acc": {
                    "epoch": 26,
                    "best_value": 0.905979573726654,
                    "metrics": {
                        "accuracy": 0.06372934579849243,
                        "accuracy_macro": 0.15850786864757538,
                        "f1": 0.03768996149301529,
                        "f1_weighted": 0.016816524788737297,
                        "mrr": 0.36443087458610535,
                        "top3_acc": 0.49881982803344727,
                        "ndcg_3": 0.31495988368988037,
                        "top5_acc": 0.905979573726654,
                        "ndcg_5": 0.4869695007801056,
                        "loss": 1.9345592260360718
                    }
                },
                "top3_acc": {
                    "epoch": 16,
                    "best_value": 0.774193525314331,
                    "metrics": {
                        "accuracy": 0.3265145421028137,
                        "accuracy_macro": 0.16492684185504913,
                        "f1": 0.10206462442874908,
                        "f1_weighted": 0.18381080031394958,
                        "mrr": 0.5508280396461487,
                        "top3_acc": 0.774193525314331,
                        "ndcg_3": 0.5765194296836853,
                        "top5_acc": 0.881982684135437,
                        "ndcg_5": 0.6199418902397156,
                        "loss": 1.9332218170166016
                    }
                },
                "mrr": {
                    "epoch": 16,
                    "best_value": 0.5508280396461487,
                    "metrics": {
                        "accuracy": 0.3265145421028137,
                        "accuracy_macro": 0.16492684185504913,
                        "f1": 0.10206462442874908,
                        "f1_weighted": 0.18381080031394958,
                        "mrr": 0.5508280396461487,
                        "top3_acc": 0.774193525314331,
                        "ndcg_3": 0.5765194296836853,
                        "top5_acc": 0.881982684135437,
                        "ndcg_5": 0.6199418902397156,
                        "loss": 1.9332218170166016
                    }
                },
                "accuracy": {
                    "epoch": 19,
                    "best_value": 0.3304484784603119,
                    "metrics": {
                        "accuracy": 0.3304484784603119,
                        "accuracy_macro": 0.16139239072799683,
                        "f1": 0.10073421895503998,
                        "f1_weighted": 0.18399673700332642,
                        "mrr": 0.4940560758113861,
                        "top3_acc": 0.5597954392433167,
                        "ndcg_3": 0.45114824175834656,
                        "top5_acc": 0.6868607401847839,
                        "ndcg_5": 0.5032690763473511,
                        "loss": 1.9381450414657593
                    }
                },
                "accuracy_macro": {
                    "epoch": 17,
                    "best_value": 0.18130972981452942,
                    "metrics": {
                        "accuracy": 0.18450039625167847,
                        "accuracy_macro": 0.18130972981452942,
                        "f1": 0.07928365468978882,
                        "f1_weighted": 0.07003449648618698,
                        "mrr": 0.3582631051540375,
                        "top3_acc": 0.29189613461494446,
                        "ndcg_3": 0.2438639998435974,
                        "top5_acc": 0.6188040971755981,
                        "ndcg_5": 0.3734669089317322,
                        "loss": 1.9292864799499512
                    }
                },
                "f1_weighted": {
                    "epoch": 31,
                    "best_value": 0.18506138026714325,
                    "metrics": {
                        "accuracy": 0.325334370136261,
                        "accuracy_macro": 0.17155390977859497,
                        "f1": 0.10568667948246002,
                        "f1_weighted": 0.18506138026714325,
                        "mrr": 0.511353075504303,
                        "top3_acc": 0.6581432223320007,
                        "ndcg_3": 0.4996193051338196,
                        "top5_acc": 0.8760818243026733,
                        "ndcg_5": 0.5859120488166809,
                        "loss": 1.9243087768554688
                    }
                }
            }
        },
        "next_region": {
            "epoch": 25,
            "time": 9.692182779312134,
            "metrics": {
                "accuracy": 0.00668764766305685,
                "accuracy_macro": 0.0022271714922048997,
                "f1": 2.9591183192678727e-05,
                "f1_weighted": 8.885503484634683e-05,
                "mrr": 0.01669745333492756,
                "top3_acc": 0.00786782056093216,
                "ndcg_3": 0.007432254031300545,
                "top5_acc": 0.013768685981631279,
                "ndcg_5": 0.0097322603687644,
                "loss": 6.782318115234375,
                "n_indist": 2466.0,
                "n_ood": 76.0,
                "ood_fraction": 0.02989771833202203,
                "top1_acc_indist": 0.0068937549367547035,
                "top5_acc_indist": 0.01419302448630333,
                "top10_acc_indist": 0.021086780354380608,
                "mrr_indist": 0.017179692164063454
            },
            "accuracy": 0.00668764766305685,
            "f1": 2.9591183192678727e-05,
            "per_metric_best": {
                "top10_acc_indist": {
                    "epoch": 48,
                    "best_value": 0.05028386041522026,
                    "metrics": {
                        "accuracy": 0.00039339103386737406,
                        "accuracy_macro": 0.0022271714922048997,
                        "f1": 1.7516096022518468e-06,
                        "f1_weighted": 3.093913107932167e-07,
                        "mrr": 0.02712465263903141,
                        "top3_acc": 0.035798583179712296,
                        "ndcg_3": 0.022731581702828407,
                        "top5_acc": 0.045239970088005066,
                        "ndcg_5": 0.026452966034412384,
                        "loss": 6.782137393951416,
                        "n_indist": 2466.0,
                        "n_ood": 76.0,
                        "ood_fraction": 0.02989771833202203,
                        "top1_acc_indist": 0.00040551499114371836,
                        "top5_acc_indist": 0.04663422331213951,
                        "top10_acc_indist": 0.05028386041522026,