{
    "fold_number": 2,
    "duration": 85.43494200706482,
    "best_epochs": {
        "next": {
            "epoch": 41,
            "accuracy": 0.32549332270281045,
            "f1": 0.28331155250350026,
            "time": 40.40445303916931
        }
    }
}