{
    "fold_number": 4,
    "duration": 168.6750795841217,
    "primary_checkpoint": {
        "selection_metric": "joint_score",
        "epoch": 40,
        "joint_score": 0.4339098706841469,
        "loss": 2.3185439109802246,
        "time": 138.05134510993958,
        "task_metrics": {
            "next_category": {
                "accuracy": 0.734003484249115,
                "f1": 0.7016063928604126
            },
            "next_region": {
                "accuracy": 0.2903093993663788,
                "f1": 0.16621334850788116
            }
        }
    },
    "diagnostic_best_epochs": {
        "next_category": {
            "epoch": 36,
            "time": 124.80344581604004,
            "metrics": {
                "accuracy": 0.7375844120979309,
                "accuracy_macro": 0.7358701229095459,
                "f1": 0.7063897848129272,
                "f1_weighted": 0.7411386966705322,
                "mrr": 0.832146942615509,
                "top3_acc": 0.908748209476471,
                "ndcg_3": 0.8380497097969055,
                "top5_acc": 0.9674571752548218,
                "ndcg_5": 0.8622907996177673,
                "loss": 0.774384617805481
            },
            "accuracy": 0.7375844120979309,
            "f1": 0.7063897848129272,
            "per_metric_best": {
                "top5_acc": {
                    "epoch": 15,
                    "best_value": 0.9677712917327881,
                    "metrics": {
                        "accuracy": 0.7218155860900879,
                        "accuracy_macro": 0.7218395471572876,
                        "f1": 0.6924461126327515,
                        "f1_weighted": 0.7260892391204834,
                        "mrr": 0.8233457207679749,
                        "top3_acc": 0.9077430367469788,
                        "ndcg_3": 0.8310546278953552,
                        "top5_acc": 0.9677712917327881,
                        "ndcg_5": 0.8558600544929504,
                        "loss": 0.8191455602645874
                    }
                },
                "top3_acc": {
                    "epoch": 36,
                    "best_value": 0.908748209476471,
                    "metrics": {
                        "accuracy": 0.7375844120979309,
                        "accuracy_macro": 0.7358701229095459,
                        "f1": 0.7063897848129272,
                        "f1_weighted": 0.7411386966705322,
                        "mrr": 0.832146942615509,
                        "top3_acc": 0.908748209476471,
                        "ndcg_3": 0.8380497097969055,
                        "top5_acc": 0.9674571752548218,
                        "ndcg_5": 0.8622907996177673,
                        "loss": 0.774384617805481
                    }
                },
                "mrr": {
                    "epoch": 36,
                    "best_value": 0.832146942615509,
                    "metrics": {
                        "accuracy": 0.7375844120979309,
                        "accuracy_macro": 0.7358701229095459,
                        "f1": 0.7063897848129272,
                        "f1_weighted": 0.7411386966705322,
                        "mrr": 0.832146942615509,
                        "top3_acc": 0.908748209476471,
                        "ndcg_3": 0.8380497097969055,
                        "top5_acc": 0.9674571752548218,
                        "ndcg_5": 0.8622907996177673,
                        "loss": 0.774384617805481
                    }
                },
                "accuracy": {
                    "epoch": 36,
                    "best_value": 0.7375844120979309,
                    "metrics": {
                        "accuracy": 0.7375844120979309,
                        "accuracy_macro": 0.7358701229095459,
                        "f1": 0.7063897848129272,
                        "f1_weighted": 0.7411386966705322,
                        "mrr": 0.832146942615509,
                        "top3_acc": 0.908748209476471,
                        "ndcg_3": 0.8380497097969055,
                        "top5_acc": 0.9674571752548218,
                        "ndcg_5": 0.8622907996177673,
                        "loss": 0.774384617805481
                    }
                },
                "accuracy_macro": {
                    "epoch": 38,
                    "best_value": 0.7382304668426514,
                    "metrics": {
                        "accuracy": 0.7324642539024353,
                        "accuracy_macro": 0.7382304668426514,
                        "f1": 0.7013035416603088,
                        "f1_weighted": 0.7385479807853699,
                        "mrr": 0.8275901079177856,
                        "top3_acc": 0.9031254649162292,
                        "ndcg_3": 0.8323593139648438,
                        "top5_acc": 0.9649442434310913,
                        "ndcg_5": 0.8579152226448059,
                        "loss": 0.7747430205345154
                    }
                },
                "f1_weighted": {
                    "epoch": 36,
                    "best_value": 0.7411386966705322,
                    "metrics": {
                        "accuracy": 0.7375844120979309,
                        "accuracy_macro": 0.7358701229095459,
                        "f1": 0.7063897848129272,
                        "f1_weighted": 0.7411386966705322,
                        "mrr": 0.832146942615509,
                        "top3_acc": 0.908748209476471,
                        "ndcg_3": 0.8380497097969055,
                        "top5_acc": 0.9674571752548218,
                        "ndcg_5": 0.8622907996177673,
                        "loss": 0.774384617805481
                    }
                }
            }
        },
        "next_region": {
            "epoch": 8,
            "time": 31.290188550949097,
            "metrics": {
                "accuracy": 0.5017433762550354,
                "accuracy_macro": 0.20828014837988182,
                "f1": 0.18171477317810059,
                "f1_weighted": 0.4930705428123474,
                "mrr": 0.5769540071487427,
                "top3_acc": 0.6063138246536255,
                "ndcg_3": 0.5625995993614197,
                "top5_acc": 0.6596827507019043,
                "ndcg_5": 0.5845986604690552,
                "loss": 4.830626010894775,
                "n_indist": 31660.0,
                "n_ood": 175.0,
                "ood_fraction": 0.005497094392963719,
                "top1_acc_indist": 0.5041692852973938,
                "top5_acc_indist": 0.6619709730148315,
                "top10_acc_indist": 0.7386292219161987,
                "mrr_indist": 0.5792604684829712
            },
            "accuracy": 0.5017433762550354,
            "f1": 0.18171477317810059,
            "per_metric_best": {
                "top10_acc_indist": {
                    "epoch": 4,
                    "best_value": 0.7672457695007324,
                    "metrics": {
                        "accuracy": 0.5018376111984253,
                        "accuracy_macro": 0.18894015140539938,
                        "f1": 0.16327033936977386,
                        "f1_weighted": 0.48653334379196167,
                        "mrr": 0.5851736664772034,
                        "top3_acc": 0.6255693435668945,
                        "ndcg_3": 0.5730559229850769,
                        "top5_acc": 0.681262731552124,
                        "ndcg_5": 0.5959484577178955,
                        "loss": 6.111549377441406,
                        "n_indist": 31660.0,
                        "n_ood": 175.0,
                        "ood_fraction": 0.005497094392963719,
                        "top1_acc_indist": 0.5046114921569824,
                        "top5_acc_indist": 0.6848705410957336,
                        "top10_acc_indist": 0.7672457695007324,
                        "mrr_indist": 0.5882951021194458
                    }
                },