{
    "Community": {
        "precision": 0.5830068560235063,
        "recall": 0.7570747217806041,
        "f1-score": 0.6587356480841057,
        "support": 3145.0
    },
    "Entertainment": {
        "precision": 0.6629064366290643,
        "recall": 0.7210393359797906,
        "f1-score": 0.6907519446845289,
        "support": 2771.0
    },
    "Food": {
        "precision": 0.7945248584015104,
        "recall": 0.642575391271154,
        "f1-score": 0.710517059444249,
        "support": 7859.0
    },
    "Nightlife": {
        "precision": 0.42064463484292125,
        "recall": 0.7312056737588652,
        "f1-score": 0.5340585340585341,
        "support": 1410.0
    },
    "Outdoors": {
        "precision": 0.6801801801801802,
        "recall": 0.7495487364620939,
        "f1-score": 0.7131816230141692,
        "support": 2216.0
    },
    "Shopping": {
        "precision": 0.8080066722268557,
        "recall": 0.7227693225902716,
        "f1-score": 0.7630148854060014,
        "support": 6702.0
    },
    "Travel": {
        "precision": 0.8543974376084346,
        "recall": 0.8279875840662183,
        "f1-score": 0.8409852216748769,
        "support": 7732.0
    },
    "macro avg": {
        "precision": 0.6862381537017818,
        "recall": 0.7360286808441424,
        "f1-score": 0.7016064166237806,
        "support": 31835.0
    },
    "weighted avg": {
        "precision": 0.7550334876560747,
        "recall": 0.7340034553164756,
        "f1-score": 0.7387908694116789,
        "support": 31835.0
    }
}