{
    "model": {
        "joint_score": {
            "mean": 0.5222063094377518,
            "std": 0.0134540718770058,
            "min": 0.5009328424930573,
            "max": 0.5383583903312683
        },
        "loss": {
            "mean": 1.1628254652023315,
            "std": 0.0294041591014465,
            "min": 1.1331367492675781,
            "max": 1.1998847723007202
        }
    },
    "category": {
        "accuracy": {
            "mean": 0.7772444486618042,
            "std": 0.014339331136206241,
            "min": 0.7556207180023193,
            "max": 0.7956064939498901
        },
        "accuracy_macro": {
            "mean": 0.7468774557113648,
            "std": 0.019407959178100596,
            "min": 0.7186465859413147,
            "max": 0.7706701159477234
        },
        "f1": {
            "mean": 0.7350067138671875,
            "std": 0.022435366983859974,
            "min": 0.7093824148178101,
            "max": 0.7656151056289673
        },
        "f1_weighted": {
            "mean": 0.7778749465942383,
            "std": 0.013484270895231108,
            "min": 0.7572028636932373,
            "max": 0.7948453426361084
        },
        "mrr": {
            "mean": 0.870298957824707,
            "std": 0.008319230237041605,
            "min": 0.8575315475463867,
            "max": 0.8808751106262207
        },
        "top3_acc": {
            "mean": 0.9608924746513366,
            "std": 0.005100712800987752,
            "min": 0.9550341963768005,
            "max": 0.9688385128974915
        },
        "ndcg_3": {
            "mean": 0.8873363852500915,
            "std": 0.0072278661698917815,
            "min": 0.8756772875785828,
            "max": 0.8951056003570557
        },
        "top5_acc": {
            "mean": 0.9916745305061341,
            "std": 0.0025291986415589772,
            "min": 0.9882698059082031,
            "max": 0.995278537273407
        },
        "ndcg_5": {
            "mean": 0.9002086758613587,
            "std": 0.006794928092391721,
            "min": 0.8894340991973877,
            "max": 0.9083031415939331
        },
        "loss": {
            "mean": 0.6997132658958435,
            "std": 0.0403325602120262,
            "min": 0.6432361602783203,
            "max": 0.744323194026947
        }
    },
    "next": {
        "accuracy": {
            "mean": 0.3860817730426788,
            "std": 0.008818580766381551,
            "min": 0.37178030610084534,
            "max": 0.3930668830871582
        },
        "accuracy_macro": {
            "mean": 0.3160917639732361,
            "std": 0.015158152849532206,
            "min": 0.30553925037384033,
            "max": 0.342518150806427
        },
        "f1": {
            "mean": 0.30940590500831605,
            "std": 0.014109487470661056,
            "min": 0.29248327016830444,
            "max": 0.3310389518737793
        },
        "f1_weighted": {
            "mean": 0.37395315170288085,
            "std": 0.008809377446733364,
            "min": 0.35948920249938965,
            "max": 0.3815939128398895
        },
        "mrr": {
            "mean": 0.6075393676757812,
            "std": 0.007337588907689704,
            "min": 0.5964831709861755,
            "max": 0.6135316491127014
        },
        "top3_acc": {
            "mean": 0.7893624305725098,
            "std": 0.0124557727744618,
            "min": 0.7747679352760315,
            "max": 0.8016669750213623
        },
        "ndcg_3": {
            "mean": 0.622438621520996,
            "std": 0.009980387641383148,
            "min": 0.6100093126296997,
            "max": 0.6315551996231079
        },
        "top5_acc": {
            "mean": 0.9253299593925476,
            "std": 0.007319605492110662,
            "min": 0.9157196879386902,
            "max": 0.934646725654602
        },
        "ndcg_5": {
            "mean": 0.6785328388214111,
            "std": 0.008048557277141075,
            "min": 0.6666225790977478,
            "max": 0.6851580142974854
        },
        "loss": {
            "mean": 1.6259377002716064,
            "std": 0.03974857264269987,
            "min": 1.5839426517486572,
            "max": 1.672654390335083
        }
    },
    "_selection": {
        "primary": "joint_score",
        "diagnostic_task_best": "per-task best validation f1"
    },
    "diagnostic_task_best": {
        "category": {
            "accuracy": {
                "mean": 0.7769754528999329,
                "std": 0.012360542295532658,
                "min": 0.759530782699585,
                "max": 0.7917860746383667
            },
            "accuracy_macro": {
                "mean": 0.7542022347450257,
                "std": 0.015013008421407384,
                "min": 0.7358646392822266,
                "max": 0.7775007486343384
            },
            "f1": {
                "mean": 0.7429500937461853,
                "std": 0.019935255545013235,
                "min": 0.7197667360305786,
                "max": 0.7722146511077881
            },
            "f1_weighted": {
                "mean": 0.7779670000076294,
                "std": 0.011747023687320059,
                "min": 0.7614116072654724,
                "max": 0.7920483350753784
            },
            "mrr": {
                "mean": 0.8703352093696595,
                "std": 0.006770104010303902,
                "min": 0.8599427342414856,
                "max": 0.8784099817276001
            },
            "top3_acc": {
                "mean": 0.9624852061271667,
                "std": 0.0032871981915941467,
                "min": 0.958368718624115,
                "max": 0.9660056829452515
            },
            "ndcg_3": {
                "mean": 0.8880733013153076,
                "std": 0.00544164942511734,
                "min": 0.8802856802940369,
                "max": 0.8954580426216125
            },
            "top5_acc": {
                "mean": 0.992483377456665,
                "std": 0.0028715533359650732,
                "min": 0.9901396632194519,
                "max": 0.9971671104431152
            },
            "ndcg_5": {
                "mean": 0.9005418539047241,
                "std": 0.004647674789753613,
                "min": 0.8930292129516602,
                "max": 0.9058181643486023
            },
            "loss": {
                "mean": 0.8074514985084533,
                "std": 0.1213639396562293,
                "min": 0.7147637605667114,
                "max": 1.0076897144317627
            }
        },
        "next": {
            "accuracy": {
                "mean": 0.3914990246295929,
                "std": 0.005283475456232844,
                "min": 0.38333332538604736,
                "max": 0.3970448970794678
            },
            "accuracy_macro": {
                "mean": 0.31643617153167725,
                "std": 0.015327430777607887,
                "min": 0.3037632703781128,
                "max": 0.342518150806427
            },
            "f1": {
                "mean": 0.3149815022945404,
                "std": 0.00948702591772891,
                "min": 0.3088777959346771,
                "max": 0.3310389518737793
            },
            "f1_weighted": {
                "mean": 0.3800180673599243,
                "std": 0.0046995769405528244,
                "min": 0.3740416169166565,
                "max": 0.3848917782306671
            },
            "mrr": {
                "mean": 0.6129516363143921,
                "std": 0.003622740251538673,
                "min": 0.6082553267478943,
                "max": 0.6181631684303284
            },
            "top3_acc": {
                "mean": 0.7967875003814697,
                "std": 0.005017358472228475,
                "min": 0.7910588979721069,
                "max": 0.8024247288703918
            },
            "ndcg_3": {
                "mean": 0.6294599294662475,
                "std": 0.004065134679992301,