time pressure_lvl free_pct swap_total_MB swap_used_MB wired_GB child_rss_GB disk_int_GB disk_ssd_GB
06:42:41 1 80 4096 2767 3.2 0.0 12 6
06:42:42 1 80 4096 2767 3.1 0.3 12 6
06:42:44 1 80 4096 2767 3.1 0.4 12 6
06:42:45 1 80 4096 2767 3.2 3.2 12 6
06:42:46 1 81 4096 2767 3.0 8.7 12 6
06:42:47 1 79 4096 2767 2.8 13.2 12 6
06:42:48 1 79 4096 2767 3.1 13.3 12 6
06:42:49 1 79 4096 2767 3.0 13.3 12 6
06:42:50 1 79 4096 2767 2.8 13.3 12 6
06:42:51 1 61 4096 2767 3.0 8.5 12 6
06:42:52 1 49 4096 2767 4.1 5.4 12 6
06:42:53 2 31 4096 2878 7.7 2.1 12 6
06:42:54 2 43 4096 2878 7.2 2.4 12 6
06:42:56 2 44 4096 2878 7.2 2.6 12 6
06:42:57 2 44 4096 2878 7.3 2.9 12 6
06:42:58 2 45 4096 2878 7.2 3.0 12 6
06:42:59 2 45 4096 2878 7.3 3.2 12 6
06:43:00 2 46 4096 2878 7.3 3.3 12 6
06:43:01 2 47 4096 2878 7.1 3.4 12 6
06:43:02 1 47 4096 2878 7.0 3.5 12 6
06:43:03 1 47 4096 2878 7.2 3.6 12 6
06:43:04 1 48 4096 2878 7.1 3.6 12 6
06:43:05 1 47 4096 2878 7.2 3.7 12 6
06:43:06 1 48 4096 2878 7.0 3.7 12 6
06:43:07 1 48 4096 2878 7.1 3.7 12 6
06:43:08 1 48 4096 2878 7.2 3.8 12 6
06:43:09 1 49 4096 2878 7.0 3.8 12 6
06:43:10 1 49 4096 2878 7.0 3.8 12 6
06:43:11 1 48 4096 2878 7.2 3.8 12 6
06:43:13 1 49 4096 2878 7.1 3.8 12 6
06:43:14 1 49 4096 2878 7.1 3.8 12 6
06:43:15 1 48 4096 2878 7.2 3.8 12 6
06:43:16 1 49 4096 2878 7.1 3.8 12 6
06:43:17 1 49 4096 2878 7.0 3.8 12 6
06:43:18 1 48 4096 2878 7.2 3.8 12 6
06:43:19 1 49 4096 2878 7.0 3.8 12 6
06:43:20 1 49 4096 2878 7.1 3.8 12 6
06:43:21 1 48 4096 2878 7.2 3.8 12 6
06:43:22 1 48 4096 2878 7.2 3.8 12 6
06:43:23 1 48 4096 2878 7.2 3.8 12 6
06:43:24 1 49 4096 2878 7.0 3.8 12 6
06:43:25 1 49 4096 2878 7.0 3.8 12 6
06:43:26 1 48 4096 2878 7.2 3.8 12 6
06:43:27 1 49 4096 2878 7.1 3.8 12 6
06:43:28 1 49 4096 2878 7.1 3.8 12 6
06:43:30 1 48 4096 2878 7.2 3.8 12 6
06:43:31 1 49 4096 2878 7.2 3.8 12 6
06:43:32 1 49 4096 2878 7.1 3.8 12 6
06:43:33 1 48 4096 2878 7.2 3.8 12 6
06:43:34 1 49 4096 2878 7.1 3.8 12 6
06:43:35 1 49 4096 2878 7.0 3.8 12 6
06:43:36 1 49 4096 2878 7.2 3.8 12 6
06:43:37 1 49 4096 2878 7.0 3.8 12 6
06:43:38 1 44 4096 2878 8.6 3.9 12 6
06:43:39 1 48 4096 2878 7.3 3.9 12 6
06:43:40 1 52 4096 2878 5.9 3.9 12 6
06:43:41 1 52 4096 2878 6.2 3.9 12 6
06:43:42 1 52 4096 2878 6.1 3.9 12 6
06:43:43 1 53 4096 2878 5.9 3.9 12 6
06:43:44 1 51 4096 2878 6.4 4.0 12 6
06:43:45 1 52 4096 2878 6.2 4.1 12 6
06:43:46 1 53 4096 2878 6.2 4.2 12 6
06:43:47 1 53 4096 2878 6.3 4.4 12 6
06:43:48 1 54 4096 2878 6.2 4.5 12 6
06:43:50 1 50 4096 2878 7.4 4.5 12 6
06:43:51 1 46 4096 2878 8.5 4.5 12 6
06:43:52 1 49 4096 2878 7.7 4.5 12 6
06:43:53 1 49 4096 2878 7.7 4.5 12 6
06:43:54 1 49 4096 2878 7.8 4.5 12 6
06:43:55 1 49 4096 2878 7.7 4.5 12 6
06:43:56 1 49 4096 2878 7.7 4.5 12 6
06:43:57 1 49 4096 2878 7.8 4.5 12 6
06:43:58 1 49 4096 2878 7.7 4.5 12 6
06:43:59 1 49 4096 2878 7.8 4.5 12 6
06:44:00 1 49 4096 2878 7.6 4.5 12 6
06:44:01 1 50 4096 2878 7.4 4.5 12 6
06:44:02 1 49 4096 2878 7.6 4.5 12 6
06:44:03 1 50 4096 2878 7.4 4.5 12 6
06:44:04 1 50 4096 2878 7.4 4.5 12 6
06:44:05 1 49 4096 2878 7.6 4.5 12 6
06:44:06 1 50 4096 2878 7.5 4.5 12 6
06:44:08 1 50 4096 2878 7.6 4.5 12 6
06:44:09 1 49 4096 2878 7.8 4.5 12 6
06:44:10 1 50 4096 2878 7.5 4.5 12 6
06:44:11 1 49 4096 2878 7.7 4.5 12 6
06:44:12 1 49 4096 2878 7.8 4.5 12 6
06:44:13 1 49 4096 2878 7.6 4.5 12 6
06:44:14 1 50 4096 2878 7.3 4.5 12 6
06:44:15 1 50 4096 2878 7.4 4.5 12 6
06:44:16 1 51 4096 2878 7.1 4.5 12 6
06:44:17 1 50 4096 2878 7.4 4.5 12 6
06:44:18 1 51 4096 2878 7.2 4.5 12 6
06:44:19 1 51 4096 2878 7.2 4.5 12 6
06:44:20 1 50 4096 2878 7.4 4.5 12 6
06:44:21 1 51 4096 2878 7.3 4.5 12 6
06:44:22 1 51 4096 2878 7.3 4.5 12 6
06:44:23 1 50 4096 2878 7.4 4.5 12 6
06:44:24 1 51 4096 2878 7.2 4.5 12 6
06:44:26 1 51 4096 2878 7.2 4.5 12 6
06:44:27 1 50 4096 2878 7.4 4.5 12 6
06:44:28 1 51 4096 2878 7.2 4.5 12 6
06:44:29 1 51 4096 2878 7.2 4.5 12 6
06:44:30 1 50 4096 2878 7.4 4.5 12 6
06:44:31 1 51 4096 2878 7.3 4.5 12 6
06:44:32 1 51 4096 2878 7.3 4.5 12 6
06:44:33 1 50 4096 2878 7.4 4.5 12 6
06:44:34 1 51 4096 2878 7.3 4.5 12 6
06:44:35 1 46 4096 2878 8.8 4.5 12 6
06:44:36 1 46 4096 2878 9.0 4.5 12 6
06:44:37 1 54 4096 2878 6.3 4.5 12 6
06:44:38 1 53 4096 2878 6.6 4.5 12 6
06:44:39 1 54 4096 2878 6.1 4.5 12 6
06:44:40 1 55 4096 2878 6.0 4.5 12 6
06:44:41 1 53 4096 2878 6.7 4.5 12 6
06:44:42 1 53 4096 2878 6.6 4.5 12 6
06:44:44 1 53 4096 2878 6.4 4.5 12 6
06:44:45 1 53 4096 2878 6.6 4.5 12 6
06:44:46 1 50 4096 2878 7.6 4.5 12 6
06:44:47 1 50 4096 2878 7.6 4.5 12 6
06:44:48 1 47 4096 2878 8.6 4.5 12 6
06:44:49 1 49 4096 2878 7.8 4.5 12 6
06:44:50 1 50 4096 2878 7.7 4.5 12 6
06:44:51 1 49 4096 2878 7.9 4.5 12 6
06:44:52 1 50 4096 2878 7.7 4.5 12 6
06:44:53 1 49 4096 2878 7.9 4.5 12 6
06:44:54 1 50 4096 2878 7.7 4.5 12 6
06:44:55 1 50 4096 2878 7.7 4.5 12 6
06:44:56 1 49 4096 2878 7.8 4.5 12 6
06:44:57 1 50 4096 2878 7.5 4.5 12 6
06:44:58 1 50 4096 2878 7.6 4.5 12 6
06:44:59 1 50 4096 2878 7.6 4.5 12 6
06:45:01 1 50 4096 2878 7.5 4.5 12 6
06:45:02 1 50 4096 2878 7.5 4.5 12 6
06:45:03 1 49 4096 2878 7.7 4.5 12 6
06:45:04 1 50 4096 2878 7.5 4.5 12 6
06:45:05 1 51 4096 2878 7.4 4.5 12 6
06:45:06 1 49 4096 2878 7.9 4.5 12 6
06:45:07 1 49 4096 2878 7.8 4.5 12 6
06:45:08 1 50 4096 2878 7.7 4.5 12 6
06:45:09 1 49 4096 2878 7.9 4.5 12 6
06:45:10 1 49 4096 2878 7.8 4.5 12 6
06:45:11 1 50 4096 2878 7.5 4.5 12 6
06:45:12 1 51 4096 2878 7.2 4.5 12 6
06:45:13 1 51 4096 2878 7.4 4.5 12 6
06:45:14 1 51 4096 2878 7.4 4.5 12 6
06:45:15 1 51 4096 2878 7.3 4.5 12 6
06:45:16 1 51 4096 2878 7.3 4.5 12 6
06:45:17 1 50 4096 2878 7.5 4.5 12 6
06:45:19 1 51 4096 2878 7.3 4.5 12 6
06:45:20 1 51 4096 2878 7.3 4.5 12 6
06:45:21 1 50 4096 2878 7.5 4.5 12 6
06:45:22 1 51 4096 2878 7.3 4.5 12 6
06:45:23 1 51 4096 2878 7.3 4.5 12 6
06:45:24 1 50 4096 2878 7.5 4.5 12 6
06:45:25 1 51 4096 2878 7.3 4.5 12 6
06:45:26 1 51 4096 2878 7.4 4.5 12 6
06:45:27 1 51 4096 2878 7.3 4.5 12 6
06:45:28 1 51 4096 2878 7.4 4.5 12 6
06:45:29 1 50 4096 2878 7.5 4.5 12 6
06:45:30 1 51 4096 2878 7.3 4.5 12 6
06:45:31 1 51 4096 2878 7.3 4.5 12 6
06:45:32 1 50 4096 2878 7.6 4.5 12 6
06:45:33 1 47 4096 2878 8.5 4.5 12 6
06:45:34 1 55 4096 2878 6.0 4.5 12 6
06:45:36 1 54 4096 2878 6.2 4.5 12 6
06:45:37 1 54 4096 2878 6.1 4.5 12 6
06:45:38 1 54 4096 2878 6.2 4.5 12 6
06:45:39 1 53 4096 2878 6.6 4.5 12 6
06:45:40 1 53 4096 2878 6.5 4.5 12 6
06:45:41 1 53 4096 2878 6.5 4.5 12 6
06:45:42 1 53 4096 2878 6.6 4.5 12 6
06:45:43 1 53 4096 2878 6.5 4.5 12 6
06:45:44 1 50 4096 2878 7.7 4.5 12 6
06:45:45 1 47 4096 2878 8.7 4.5 12 6
06:45:46 1 50 4096 2878 7.7 4.5 12 6
06:45:47 1 49 4096 2878 7.9 4.5 12 6
06:45:48 1 49 4096 2878 7.9 4.5 12 6
06:45:49 1 50 4096 2878 7.7 4.5 12 6
06:45:50 1 49 4096 2878 7.9 4.5 12 6
06:45:51 1 50 4096 2878 7.7 4.5 12 6
06:45:52 1 50 4096 2878 7.7 4.5 12 6
06:45:54 1 49 4096 2878 7.9 4.5 12 6
06:45:55 1 50 4096 2878 7.7 4.5 12 6
06:45:56 1 50 4096 2878 7.6 4.5 12 6
06:45:57 1 49 4096 2878 7.9 4.5 12 6
06:45:58 1 49 4096 2878 7.8 4.5 12 6
06:45:59 1 50 4096 2878 7.5 4.5 12 6
06:46:00 1 50 4096 2878 7.7 4.5 12 6
06:46:01 1 50 4096 2878 7.5 4.5 12 6
06:46:02 1 50 4096 2878 7.6 4.5 12 6
06:46:03 1 49 4096 2878 7.9 4.5 12 6
06:46:04 1 50 4096 2878 7.7 4.5 12 6
06:46:05 1 49 4096 2878 7.9 4.5 12 6
06:46:06 1 50 4096 2878 7.7 4.5 12 6
06:46:07 1 50 4096 2878 7.7 4.5 12 6
06:46:08 1 50 4096 2878 7.5 4.5 12 6
06:46:09 1 51 4096 2878 7.3 4.5 12 6
06:46:10 1 51 4096 2878 7.3 4.5 12 6
06:46:12 1 50 4096 2878 7.5 4.5 12 6
06:46:13 1 51 4096 2878 7.3 4.5 12 6
06:46:14 1 50 4096 2878 7.4 4.5 12 6
06:46:15 1 50 4096 2878 7.5 4.5 12 6
06:46:16 1 51 4096 2878 7.3 4.5 12 6
06:46:17 1 51 4096 2878 7.3 4.5 12 6
06:46:18 1 50 4096 2878 7.5 4.5 12 6
06:46:19 1 51 4096 2878 7.4 4.5 12 6
06:46:20 1 50 4096 2878 7.5 4.5 12 6
06:46:21 1 50 4096 2878 7.5 4.5 12 6
06:46:22 1 50 4096 2878 7.4 4.5 12 6
06:46:23 1 50 4096 2878 7.5 4.5 12 6
06:46:24 1 51 4096 2878 7.3 4.5 12 6
06:46:25 1 51 4096 2878 7.3 4.5 12 6
06:46:26 1 50 4096 2878 7.5 4.5 12 6
06:46:27 1 51 4096 2878 7.3 4.5 12 6
06:46:29 1 51 4096 2878 7.3 4.5 12 6
06:46:30 1 50 4096 2878 7.5 4.4 12 6
06:46:31 1 46 4096 2878 8.8 4.4 12 6
06:46:32 1 54 4096 2878 6.3 4.4 12 6
06:46:33 1 53 4096 2878 6.5 4.4 12 6
06:46:34 1 54 4096 2878 6.3 4.4 12 6
06:46:35 1 55 4096 2878 6.0 4.4 12 6
06:46:36 1 53 4096 2878 6.7 4.4 12 6
06:46:37 1 53 4096 2878 6.5 4.4 12 6
06:46:38 1 53 4096 2878 6.6 4.4 12 6
06:46:39 1 53 4096 2878 6.5 4.4 12 6
06:46:40 1 54 4096 2878 6.4 4.4 12 6
06:46:41 1 50 4096 2878 7.4 4.4 12 6
06:46:42 1 47 4096 2878 8.6 4.5 12 6
06:46:43 1 50 4096 2878 7.7 4.5 12 6
06:46:44 1 49 4096 2878 7.9 4.5 12 6
06:46:45 1 50 4096 2878 7.7 4.5 12 6
06:46:46 1 50 4096 2878 7.7 4.5 12 6
06:46:47 1 49 4096 2878 7.9 4.5 12 6
06:46:49 1 50 4096 2878 7.7 4.5 12 6
06:46:50 1 50 4096 2878 7.7 4.5 12 6
06:46:51 1 49 4096 2878 7.9 4.5 12 6
06:46:52 1 49 4096 2878 7.8 4.5 12 6
06:46:53 1 50 4096 2878 7.6 4.5 12 6
06:46:54 1 49 4096 2878 7.9 4.5 12 6
06:46:55 1 50 4096 2878 7.5 4.5 12 6
06:46:56 1 50 4096 2878 7.7 4.5 12 6
06:46:57 1 49 4096 2878 7.8 4.5 12 6
06:46:58 1 50 4096 2878 7.7 4.5 12 6
06:46:59 1 49 4096 2878 7.8 4.5 12 6
06:47:00 1 50 4096 2878 7.7 4.5 12 6
06:47:01 1 49 4096 2878 7.8 4.5 12 6
06:47:02 1 49 4096 2878 7.9 4.5 12 6
06:47:03 1 50 4096 2878 7.7 4.5 12 6
06:47:04 1 50 4096 2878 7.6 4.5 12 6
06:47:06 1 50 4096 2878 7.5 4.5 12 6
06:47:07 1 51 4096 2878 7.4 4.5 12 6
06:47:08 1 51 4096 2878 7.3 4.5 12 6
06:47:09 1 51 4096 2878 7.3 4.5 12 6
06:47:10 1 51 4096 2878 7.3 4.5 12 6
06:47:11 1 51 4096 2878 7.2 4.5 12 6
06:47:12 1 50 4096 2878 7.5 4.5 12 6
06:47:13 1 51 4096 2878 7.3 4.5 12 6
06:47:14 1 51 4096 2878 7.4 4.5 12 6
06:47:15 1 50 4096 2878 7.3 4.5 12 6
06:47:16 1 51 4096 2878 7.4 4.5 12 6
06:47:17 1 50 4096 2878 7.5 4.5 12 6
06:47:18 1 51 4096 2878 7.3 4.5 12 6
06:47:19 1 51 4096 2878 7.3 4.5 12 6
06:47:20 1 50 4096 2878 7.5 4.5 12 6
06:47:21 1 51 4096 2878 7.3 4.5 12 6
06:47:22 1 51 4096 2878 7.4 4.5 12 6
06:47:24 1 51 4096 2878 7.4 4.5 12 6
06:47:25 1 51 4096 2878 7.2 4.5 12 6
06:47:26 1 51 4096 2878 7.4 4.5 12 6
06:47:27 1 46 4096 2878 8.8 4.4 12 6
06:47:28 1 48 4096 2878 8.4 4.4 12 6
06:47:29 1 54 4096 2878 6.1 4.4 12 6
06:47:30 1 54 4096 2878 6.3 4.4 12 6
06:47:31 1 54 4096 2878 6.2 4.4 12 6
06:47:32 1 55 4096 2878 6.0 4.4 12 6
06:47:33 1 53 4096 2878 6.7 4.4 12 6
06:47:34 1 53 4096 2878 6.4 4.4 12 6
06:47:35 1 53 4096 2878 6.6 4.4 12 6
06:47:36 1 53 4096 2878 6.5 4.4 12 6
06:47:37 1 50 4096 2878 7.7 4.4 12 6
06:47:38 1 49 4096 2878 7.7 4.4 12 6
06:47:39 1 47 4096 2878 8.5 4.5 12 6
06:47:40 1 50 4096 2878 7.7 4.5 12 6
06:47:41 1 49 4096 2878 7.9 4.5 12 6
06:47:42 1 50 4096 2878 7.7 4.5 12 6
06:47:44 1 50 4096 2878 7.7 4.5 12 6
06:47:45 1 49 4096 2878 7.9 4.5 12 6
06:47:46 1 49 4096 2878 7.8 4.5 12 6
06:47:47 1 49 4096 2878 7.8 4.5 12 6
06:47:48 1 49 4096 2878 7.9 4.5 12 6
06:47:49 1 50 4096 2878 7.6 4.5 12 6
06:47:50 1 50 4096 2878 7.6 4.5 12 6
06:47:51 1 49 4096 2878 7.9 4.5 12 6
06:47:52 1 50 4096 2878 7.8 4.5 12 6
06:47:53 1 50 4096 2878 7.7 4.5 12 6
06:47:54 1 50 4096 2878 7.5 4.5 12 6
06:47:55 1 50 4096 2878 7.6 4.5 12 6
06:47:56 1 50 4096 2878 7.8 4.5 12 6
06:47:57 1 49 4096 2878 7.8 4.5 12 6
06:47:58 1 50 4096 2878 7.7 4.5 12 6
06:47:59 1 49 4096 2878 7.9 4.5 12 6
06:48:01 1 50 4096 2878 7.7 4.5 12 6
06:48:02 1 50 4096 2878 7.8 4.5 12 6
06:48:03 1 50 4096 2878 7.5 4.5 12 6
06:48:04 1 51 4096 2878 7.2 4.5 12 6
06:48:05 1 51 4096 2878 7.3 4.5 12 6
06:48:06 1 50 4096 2878 7.5 4.5 12 6
06:48:07 1 51 4096 2878 7.4 4.5 12 6
06:48:08 1 51 4096 2878 7.3 4.5 12 6
06:48:09 1 50 4096 2878 7.5 4.5 12 6
06:48:10 1 51 4096 2878 7.4 4.5 12 6
06:48:11 1 50 4096 2878 7.5 4.5 12 6
06:48:12 1 51 4096 2878 7.4 4.5 12 6
06:48:13 1 51 4096 2878 7.2 4.5 12 6
06:48:14 1 50 4096 2878 7.5 4.5 12 6
06:48:15 1 51 4096 2878 7.3 4.5 12 6
06:48:16 1 51 4096 2878 7.3 4.5 12 6
06:48:18 1 50 4096 2878 7.5 4.5 12 6
06:48:19 1 51 4096 2878 7.4 4.5 12 6
06:48:20 1 51 4096 2878 7.2 4.5 12 6
06:48:21 1 50 4096 2878 7.5 4.5 12 6
06:48:22 1 51 4096 2878 7.4 4.5 12 6
06:48:23 1 51 4096 2878 7.2 4.4 12 6
06:48:24 1 51 4096 2878 7.4 4.4 12 6
06:48:25 1 46 4096 2878 8.8 4.4 12 6
06:48:26 1 53 4096 2878 6.5 4.4 12 6
06:48:27 1 53 4096 2878 6.5 4.4 12 6
06:48:28 1 54 4096 2878 6.3 4.4 12 6
06:48:29 1 54 4096 2878 6.2 4.4 12 6
06:48:30 1 54 4096 2878 6.1 4.4 12 6
06:48:31 1 53 4096 2878 6.5 4.4 12 6
06:48:32 1 53 4096 2878 6.7 4.4 12 6
06:48:33 1 53 4096 2878 6.4 4.4 12 6
06:48:34 1 53 4096 2878 6.5 4.4 12 6
06:48:36 1 49 4096 2878 7.7 4.4 12 6
06:48:37 1 47 4096 2878 8.3 4.4 12 6
06:48:38 1 46 4096 2878 8.7 4.4 12 6
06:48:39 1 48 4096 2878 7.9 4.4 12 6
06:48:40 1 49 4096 2878 7.7 4.4 12 6
06:48:41 1 49 4096 2878 7.7 4.4 12 6
06:48:42 1 48 4096 2878 7.9 4.4 12 6
06:48:43 1 49 4096 2878 7.6 4.4 12 6
06:48:44 1 48 4096 2878 7.9 4.4 12 6
06:48:45 1 49 4096 2878 7.8 4.4 12 6
06:48:46 1 49 4096 2878 7.6 4.4 12 6
06:48:47 1 49 4096 2878 7.7 4.4 12 6
06:48:48 1 50 4096 2878 7.5 4.4 12 6
06:48:49 1 49 4096 2878 7.5 4.4 12 6
06:48:50 1 49 4096 2878 7.8 4.4 12 6
06:48:52 1 49 4096 2878 7.6 4.4 12 6
06:48:53 1 50 4096 2878 7.5 4.4 12 6
06:48:54 1 49 4096 2878 7.7 4.4 12 6
06:48:55 1 50 4096 2878 7.3 4.4 12 6
06:48:56 1 49 4096 2878 7.6 4.4 12 6
06:48:57 1 48 4096 2878 7.9 4.4 12 6
06:48:58 1 49 4096 2878 7.6 4.4 12 6
06:48:59 1 49 4096 2878 7.8 4.4 12 6
06:49:00 1 48 4096 2878 7.9 4.4 12 6
06:49:01 1 50 4096 2878 7.4 4.4 12 6
06:49:02 1 50 4096 2878 7.5 4.4 12 6
06:49:03 1 50 4096 2878 7.2 4.4 12 6
06:49:04 1 50 4096 2878 7.4 4.4 12 6
06:49:05 1 50 4096 2878 7.4 4.4 12 6
06:49:06 1 50 4096 2878 7.2 4.4 12 6
06:49:07 1 50 4096 2878 7.4 4.4 12 6
06:49:08 1 50 4096 2878 7.5 4.4 12 6
06:49:10 1 50 4096 2878 7.4 4.4 12 6
06:49:11 1 50 4096 2878 7.3 4.4 12 6
06:49:12 1 50 4096 2878 7.3 4.4 12 6
06:49:13 1 50 4096 2878 7.3 4.4 12 6
06:49:14 1 50 4096 2878 7.3 4.4 12 6
06:49:15 1 50 4096 2878 7.5 4.4 12 6
06:49:16 1 50 4096 2878 7.3 4.4 12 6
06:49:17 1 50 4096 2878 7.5 4.4 12 6
06:49:18 1 50 4096 2878 7.5 4.4 12 6
06:49:19 1 50 4096 2878 7.4 4.4 12 6
06:49:20 1 50 4096 2878 7.5 4.4 12 6
06:49:21 1 50 4096 2878 7.3 4.4 12 6
06:49:22 1 46 4096 2878 8.6 4.4 12 6
06:49:23 1 50 4096 2878 7.4 4.4 12 6
06:49:24 1 54 4096 2878 6.0 4.4 12 6
06:49:25 1 54 4096 2878 6.1 4.4 12 6
06:49:26 1 53 4096 2878 6.3 4.4 12 6
06:49:28 1 54 4096 2878 6.0 4.4 12 6
06:49:29 1 52 4096 2878 6.5 4.4 12 6
06:49:30 1 52 4096 2878 6.7 4.4 12 6
06:49:31 1 53 4096 2878 6.4 4.4 12 6
06:49:32 1 53 4096 2878 6.4 4.4 12 6
06:49:33 1 49 4096 2878 7.8 4.4 12 6
06:49:34 1 51 4096 2878 7.1 4.4 12 6
06:49:35 1 47 4096 2878 8.4 4.4 12 6
06:49:36 1 49 4096 2878 7.8 4.4 12 6
06:49:37 1 49 4096 2878 7.6 4.4 12 6
06:49:38 1 48 4096 2878 7.9 4.4 12 6
06:49:39 1 49 4096 2878 7.7 4.4 12 6
06:49:40 1 49 4096 2878 7.8 4.4 12 6
06:49:41 1 48 4096 2878 7.9 4.4 12 6
06:49:42 1 49 4096 2878 7.8 4.4 12 6
06:49:43 1 49 4096 2878 7.5 4.4 12 6
06:49:45 1 49 4096 2878 7.8 4.4 12 6
06:49:46 1 49 4096 2878 7.5 4.4 12 6
06:49:47 1 50 4096 2878 7.5 4.4 12 6
06:49:48 1 49 4096 2878 7.7 4.4 12 6
06:49:49 1 49 4096 2878 7.6 4.4 12 6
06:49:50 1 50 4096 2878 7.5 4.4 12 6
06:49:51 1 49 4096 2878 7.7 4.4 12 6
06:49:52 1 49 4096 2878 7.7 4.4 12 6
06:49:53 1 49 4096 2878 7.8 4.4 12 6
06:49:54 1 48 4096 2878 7.9 4.4 12 6
06:49:55 1 49 4096 2878 7.7 4.4 12 6
06:49:56 1 48 4096 2878 7.9 4.4 12 6
06:49:57 1 49 4096 2878 7.8 4.4 12 6
06:49:58 1 50 4096 2878 7.3 4.4 12 6
06:49:59 1 50 4096 2878 7.5 4.4 12 6
06:50:01 1 50 4096 2878 7.3 4.4 12 6
06:50:02 1 50 4096 2878 7.2 4.4 12 6
06:50:03 1 49 4096 2878 7.5 4.4 12 6
06:50:04 1 50 4096 2878 7.3 4.4 12 6
06:50:05 1 50 4096 2878 7.2 4.4 12 6
06:50:06 1 49 4096 2878 7.5 4.4 12 6
06:50:07 1 50 4096 2878 7.4 4.4 12 6
06:50:08 1 50 4096 2878 7.4 4.4 12 6
06:50:09 1 50 4096 2878 7.5 4.4 12 6
06:50:10 1 50 4096 2878 7.3 4.4 12 6
06:50:11 1 49 4096 2878 7.5 4.4 12 6
06:50:12 1 50 4096 2878 7.3 4.4 12 6
06:50:13 1 50 4096 2878 7.3 4.4 12 6
06:50:14 1 49 4096 2878 7.5 4.4 12 6
06:50:15 1 50 4096 2878 7.3 4.4 12 6
06:50:16 1 50 4096 2878 7.3 4.4 12 6
06:50:18 1 50 4096 2878 7.5 4.4 12 6
06:50:19 1 50 4096 2878 7.2 4.4 12 6
06:50:20 1 50 4096 2878 7.3 4.3 12 6
06:50:21 1 45 4096 2878 9.0 4.4 12 6
06:50:22 1 53 4096 2878 6.4 4.4 12 6
06:50:23 1 53 4096 2878 6.2 4.4 12 6
06:50:24 1 52 4096 2878 6.5 4.4 12 6
06:50:25 1 54 4096 2878 6.0 4.4 12 6
06:50:26 1 54 4096 2878 6.1 4.4 12 6
06:50:27 1 52 4096 2878 6.7 4.4 12 6
06:50:28 1 53 4096 2878 6.4 4.4 12 6
06:50:29 1 52 4096 2878 6.6 4.4 12 6
06:50:30 1 52 4096 2878 6.6 4.4 12 6
06:50:31 1 49 4096 2878 7.5 4.4 12 6
06:50:32 1 53 4096 2878 6.2 4.4 12 6
06:50:33 1 47 4096 2878 8.4 4.4 12 6
06:50:34 1 49 4096 2878 7.7 4.4 12 6
06:50:35 1 49 4096 2878 7.8 4.4 12 6
06:50:37 1 49 4096 2878 7.7 4.4 12 6
06:50:38 1 49 4096 2878 7.7 4.4 12 6
06:50:39 1 48 4096 2878 7.9 4.4 12 6
06:50:40 1 49 4096 2878 7.8 4.4 12 6
06:50:41 1 49 4096 2878 7.6 4.4 12 6
06:50:42 1 49 4096 2878 7.6 4.4 12 6
06:50:43 1 49 4096 2878 7.5 4.4 12 6
06:50:44 1 49 4096 2878 7.7 4.4 12 6
06:50:45 1 49 4096 2878 7.7 4.4 12 6
06:50:46 1 49 4096 2878 7.5 4.4 12 6
06:50:47 1 49 4096 2878 7.7 4.4 12 6
06:50:48 1 49 4096 2878 7.5 4.4 12 6
06:50:49 1 49 4096 2878 7.5 4.4 12 6
06:50:50 1 49 4096 2878 7.5 4.4 12 6
06:50:51 1 49 4096 2878 7.7 4.4 12 6
06:50:52 1 49 4096 2878 7.7 4.4 12 6
06:50:54 1 48 4096 2878 7.9 4.4 12 6
06:50:55 1 49 4096 2878 7.7 4.4 12 6
06:50:56 1 48 4096 2878 7.8 4.4 12 6
06:50:57 1 50 4096 2878 7.4 4.4 12 6
06:50:58 1 50 4096 2878 7.4 4.4 12 6
06:50:59 1 50 4096 2878 7.4 4.4 12 6
06:51:00 1 49 4096 2878 7.5 4.4 12 6
06:51:01 1 50 4096 2878 7.3 4.4 12 6
06:51:02 1 49 4096 2878 7.5 4.4 12 6
06:51:03 1 49 4096 2878 7.5 4.4 12 6
06:51:04 1 50 4096 2878 7.3 4.4 12 6
06:51:05 1 49 4096 2878 7.5 4.4 12 6
06:51:06 1 50 4096 2878 7.3 4.4 12 6
06:51:07 1 50 4096 2878 7.3 4.4 12 6
06:51:08 1 49 4096 2878 7.5 4.4 12 6
06:51:10 1 50 4096 2878 7.3 4.4 12 6
06:51:11 1 50 4096 2878 7.3 4.4 12 6
06:51:12 1 49 4096 2878 7.5 4.4 12 6
06:51:13 1 50 4096 2878 7.3 4.4 12 6
06:51:14 1 50 4096 2878 7.3 4.4 12 6
06:51:15 1 49 4096 2878 7.5 4.4 12 6
06:51:16 1 50 4096 2878 7.2 4.4 12 6
06:51:17 1 50 4096 2878 7.3 4.4 12 6
06:51:18 1 49 4096 2878 7.6 4.3 12 6
06:51:19 1 46 4096 2878 8.5 4.3 12 6
06:51:20 1 53 4096 2878 6.2 4.3 12 6
06:51:21 1 53 4096 2878 6.2 4.3 12 6
06:51:22 1 53 4096 2878 6.1 4.3 12 6
06:51:23 1 53 4096 2878 6.2 4.3 12 6
06:51:24 1 52 4096 2878 6.4 4.3 12 6
06:51:25 1 52 4096 2878 6.4 4.3 12 6
06:51:26 1 52 4096 2878 6.6 4.3 12 6
06:51:27 1 53 4096 2878 6.4 4.3 12 6
06:51:29 1 53 4096 2878 6.4 4.3 12 6
06:51:30 1 49 4096 2878 7.7 4.4 12 6
06:51:31 1 47 4096 2878 8.4 4.4 12 6
06:51:32 1 49 4096 2878 7.7 4.4 12 6
06:51:33 1 48 4096 2878 7.9 4.4 12 6
06:51:34 1 49 4096 2878 7.7 4.4 12 6
06:51:35 1 49 4096 2878 7.7 4.4 12 6
06:51:36 1 48 4096 2878 7.8 4.4 12 6
06:51:37 1 48 4096 2878 7.8 4.4 12 6
06:51:38 1 48 4096 2878 7.9 4.4 12 6
06:51:39 1 48 4096 2878 7.9 4.4 12 6
06:51:40 1 49 4096 2878 7.6 4.4 12 6
06:51:41 1 48 4096 2878 7.9 4.4 12 6
06:51:42 1 49 4096 2878 7.6 4.4 12 6
06:51:43 1 49 4096 2878 7.6 4.4 12 6
06:51:44 1 49 4096 2878 7.7 4.4 12 6
06:51:46 1 49 4096 2878 7.5 4.4 12 6
06:51:47 1 49 4096 2878 7.5 4.4 12 6
06:51:48 1 49 4096 2878 7.8 4.4 12 6
06:51:49 1 49 4096 2878 7.7 4.4 12 6
06:51:50 1 49 4096 2878 7.6 4.4 12 6
06:51:51 1 48 4096 2878 7.9 4.4 12 6
06:51:52 1 49 4096 2878 7.7 4.4 12 6
06:51:53 1 48 4096 2878 7.9 4.4 12 6
06:51:54 1 50 4096 2878 7.4 4.4 12 6
06:51:55 1 50 4096 2878 7.3 4.4 12 6
06:51:56 1 50 4096 2878 7.4 4.4 12 6
06:51:57 1 50 4096 2878 7.4 4.4 12 6
06:51:58 1 50 4096 2878 7.3 4.4 12 6
06:51:59 1 49 4096 2878 7.5 4.4 12 6
06:52:00 1 50 4096 2878 7.3 4.4 12 6
06:52:02 1 50 4096 2878 7.3 4.4 12 6
06:52:03 1 49 4096 2878 7.5 4.4 12 6
06:52:04 1 50 4096 2878 7.3 4.4 12 6
06:52:05 1 50 4096 2878 7.3 4.4 12 6
06:52:06 1 49 4096 2878 7.5 4.4 12 6
06:52:07 1 50 4096 2878 7.3 4.4 12 6
06:52:08 1 50 4096 2878 7.3 4.4 12 6
06:52:09 1 49 4096 2878 7.5 4.4 12 6
06:52:10 1 50 4096 2878 7.3 4.4 12 6
06:52:11 1 49 4096 2878 7.5 4.4 12 6
06:52:12 1 50 4096 2878 7.3 4.4 12 6
06:52:13 1 50 4096 2878 7.4 4.4 12 6
06:52:14 1 49 4096 2878 7.5 4.4 12 6
06:52:15 1 50 4096 2878 7.3 4.4 12 6
06:52:16 1 46 4096 2878 8.8 4.4 12 6
06:52:17 1 52 4096 2878 6.5 4.4 12 6
06:52:19 1 53 4096 2878 6.4 4.4 12 6
06:52:20 1 53 4096 2878 6.3 4.4 12 6
06:52:21 1 53 4096 2878 6.2 4.4 12 6
06:52:22 1 52 4096 2878 6.6 4.4 12 6
06:52:23 1 52 4096 2878 6.4 4.4 12 6
06:52:24 1 52 4096 2878 6.6 4.4 12 6
06:52:25 1 52 4096 2878 6.5 4.4 12 6
06:52:26 1 53 4096 2878 6.4 4.4 12 6
06:52:27 1 49 4096 2878 7.4 4.4 12 6
06:52:28 1 46 4096 2878 8.5 4.4 12 6
06:52:29 1 48 4096 2878 7.9 4.4 12 6
06:52:30 1 48 4096 2878 7.8 4.4 12 6
06:52:31 1 49 4096 2878 7.7 4.4 12 6
06:52:32 1 48 4096 2878 7.9 4.4 12 6
06:52:33 1 48 4096 2878 7.8 4.4 12 6
06:52:34 1 49 4096 2878 7.6 4.4 12 6
06:52:35 1 48 4096 2878 7.9 4.4 12 6
06:52:37 1 49 4096 2878 7.5 4.4 12 6
06:52:38 1 49 4096 2878 7.5 4.4 12 6
06:52:39 1 49 4096 2878 7.7 4.4 12 6
06:52:40 1 49 4096 2878 7.5 4.4 12 6
06:52:41 1 49 4096 2878 7.5 4.4 12 6
06:52:42 1 49 4096 2878 7.7 4.4 12 6
06:52:43 1 49 4096 2878 7.5 4.4 12 6
06:52:44 1 49 4096 2878 7.6 4.4 12 6
06:52:45 1 49 4096 2878 7.7 4.4 12 6
06:52:46 1 49 4096 2878 7.6 4.4 12 6
06:52:47 1 48 4096 2878 7.9 4.4 12 6
06:52:48 1 49 4096 2878 7.6 4.4 12 6
06:52:49 1 49 4096 2878 7.6 4.4 12 6
06:52:50 1 49 4096 2878 7.7 4.4 12 6
06:52:51 1 50 4096 2878 7.4 4.4 12 6
06:52:52 1 50 4096 2878 7.2 4.4 12 6
06:52:54 1 49 4096 2878 7.5 4.4 12 6
06:52:55 1 50 4096 2878 7.4 4.4 12 6
06:52:56 1 50 4096 2878 7.4 4.4 12 6
06:52:57 1 49 4096 2878 7.5 4.4 12 6
06:52:58 1 50 4096 2878 7.4 4.4 12 6
06:52:59 1 50 4096 2878 7.3 4.4 12 6
06:53:00 1 49 4096 2878 7.5 4.4 12 6
06:53:01 1 50 4096 2878 7.2 4.4 12 6
06:53:02 1 49 4096 2878 7.5 4.4 12 6
06:53:03 1 50 4096 2878 7.3 4.4 12 6
06:53:04 1 50 4096 2878 7.3 4.4 12 6
06:53:05 1 49 4096 2878 7.5 4.4 12 6
06:53:06 1 49 4096 2878 7.4 4.4 12 6
06:53:07 1 50 4096 2878 7.3 4.4 12 6
06:53:08 1 49 4096 2878 7.5 4.4 12 6
06:53:09 1 50 4096 2878 7.2 4.4 12 6
06:53:11 1 50 4096 2878 7.4 4.4 12 6
06:53:12 1 49 4096 2878 7.5 4.4 12 6
06:53:13 1 50 4096 2878 7.4 4.4 12 6
06:53:14 1 46 4096 2878 8.6 4.4 12 6
06:53:15 1 53 4096 2878 6.2 4.4 12 6
06:53:16 1 53 4096 2878 6.1 4.4 12 6
06:53:17 1 54 4096 2878 6.1 4.4 12 6
06:53:18 1 53 4096 2878 6.1 4.4 12 6
06:53:19 1 54 4096 2878 6.0 4.4 12 6
06:53:20 1 52 4096 2878 6.7 4.4 12 6
06:53:21 1 52 4096 2878 6.7 4.4 12 6
06:53:22 1 53 4096 2878 6.4 4.4 12 6
06:53:23 1 52 4096 2878 6.6 4.4 12 6
06:53:24 1 49 4096 2878 7.5 4.4 12 6
06:53:25 1 47 4096 2878 8.2 4.4 12 6
06:53:26 1 45 4096 2878 9.0 4.4 12 6
06:53:27 1 49 4096 2878 7.7 4.4 12 6
06:53:28 1 49 4096 2878 7.7 4.4 12 6
06:53:30 1 48 4096 2878 7.9 4.4 12 6
06:53:31 1 49 4096 2878 7.6 4.4 12 6
06:53:32 1 48 4096 2878 7.8 4.4 12 6
06:53:33 1 49 4096 2878 7.7 4.4 12 6
06:53:34 1 49 4096 2878 7.5 4.4 12 6
06:53:35 1 49 4096 2878 7.5 4.4 12 6
06:53:36 1 49 4096 2878 7.7 4.4 12 6
06:53:37 1 49 4096 2878 7.6 4.4 12 6
06:53:38 1 49 4096 2878 7.7 4.4 12 6
06:53:39 1 49 4096 2878 7.6 4.4 12 6
06:53:40 1 49 4096 2878 7.6 4.4 12 6
06:53:41 1 49 4096 2878 7.7 4.4 12 6
06:53:42 1 49 4096 2878 7.5 4.4 12 6
06:53:43 1 50 4096 2878 7.3 4.4 12 6
06:53:44 1 48 4096 2878 7.9 4.4 12 6
06:53:45 1 49 4096 2878 7.6 4.4 12 6
06:53:47 1 49 4096 2878 7.6 4.4 12 6
06:53:48 1 48 4096 2878 7.9 4.4 12 6
06:53:49 1 50 4096 2878 7.2 4.4 12 6
06:53:50 1 50 4096 2878 7.2 4.4 12 6
06:53:51 1 49 4096 2878 7.5 4.4 12 6
06:53:52 1 50 4096 2878 7.2 4.4 12 6
06:53:53 1 50 4096 2878 7.4 4.4 12 6
06:53:54 1 49 4096 2878 7.5 4.4 12 6
06:53:55 1 50 4096 2878 7.2 4.4 12 6
06:53:56 1 49 4096 2878 7.5 4.4 12 6
06:53:57 1 50 4096 2878 7.3 4.4 12 6
06:53:58 1 50 4096 2878 7.2 4.4 12 6
06:53:59 1 49 4096 2878 7.5 4.4 12 6
06:54:00 1 50 4096 2878 7.4 4.4 12 6
06:54:01 1 50 4096 2878 7.2 4.4 12 6
06:54:02 1 49 4096 2878 7.5 4.4 12 6
06:54:04 1 50 4096 2878 7.4 4.4 12 6
06:54:05 1 50 4096 2878 7.3 4.4 12 6
06:54:06 1 49 4096 2878 7.5 4.4 12 6
06:54:07 1 50 4096 2878 7.2 4.4 12 6
06:54:08 1 50 4096 2878 7.2 4.4 12 6
06:54:09 1 49 4096 2878 7.5 4.4 12 6
06:54:10 1 50 4096 2878 7.4 4.4 12 6
06:54:11 1 45 4096 2878 9.0 4.4 12 6
06:54:12 1 53 4096 2878 6.4 4.4 12 6
06:54:13 1 53 4096 2878 6.3 4.4 12 6
06:54:14 1 52 4096 2878 6.5 4.4 12 6
06:54:15 1 54 4096 2878 6.0 4.4 12 6
06:54:16 1 53 4096 2878 6.1 4.4 12 6
06:54:17 1 52 4096 2878 6.6 4.4 12 6
06:54:18 1 53 4096 2878 6.4 4.4 12 6
06:54:19 1 53 4096 2878 6.4 4.4 12 6
06:54:20 1 52 4096 2878 6.6 4.4 12 6
06:54:22 1 49 4096 2878 7.5 4.3 12 6
06:54:23 1 57 4096 2878 5.0 4.3 12 6
06:54:24 1 46 4096 2878 8.6 4.3 12 6
06:54:25 1 49 4096 2878 7.6 4.3 12 6
06:54:26 1 49 4096 2878 7.6 4.3 12 6
06:54:27 1 49 4096 2878 7.9 4.3 12 6
06:54:28 1 50 4096 2878 7.7 4.3 12 6
06:54:29 1 50 4096 2878 7.8 4.3 12 6
06:54:30 1 49 4096 2878 7.9 4.3 12 6
06:54:31 1 49 4096 2878 7.8 4.3 12 6
06:54:32 1 49 4096 2878 7.8 4.3 12 6
06:54:33 1 50 4096 2878 7.6 4.3 12 6
06:54:34 1 50 4096 2878 7.6 4.3 12 6
06:54:35 1 49 4096 2878 7.8 4.3 12 6
06:54:36 1 50 4096 2878 7.6 4.3 12 6
06:54:38 1 50 4096 2878 7.5 4.3 12 6
06:54:39 1 50 4096 2878 7.7 4.3 12 6
06:54:40 1 50 4096 2878 7.5 4.3 12 6
06:54:41 1 51 4096 2878 7.3 4.3 12 6
06:54:42 1 49 4096 2878 7.9 4.3 12 6
06:54:43 1 50 4096 2878 7.6 4.3 12 6
06:54:44 1 50 4096 2878 7.6 4.3 12 6
06:54:45 1 49 4096 2878 7.9 4.3 12 6
06:54:46 1 50 4096 2878 7.7 4.3 12 6
06:54:47 1 50 4096 2878 7.5 4.3 12 6
06:54:48 1 51 4096 2878 7.4 4.3 12 6
06:54:49 1 51 4096 2878 7.2 4.3 12 6
06:54:50 1 50 4096 2878 7.5 4.3 12 6
06:54:51 1 51 4096 2878 7.2 4.3 12 6
06:54:52 1 51 4096 2878 7.2 4.3 12 6
06:54:53 1 50 4096 2878 7.5 4.3 12 6
06:54:55 1 51 4096 2878 7.3 4.3 12 6
06:54:56 1 51 4096 2878 7.3 4.3 12 6
06:54:57 1 50 4096 2878 7.5 4.3 12 6
06:54:58 1 51 4096 2878 7.2 4.3 12 6
06:54:59 1 51 4096 2878 7.3 4.3 12 6
06:55:00 1 50 4096 2878 7.5 4.3 12 6
06:55:01 1 51 4096 2878 7.2 4.3 12 6
06:55:02 1 51 4096 2878 7.4 4.3 12 6
06:55:03 1 50 4096 2878 7.5 4.3 12 6
06:55:04 1 51 4096 2878 7.2 4.3 12 6
06:55:05 1 51 4096 2878 7.4 4.3 12 6
06:55:06 1 51 4096 2878 7.2 4.3 12 6
06:55:07 1 51 4096 2878 7.2 4.3 12 6
06:55:08 1 46 4096 2878 8.8 4.3 12 6
06:55:09 1 48 4096 2878 8.4 4.3 12 6
06:55:10 1 55 4096 2878 6.0 4.3 12 6
06:55:11 1 54 4096 2878 6.3 4.3 12 6
06:55:13 1 55 4096 2878 6.0 4.3 12 6
06:55:14 1 55 4096 2878 6.0 4.3 12 6
06:55:15 1 53 4096 2878 6.7 4.3 12 6
06:55:16 1 53 4096 2878 6.4 4.3 12 6
06:55:17 1 53 4096 2878 6.5 4.3 12 6
06:55:18 1 53 4096 2878 6.6 4.3 12 6
06:55:19 1 50 4096 2878 7.5 4.3 12 6
06:55:20 1 51 4096 2878 7.3 4.3 12 6
06:55:21 1 47 4096 2878 8.5 4.3 12 6
06:55:22 1 49 4096 2878 7.6 4.3 12 6
06:55:23 1 49 4096 2878 7.9 4.3 12 6
06:55:24 1 49 4096 2878 7.8 4.3 12 6
06:55:25 1 49 4096 2878 7.8 4.3 12 6
06:55:26 1 49 4096 2878 7.9 4.3 12 6
06:55:27 1 49 4096 2878 7.8 4.3 12 6
06:55:28 1 49 4096 2878 7.8 4.3 12 6
06:55:30 1 49 4096 2878 7.7 4.3 12 6
06:55:31 1 50 4096 2878 7.5 4.3 12 6
06:55:32 1 50 4096 2878 7.6 4.3 12 6
06:55:33 1 49 4096 2878 7.7 4.3 12 6
06:55:34 1 50 4096 2878 7.6 4.3 12 6
06:55:35 1 50 4096 2878 7.5 4.3 12 6
06:55:36 1 49 4096 2878 7.7 4.3 12 6
06:55:37 1 49 4096 2878 7.6 4.3 12 6
06:55:38 1 50 4096 2878 7.7 4.3 12 6
06:55:39 1 49 4096 2878 7.9 4.3 12 6
06:55:40 1 49 4096 2878 7.6 4.3 12 6
06:55:41 1 49 4096 2878 7.9 4.3 12 6
06:55:42 1 49 4096 2878 7.8 4.3 12 6
06:55:43 1 49 4096 2878 7.6 4.3 12 6
06:55:44 1 50 4096 2878 7.5 4.3 12 6
06:55:45 1 50 4096 2878 7.4 4.3 12 6
06:55:47 1 51 4096 2878 7.2 4.3 12 6
06:55:48 1 50 4096 2878 7.5 4.3 12 6
06:55:49 1 50 4096 2878 7.4 4.3 12 6
06:55:50 1 51 4096 2878 7.2 4.3 12 6
06:55:51 1 50 4096 2878 7.5 4.3 12 6
06:55:52 1 51 4096 2878 7.3 4.3 12 6
06:55:53 1 51 4096 2878 7.3 4.3 12 6
06:55:54 1 50 4096 2878 7.5 4.3 12 6
06:55:55 1 50 4096 2878 7.4 4.3 12 6
06:55:56 1 50 4096 2878 7.5 4.3 12 6
06:55:57 1 50 4096 2878 7.4 4.3 12 6
06:55:58 1 50 4096 2878 7.3 4.3 12 6
06:55:59 1 50 4096 2878 7.5 4.3 12 6
06:56:00 1 50 4096 2878 7.4 4.3 12 6
06:56:01 1 51 4096 2878 7.2 4.3 12 6
06:56:02 1 50 4096 2878 7.5 4.3 12 6
06:56:04 1 51 4096 2878 7.2 4.3 12 6
06:56:05 1 50 4096 2878 7.4 4.3 12 6
06:56:06 1 50 4096 2878 7.4 4.3 12 6
06:56:07 1 46 4096 2878 8.9 4.3 12 6
06:56:08 1 54 4096 2878 6.2 4.3 12 6
06:56:09 1 53 4096 2878 6.5 4.3 12 6
06:56:10 1 53 4096 2878 6.3 4.3 12 6
06:56:11 1 54 4096 2878 6.0 4.3 12 6
06:56:12 1 53 4096 2878 6.6 4.3 12 6
06:56:13 1 53 4096 2878 6.6 4.3 12 6
06:56:14 1 53 4096 2878 6.6 4.3 12 6
06:56:15 1 53 4096 2878 6.4 4.3 12 6
06:56:16 1 53 4096 2878 6.3 4.3 12 6
06:56:17 1 50 4096 2878 7.4 4.3 12 6
06:56:18 1 47 4096 2878 8.6 4.3 12 6
06:56:19 1 49 4096 2878 7.8 4.3 12 6
06:56:20 1 49 4096 2878 7.9 4.3 12 6
06:56:22 1 49 4096 2878 7.7 4.3 12 6
06:56:23 1 49 4096 2878 7.7 4.3 12 6
06:56:24 1 48 4096 2878 7.9 4.3 12 6
06:56:25 1 49 4096 2878 7.6 4.3 12 6
06:56:26 1 49 4096 2878 7.6 4.3 12 6
06:56:27 1 49 4096 2878 7.7 4.3 12 6
06:56:28 1 49 4096 2878 7.6 4.3 12 6
06:56:29 1 49 4096 2878 7.6 4.3 12 6
06:56:30 1 49 4096 2878 7.7 4.3 12 6
06:56:31 1 50 4096 2878 7.5 4.3 12 6
06:56:32 1 49 4096 2878 7.8 4.3 12 6
06:56:33 1 50 4096 2878 7.5 4.3 12 6
06:56:34 1 49 4096 2878 7.6 4.3 12 6
06:56:35 1 49 4096 2878 7.7 4.3 12 6
06:56:36 1 49 4096 2878 7.8 4.3 12 6
06:56:38 1 49 4096 2878 7.6 4.3 12 6
06:56:39 1 49 4096 2878 7.7 4.3 12 6
06:56:40 1 49 4096 2878 7.8 4.3 12 6
06:56:41 1 49 4096 2878 7.6 4.3 12 6
06:56:42 1 50 4096 2878 7.5 4.3 12 6
06:56:43 1 50 4096 2878 7.2 4.3 12 6
06:56:44 1 50 4096 2878 7.4 4.3 12 6
06:56:45 1 50 4096 2878 7.5 4.3 12 6
06:56:46 1 50 4096 2878 7.4 4.3 12 6
06:56:47 1 50 4096 2878 7.5 4.3 12 6
06:56:48 1 50 4096 2878 7.4 4.3 12 6
06:56:49 1 50 4096 2878 7.3 4.3 12 6
06:56:50 1 50 4096 2878 7.5 4.3 12 6
06:56:51 1 50 4096 2878 7.4 4.3 12 6
06:56:52 1 50 4096 2878 7.2 4.3 12 6
06:56:53 1 50 4096 2878 7.5 4.3 12 6
06:56:55 1 50 4096 2878 7.3 4.3 12 6
06:56:56 1 50 4096 2878 7.4 4.3 12 6
06:56:57 1 50 4096 2878 7.5 4.3 12 6
06:56:58 1 50 4096 2878 7.4 4.3 12 6
06:56:59 1 50 4096 2878 7.4 4.3 12 6
06:57:00 1 50 4096 2878 7.3 4.3 12 6
06:57:01 1 50 4096 2878 7.4 4.3 12 6
06:57:02 1 50 4096 2878 7.4 4.3 12 6
06:57:03 1 50 4096 2878 7.5 4.3 12 6
06:57:04 1 46 4096 2878 8.7 4.3 12 6
06:57:05 1 53 4096 2878 6.2 4.3 12 6
06:57:06 1 54 4096 2878 6.1 4.3 12 6
06:57:07 1 54 4096 2878 6.1 4.3 12 6
06:57:08 1 53 4096 2878 6.2 4.3 12 6
06:57:09 1 54 4096 2878 6.1 4.3 12 6
06:57:10 1 52 4096 2878 6.5 4.3 12 6
06:57:11 1 52 4096 2878 6.6 4.3 12 6
06:57:13 1 53 4096 2878 6.5 4.3 12 6
06:57:14 1 53 4096 2878 6.3 4.3 12 6
06:57:15 1 49 4096 2878 7.7 4.3 12 6
06:57:16 1 47 4096 2878 8.4 4.3 12 6
06:57:17 1 45 4096 2878 8.1 4.3 12 6
06:57:18 1 48 4096 2878 7.8 4.3 12 6
06:57:19 1 49 4096 2878 7.8 4.3 12 6
06:57:20 1 49 4096 2878 7.8 4.3 12 6
06:57:21 1 48 4096 2878 7.9 4.3 12 6
06:57:22 1 49 4096 2878 7.8 4.3 12 6
06:57:23 1 48 4096 2878 7.9 4.3 12 6
06:57:24 1 49 4096 2878 7.7 4.3 12 6
06:57:25 1 49 4096 2878 7.6 4.3 12 6
06:57:26 1 49 4096 2878 7.6 4.3 12 6
06:57:27 1 49 4096 2878 7.5 4.3 12 6
06:57:28 1 49 4096 2878 7.6 4.3 12 6
06:57:30 1 49 4096 2878 7.7 4.3 12 6
06:57:31 1 49 4096 2878 7.5 4.3 12 6
06:57:32 1 49 4096 2878 7.6 4.3 12 6
06:57:33 1 49 4096 2878 7.8 4.3 12 6
06:57:34 1 50 4096 2878 7.4 4.3 12 6
06:57:35 1 49 4096 2878 7.6 4.3 12 6
06:57:36 1 48 4096 2878 7.8 4.3 12 6
06:57:37 1 49 4096 2878 7.7 4.3 12 6
06:57:38 1 49 4096 2878 7.7 4.3 12 6
06:57:39 1 48 4096 2878 7.9 4.3 12 6
06:57:40 1 50 4096 2878 7.2 4.3 12 6
06:57:41 1 49 4096 2878 7.5 4.3 12 6
06:57:42 1 50 4096 2878 7.4 4.3 12 6
06:57:43 1 50 4096 2878 7.3 4.3 12 6
06:57:44 1 49 4096 2878 7.5 4.3 12 6
06:57:45 1 50 4096 2878 7.2 4.3 12 6
06:57:47 1 50 4096 2878 7.2 4.3 12 6
06:57:48 1 49 4096 2878 7.5 4.3 12 6
06:57:49 1 50 4096 2878 7.2 4.3 12 6
06:57:50 1 50 4096 2878 7.4 4.3 12 6
06:57:51 1 49 4096 2878 7.5 4.3 12 6
06:57:52 1 50 4096 2878 7.2 4.3 12 6
06:57:53 1 50 4096 2878 7.3 4.3 12 6
06:57:54 1 49 4096 2878 7.5 4.3 12 6
06:57:55 1 50 4096 2878 7.3 4.3 12 6
06:57:56 1 49 4096 2878 7.5 4.3 12 6
06:57:57 1 50 4096 2878 7.4 4.3 12 6
06:57:58 1 50 4096 2878 7.4 4.3 12 6
06:57:59 1 49 4096 2878 7.4 4.3 12 6
06:58:00 1 50 4096 2878 7.2 4.3 12 6
06:58:01 1 45 4096 2878 8.8 4.3 12 6
06:58:02 1 52 4096 2878 6.5 4.3 12 6
06:58:03 1 53 4096 2878 6.2 4.3 12 6
06:58:05 1 53 4096 2878 6.3 4.3 12 6
06:58:06 1 53 4096 2878 6.2 4.3 12 6
06:58:07 1 54 4096 2878 6.1 4.3 12 6
06:58:08 1 53 4096 2878 6.4 4.3 12 6
06:58:09 1 52 4096 2878 6.6 4.3 12 6
06:58:10 1 53 4096 2878 6.3 4.3 12 6
06:58:11 1 53 4096 2878 6.3 4.3 12 6
06:58:12 1 49 4096 2878 7.7 4.3 12 6
06:58:13 1 54 4096 2878 6.0 4.3 12 6
06:58:14 1 46 4096 2878 8.6 4.3 12 6
06:58:15 1 48 4096 2878 7.9 4.3 12 6
06:58:16 1 49 4096 2878 7.6 4.3 12 6
06:58:17 1 48 4096 2878 7.9 4.3 12 6
06:58:18 1 49 4096 2878 7.6 4.3 12 6
06:58:19 1 49 4096 2878 7.8 4.3 12 6
06:58:20 1 48 4096 2878 7.9 4.3 12 6
06:58:21 1 49 4096 2878 7.6 4.3 12 6
06:58:23 1 50 4096 2878 7.5 4.3 12 6
06:58:24 1 49 4096 2878 7.7 4.3 12 6
06:58:25 1 49 4096 2878 7.6 4.3 12 6
06:58:26 1 49 4096 2878 7.6 4.3 12 6
06:58:27 1 49 4096 2878 7.6 4.3 12 6
06:58:28 1 49 4096 2878 7.5 4.3 12 6
06:58:29 1 49 4096 2878 7.5 4.3 12 6
06:58:30 1 49 4096 2878 7.6 4.3 12 6
06:58:31 1 50 4096 2878 7.2 4.3 12 6
06:58:32 1 48 4096 2878 7.9 4.3 12 6
06:58:33 1 49 4096 2878 7.6 4.3 12 6
06:58:34 1 49 4096 2878 7.7 4.3 12 6
06:58:35 1 48 4096 2878 7.9 4.3 12 6
06:58:36 1 49 4096 2878 7.6 4.3 12 6
06:58:37 1 50 4096 2878 7.2 4.3 12 6
06:58:38 1 50 4096 2878 7.4 4.3 12 6
06:58:40 1 50 4096 2878 7.3 4.3 12 6
06:58:41 1 50 4096 2878 7.2 4.3 12 6
06:58:42 1 50 4096 2878 7.5 4.3 12 6
06:58:43 1 50 4096 2878 7.2 4.3 12 6
06:58:44 1 50 4096 2878 7.2 4.3 12 6
06:58:45 1 49 4096 2878 7.5 4.3 12 6
06:58:46 1 50 4096 2878 7.2 4.3 12 6
06:58:47 1 50 4096 2878 7.3 4.3 12 6
06:58:48 1 50 4096 2878 7.4 4.3 12 6
06:58:49 1 50 4096 2878 7.4 4.3 12 6
06:58:50 1 50 4096 2878 7.3 4.3 12 6
06:58:51 1 50 4096 2878 7.4 4.3 12 6
06:58:52 1 50 4096 2878 7.4 4.3 12 6
06:58:53 1 50 4096 2878 7.5 4.3 12 6
06:58:54 1 50 4096 2878 7.2 4.3 12 6
06:58:55 1 50 4096 2878 7.2 4.3 12 6
06:58:57 1 50 4096 2878 7.3 4.3 12 6
06:58:58 1 50 4096 2878 7.3 4.3 12 6
06:58:59 1 50 4096 2878 7.4 4.3 12 6
06:59:00 1 50 4096 2878 7.3 4.3 12 6
06:59:01 1 54 4096 2878 6.0 4.3 12 6
06:59:02 1 54 4096 2878 6.0 4.3 12 6
06:59:03 1 53 4096 2878 6.3 4.3 12 6
06:59:04 1 54 4096 2878 6.1 4.3 12 6
06:59:05 1 53 4096 2878 6.4 4.3 12 6
06:59:06 1 51 4096 2878 6.8 4.3 12 6
06:59:07 1 53 4096 2878 6.5 4.3 12 6
06:59:08 1 52 4096 2878 6.6 4.3 12 6
06:59:09 1 53 4096 2878 6.5 4.3 12 6
06:59:10 1 51 4096 2878 7.0 4.3 12 6
06:59:11 1 46 4096 2878 8.6 4.3 12 6
06:59:12 1 49 4096 2878 7.6 4.3 12 6
06:59:13 1 49 4096 2878 7.7 4.3 12 6
06:59:15 1 48 4096 2878 7.9 4.3 12 6
06:59:16 1 49 4096 2878 7.7 4.3 12 6
06:59:17 1 49 4096 2878 7.6 4.3 12 6
06:59:18 1 49 4096 2878 7.9 4.3 12 6
06:59:19 1 49 4096 2878 7.6 4.3 12 6
06:59:20 1 49 4096 2878 7.6 4.3 12 6
06:59:21 1 49 4096 2878 7.7 4.3 12 6
06:59:22 1 50 4096 2878 7.5 4.3 12 6
06:59:23 1 49 4096 2878 7.7 4.3 12 6
06:59:24 1 49 4096 2878 7.5 4.3 12 6
06:59:25 1 49 4096 2878 7.6 4.3 12 6
06:59:26 1 49 4096 2878 7.6 4.3 12 6
06:59:27 1 49 4096 2878 7.5 4.3 12 6
06:59:28 1 49 4096 2878 7.3 4.3 12 6
06:59:29 1 48 4096 2878 7.9 4.3 12 6
06:59:31 1 48 4096 2878 7.8 4.3 12 6
06:59:32 1 48 4096 2878 7.8 4.3 12 6
06:59:33 1 48 4096 2878 7.9 4.3 12 6
06:59:34 1 49 4096 2878 7.6 4.3 12 6
06:59:35 1 50 4096 2878 7.2 4.3 12 6
06:59:36 1 49 4096 2878 7.5 4.3 12 6
06:59:37 1 50 4096 2878 7.2 4.3 12 6
06:59:38 1 49 4096 2878 7.4 4.3 12 6
06:59:39 1 49 4096 2878 7.5 4.3 12 6
06:59:40 1 50 4096 2878 7.3 4.3 12 6
06:59:41 1 49 4096 2878 7.5 4.3 12 6
06:59:42 1 50 4096 2878 7.3 4.3 12 6
06:59:43 1 50 4096 2878 7.3 4.3 12 6
06:59:44 1 49 4096 2878 7.5 4.3 12 6
06:59:45 1 49 4096 2878 7.4 4.3 12 6
06:59:47 1 50 4096 2878 7.3 4.3 12 6
06:59:48 1 49 4096 2878 7.5 4.3 12 6
06:59:49 1 49 4096 2878 7.3 4.3 12 6
06:59:50 1 49 4096 2878 7.3 4.3 12 6
06:59:51 1 49 4096 2878 7.5 4.3 12 6
06:59:52 1 49 4096 2878 7.4 4.3 12 6
06:59:53 1 49 4096 2878 7.3 4.3 12 6
06:59:54 1 49 4096 2878 7.5 4.3 12 6
06:59:55 1 49 4096 2878 7.4 4.3 12 6
06:59:56 1 49 4096 2878 7.5 4.3 12 6
06:59:57 1 45 4096 2878 8.8 4.3 12 6
06:59:58 1 53 4096 2878 6.3 4.3 12 6
06:59:59 1 52 4096 2878 6.5 4.3 12 6
07:00:00 1 52 4096 2878 6.3 4.3 12 6
07:00:01 1 53 4096 2878 6.2 4.3 12 6
07:00:02 1 53 4096 2878 6.2 4.3 12 6
07:00:04 1 49 4096 2878 6.6 3.5 12 6
07:00:05 1 49 4096 2878 6.6 3.5 12 6
07:00:06 1 49 4096 2878 6.7 3.5 12 6
07:00:07 1 49 4096 2878 6.6 3.3 12 6
07:00:08 1 45 4096 2878 7.8 3.3 12 6
07:00:09 1 53 4096 2878 5.3 3.2 12 6
07:00:10 1 42 4096 2878 8.6 3.2 12 6
07:00:11 1 45 4096 2878 8.0 3.2 12 6
07:00:12 1 44 4096 2878 8.0 3.2 12 6
07:00:13 1 45 4096 2878 7.9 3.2 12 6
07:00:14 1 44 4096 2878 8.0 3.2 13 6
07:00:15 1 44 4096 2878 8.0 3.2 16 6
07:00:16 1 44 4096 2878 7.9 3.1 16 6
07:00:17 1 44 4096 2878 8.0 3.1 16 6
07:00:18 1 44 4096 2878 7.9 3.1 16 6
07:00:19 1 44 4096 2878 7.9 3.1 16 6
07:00:21 1 44 4096 2878 8.0 3.1 16 6
07:00:22 1 44 4096 2878 7.9 3.1 16 6
07:00:23 1 44 4096 2878 7.8 3.2 16 6
07:00:24 1 44 4096 2878 7.9 3.2 16 6
07:00:25 1 45 4096 2878 7.8 3.2 16 6
07:00:26 1 45 4096 2878 7.8 3.2 16 6
07:00:27 1 44 4096 2878 7.9 3.2 16 6
07:00:28 1 44 4096 2878 8.0 3.2 15 6
07:00:29 1 44 4096 2878 8.0 3.2 15 6
07:00:30 1 44 4096 2878 7.9 3.2 15 6
07:00:31 1 45 4096 2878 7.9 3.2 15 6
07:00:32 1 45 4096 2878 8.1 3.2 16 6
07:00:33 1 46 4096 2878 7.6 3.2 16 6
07:00:34 1 46 4096 2878 7.5 3.2 16 6
07:00:36 1 46 4096 2878 7.6 3.2 16 6
07:00:37 1 46 4096 2878 7.5 3.2 16 6
07:00:38 1 46 4096 2878 7.6 3.2 16 6
07:00:39 1 46 4096 2878 7.7 3.2 16 6
07:00:40 1 46 4096 2878 7.5 3.2 16 6
07:00:41 1 46 4096 2878 7.5 3.2 16 6
07:00:42 1 46 4096 2878 7.7 3.2 16 6
07:00:43 1 46 4096 2878 7.5 3.2 16 6
07:00:44 1 46 4096 2878 7.6 3.2 16 6
07:00:45 1 46 4096 2878 7.7 3.2 16 12
07:00:46 1 46 4096 2878 7.6 3.2 16 12
07:00:47 1 46 4096 2878 7.7 3.2 16 12
07:00:48 1 46 4096 2878 7.5 3.2 15 12
07:00:49 1 46 4096 2878 7.6 3.2 15 12
07:00:50 1 46 4096 2878 7.6 3.2 16 12
07:00:52 1 46 4096 2878 7.5 3.2 16 12
07:00:53 1 46 4096 2878 7.5 3.2 16 12
07:00:54 1 46 4096 2878 7.6 3.2 16 12
07:00:55 1 46 4096 2878 7.5 3.2 16 12
07:00:56 1 47 4096 2878 7.5 3.2 16 12
07:00:57 1 42 4096 2878 8.7 3.1 16 12
07:00:58 1 50 4096 2878 6.0 3.1 16 12
07:00:59 1 49 4096 2878 6.3 3.1 16 12
07:01:00 1 49 4096 2878 6.3 3.1 16 12
07:01:01 1 50 4096 2878 6.2 3.1 16 12
07:01:02 1 48 4096 2878 6.7 3.1 16 12
07:01:03 1 48 4096 2878 6.6 3.1 16 12
07:01:04 1 49 4096 2878 6.4 3.1 16 12
07:01:05 1 48 4096 2878 6.6 3.1 16 12
07:01:06 1 49 4096 2878 6.5 3.1 16 12
07:01:07 1 46 4096 2878 7.6 3.1 16 12
07:01:09 1 42 4096 2878 8.7 3.2 16 12
07:01:10 1 45 4096 2878 7.8 3.2 16 12
07:01:11 1 45 4096 2878 7.7 3.2 16 12
07:01:12 1 45 4096 2878 7.9 3.2 16 12
07:01:13 1 45 4096 2878 7.7 3.2 16 12
07:01:14 1 45 4096 2878 7.7 3.2 16 12
07:01:15 1 45 4096 2878 7.9 3.2 16 12
07:01:16 1 45 4096 2878 7.8 3.2 16 12
07:01:17 1 45 4096 2878 7.9 3.2 16 12
07:01:18 1 46 4096 2878 7.5 3.2 16 12
07:01:19 1 46 4096 2878 7.5 3.2 16 12
07:01:20 1 45 4096 2878 7.8 3.2 16 12
07:01:21 1 46 4096 2878 7.5 3.2 16 12
07:01:22 1 46 4096 2878 7.5 3.2 16 12
07:01:24 1 45 4096 2878 7.8 3.2 15 12
07:01:25 1 46 4096 2878 7.6 3.2 15 12
07:01:26 1 46 4096 2878 7.6 3.2 16 12
07:01:27 1 43 4096 2878 7.9 2.9 16 12
07:01:28 1 44 4096 2878 7.7 3.0 16 12
07:01:29 1 44 4096 2878 7.7 3.0 16 12
07:01:30 1 44 4096 2878 7.9 3.0 16 12
07:01:31 1 44 4096 2878 7.8 3.1 16 12
07:01:32 1 45 4096 2878 7.5 3.1 16 12
07:01:33 1 45 4096 2878 7.5 3.1 16 12
07:01:34 1 45 4096 2878 7.4 3.1 16 12
07:01:35 1 45 4096 2878 7.5 3.1 16 12
07:01:36 1 45 4096 2878 7.4 3.1 16 12
07:01:37 1 46 4096 2878 7.3 3.1 16 12
07:01:38 1 45 4096 2878 7.5 3.1 16 12
07:01:40 1 46 4096 2878 7.3 3.2 16 12
07:01:41 1 46 4096 2878 7.3 3.2 16 12
07:01:42 1 45 4096 2878 7.5 3.2 16 12
07:01:43 1 46 4096 2878 7.3 3.2 16 12
07:01:44 1 46 4096 2878 7.3 3.2 16 12
07:01:45 1 45 4096 2878 7.5 3.2 16 12
07:01:46 1 46 4096 2878 7.3 3.2 16 12
07:01:47 1 45 4096 2878 7.6 3.2 16 12
07:01:48 1 46 4096 2878 7.3 3.2 16 12
07:01:49 1 46 4096 2878 7.3 3.2 16 12
07:01:50 1 45 4096 2878 7.5 3.2 16 12
07:01:51 1 46 4096 2878 7.3 3.2 16 12
07:01:52 1 46 4096 2878 7.4 3.2 16 12
07:01:53 1 45 4096 2878 7.5 3.2 16 12
07:01:54 1 41 4096 2878 9.0 3.2 16 12
07:01:56 1 49 4096 2878 6.3 3.2 16 12
07:01:57 1 49 4096 2878 6.5 3.2 16 12
07:01:58 1 49 4096 2878 6.3 3.2 16 12
07:01:59 1 50 4096 2878 6.1 3.2 16 12
07:02:00 1 49 4096 2878 6.3 3.2 16 12
07:02:01 1 48 4096 2878 6.6 3.2 16 12
07:02:02 1 49 4096 2878 6.5 3.2 16 12
07:02:03 1 49 4096 2878 6.5 3.2 16 12
07:02:04 1 49 4096 2878 6.5 3.2 16 12
07:02:05 1 45 4096 2878 7.8 3.2 16 12
07:02:06 1 47 4096 2878 7.3 3.2 16 12
07:02:07 1 43 4096 2878 8.5 3.2 16 12
07:02:08 1 45 4096 2878 7.9 3.2 16 12
07:02:09 1 45 4096 2878 7.7 3.2 16 12
07:02:10 1 45 4096 2878 7.8 3.2 16 12
07:02:11 1 45 4096 2878 7.9 3.2 16 12
07:02:12 1 45 4096 2878 7.8 3.2 16 12
07:02:13 1 46 4096 2878 7.7 3.2 16 12
07:02:15 1 46 4096 2878 7.6 3.2 16 12
07:02:16 1 46 4096 2878 7.5 3.2 16 12
07:02:17 1 46 4096 2878 7.6 3.2 16 12
07:02:18 1 45 4096 2878 7.7 3.2 16 12
07:02:19 1 46 4096 2878 7.6 3.2 16 12
07:02:20 1 46 4096 2878 7.5 3.2 16 12
07:02:21 1 46 4096 2878 7.6 3.2 16 12
07:02:22 1 46 4096 2878 7.5 3.2 16 12
07:02:23 1 45 4096 2878 7.8 3.2 16 12
07:02:24 1 46 4096 2878 7.7 3.2 16 12
07:02:25 1 46 4096 2878 7.7 3.2 16 12
07:02:26 1 45 4096 2878 7.9 3.2 16 12
07:02:27 1 45 4096 2878 7.8 3.2 16 12
07:02:28 1 46 4096 2878 7.7 3.2 16 12
07:02:29 1 46 4096 2878 7.5 3.2 16 12
07:02:30 1 47 4096 2878 7.3 3.2 16 12
07:02:32 1 47 4096 2878 7.3 3.2 16 12
07:02:33 1 46 4096 2878 7.5 3.2 16 12
07:02:34 1 46 4096 2878 7.4 3.2 16 12
07:02:35 1 47 4096 2878 7.3 3.2 16 12
07:02:36 1 46 4096 2878 7.5 3.2 16 12
07:02:37 1 47 4096 2878 7.3 3.2 16 12
07:02:38 1 47 4096 2878 7.3 3.2 16 12
07:02:39 1 46 4096 2878 7.5 3.2 16 12
07:02:40 1 47 4096 2878 7.4 3.2 16 12
07:02:41 1 46 4096 2878 7.5 3.2 16 12
07:02:42 1 46 4096 2878 7.5 3.2 16 12
07:02:43 1 46 4096 2878 7.4 3.2 16 12
07:02:44 1 46 4096 2878 7.4 3.2 16 12
07:02:45 1 47 4096 2878 7.3 3.2 16 12
07:02:46 1 47 4096 2878 7.3 3.2 16 12
07:02:47 1 46 4096 2878 7.5 3.2 16 12
07:02:48 1 47 4096 2878 7.3 3.2 16 12
07:02:50 1 47 4096 2878 7.3 3.2 16 12
07:02:51 1 46 4096 2878 7.5 3.2 16 12
07:02:52 1 43 4096 2878 8.6 3.2 16 12
07:02:53 1 51 4096 2878 6.0 3.2 16 12
07:02:54 1 50 4096 2878 6.2 3.2 16 12
07:02:55 1 50 4096 2878 6.1 3.2 16 12
07:02:56 1 50 4096 2878 6.0 3.2 16 12
07:02:57 1 50 4096 2878 6.2 3.2 16 12
07:02:58 1 49 4096 2878 6.5 3.2 16 12
07:02:59 1 49 4096 2878 6.7 3.2 16 12
07:03:00 1 49 4096 2878 6.6 3.2 16 12
07:03:01 1 49 4096 2878 6.5 3.2 16 12
07:03:02 1 45 4096 2878 7.8 3.2 16 12
07:03:03 1 44 4096 2878 8.3 3.2 16 12
07:03:04 1 45 4096 2878 7.8 3.2 16 12
07:03:05 1 45 4096 2878 7.8 3.2 16 12
07:03:06 1 45 4096 2878 7.8 3.2 16 12
07:03:07 1 46 4096 2878 7.7 3.2 16 12
07:03:09 1 45 4096 2878 7.9 3.2 16 12
07:03:10 1 46 4096 2878 7.7 3.2 16 12
07:03:11 1 46 4096 2878 7.7 3.2 16 12
07:03:12 1 46 4096 2878 7.8 3.2 16 12
07:03:13 1 46 4096 2878 7.6 3.2 16 12
07:03:14 1 46 4096 2878 7.5 3.2 16 12
07:03:15 1 46 4096 2878 7.7 3.2 16 12
07:03:16 1 46 4096 2878 7.6 3.2 16 12
07:03:17 1 46 4096 2878 7.8 3.2 16 12
07:03:18 1 46 4096 2878 7.6 3.2 16 12
07:03:19 1 46 4096 2878 7.8 3.2 16 12
07:03:20 1 45 4096 2878 7.9 3.2 16 12
07:03:21 1 45 4096 2878 7.9 3.2 16 12
07:03:22 1 45 4096 2878 7.9 3.2 16 12
07:03:23 1 45 4096 2878 8.0 3.2 16 12
07:03:25 1 45 4096 2878 7.9 3.2 16 12
07:03:26 1 45 4096 2878 7.9 3.2 16 12
07:03:27 1 46 4096 2878 7.6 3.2 16 12
07:03:28 1 46 4096 2878 7.5 3.2 16 12
07:03:29 1 46 4096 2878 7.5 3.2 16 12
07:03:30 1 46 4096 2878 7.6 3.2 16 12
07:03:31 1 46 4096 2878 7.5 3.2 16 12
07:03:32 1 46 4096 2878 7.5 3.2 16 12
07:03:33 1 46 4096 2878 7.6 3.2 16 12
07:03:34 1 46 4096 2878 7.5 3.2 16 12
07:03:35 1 46 4096 2878 7.6 3.2 16 12
07:03:36 1 46 4096 2878 7.5 3.2 16 12
07:03:37 1 46 4096 2878 7.5 3.2 16 12
07:03:38 1 46 4096 2878 7.6 3.2 16 12
07:03:39 1 46 4096 2878 7.5 3.2 16 12
07:03:40 1 46 4096 2878 7.5 3.2 16 12
07:03:42 1 46 4096 2878 7.6 3.2 16 12
07:03:43 1 46 4096 2878 7.5 3.2 16 12
07:03:44 1 47 4096 2878 7.5 3.2 16 12
07:03:45 1 47 4096 2878 7.5 3.2 16 12
07:03:46 1 48 4096 2878 7.3 3.2 16 12
07:03:47 1 48 4096 2878 7.4 3.2 16 12
07:03:48 1 47 4096 2878 7.5 3.2 16 12
07:03:49 1 43 4096 2878 8.9 3.2 16 12
07:03:50 1 50 4096 2878 6.5 3.2 16 12
07:03:51 1 50 4096 2878 6.5 3.2 16 12
07:03:52 1 51 4096 2878 6.3 3.2 16 12
07:03:53 1 51 4096 2878 6.3 3.2 16 12
07:03:54 1 51 4096 2878 6.1 3.2 16 12
07:03:55 1 50 4096 2878 6.4 3.2 16 12
07:03:56 1 50 4096 2878 6.7 3.2 16 12
07:03:57 1 51 4096 2878 6.4 3.2 16 12
07:03:58 1 51 4096 2878 6.4 3.2 16 12
07:03:59 1 46 4096 2878 7.8 3.2 16 12
07:04:01 1 52 4096 2878 6.0 3.2 16 12
07:04:02 1 45 4096 2878 8.4 3.2 16 12
07:04:03 1 46 4096 2878 7.9 3.2 16 12
07:04:04 1 47 4096 2878 7.7 3.2 16 12
07:04:05 1 46 4096 2878 7.8 3.2 16 12
07:04:06 1 46 4096 2878 7.8 3.2 16 12
07:04:07 1 46 4096 2878 7.8 3.2 16 12
07:04:08 1 46 4096 2878 7.9 3.2 16 12
07:04:09 1 46 4096 2878 7.8 3.2 16 12
07:04:10 1 47 4096 2878 7.6 3.2 16 12
07:04:11 1 47 4096 2878 7.7 3.2 16 12
07:04:12 1 47 4096 2878 7.6 3.2 16 12
07:04:13 1 47 4096 2878 7.5 3.2 16 12
07:04:14 1 47 4096 2878 7.6 3.2 16 12
07:04:15 1 47 4096 2878 7.6 3.2 16 12
07:04:17 1 47 4096 2878 7.5 3.2 16 12
07:04:18 1 46 4096 2878 7.8 3.2 16 12
07:04:19 1 48 4096 2878 7.3 3.2 16 12
07:04:20 1 47 4096 2878 7.7 3.2 16 12
07:04:21 1 46 4096 2878 7.9 3.2 16 12
07:04:22 1 47 4096 2878 7.6 3.2 16 12
07:04:23 1 47 4096 2878 7.7 3.2 16 12
07:04:24 1 46 4096 2878 7.9 3.2 16 12
07:04:25 1 48 4096 2878 7.4 3.2 16 12
07:04:26 1 47 4096 2878 7.5 3.2 16 12
07:04:27 1 48 4096 2878 7.4 3.2 16 12
07:04:28 1 48 4096 2878 7.4 3.2 16 12
07:04:29 1 47 4096 2878 7.5 3.2 16 12
07:04:30 1 48 4096 2878 7.3 3.2 16 12
07:04:31 1 48 4096 2878 7.4 3.2 16 12
07:04:32 1 48 4096 2878 7.4 3.2 16 12
07:04:34 1 48 4096 2878 7.3 3.2 16 12
07:04:35 1 48 4096 2878 7.3 3.2 16 12
07:04:36 1 47 4096 2878 7.5 3.2 16 12
07:04:37 1 48 4096 2878 7.3 3.2 16 12
07:04:38 1 48 4096 2878 7.3 3.2 16 12
07:04:39 1 47 4096 2878 7.5 3.2 16 12
07:04:40 1 48 4096 2878 7.3 3.2 16 12
07:04:41 1 48 4096 2878 7.4 3.2 16 12
07:04:42 1 47 4096 2878 7.5 3.2 16 12
07:04:43 1 48 4096 2878 7.4 3.2 16 12
07:04:44 1 47 4096 2878 7.5 3.2 16 12
07:04:45 1 48 4096 2878 7.3 3.2 16 12
07:04:46 1 44 4096 2878 8.8 3.2 16 12
07:04:47 1 51 4096 2878 6.2 3.2 16 12
07:04:48 1 51 4096 2878 6.2 3.2 16 12
07:04:49 1 51 4096 2878 6.1 3.2 16 12
07:04:50 1 51 4096 2878 6.3 3.2 16 12
07:04:51 1 52 4096 2878 6.0 3.2 16 12
07:04:53 1 50 4096 2878 6.6 3.2 16 12
07:04:54 1 50 4096 2878 6.7 3.2 16 12
07:04:55 1 51 4096 2878 6.4 3.2 16 12
07:04:56 1 51 4096 2878 6.4 3.2 16 12
07:04:57 1 46 4096 2878 7.8 3.2 16 12
07:04:58 1 52 4096 2878 6.0 3.2 16 12
07:04:59 1 45 4096 2878 8.4 3.2 16 12
07:05:00 1 46 4096 2878 7.9 3.2 16 12
07:05:01 1 47 4096 2878 7.7 3.2 16 12
07:05:02 1 46 4096 2878 7.9 3.2 16 12
07:05:03 1 47 4096 2878 7.7 3.2 16 12
07:05:04 1 47 4096 2878 7.7 3.2 16 12
07:05:05 1 46 4096 2878 7.9 3.2 16 12
07:05:06 1 47 4096 2878 7.7 3.2 16 12
07:05:07 1 47 4096 2878 7.5 3.2 16 12
07:05:08 1 47 4096 2878 7.8 3.2 16 12
07:05:09 1 47 4096 2878 7.5 3.2 16 12
07:05:11 1 47 4096 2878 7.5 3.2 16 12
07:05:12 1 47 4096 2878 7.7 3.2 16 12
07:05:13 1 47 4096 2878 7.5 3.2 16 12
07:05:14 1 47 4096 2878 7.5 3.2 16 12
07:05:15 1 47 4096 2878 7.8 3.2 16 12
07:05:16 1 48 4096 2878 7.4 3.2 16 12
07:05:17 1 47 4096 2878 7.7 3.2 16 12
07:05:18 1 46 4096 2878 7.9 3.2 16 12
07:05:19 1 47 4096 2878 7.7 3.2 16 12
07:05:20 1 46 4096 2878 7.9 3.2 16 12
07:05:21 1 46 4096 2878 7.9 3.2 16 12
07:05:22 1 48 4096 2878 7.3 3.2 16 12
07:05:23 1 47 4096 2878 7.5 3.2 16 12
07:05:24 1 48 4096 2878 7.3 3.2 16 12
07:05:25 1 48 4096 2878 7.3 3.2 16 12
07:05:26 1 47 4096 2878 7.5 3.2 16 12
07:05:27 1 48 4096 2878 7.3 3.2 16 12
07:05:29 1 48 4096 2878 7.4 3.2 16 12
07:05:30 1 47 4096 2878 7.5 3.2 16 12
07:05:31 1 48 4096 2878 7.3 3.2 16 12
07:05:32 1 48 4096 2878 7.3 3.2 16 12
07:05:33 1 47 4096 2878 7.5 3.2 16 12
07:05:34 1 48 4096 2878 7.4 3.2 16 12
07:05:35 1 48 4096 2878 7.3 3.2 16 12
07:05:36 1 47 4096 2878 7.5 3.2 16 12
07:05:37 1 48 4096 2878 7.4 3.2 16 12
07:05:38 1 47 4096 2878 7.5 3.2 16 12
07:05:39 1 48 4096 2878 7.4 3.2 16 12
07:05:40 1 48 4096 2878 7.3 3.2 16 12
07:05:41 1 47 4096 2878 7.5 3.2 16 12
07:05:42 1 48 4096 2878 7.4 3.2 16 12
07:05:43 1 43 4096 2878 8.9 3.2 16 12
07:05:44 1 50 4096 2878 6.5 3.2 16 12
07:05:46 1 51 4096 2878 6.4 3.2 16 12
07:05:47 1 51 4096 2878 6.3 3.2 16 12
07:05:48 1 51 4096 2878 6.3 3.2 16 12
07:05:49 1 52 4096 2878 6.0 3.2 16 12
07:05:50 1 50 4096 2878 6.5 3.2 16 12
07:05:51 1 50 4096 2878 6.7 3.2 16 12
07:05:52 1 50 4096 2878 6.5 3.2 16 12
07:05:53 1 50 4096 2878 6.5 3.2 16 12
07:05:54 1 46 4096 2878 7.8 3.2 16 12
07:05:55 1 55 4096 2878 5.0 3.2 16 12
07:05:56 1 44 4096 2878 8.5 3.2 16 12
07:05:57 1 46 4096 2878 7.9 3.2 16 12
07:05:58 1 46 4096 2878 7.8 3.2 16 12
07:05:59 1 46 4096 2878 7.9 3.2 16 12
07:06:00 1 47 4096 2878 7.7 3.2 16 12
07:06:01 1 46 4096 2878 7.8 3.2 16 12
07:06:02 1 46 4096 2878 7.9 3.2 16 12
07:06:03 1 46 4096 2878 7.8 3.2 16 12
07:06:05 1 47 4096 2878 7.5 3.2 16 12
07:06:06 1 47 4096 2878 7.8 3.2 16 12
07:06:07 1 47 4096 2878 7.6 3.2 16 12
07:06:08 1 47 4096 2878 7.6 3.2 16 12
07:06:09 1 47 4096 2878 7.8 3.2 16 12
07:06:10 1 47 4096 2878 7.5 3.2 16 12
07:06:11 1 47 4096 2878 7.7 3.2 16 12
07:06:12 1 47 4096 2878 7.8 3.2 16 12
07:06:13 1 48 4096 2878 7.3 3.2 16 12
07:06:14 1 46 4096 2878 7.9 3.2 16 12
07:06:15 1 47 4096 2878 7.7 3.2 16 12
07:06:16 1 46 4096 2878 7.8 3.2 16 12
07:06:17 1 46 4096 2878 7.9 3.2 16 12
07:06:18 1 47 4096 2878 7.7 3.2 16 12
07:06:19 1 48 4096 2878 7.3 3.2 16 12
07:06:20 1 47 4096 2878 7.5 3.2 16 12
07:06:21 1 48 4096 2878 7.3 3.2 16 12
07:06:23 1 48 4096 2878 7.3 3.2 16 12
07:06:24 1 47 4096 2878 7.5 3.2 16 12
07:06:25 1 48 4096 2878 7.3 3.2 16 12
07:06:26 1 48 4096 2878 7.4 3.2 16 12
07:06:27 1 47 4096 2878 7.6 3.2 16 12
07:06:28 1 48 4096 2878 7.3 3.2 16 12
07:06:29 1 48 4096 2878 7.4 3.2 16 12
07:06:30 1 47 4096 2878 7.5 3.2 16 12
07:06:31 1 48 4096 2878 7.4 3.2 16 12
07:06:32 1 47 4096 2878 7.5 3.2 16 12
07:06:33 1 48 4096 2878 7.4 3.2 16 12
07:06:34 1 48 4096 2878 7.3 3.2 16 12
07:06:35 1 47 4096 2878 7.5 3.2 16 12
07:06:36 1 48 4096 2878 7.3 3.2 16 12
07:06:37 1 48 4096 2878 7.3 3.2 16 12
07:06:38 1 47 4096 2878 7.5 3.2 16 12
07:06:40 1 48 4096 2878 7.3 3.2 16 12
07:06:41 1 44 4096 2878 8.6 3.2 16 12
07:06:42 1 51 4096 2878 6.3 3.2 16 12
07:06:43 1 52 4096 2878 6.0 3.2 16 12
07:06:44 1 52 4096 2878 6.1 3.2 16 12
07:06:45 1 51 4096 2878 6.3 3.2 16 12
07:06:46 1 52 4096 2878 6.0 3.2 16 12
07:06:47 1 51 4096 2878 6.5 3.2 16 12
07:06:48 1 50 4096 2878 6.7 3.2 16 12
07:06:49 1 51 4096 2878 6.4 3.2 16 12
07:06:50 1 50 4096 2878 6.6 3.2 16 12
07:06:51 1 47 4096 2878 7.8 3.2 16 12
07:06:52 1 45 4096 2878 8.3 3.2 16 12
07:06:53 1 45 4096 2878 7.9 3.2 16 12
07:06:54 1 47 4096 2878 7.7 3.2 16 12
07:06:55 1 46 4096 2878 7.9 3.2 16 12
07:06:56 1 46 4096 2878 8.0 3.2 16 12
07:06:57 1 46 4096 2878 7.8 3.2 16 12
07:06:59 1 47 4096 2878 7.8 3.2 16 12
07:07:00 1 46 4096 2878 7.9 3.2 16 12
07:07:01 1 47 4096 2878 7.8 3.2 16 12
07:07:02 1 47 4096 2878 7.5 3.2 16 12
07:07:03 1 47 4096 2878 7.7 3.2 16 12
07:07:04 1 47 4096 2878 7.5 3.2 16 12
07:07:05 1 47 4096 2878 7.5 3.2 16 12
07:07:06 1 47 4096 2878 7.8 3.2 16 12
07:07:07 1 47 4096 2878 7.6 3.2 16 12
07:07:08 1 47 4096 2878 7.8 3.2 16 12
07:07:09 1 47 4096 2878 7.6 3.2 16 12
07:07:10 1 48 4096 2878 7.3 3.2 16 12
07:07:11 1 47 4096 2878 7.8 3.2 16 12
07:07:12 1 47 4096 2878 7.6 3.2 16 12
07:07:13 1 47 4096 2878 7.8 3.2 16 12
07:07:14 1 46 4096 2878 7.9 3.2 16 12
07:07:16 1 47 4096 2878 7.7 3.2 16 12
07:07:17 1 48 4096 2878 7.3 3.2 16 12
07:07:18 1 47 4096 2878 7.5 3.2 16 12
07:07:19 1 48 4096 2878 7.3 3.2 16 12
07:07:20 1 48 4096 2878 7.3 3.2 16 12
07:07:21 1 47 4096 2878 7.5 3.2 16 12
07:07:22 1 48 4096 2878 7.2 3.2 16 12
07:07:23 1 48 4096 2878 7.4 3.2 16 12
07:07:24 1 47 4096 2878 7.5 3.2 16 12
07:07:25 1 48 4096 2878 7.3 3.2 16 12
07:07:26 1 47 4096 2878 7.5 3.2 16 12
07:07:27 1 48 4096 2878 7.3 3.2 16 12
07:07:28 1 48 4096 2878 7.4 3.2 16 12
07:07:29 1 47 4096 2878 7.5 3.2 16 12
07:07:30 1 48 4096 2878 7.4 3.2 16 12
07:07:31 1 48 4096 2878 7.3 3.2 16 12
07:07:33 1 47 4096 2878 7.5 3.2 16 12
07:07:34 1 48 4096 2878 7.4 3.2 16 12
07:07:35 1 48 4096 2878 7.2 3.2 16 12
07:07:36 1 47 4096 2878 7.5 3.2 16 12
07:07:37 1 48 4096 2878 7.3 3.2 16 12
07:07:38 1 43 4096 2878 9.0 3.2 16 12
07:07:39 1 47 4096 2878 7.6 3.2 16 12
07:07:40 1 51 4096 2878 6.4 3.2 16 12
07:07:41 1 50 4096 2878 6.6 3.2 16 12
07:07:42 1 51 4096 2878 6.2 3.2 16 12
07:07:43 1 51 4096 2878 6.1 3.2 16 12
07:07:44 1 50 4096 2878 6.7 3.2 16 12
07:07:45 1 50 4096 2878 6.5 3.2 16 12
07:07:46 1 50 4096 2878 6.4 3.2 16 12
07:07:47 1 50 4096 2878 6.6 3.2 16 12
07:07:48 1 47 4096 2878 7.7 3.2 16 12
07:07:49 1 52 4096 2878 5.9 3.2 16 12
07:07:51 1 44 4096 2878 8.6 3.2 16 12
07:07:52 1 47 4096 2878 7.7 3.2 16 12
07:07:53 1 46 4096 2878 7.8 3.2 16 12
07:07:54 1 46 4096 2878 7.9 3.2 16 12
07:07:55 1 46 4096 2878 7.8 3.2 16 12
07:07:56 1 47 4096 2878 7.7 3.2 16 12
07:07:57 1 46 4096 2878 7.9 3.2 16 12
07:07:58 1 46 4096 2878 7.8 3.2 16 12
07:07:59 1 47 4096 2878 7.7 3.2 16 12
07:08:00 1 46 4096 2878 7.8 3.2 16 12
07:08:01 1 47 4096 2878 7.5 3.2 16 12
07:08:02 1 46 4096 2878 7.8 3.2 16 12
07:08:03 1 47 4096 2878 7.5 3.2 15 12
07:08:04 1 47 4096 2878 7.5 3.2 15 12
07:08:05 1 46 4096 2878 7.7 3.2 15 12
07:08:07 1 47 4096 2878 7.6 3.2 15 12
07:08:08 1 48 4096 2878 7.3 3.2 15 12
07:08:09 1 46 4096 2878 7.9 3.2 15 12
07:08:10 1 46 4096 2878 7.8 3.2 15 12
07:08:11 1 47 4096 2878 7.6 3.2 15 12
07:08:12 1 46 4096 2878 7.9 3.2 16 12
07:08:13 1 47 4096 2878 7.6 3.2 16 12
07:08:14 1 47 4096 2878 7.5 3.2 16 12
07:08:15 1 47 4096 2878 7.5 3.2 16 12
07:08:16 1 47 4096 2878 7.4 3.2 16 12
07:08:17 1 47 4096 2878 7.5 3.2 16 12
07:08:18 1 47 4096 2878 7.4 3.2 16 12
07:08:19 1 47 4096 2878 7.4 3.2 16 12
07:08:20 1 47 4096 2878 7.5 3.2 15 12
07:08:21 1 48 4096 2878 7.3 3.2 15 12
07:08:22 1 48 4096 2878 7.3 3.2 15 12
07:08:24 1 47 4096 2878 7.5 3.2 15 12
07:08:25 1 48 4096 2878 7.3 3.2 15 12
07:08:26 1 47 4096 2878 7.4 3.2 15 12
07:08:27 1 47 4096 2878 7.5 3.2 15 12
07:08:28 1 47 4096 2878 7.4 3.2 15 12
07:08:29 1 48 4096 2878 7.3 3.2 15 12
07:08:30 1 47 4096 2878 7.5 3.2 15 12
07:08:31 1 48 4096 2878 7.3 3.2 15 12
07:08:32 1 47 4096 2878 7.5 3.2 15 12
07:08:33 1 47 4096 2878 7.4 3.2 15 12
07:08:34 1 48 4096 2878 7.4 3.2 15 12
07:08:35 1 43 4096 2878 8.8 3.2 15 12
07:08:36 1 44 4096 2878 8.6 3.2 15 12
07:08:37 1 52 4096 2878 6.0 3.2 15 12
07:08:38 1 51 4096 2878 6.3 3.2 15 12
07:08:39 1 51 4096 2878 6.2 3.2 15 12
07:08:41 1 52 4096 2878 6.0 3.2 15 12
07:08:42 1 50 4096 2878 6.7 3.2 15 12
07:08:43 1 50 4096 2878 6.4 3.2 15 12
07:08:44 1 50 4096 2878 6.5 3.2 15 12
07:08:45 1 50 4096 2878 6.6 3.2 15 12
07:08:46 1 47 4096 2878 7.5 3.2 15 12
07:08:47 1 48 4096 2878 7.2 3.2 15 12
07:08:48 1 44 4096 2878 8.6 3.2 15 12
07:08:49 1 47 4096 2878 7.7 3.2 15 12
07:08:50 1 46 4096 2878 7.9 3.2 15 12
07:08:51 1 46 4096 2878 7.8 3.2 15 12
07:08:52 1 47 4096 2878 7.7 3.2 15 12
07:08:53 1 46 4096 2878 7.9 3.2 16 12
07:08:54 1 47 4096 2878 7.7 3.2 16 12
07:08:55 1 46 4096 2878 7.8 3.2 16 12
07:08:56 1 46 4096 2878 7.7 3.2 16 12
07:08:57 1 47 4096 2878 7.6 3.2 16 12
07:08:59 1 47 4096 2878 7.6 3.2 16 12
07:09:00 1 46 4096 2878 7.7 3.2 16 12
07:09:01 1 46 4096 2878 7.7 3.2 16 12
07:09:02 1 47 4096 2878 7.6 3.2 15 12
07:09:03 1 46 4096 2878 7.7 3.2 15 12
07:09:04 1 46 4096 2878 7.7 3.2 15 12
07:09:05 1 47 4096 2878 7.5 3.2 15 12
07:09:06 1 46 4096 2878 7.9 3.2 15 12
07:09:07 1 46 4096 2878 7.9 3.2 15 12
07:09:08 1 46 4096 2878 7.9 3.2 15 12
07:09:09 1 46 4096 2878 7.9 3.2 15 12
07:09:10 1 46 4096 2878 7.6 3.2 15 12
07:09:11 1 47 4096 2878 7.5 3.2 16 12
07:09:12 1 47 4096 2878 7.4 3.2 16 12
07:09:13 1 47 4096 2878 7.3 3.2 16 12
07:09:15 1 47 4096 2878 7.5 3.2 15 12
07:09:16 1 47 4096 2878 7.4 3.2 15 12
07:09:17 1 47 4096 2878 7.3 3.2 15 12
07:09:18 1 47 4096 2878 7.5 3.2 15 12
07:09:19 1 47 4096 2878 7.3 3.2 15 12
07:09:20 1 47 4096 2878 7.4 3.2 15 12
07:09:21 1 47 4096 2878 7.5 3.2 15 12
07:09:22 1 47 4096 2878 7.3 3.2 15 12
07:09:23 1 47 4096 2878 7.4 3.2 15 12
07:09:24 1 47 4096 2878 7.5 3.2 15 12
07:09:25 1 47 4096 2878 7.4 3.2 15 12
07:09:26 1 47 4096 2878 7.5 3.2 15 12
07:09:27 1 46 4096 2878 7.5 3.2 15 12
07:09:28 1 47 4096 2878 7.3 3.2 15 12
07:09:29 1 46 4096 2878 7.5 3.2 15 12
07:09:30 1 46 4096 2878 7.4 3.2 15 12
07:09:32 1 47 4096 2878 7.3 3.2 15 12
07:09:33 1 46 4096 2878 7.6 3.2 15 12
07:09:34 1 42 4096 2878 8.9 3.2 15 12
07:09:35 1 49 4096 2878 6.4 3.2 15 12
07:09:36 1 49 4096 2878 6.5 3.2 15 12
07:09:37 1 49 4096 2878 6.5 3.2 15 12
07:09:38 1 50 4096 2878 6.1 3.2 15 12
07:09:39 1 50 4096 2878 6.3 3.2 15 12
07:09:40 1 49 4096 2878 6.5 3.2 15 12
07:09:41 1 49 4096 2878 6.6 3.2 15 12
07:09:42 1 49 4096 2878 6.7 3.2 15 12
07:09:43 1 49 4096 2878 6.6 3.2 15 12
07:09:44 1 45 4096 2878 7.8 3.2 15 12
07:09:45 1 44 4096 2878 8.4 3.2 15 12
07:09:46 1 46 4096 2878 7.7 3.2 15 12
07:09:47 1 45 4096 2878 7.9 3.2 15 12
07:09:48 1 45 4096 2878 7.8 3.2 15 12
07:09:49 1 46 4096 2878 7.7 3.2 15 12
07:09:50 1 45 4096 2878 7.8 3.2 15 12
07:09:52 1 46 4096 2878 7.7 3.2 15 12
07:09:53 1 46 4096 2878 7.7 3.2 15 12
07:09:54 1 45 4096 2878 7.9 3.2 15 12
07:09:55 1 46 4096 2878 7.6 3.2 15 12
07:09:56 1 46 4096 2878 7.5 3.2 15 12
07:09:57 1 46 4096 2878 7.8 3.2 15 12
07:09:58 1 46 4096 2878 7.7 3.2 15 12
07:09:59 1 46 4096 2878 7.7 3.2 15 12
07:10:00 1 46 4096 2878 7.7 3.2 15 12
07:10:01 1 46 4096 2878 7.6 3.2 15 12
07:10:02 1 46 4096 2878 7.8 3.2 15 12
07:10:03 1 45 4096 2878 7.8 3.2 15 12
07:10:04 1 46 4096 2878 7.7 3.2 15 12
07:10:05 1 45 4096 2878 7.9 3.2 15 12
07:10:06 1 46 4096 2878 7.8 3.2 15 12
07:10:08 1 46 4096 2878 7.7 3.2 15 12
07:10:09 1 46 4096 2878 7.5 3.2 15 12
07:10:10 1 47 4096 2878 7.4 3.2 15 12
07:10:11 1 47 4096 2878 7.4 3.2 15 12
07:10:12 1 46 4096 2878 7.6 3.2 15 12
07:10:13 1 47 4096 2878 7.5 3.2 15 12
07:10:14 1 47 4096 2878 7.3 3.2 15 12
07:10:15 1 46 4096 2878 7.5 3.2 15 12
07:10:16 1 47 4096 2878 7.3 3.2 15 12
07:10:17 1 46 4096 2878 7.5 3.2 15 12
07:10:18 1 46 4096 2878 7.5 3.2 15 12
07:10:19 1 47 4096 2878 7.3 3.2 15 12
07:10:20 1 46 4096 2878 7.5 3.2 15 12
07:10:21 1 47 4096 2878 7.3 3.2 15 12
07:10:22 1 47 4096 2878 7.4 3.2 15 12
07:10:23 1 47 4096 2878 7.4 3.2 15 12
07:10:24 1 47 4096 2878 7.3 3.2 15 12
07:10:26 1 47 4096 2878 7.3 3.2 15 12
07:10:27 1 46 4096 2878 7.5 3.2 15 12
07:10:28 1 47 4096 2878 7.3 3.2 15 12
07:10:29 1 47 4096 2878 7.3 3.2 15 12
07:10:30 1 46 4096 2878 7.6 3.2 15 12
07:10:31 1 43 4096 2878 8.7 3.2 15 12
07:10:32 1 51 4096 2878 6.0 3.2 15 12
07:10:33 1 50 4096 2878 6.3 3.2 15 12
07:10:34 1 51 4096 2878 6.1 3.2 15 12
07:10:35 1 50 4096 2878 6.3 3.2 15 12
07:10:36 1 51 4096 2878 6.0 3.2 15 12
07:10:37 1 49 4096 2878 6.5 3.2 15 12
07:10:38 1 49 4096 2878 6.7 3.2 15 12
07:10:39 1 49 4096 2878 6.5 3.2 15 12
07:10:40 1 49 4096 2878 6.5 3.2 15 12
07:10:41 1 45 4096 2878 7.8 3.2 15 12
07:10:42 1 44 4096 2878 8.5 3.2 15 12
07:10:43 1 46 4096 2878 7.8 3.2 15 12
07:10:45 1 45 4096 2878 7.9 3.2 15 12
07:10:46 1 46 4096 2878 7.7 3.2 15 12
07:10:47 1 46 4096 2878 7.7 3.2 15 12
07:10:48 1 45 4096 2878 7.9 3.2 15 12
07:10:49 1 46 4096 2878 7.7 3.2 15 12
07:10:50 1 46 4096 2878 7.7 3.2 15 12
07:10:51 1 45 4096 2878 7.9 3.2 15 12
07:10:52 1 46 4096 2878 7.7 3.2 15 12
07:10:53 1 45 4096 2878 7.9 3.2 15 12
07:10:54 1 45 4096 2878 7.9 3.2 15 12
07:10:55 1 46 4096 2878 7.7 3.2 15 12
07:10:56 1 46 4096 2878 7.8 3.2 15 12
07:10:57 1 46 4096 2878 7.5 3.2 15 12
07:10:58 1 46 4096 2878 7.7 3.2 15 12
07:10:59 1 46 4096 2878 7.8 3.2 15 12
07:11:00 1 46 4096 2878 7.7 3.2 15 12
07:11:02 1 46 4096 2878 7.7 3.2 15 12
07:11:03 1 45 4096 2878 7.9 3.2 15 12
07:11:04 1 46 4096 2878 7.8 3.2 15 12
07:11:05 1 46 4096 2878 7.7 3.2 15 12
07:11:06 1 46 4096 2878 7.5 3.2 15 12
07:11:07 1 47 4096 2878 7.4 3.2 15 12
07:11:08 1 47 4096 2878 7.3 3.2 15 12
07:11:09 1 47 4096 2878 7.5 3.2 15 12
07:11:10 1 47 4096 2878 7.3 3.2 15 12
07:11:11 1 47 4096 2878 7.5 3.2 15 12
07:11:12 1 47 4096 2878 7.4 3.2 15 12
07:11:13 1 47 4096 2878 7.5 3.2 15 12
07:11:14 1 46 4096 2878 7.5 3.2 15 12
07:11:15 1 47 4096 2878 7.3 3.2 15 12
07:11:16 1 47 4096 2878 7.3 3.2 15 12
07:11:17 1 46 4096 2878 7.6 3.2 15 12
07:11:19 1 47 4096 2878 7.4 3.2 15 12
07:11:20 1 47 4096 2878 7.3 3.2 15 12
07:11:21 1 46 4096 2878 7.6 3.2 15 12
07:11:22 1 47 4096 2878 7.3 3.2 15 12
07:11:23 1 47 4096 2878 7.4 3.2 15 12
07:11:24 1 47 4096 2878 7.5 3.2 15 12
07:11:25 1 47 4096 2878 7.3 3.2 15 12
07:11:26 1 47 4096 2878 7.3 3.2 15 12
07:11:27 1 43 4096 2878 8.8 3.2 15 12
07:11:28 1 47 4096 2878 7.4 3.2 15 12
07:11:29 1 49 4096 2878 6.5 3.2 15 12
07:11:30 1 49 4096 2878 6.6 3.2 15 12
07:11:31 1 50 4096 2878 6.5 3.2 15 12
07:11:32 1 50 4096 2878 6.3 3.2 15 12
07:11:33 1 49 4096 2878 6.6 3.2 15 12
07:11:34 1 50 4096 2878 6.4 3.2 15 12
07:11:35 1 49 4096 2878 6.6 3.2 15 12
07:11:36 1 50 4096 2878 6.4 3.2 15 12
07:11:37 1 46 4096 2878 7.6 3.2 15 12
07:11:39 1 47 4096 2878 7.4 3.2 15 12
07:11:40 1 43 4096 2878 8.5 3.2 15 12
07:11:41 1 46 4096 2878 7.8 3.2 15 12
07:11:42 1 45 4096 2878 7.9 3.2 15 12
07:11:43 1 46 4096 2878 7.7 3.2 15 12
07:11:44 1 46 4096 2878 7.8 3.2 15 12
07:11:45 1 46 4096 2878 7.8 3.2 15 12
07:11:46 1 46 4096 2878 7.7 3.2 15 12
07:11:47 1 45 4096 2878 7.9 3.2 15 12
07:11:48 1 46 4096 2878 7.7 3.2 15 12
07:11:49 1 46 4096 2878 7.6 3.2 15 12
07:11:50 1 46 4096 2878 7.8 3.2 15 12
07:11:51 1 46 4096 2878 7.5 3.2 15 12
07:11:52 1 46 4096 2878 7.5 3.2 15 12
07:11:53 1 46 4096 2878 7.8 3.2 15 12
07:11:54 1 46 4096 2878 7.7 3.2 15 12
07:11:56 1 46 4096 2878 7.5 3.2 15 12
07:11:57 1 47 4096 2878 7.4 3.2 15 12
07:11:58 1 46 4096 2878 7.7 3.2 15 12
07:11:59 1 46 4096 2878 7.8 3.2 15 12
07:12:00 1 45 4096 2878 7.9 3.2 15 12
07:12:01 1 46 4096 2878 7.7 3.2 15 12
07:12:02 1 46 4096 2878 7.6 3.2 15 12
07:12:03 1 47 4096 2878 7.4 3.2 15 12
07:12:04 1 47 4096 2878 7.4 3.2 15 12
07:12:05 1 47 4096 2878 7.5 3.2 15 12
07:12:06 1 47 4096 2878 7.4 3.2 15 12
07:12:07 1 47 4096 2878 7.4 3.2 15 12
07:12:08 1 47 4096 2878 7.4 3.2 15 12
07:12:09 1 47 4096 2878 7.4 3.2 15 12
07:12:10 1 47 4096 2878 7.3 3.2 15 12
07:12:11 1 47 4096 2878 7.5 3.2 15 12
07:12:13 1 47 4096 2878 7.3 3.2 15 12
07:12:14 1 47 4096 2878 7.3 3.2 15 12
07:12:15 1 47 4096 2878 7.5 3.2 15 12
07:12:16 1 47 4096 2878 7.4 3.2 15 12
07:12:17 1 47 4096 2878 7.4 3.2 15 12
07:12:18 1 46 4096 2878 7.5 3.2 15 12
07:12:19 1 47 4096 2878 7.4 3.2 15 12
07:12:20 1 47 4096 2878 7.3 3.2 15 12
07:12:21 1 47 4096 2878 7.5 3.2 15 12
07:12:22 1 47 4096 2878 7.3 3.2 15 12
07:12:23 1 47 4096 2878 7.5 3.2 15 12
07:12:24 1 43 4096 2878 8.8 3.2 15 12
07:12:25 1 51 4096 2878 6.0 3.2 15 12
07:12:26 1 50 4096 2878 6.2 3.2 15 12
07:12:27 1 50 4096 2878 6.2 3.2 15 12
07:12:28 1 51 4096 2878 6.1 3.2 15 12
07:12:29 1 50 4096 2878 6.2 3.2 15 12
07:12:31 1 50 4096 2878 6.4 3.2 15 12
07:12:32 1 49 4096 2878 6.6 3.2 15 12
07:12:33 1 49 4096 2878 6.6 3.2 15 12
07:12:34 1 50 4096 2878 6.4 3.2 15 12
07:12:35 1 46 4096 2878 7.6 3.2 15 12
07:12:36 1 51 4096 2878 6.2 3.2 15 12
07:12:37 1 44 4096 2878 8.5 3.2 15 12
07:12:38 1 46 4096 2878 7.7 3.2 15 12
07:12:39 1 45 4096 2878 7.9 3.2 15 12
07:12:40 1 46 4096 2878 7.7 3.2 15 12
07:12:41 1 45 4096 2878 7.9 3.2 15 12
07:12:42 1 46 4096 2878 7.7 3.2 15 12
07:12:43 1 46 4096 2878 7.8 3.2 15 12
07:12:44 1 45 4096 2878 7.9 3.2 15 12
07:12:45 1 47 4096 2878 7.5 3.2 15 12
07:12:46 1 47 4096 2878 7.5 3.2 15 12
07:12:47 1 46 4096 2878 7.7 3.2 15 12
07:12:49 1 47 4096 2878 7.5 3.2 15 12
07:12:50 1 47 4096 2878 7.5 3.2 15 12
07:12:51 1 46 4096 2878 7.7 3.2 15 12
07:12:52 1 47 4096 2878 7.5 3.2 15 12
07:12:53 1 46 4096 2878 7.7 3.2 15 12
07:12:54 1 47 4096 2878 7.5 3.2 15 12
07:12:55 1 46 4096 2878 7.7 3.2 15 12
07:12:56 1 46 4096 2878 7.7 3.2 15 12
07:12:57 1 45 4096 2878 7.9 3.2 15 12
07:12:58 1 46 4096 2878 7.8 3.2 15 12
07:12:59 1 46 4096 2878 7.9 3.2 15 12
07:13:00 1 47 4096 2878 7.4 3.2 15 12
07:13:01 1 47 4096 2878 7.3 3.2 15 12
07:13:02 1 47 4096 2878 7.5 3.2 15 12
07:13:03 1 47 4096 2878 7.3 3.2 15 12
07:13:04 1 47 4096 2878 7.3 3.2 15 12
07:13:06 1 47 4096 2878 7.5 3.2 15 12
07:13:07 1 47 4096 2878 7.3 3.2 15 12
07:13:08 1 47 4096 2878 7.3 3.2 15 12
07:13:09 1 47 4096 2878 7.5 3.2 15 12
07:13:10 1 47 4096 2878 7.3 3.2 15 12
07:13:11 1 47 4096 2878 7.4 3.2 15 12
07:13:12 1 47 4096 2878 7.5 3.2 15 12
07:13:13 1 47 4096 2878 7.3 3.2 15 12
07:13:14 1 47 4096 2878 7.5 3.2 15 12
07:13:15 1 47 4096 2878 7.4 3.2 15 12
07:13:16 1 47 4096 2878 7.4 3.2 15 12
07:13:17 1 47 4096 2878 7.5 3.2 15 12
07:13:18 1 47 4096 2878 7.3 3.2 15 12
07:13:19 1 47 4096 2878 7.3 3.2 15 12
07:13:20 1 47 4096 2878 7.5 3.2 16 12
07:13:21 1 42 4096 2878 8.9 3.2 16 12
07:13:23 1 50 4096 2878 6.3 3.2 16 12
07:13:24 1 50 4096 2878 6.4 3.2 16 12
07:13:25 1 50 4096 2878 6.3 3.2 16 12
07:13:26 1 51 4096 2878 6.2 3.2 16 12
07:13:27 1 50 4096 2878 6.2 3.2 16 12
07:13:28 1 50 4096 2878 6.5 3.2 16 12
07:13:29 1 49 4096 2878 6.6 3.2 16 12
07:13:30 1 49 4096 2878 6.6 3.2 16 12
07:13:31 1 50 4096 2878 6.5 3.2 16 12
07:13:32 1 46 4096 2878 7.7 3.2 16 12
07:13:33 1 51 4096 2878 6.2 3.2 16 12
07:13:34 1 44 4096 2878 8.4 3.2 16 12
07:13:35 1 45 4096 2878 7.9 3.2 16 12
07:13:36 1 46 4096 2878 7.7 3.2 16 12
07:13:37 1 46 4096 2878 7.7 3.2 16 12
07:13:38 1 45 4096 2878 7.9 3.2 16 12
07:13:39 1 46 4096 2878 7.8 3.2 16 12
07:13:40 1 46 4096 2878 7.7 3.2 16 12
07:13:42 1 46 4096 2878 7.9 3.2 16 12
07:13:43 1 47 4096 2878 7.5 3.2 16 12
07:13:44 1 47 4096 2878 7.5 3.2 16 12
07:13:45 1 46 4096 2878 7.7 3.2 16 12
07:13:46 1 47 4096 2878 7.5 3.2 16 12
07:13:47 1 47 4096 2878 7.5 3.2 16 12
07:13:48 1 46 4096 2878 7.7 3.2 16 12
07:13:49 1 47 4096 2878 7.5 3.2 16 12
07:13:50 1 46 4096 2878 7.8 3.2 16 12
07:13:51 1 47 4096 2878 7.4 3.2 16 12
07:13:52 1 46 4096 2878 7.8 3.2 16 12
07:13:53 1 46 4096 2878 7.9 3.2 16 12
07:13:54 1 46 4096 2878 7.8 3.2 16 12
07:13:55 1 46 4096 2878 7.7 3.2 16 12
07:13:56 1 47 4096 2878 7.5 3.2 16 12
07:13:57 1 47 4096 2878 7.3 3.2 16 12
07:13:59 1 47 4096 2878 7.4 3.2 16 12
07:14:00 1 47 4096 2878 7.5 3.2 16 12
07:14:01 1 47 4096 2878 7.3 3.2 16 12
07:14:02 1 47 4096 2878 7.3 3.2 16 12
07:14:03 1 47 4096 2878 7.5 3.2 16 12
07:14:04 1 47 4096 2878 7.3 3.2 16 12
07:14:05 1 47 4096 2878 7.4 3.2 16 12
07:14:06 1 47 4096 2878 7.5 3.2 16 12
07:14:07 1 47 4096 2878 7.3 3.2 16 12
07:14:08 1 47 4096 2878 7.5 3.2 16 12
07:14:09 1 47 4096 2878 7.3 3.2 16 12
07:14:10 1 47 4096 2878 7.3 3.2 16 12
07:14:11 1 47 4096 2878 7.5 3.2 16 12
07:14:12 1 47 4096 2878 7.4 3.2 16 12
07:14:13 1 47 4096 2878 7.3 3.2 16 12
07:14:14 1 47 4096 2878 7.5 3.2 16 12
07:14:16 1 47 4096 2878 7.3 3.2 16 12
07:14:17 1 47 4096 2878 7.3 3.2 16 12
07:14:18 1 47 4096 2878 7.5 3.2 16 12
07:14:19 1 43 4096 2878 8.7 3.2 16 12
07:14:20 1 51 4096 2878 6.0 3.2 16 12
07:14:21 1 50 4096 2878 6.2 3.2 16 12
07:14:22 1 51 4096 2878 6.1 3.2 16 12
07:14:23 1 51 4096 2878 6.1 3.2 16 12
07:14:24 1 51 4096 2878 6.2 3.2 16 12
07:14:25 1 49 4096 2878 6.6 3.2 16 12
07:14:26 1 49 4096 2878 6.7 3.2 16 12
07:14:27 1 50 4096 2878 6.4 3.2 16 12
07:14:28 1 50 4096 2878 6.4 3.2 16 12
07:14:29 1 46 4096 2878 7.8 3.2 16 12
07:14:30 1 44 4096 2878 8.3 3.2 16 12
07:14:31 1 46 4096 2878 7.7 3.2 16 12
07:14:32 1 45 4096 2878 7.9 3.2 16 12
07:14:34 1 46 4096 2878 7.7 3.2 16 12
07:14:35 1 46 4096 2878 7.7 3.2 16 12
07:14:36 1 45 4096 2878 7.9 3.2 16 12
07:14:37 1 46 4096 2878 7.7 3.2 16 12
07:14:38 1 45 4096 2878 7.8 3.2 16 12
07:14:39 1 46 4096 2878 7.6 3.2 16 12
07:14:40 1 46 4096 2878 7.5 3.2 16 12
07:14:41 1 46 4096 2878 7.6 3.2 16 12
07:14:42 1 46 4096 2878 7.7 3.2 16 12
07:14:43 1 46 4096 2878 7.5 3.2 16 12
07:14:44 1 46 4096 2878 7.8 3.2 16 12
07:14:45 1 46 4096 2878 7.5 3.2 16 12
07:14:46 1 46 4096 2878 7.5 3.2 16 12
07:14:47 1 46 4096 2878 7.8 3.2 16 12
07:14:48 1 46 4096 2878 7.7 3.2 16 12
07:14:50 1 46 4096 2878 7.7 3.2 16 12
07:14:51 1 45 4096 2878 7.9 3.2 16 12
07:14:52 1 46 4096 2878 7.7 3.2 16 12
07:14:53 1 46 4096 2878 7.6 3.2 16 12
07:14:54 1 46 4096 2878 7.5 3.2 16 12
07:14:55 1 47 4096 2878 7.3 3.2 16 12
07:14:56 1 47 4096 2878 7.3 3.2 16 12
07:14:57 1 46 4096 2878 7.5 3.2 16 12
07:14:58 1 47 4096 2878 7.3 3.2 16 12
07:14:59 1 46 4096 2878 7.5 3.2 16 12
07:15:00 1 47 4096 2878 7.4 3.2 15 12
07:15:01 1 47 4096 2878 7.4 3.2 15 12
07:15:02 1 46 4096 2878 7.5 3.2 15 12
07:15:03 1 47 4096 2878 7.3 3.2 16 12
07:15:04 1 47 4096 2878 7.4 3.2 16 12
07:15:05 1 46 4096 2878 7.5 3.2 16 12
07:15:07 1 47 4096 2878 7.3 3.2 16 12
07:15:08 1 47 4096 2878 7.4 3.2 16 12
07:15:09 1 46 4096 2878 7.5 3.2 16 12
07:15:10 1 47 4096 2878 7.4 3.2 16 12
07:15:11 1 47 4096 2878 7.3 3.2 16 12
07:15:12 1 46 4096 2878 7.5 3.2 16 12
07:15:13 1 47 4096 2878 7.4 3.2 16 12
07:15:14 1 47 4096 2878 7.3 3.2 16 12
07:15:15 1 46 4096 2878 7.5 3.2 15 12
07:15:16 1 42 4096 2878 9.0 3.2 15 12
07:15:17 1 49 4096 2878 6.5 3.2 15 12
07:15:18 1 50 4096 2878 6.3 3.2 16 12
07:15:19 1 50 4096 2878 6.3 3.2 16 12
07:15:20 1 50 4096 2878 6.2 3.2 16 12
07:15:21 1 51 4096 2878 6.0 3.2 16 12
07:15:22 1 49 4096 2878 6.5 3.2 16 12
07:15:23 1 49 4096 2878 6.7 3.2 16 12
07:15:24 1 49 4096 2878 6.5 3.2 16 12
07:15:26 1 49 4096 2878 6.4 3.2 16 12
07:15:27 1 46 4096 2878 7.7 3.2 15 12
07:15:28 1 44 4096 2878 8.3 3.2 15 12
07:15:29 1 43 4096 2878 8.1 3.2 15 12
07:15:30 1 45 4096 2878 7.9 3.2 15 12
07:15:31 1 45 4096 2878 7.8 3.2 15 12
07:15:32 1 45 4096 2878 7.7 3.2 15 12
07:15:33 1 45 4096 2878 7.9 3.2 15 12
07:15:34 1 45 4096 2878 7.8 3.2 15 12
07:15:35 1 45 4096 2878 7.8 3.2 15 12
07:15:36 1 45 4096 2878 7.8 3.2 15 12
07:15:37 1 45 4096 2878 7.8 3.2 15 12
07:15:38 1 45 4096 2878 7.9 3.2 15 12
07:15:39 1 46 4096 2878 7.7 3.2 15 12
07:15:40 1 45 4096 2878 7.8 3.2 15 12
07:15:41 1 45 4096 2878 7.8 3.2 15 12
07:15:43 1 46 4096 2878 7.5 3.2 15 12
07:15:44 1 46 4096 2878 7.7 3.2 15 12
07:15:45 1 45 4096 2878 7.8 3.2 15 12
07:15:46 1 47 4096 2878 7.3 3.2 15 12
07:15:47 1 46 4096 2878 7.7 3.2 15 12
07:15:48 1 45 4096 2878 7.9 3.2 15 12
07:15:49 1 46 4096 2878 7.7 3.2 15 12
07:15:50 1 45 4096 2878 7.8 3.2 15 12
07:15:51 1 45 4096 2878 7.9 3.2 15 12
07:15:52 1 47 4096 2878 7.3 3.2 15 12
07:15:53 1 46 4096 2878 7.5 3.2 15 12
07:15:54 1 46 4096 2878 7.4 3.2 15 12
07:15:55 1 47 4096 2878 7.3 3.2 15 12
07:15:56 1 46 4096 2878 7.5 3.2 15 12
07:15:57 1 47 4096 2878 7.3 3.2 15 12
07:15:58 1 47 4096 2878 7.3 3.2 15 12
07:16:00 1 46 4096 2878 7.5 3.2 15 12
07:16:01 1 46 4096 2878 7.4 3.2 15 12
07:16:02 1 47 4096 2878 7.3 3.2 15 12
07:16:03 1 46 4096 2878 7.5 3.2 15 12
07:16:04 1 47 4096 2878 7.3 3.2 15 12
07:16:05 1 47 4096 2878 7.3 3.2 15 12
07:16:06 1 46 4096 2878 7.5 3.2 15 12
07:16:07 1 47 4096 2878 7.3 3.2 15 12
07:16:08 1 46 4096 2878 7.5 3.2 15 12
07:16:09 1 46 4096 2878 7.5 3.2 15 12
07:16:10 1 47 4096 2878 7.3 3.2 15 12
07:16:11 1 46 4096 2878 7.5 3.2 15 12
07:16:12 1 47 4096 2878 7.3 3.2 15 12
07:16:13 1 43 4096 2878 8.7 3.2 15 12
07:16:14 1 50 4096 2878 6.3 3.2 15 12
07:16:15 1 51 4096 2878 6.0 3.2 15 12
07:16:17 1 50 4096 2878 6.1 3.2 15 12
07:16:18 1 50 4096 2878 6.3 3.2 15 12
07:16:19 1 50 4096 2878 6.1 3.2 15 12
07:16:20 1 49 4096 2878 6.5 3.2 15 12
07:16:21 1 49 4096 2878 6.6 3.2 15 12
07:16:22 1 49 4096 2878 6.5 3.2 15 12
07:16:23 1 49 4096 2878 6.4 3.2 15 12
07:16:24 1 45 4096 2878 7.8 3.2 15 12
07:16:25 1 50 4096 2878 6.0 3.2 15 12
07:16:26 1 43 4096 2878 8.6 3.2 15 12
07:16:27 1 45 4096 2878 7.9 3.2 15 12
07:16:28 1 45 4096 2878 7.8 3.2 15 12
07:16:29 1 45 4096 2878 7.9 3.2 15 12
07:16:30 1 45 4096 2878 7.8 3.2 15 12
07:16:31 1 45 4096 2878 7.8 3.2 15 12
07:16:32 1 45 4096 2878 7.9 3.2 15 12
07:16:33 1 45 4096 2878 7.7 3.2 15 12
07:16:35 1 46 4096 2878 7.6 3.2 15 12
07:16:36 1 45 4096 2878 7.8 3.2 15 12
07:16:37 1 45 4096 2878 7.7 3.2 15 12
07:16:38 1 46 4096 2878 7.5 3.2 15 12
07:16:39 1 45 4096 2878 7.8 3.2 15 12
07:16:40 1 46 4096 2878 7.5 3.2 15 12
07:16:41 1 45 4096 2878 7.7 3.2 15 12
07:16:42 1 45 4096 2878 7.8 3.2 15 12
07:16:43 1 46 4096 2878 7.4 3.2 15 12
07:16:44 1 45 4096 2878 7.9 3.2 15 12
07:16:45 1 45 4096 2878 7.8 3.2 15 12
07:16:46 1 45 4096 2878 7.8 3.2 15 12
07:16:47 1 45 4096 2878 7.8 3.2 15 12
07:16:48 1 45 4096 2878 7.7 3.2 15 12
07:16:49 1 46 4096 2878 7.3 3.2 15 12
07:16:51 1 46 4096 2878 7.5 3.2 15 12
07:16:52 1 47 4096 2878 7.3 3.2 15 12
07:16:53 1 47 4096 2878 7.3 3.2 15 12
07:16:54 1 47 4096 2878 7.5 3.2 15 12
07:16:55 1 47 4096 2878 7.3 3.2 15 12
07:16:56 1 47 4096 2878 7.3 3.2 15 12
07:16:57 1 47 4096 2878 7.6 3.2 15 12
07:16:58 1 47 4096 2878 7.3 3.2 15 12
07:16:59 1 47 4096 2878 7.5 3.2 15 12
07:17:00 1 47 4096 2878 7.3 3.2 15 12
07:17:01 1 47 4096 2878 7.3 3.2 15 12
07:17:02 1 47 4096 2878 7.5 3.2 15 12
07:17:03 1 47 4096 2878 7.4 3.2 15 12
07:17:04 1 47 4096 2878 7.3 3.2 15 12
07:17:05 1 47 4096 2878 7.5 3.2 15 12
07:17:06 1 48 4096 2878 7.3 3.2 15 12
07:17:08 1 47 4096 2878 7.4 3.2 15 12
07:17:09 1 47 4096 2878 7.4 3.2 15 12
07:17:10 1 48 4096 2878 7.3 3.2 15 12
07:17:11 1 43 4096 2878 8.9 3.2 15 12
07:17:12 1 50 4096 2878 6.5 3.2 15 12
07:17:13 1 51 4096 2878 6.2 3.2 15 12
07:17:14 1 50 4096 2878 6.3 3.2 15 12
07:17:15 1 50 4096 2878 6.3 3.2 15 12
07:17:16 1 51 4096 2878 6.1 3.2 15 12
07:17:17 1 50 4096 2878 6.7 3.2 15 12
07:17:18 1 49 4096 2878 6.7 3.2 15 12
07:17:19 1 50 4096 2878 6.5 3.2 15 12
07:17:20 1 49 4096 2878 6.6 3.2 15 12
07:17:21 1 47 4096 2878 7.6 3.2 15 12
07:17:22 1 55 4096 2878 4.9 3.2 15 12
07:17:23 1 43 4096 2878 8.6 3.2 15 12
07:17:24 1 46 4096 2878 7.7 3.2 15 12
07:17:25 1 46 4096 2878 7.7 3.2 15 12
07:17:27 1 46 4096 2878 7.9 3.2 15 12
07:17:28 1 46 4096 2878 7.7 3.2 15 12
07:17:29 1 46 4096 2878 7.8 3.2 15 12
07:17:30 1 46 4096 2878 7.9 3.2 15 12
07:17:31 1 46 4096 2878 7.7 3.2 15 12
07:17:32 1 46 4096 2878 7.6 3.2 15 12
07:17:33 1 46 4096 2878 7.9 3.2 15 12
07:17:34 1 46 4096 2878 7.7 3.2 15 12
07:17:35 1 46 4096 2878 7.9 3.2 15 12
07:17:36 1 47 4096 2878 7.7 3.2 15 12
07:17:37 1 47 4096 2878 7.6 3.2 15 12
07:17:38 1 46 4096 2878 7.7 3.2 15 12
07:17:39 1 47 4096 2878 7.5 3.2 15 12
07:17:40 1 47 4096 2878 7.3 3.2 15 12
07:17:41 1 46 4096 2878 7.9 3.2 15 12
07:17:43 1 46 4096 2878 7.7 3.2 15 12
07:17:44 1 47 4096 2878 7.7 3.2 15 12
07:17:45 1 46 4096 2878 7.9 3.2 15 12
07:17:46 1 46 4096 2878 7.7 3.2 15 12
07:17:47 1 48 4096 2878 7.3 3.2 15 12
07:17:48 1 47 4096 2878 7.5 3.2 15 12
07:17:49 1 48 4096 2878 7.3 3.2 15 12
07:17:50 1 47 4096 2878 7.4 3.2 15 12
07:17:51 1 47 4096 2878 7.5 3.2 15 12
07:17:52 1 48 4096 2878 7.3 3.2 15 12
07:17:53 1 47 4096 2878 7.5 3.2 15 12
07:17:54 1 47 4096 2878 7.5 3.2 15 12
07:17:55 1 48 4096 2878 7.3 3.2 15 12
07:17:56 1 47 4096 2878 7.5 3.2 15 12
07:17:57 1 48 4096 2878 7.3 3.2 15 12
07:17:58 1 47 4096 2878 7.4 3.2 15 12
07:18:00 1 47 4096 2878 7.5 3.2 15 12
07:18:01 1 48 4096 2878 7.3 3.2 15 12
07:18:02 1 48 4096 2878 7.3 3.2 15 12
07:18:03 1 47 4096 2878 7.5 3.2 15 12
07:18:04 1 48 4096 2878 7.3 3.2 15 12
07:18:05 1 48 4096 2878 7.3 3.2 15 12
07:18:06 1 47 4096 2878 7.5 3.2 15 12
07:18:07 1 48 4096 2878 7.3 3.2 15 12
07:18:08 1 47 4096 2878 7.5 3.2 15 12
07:18:09 1 44 4096 2878 8.5 3.2 15 12
07:18:10 1 51 4096 2878 6.0 3.2 15 12
07:18:11 1 51 4096 2878 6.2 3.2 15 12
07:18:12 1 51 4096 2878 6.1 3.2 15 12
07:18:13 1 51 4096 2878 6.1 3.2 15 12
07:18:14 1 49 4096 2878 6.7 3.2 15 12
07:18:15 1 50 4096 2878 6.4 3.2 15 12
07:18:16 1 50 4096 2878 6.4 3.2 15 12
07:18:18 1 50 4096 2878 6.6 3.2 15 12
07:18:19 1 50 4096 2878 6.5 3.2 15 12
07:18:20 1 47 4096 2878 7.6 3.2 15 12
07:18:21 1 44 4096 2878 8.7 3.2 15 12
07:18:22 1 47 4096 2878 7.7 3.2 15 12
07:18:23 1 47 4096 2878 7.6 3.2 15 12
07:18:24 1 46 4096 2878 7.9 3.2 15 12
07:18:25 1 47 4096 2878 7.7 3.2 15 12
07:18:26 1 46 4096 2878 7.9 3.2 15 12
07:18:27 1 46 4096 2878 7.9 3.2 15 12
07:18:28 1 46 4096 2878 7.8 3.2 15 12
07:18:29 1 47 4096 2878 7.6 3.2 15 12
07:18:30 1 47 4096 2878 7.5 3.2 15 12
07:18:31 1 47 4096 2878 7.5 3.2 15 12
07:18:32 1 46 4096 2878 7.7 3.2 15 12
07:18:33 1 47 4096 2878 7.5 3.2 15 12
07:18:34 1 47 4096 2878 7.5 3.2 15 12
07:18:36 1 46 4096 2878 7.7 3.2 15 12
07:18:37 1 47 4096 2878 7.5 3.2 15 12
07:18:38 1 47 4096 2878 7.5 3.2 15 12
07:18:39 1 46 4096 2878 7.9 3.2 15 12
07:18:40 1 46 4096 2878 7.8 3.2 15 12
07:18:41 1 46 4096 2878 7.8 3.2 15 12
07:18:42 1 46 4096 2878 7.9 3.2 15 12
07:18:43 1 46 4096 2878 7.8 3.2 15 12
07:18:44 1 47 4096 2878 7.5 3.2 15 12
07:18:45 1 48 4096 2878 7.3 3.2 15 12
07:18:46 1 47 4096 2878 7.4 3.2 15 12
07:18:47 1 47 4096 2878 7.5 3.2 15 12
07:18:48 1 48 4096 2878 7.3 3.2 15 12
07:18:49 1 48 4096 2878 7.3 3.2 15 12
07:18:50 1 47 4096 2878 7.5 3.2 15 12
07:18:52 1 47 4096 2878 7.4 3.2 15 12
07:18:53 1 48 4096 2878 7.3 3.2 15 12
07:18:54 1 47 4096 2878 7.5 3.2 15 12
07:18:55 1 48 4096 2878 7.3 3.2 15 12
07:18:56 1 48 4096 2878 7.3 3.2 15 12
07:18:57 1 47 4096 2878 7.5 3.2 15 12
07:18:58 1 48 4096 2878 7.3 3.2 15 12
07:18:59 1 48 4096 2878 7.3 3.2 15 12
07:19:00 1 47 4096 2878 7.5 3.2 15 12
07:19:01 1 48 4096 2878 7.3 3.2 15 12
07:19:02 1 47 4096 2878 7.6 3.2 15 12
07:19:03 1 48 4096 2878 7.3 3.2 15 12
07:19:04 1 48 4096 2878 7.3 3.2 15 12
07:19:05 1 47 4096 2878 7.5 3.2 15 12
07:19:06 1 43 4096 2878 9.0 3.2 15 12
07:19:07 1 51 4096 2878 6.2 3.2 15 12
07:19:09 1 50 4096 2878 6.5 3.2 15 12
07:19:10 1 50 4096 2878 6.4 3.2 15 12
07:19:11 1 52 4096 2878 6.0 3.2 15 12
07:19:12 1 51 4096 2878 6.2 3.2 15 12
07:19:13 1 50 4096 2878 6.6 3.2 15 12
07:19:14 1 50 4096 2878 6.4 3.2 15 12
07:19:15 1 50 4096 2878 6.6 3.2 15 12
07:19:16 1 50 4096 2878 6.5 3.2 15 12
07:19:17 1 47 4096 2878 7.6 3.2 15 12
07:19:18 1 44 4096 2878 8.5 3.2 15 12
07:19:19 1 43 4096 2878 8.3 3.2 15 12
07:19:20 1 46 4096 2878 7.9 3.2 15 12
07:19:21 1 46 4096 2878 7.7 3.2 15 12
07:19:22 1 46 4096 2878 7.7 3.2 15 12
07:19:23 1 46 4096 2878 7.9 3.2 15 12
07:19:24 1 46 4096 2878 7.7 3.2 15 12
07:19:25 1 46 4096 2878 7.7 3.2 15 12
07:19:27 1 46 4096 2878 7.9 3.2 15 12
07:19:28 1 47 4096 2878 7.5 3.2 15 12
07:19:29 1 47 4096 2878 7.5 3.2 15 12
07:19:30 1 46 4096 2878 7.7 3.2 15 12
07:19:31 1 47 4096 2878 7.5 3.2 15 12
07:19:32 1 46 4096 2878 7.6 3.2 15 12
07:19:33 1 46 4096 2878 7.7 3.2 15 12
07:19:34 1 47 4096 2878 7.5 3.2 15 12
07:19:35 1 46 4096 2878 7.8 3.2 15 12
07:19:36 1 47 4096 2878 7.5 3.2 15 12
07:19:37 1 46 4096 2878 7.7 3.2 15 12
07:19:38 1 46 4096 2878 7.9 3.2 15 12
07:19:39 1 46 4096 2878 7.8 3.2 15 12
07:19:40 1 46 4096 2878 7.6 3.2 15 12
07:19:41 1 46 4096 2878 7.5 3.2 15 12
07:19:43 1 48 4096 2878 7.3 3.2 15 12
07:19:44 1 48 4096 2878 7.3 3.2 15 12
07:19:45 1 47 4096 2878 7.5 3.2 15 12
07:19:46 1 47 4096 2878 7.3 3.2 15 12
07:19:47 1 47 4096 2878 7.3 3.2 15 12
07:19:48 1 47 4096 2878 7.5 3.2 15 12
07:19:49 1 47 4096 2878 7.4 3.2 15 12
07:19:50 1 47 4096 2878 7.4 3.2 15 12
07:19:51 1 47 4096 2878 7.4 3.2 15 12
07:19:52 1 47 4096 2878 7.4 3.2 15 12
07:19:53 1 47 4096 2878 7.5 3.2 15 12
07:19:54 1 47 4096 2878 7.4 3.2 15 12
07:19:55 1 47 4096 2878 7.4 3.2 15 12
07:19:56 1 47 4096 2878 7.5 3.2 15 12
07:19:57 1 48 4096 2878 7.3 3.2 15 12
07:19:59 1 47 4096 2878 7.4 3.2 15 12
07:20:00 1 47 4096 2878 7.5 3.2 15 12
07:20:01 1 48 4096 2878 7.3 3.2 15 12
07:20:02 1 48 4096 2878 7.3 3.2 15 12
07:20:03 1 47 4096 2878 7.5 3.2 15 12
07:20:04 1 43 4096 2870 8.8 3.2 15 12
07:20:05 1 52 4096 2870 6.0 3.2 15 12
07:20:06 1 51 4096 2870 6.2 3.2 15 12
07:20:07 1 51 4096 2870 6.1 3.2 15 12
07:20:08 1 51 4096 2870 6.3 3.2 15 12
07:20:09 1 51 4096 2870 6.1 3.2 15 12
07:20:10 1 49 4096 2870 6.6 3.2 15 12
07:20:11 1 49 4096 2870 6.7 3.2 15 12
07:20:12 1 50 4096 2870 6.4 3.2 15 12
07:20:13 1 48 4096 2870 6.4 3.2 15 12
07:20:14 1 43 4096 2870 7.8 3.2 15 12
07:20:15 1 51 4096 2870 5.0 3.2 15 12
07:20:17 1 43 4096 2870 8.5 3.2 15 12
07:20:18 1 44 4096 2870 7.9 3.2 15 12
07:20:19 1 45 4096 2870 7.7 3.2 15 12
07:20:20 1 45 4096 2870 7.8 3.2 15 12
07:20:21 1 44 4096 2870 7.9 3.1 15 12
07:20:22 1 45 4096 2870 7.7 3.1 15 12
07:20:23 1 44 4096 2870 7.8 3.1 15 12
07:20:24 1 44 4096 2870 7.8 3.1 15 12
07:20:25 1 45 4096 2870 7.7 3.1 15 12
07:20:26 1 44 4096 2870 7.9 3.1 15 12
07:20:27 1 44 4096 2870 7.8 3.1 15 12
07:20:28 1 44 4096 2870 7.7 3.1 15 12
07:20:29 1 44 4096 2870 7.8 3.1 15 12
07:20:30 1 45 4096 2870 7.7 3.1 15 12
07:20:31 1 45 4096 2870 7.7 3.1 15 12
07:20:33 1 45 4096 2870 7.8 3.2 15 12
07:20:34 1 46 4096 2870 7.3 3.2 15 12
07:20:35 1 45 4096 2870 7.7 3.2 15 12
07:20:36 1 44 4096 2870 7.9 3.2 15 12
07:20:37 1 45 4096 2870 7.7 3.2 15 12
07:20:38 1 45 4096 2870 7.7 3.2 15 12
07:20:39 1 44 4096 2870 7.9 3.2 15 12
07:20:40 1 46 4096 2870 7.4 3.2 15 12
07:20:41 1 46 4096 2870 7.5 3.2 15 12
07:20:42 1 46 4096 2870 7.3 3.2 15 12
07:20:43 1 46 4096 2870 7.3 3.2 15 12
07:20:44 1 46 4096 2870 7.4 3.2 15 12
07:20:45 1 46 4096 2870 7.4 3.2 15 12
07:20:46 1 46 4096 2870 7.3 3.2 15 12
07:20:47 1 46 4096 2870 7.5 3.2 15 12
07:20:49 1 46 4096 2870 7.4 3.2 15 12
07:20:50 1 46 4096 2870 7.3 3.2 15 12
07:20:51 1 46 4096 2870 7.5 3.2 15 12
07:20:52 1 46 4096 2870 7.3 3.2 15 12
07:20:53 1 46 4096 2870 7.3 3.2 15 12
07:20:54 1 46 4096 2870 7.5 3.2 15 12
07:20:55 1 46 4096 2870 7.3 3.2 15 12
07:20:56 1 46 4096 2870 7.4 3.2 15 12
07:20:57 1 46 4096 2870 7.4 3.2 15 12
07:20:58 1 46 4096 2870 7.4 3.2 15 12
07:20:59 1 46 4096 2870 7.5 3.2 15 12
07:21:00 1 46 4096 2870 7.3 3.2 15 12
07:21:01 1 46 4096 2870 7.5 3.2 15 12
07:21:02 1 42 4096 2870 9.0 3.2 15 12
07:21:03 1 49 4096 2870 6.4 3.2 15 12
07:21:04 1 50 4096 2870 6.3 3.2 15 12
07:21:06 1 49 4096 2870 6.6 3.2 15 12
07:21:07 1 51 4096 2870 6.0 3.2 15 12
07:21:08 1 50 4096 2870 6.2 3.2 15 12
07:21:09 1 49 4096 2870 6.7 3.2 15 12
07:21:10 1 49 4096 2870 6.5 3.2 15 12
07:21:11 1 50 4096 2870 6.4 3.2 15 12
07:21:12 1 49 4096 2870 6.6 3.2 15 12
07:21:13 1 47 4096 2870 7.2 3.2 15 12
07:21:14 1 44 4096 2870 8.5 3.2 15 12
07:21:15 1 45 4096 2870 7.9 3.2 15 12
07:21:16 1 46 4096 2870 7.7 3.2 15 12
07:21:17 1 45 4096 2870 7.9 3.2 15 12
07:21:18 1 46 4096 2870 7.7 3.2 15 12
07:21:19 1 46 4096 2870 7.7 3.2 15 12
07:21:20 1 45 4096 2870 7.9 3.2 15 12
07:21:21 1 46 4096 2870 7.7 3.2 15 12
07:21:23 1 46 4096 2870 7.5 3.2 15 12
07:21:24 1 46 4096 2870 7.8 3.2 15 12
07:21:25 1 46 4096 2870 7.5 3.2 15 12
07:21:26 1 46 4096 2870 7.5 3.2 15 12
07:21:27 1 46 4096 2870 7.8 3.2 15 12
07:21:28 1 46 4096 2870 7.6 3.2 15 12
07:21:29 1 46 4096 2870 7.6 3.2 15 12
07:21:30 1 46 4096 2870 7.8 3.2 15 12
07:21:31 1 46 4096 2870 7.5 3.2 15 12
07:21:32 1 45 4096 2870 7.9 3.2 15 12
07:21:33 1 46 4096 2870 7.8 3.2 15 12
07:21:34 1 46 4096 2870 7.7 3.2 15 12
07:21:35 1 45 4096 2870 7.9 3.2 15 12
07:21:36 1 46 4096 2870 7.7 3.2 15 12
07:21:37 1 47 4096 2870 7.4 3.2 15 12
07:21:38 1 46 4096 2870 7.5 3.2 15 12
07:21:40 1 47 4096 2870 7.4 3.2 15 12
07:21:41 1 47 4096 2870 7.3 3.2 15 12
07:21:42 1 46 4096 2870 7.5 3.2 15 12
07:21:43 1 47 4096 2870 7.3 3.2 15 12
07:21:44 1 47 4096 2870 7.3 3.2 15 12
07:21:45 1 46 4096 2870 7.5 3.2 15 12
07:21:46 1 47 4096 2870 7.4 3.2 15 12
07:21:47 1 47 4096 2870 7.3 3.2 15 12
07:21:48 1 46 4096 2870 7.5 3.2 15 12
07:21:49 1 47 4096 2870 7.4 3.2 15 12
07:21:50 1 46 4096 2870 7.5 3.2 15 12
07:21:51 1 47 4096 2870 7.3 3.2 15 12
07:21:52 1 46 4096 2870 7.5 3.2 15 12
07:21:53 1 47 4096 2870 7.5 3.2 15 12
07:21:54 1 47 4096 2870 7.3 3.2 15 12
07:21:55 1 47 4096 2870 7.3 3.2 15 12
07:21:57 1 46 4096 2870 7.5 3.2 15 12
07:21:58 1 47 4096 2870 7.4 3.2 15 12
07:21:59 1 47 4096 2870 7.3 3.2 15 12
07:22:00 1 42 4096 2870 8.8 3.2 15 12
07:22:01 1 50 4096 2870 6.2 3.2 15 12
07:22:02 1 50 4096 2870 6.0 3.2 15 12
07:22:03 1 49 4096 2870 6.3 3.1 15 12
07:22:04 1 50 4096 2870 6.1 3.1 15 12
07:22:05 1 50 4096 2870 6.1 3.1 15 12
07:22:06 1 48 4096 2870 6.7 3.1 15 12
07:22:07 1 49 4096 2870 6.6 3.1 15 12
07:22:08 1 49 4096 2870 6.7 3.2 15 12
07:22:09 1 49 4096 2870 6.6 3.2 15 12
07:22:10 1 45 4096 2870 7.8 3.2 15 12
07:22:11 1 43 4096 2870 8.5 3.2 15 12
07:22:12 1 45 4096 2870 7.9 3.2 15 12
07:22:13 1 45 4096 2870 7.8 3.2 15 12
07:22:15 1 45 4096 2870 8.0 3.2 15 12
07:22:16 1 45 4096 2870 7.9 3.2 15 12
07:22:17 1 45 4096 2870 7.8 3.2 15 12
07:22:18 1 45 4096 2870 7.9 3.2 15 12
07:22:19 1 45 4096 2870 7.8 3.2 15 12
07:22:20 1 45 4096 2870 7.9 3.2 15 12
07:22:21 1 45 4096 2870 7.9 3.2 15 12
07:22:22 1 45 4096 2870 7.9 3.2 15 12
07:22:23 1 45 4096 2870 7.9 3.2 15 12
07:22:24 1 45 4096 2870 7.8 3.2 15 12
07:22:25 1 45 4096 2870 7.8 3.2 15 12
07:22:26 1 45 4096 2870 7.8 3.2 15 12
07:22:27 1 46 4096 2870 7.6 3.2 15 12
07:22:28 1 46 4096 2870 7.6 3.2 15 12
07:22:29 1 46 4096 2870 7.9 3.2 15 12
07:22:31 1 46 4096 2870 7.7 3.2 15 12
07:22:32 1 45 4096 2870 7.8 3.2 15 12
07:22:33 1 45 4096 2870 7.9 3.2 15 12
07:22:34 1 45 4096 2870 7.9 3.2 15 12
07:22:35 1 46 4096 2870 7.4 3.2 15 12
07:22:36 1 46 4096 2870 7.5 3.2 15 12
07:22:37 1 47 4096 2870 7.4 3.2 15 12
07:22:38 1 46 4096 2870 7.4 3.2 15 12
07:22:39 1 46 4096 2870 7.5 3.2 15 12
07:22:40 1 47 4096 2870 7.3 3.2 15 12
07:22:41 1 46 4096 2870 7.5 3.2 15 12
07:22:42 1 46 4096 2870 7.5 3.2 15 12
07:22:43 1 47 4096 2870 7.4 3.2 15 12
07:22:44 1 46 4096 2870 7.5 3.2 15 12
07:22:45 1 47 4096 2870 7.3 3.2 15 12
07:22:46 1 47 4096 2870 7.3 3.2 15 12
07:22:48 1 46 4096 2870 7.5 3.2 15 12
07:22:49 1 47 4096 2870 7.4 3.2 15 12
07:22:50 1 47 4096 2870 7.3 3.2 15 12
07:22:51 1 46 4096 2870 7.5 3.2 15 12
07:22:52 1 47 4096 2870 7.3 3.2 15 12
07:22:53 1 47 4096 2870 7.4 3.2 15 12
07:22:54 1 47 4096 2870 7.5 3.2 15 12
07:22:55 1 47 4096 2870 7.4 3.2 15 12
07:22:56 1 46 4096 2870 7.5 3.2 15 12
07:22:57 1 42 4096 2870 9.0 3.2 15 12
07:22:58 1 50 4096 2870 6.3 3.2 15 12
07:22:59 1 49 4096 2870 6.5 3.2 15 12
07:23:00 1 50 4096 2870 6.4 3.2 15 12
07:23:01 1 51 4096 2870 6.1 3.2 15 12
07:23:02 1 50 4096 2870 6.3 3.2 15 12
07:23:03 1 49 4096 2870 6.6 3.2 15 12
07:23:04 1 49 4096 2870 6.6 3.2 15 12
07:23:06 1 49 4096 2870 6.6 3.2 15 12
07:23:07 1 49 4096 2870 6.4 3.2 15 12
07:23:08 1 46 4096 2870 7.6 3.2 15 12
07:23:09 1 53 4096 2870 5.1 3.2 15 12
07:23:10 1 43 4096 2870 8.5 3.2 15 12
07:23:11 1 45 4096 2870 7.7 3.2 15 12
07:23:12 1 45 4096 2870 7.9 3.2 15 12
07:23:13 1 45 4096 2870 7.8 3.2 15 12
07:23:14 1 45 4096 2870 7.8 3.2 15 12
07:23:15 1 45 4096 2870 7.9 3.2 15 12
07:23:16 1 45 4096 2870 7.7 3.2 15 12
07:23:17 1 45 4096 2870 7.9 3.2 15 12
07:23:18 1 46 4096 2870 7.5 3.2 15 12
07:23:19 1 46 4096 2870 7.5 3.2 15 12
07:23:20 1 45 4096 2870 7.8 3.2 15 12
07:23:21 1 46 4096 2870 7.6 3.2 15 12
07:23:23 1 46 4096 2870 7.5 3.2 15 12
07:23:24 1 45 4096 2870 7.8 3.2 15 12
07:23:25 1 46 4096 2870 7.5 3.2 15 12
07:23:26 1 45 4096 2870 7.7 3.2 15 12
07:23:27 1 46 4096 2870 7.5 3.2 15 12
07:23:28 1 45 4096 2870 7.7 3.2 15 12
07:23:29 1 45 4096 2870 7.8 3.2 15 12
07:23:30 1 44 4096 2870 7.9 3.2 15 12
07:23:31 1 45 4096 2870 7.8 3.2 15 12
07:23:32 1 45 4096 2870 7.9 3.2 15 12
07:23:33 1 46 4096 2870 7.4 3.2 15 12
07:23:34 1 47 4096 2870 7.3 3.2 15 12
07:23:35 1 46 4096 2870 7.5 3.2 15 12
07:23:36 1 47 4096 2870 7.3 3.2 15 12
07:23:37 1 46 4096 2870 7.4 3.2 15 12
07:23:39 1 46 4096 2870 7.5 3.2 15 12
07:23:40 1 46 4096 2870 7.4 3.2 15 12
07:23:41 1 47 4096 2870 7.3 3.2 15 12
07:23:42 1 46 4096 2870 7.4 3.2 15 12
07:23:43 1 46 4096 2870 7.4 3.2 15 12
07:23:44 1 47 4096 2870 7.3 3.2 15 12
07:23:45 1 46 4096 2870 7.5 3.2 15 12
07:23:46 1 47 4096 2870 7.3 3.2 15 12
07:23:47 1 46 4096 2870 7.5 3.2 15 12
07:23:48 1 46 4096 2870 7.5 3.2 15 12
07:23:49 1 46 4096 2870 7.4 3.2 15 12
07:23:50 1 46 4096 2870 7.5 3.2 15 12
07:23:51 1 47 4096 2870 7.3 3.2 15 12
07:23:52 1 46 4096 2870 7.4 3.2 15 12
07:23:53 1 46 4096 2870 7.5 3.2 15 12
07:23:54 1 42 4096 2870 8.8 3.2 15 12
07:23:55 1 43 4096 2870 8.4 3.2 15 12
07:23:57 1 50 4096 2870 6.2 3.2 15 12
07:23:58 1 50 4096 2870 6.1 3.2 15 12
07:23:59 1 50 4096 2870 6.2 3.2 15 12
07:24:00 1 50 4096 2870 6.2 3.2 15 12
07:24:01 1 49 4096 2870 6.6 3.2 15 12
07:24:02 1 49 4096 2870 6.5 3.2 15 12
07:24:03 1 49 4096 2870 6.7 3.2 15 12
07:24:04 1 49 4096 2870 6.4 3.2 15 12
07:24:05 1 45 4096 2870 7.7 3.2 15 12
07:24:06 1 46 4096 2870 7.5 3.2 15 12
07:24:07 1 43 4096 2870 8.4 3.2 15 12
07:24:08 1 45 4096 2870 7.9 3.2 15 12
07:24:09 1 46 4096 2870 7.7 3.2 15 12
07:24:10 1 45 4096 2870 7.7 3.2 15 12
07:24:11 1 45 4096 2870 7.9 3.2 15 12
07:24:12 1 45 4096 2870 7.8 3.2 15 12
07:24:13 1 46 4096 2870 7.7 3.2 15 12
07:24:15 1 45 4096 2870 7.9 3.2 15 12
07:24:16 1 46 4096 2870 7.5 3.2 15 12
07:24:17 1 46 4096 2870 7.7 3.2 15 12
07:24:18 1 45 4096 2870 7.7 3.2 15 12
07:24:19 1 46 4096 2870 7.6 3.2 15 12
07:24:20 1 46 4096 2870 7.5 3.2 15 12
07:24:21 1 45 4096 2870 7.8 3.2 15 12
07:24:22 1 46 4096 2870 7.5 3.2 15 12
07:24:23 1 45 4096 2870 7.8 3.2 15 12
07:24:24 1 45 4096 2870 7.8 3.2 15 12
07:24:25 1 46 4096 2870 7.7 3.2 15 12
07:24:26 1 45 4096 2870 7.9 3.2 15 12
07:24:27 1 46 4096 2870 7.6 3.2 15 12
07:24:28 1 46 4096 2870 7.7 3.2 15 12
07:24:29 1 45 4096 2870 7.9 3.2 15 12
07:24:31 1 47 4096 2870 7.3 3.2 15 12
07:24:32 1 46 4096 2870 7.4 3.2 15 12
07:24:33 1 46 4096 2870 7.5 3.2 15 12
07:24:34 1 47 4096 2870 7.3 3.2 15 12
07:24:35 1 46 4096 2870 7.4 3.2 15 12
07:24:36 1 46 4096 2870 7.5 3.2 15 12
07:24:37 1 47 4096 2870 7.3 3.2 15 12
07:24:38 1 47 4096 2870 7.3 3.2 15 12
07:24:39 1 46 4096 2870 7.4 3.2 15 12
07:24:40 1 47 4096 2870 7.3 3.2 15 12
07:24:41 1 46 4096 2870 7.5 3.2 15 12
07:24:42 1 46 4096 2870 7.4 3.2 15 12
07:24:43 1 46 4096 2870 7.4 3.2 15 12
07:24:44 1 46 4096 2870 7.4 3.2 15 12
07:24:45 1 47 4096 2870 7.3 3.2 15 12
07:24:46 1 47 4096 2870 7.3 3.2 15 12
07:24:48 1 46 4096 2870 7.5 3.2 15 12
07:24:49 1 47 4096 2870 7.3 3.2 15 12
07:24:50 1 47 4096 2870 7.3 3.2 15 12
07:24:51 1 47 4096 2870 7.4 3.2 15 12
07:24:52 1 47 4096 2870 7.3 3.2 15 12
07:24:53 1 42 4096 2870 8.8 3.2 15 12
07:24:54 1 49 4096 2870 6.5 3.2 15 12
07:24:55 1 50 4096 2870 6.2 3.2 15 12
07:24:56 1 49 4096 2870 6.4 3.2 15 12
07:24:57 1 50 4096 2870 6.3 3.2 15 12
07:24:58 1 49 4096 2870 6.4 3.2 15 12
07:24:59 1 49 4096 2870 6.7 3.2 15 12
07:25:00 1 49 4096 2870 6.4 3.2 15 12
07:25:01 1 50 4096 2870 6.4 3.2 15 12
07:25:02 1 49 4096 2870 6.6 3.2 15 12
07:25:03 1 47 4096 2870 7.3 3.2 15 12
07:25:04 1 43 4096 2870 8.6 3.2 15 12
07:25:06 1 45 4096 2870 7.9 3.2 15 12
07:25:07 1 45 4096 2870 7.8 3.2 15 12
07:25:08 1 45 4096 2870 7.7 3.2 15 12
07:25:09 1 45 4096 2870 7.9 3.2 15 12
07:25:10 1 45 4096 2870 7.8 3.2 15 12
07:25:11 1 45 4096 2870 7.8 3.2 15 12
07:25:12 1 45 4096 2870 7.9 3.2 15 12
07:25:13 1 46 4096 2870 7.6 3.2 15 12
07:25:14 1 45 4096 2870 7.8 3.2 15 12
07:25:15 1 46 4096 2870 7.6 3.2 15 12
07:25:16 1 46 4096 2870 7.5 3.2 15 12
07:25:17 1 45 4096 2870 7.8 3.2 15 12
07:25:18 1 46 4096 2870 7.6 3.2 15 12
07:25:19 1 46 4096 2870 7.5 3.2 15 12
07:25:20 1 45 4096 2870 7.8 3.2 15 12
07:25:21 1 46 4096 2870 7.5 3.2 15 12
07:25:23 1 45 4096 2870 7.7 3.2 15 12
07:25:24 1 45 4096 2870 7.9 3.2 15 12
07:25:25 1 45 4096 2870 7.7 3.2 15 12
07:25:26 1 45 4096 2870 7.7 3.2 15 12
07:25:27 1 45 4096 2870 7.9 3.2 15 12
07:25:28 1 47 4096 2870 7.3 3.2 15 12
07:25:29 1 46 4096 2870 7.4 3.2 15 12
07:25:30 1 46 4096 2870 7.4 3.2 15 12
07:25:31 1 46 4096 2870 7.4 3.2 15 12
07:25:32 1 46 4096 2870 7.5 3.2 15 12
07:25:33 1 47 4096 2870 7.3 3.2 15 12
07:25:34 1 46 4096 2870 7.4 3.2 15 12
07:25:35 1 46 4096 2870 7.5 3.2 15 12
07:25:36 1 47 4096 2870 7.3 3.2 15 12
07:25:37 1 47 4096 2870 7.3 3.2 15 12
07:25:39 1 46 4096 2870 7.5 3.2 15 12
07:25:40 1 47 4096 2870 7.3 3.2 15 12
07:25:41 1 46 4096 2870 7.4 3.2 15 12
07:25:42 1 46 4096 2870 7.4 3.2 15 12
07:25:43 1 47 4096 2870 7.3 3.2 15 12
07:25:44 1 47 4096 2870 7.3 3.2 15 12
07:25:45 1 46 4096 2870 7.5 3.2 15 12
07:25:46 1 47 4096 2870 7.3 3.2 15 12
07:25:47 1 46 4096 2870 7.5 3.2 15 12
07:25:48 1 46 4096 2870 7.4 3.2 15 12
07:25:49 1 47 4096 2870 7.3 3.2 15 12
07:25:50 1 42 4096 2870 8.8 3.2 15 12
07:25:51 1 50 4096 2870 6.1 3.2 15 12
07:25:52 1 50 4096 2870 6.0 3.2 15 12
07:25:53 1 50 4096 2870 6.2 3.2 15 12
07:25:54 1 50 4096 2870 6.1 3.2 15 12
07:25:56 1 50 4096 2870 6.0 3.2 15 12
07:25:57 1 48 4096 2870 6.7 3.2 15 12
07:25:58 1 49 4096 2870 6.5 3.2 15 12
07:25:59 1 49 4096 2870 6.5 3.2 15 12
07:26:00 1 48 4096 2870 6.6 3.2 15 12
07:26:01 1 45 4096 2870 7.7 3.2 15 12
07:26:02 1 43 4096 2870 8.3 3.2 15 12
07:26:03 1 45 4096 2870 7.9 3.2 15 12
07:26:04 1 45 4096 2870 7.7 3.2 15 12
07:26:05 1 44 4096 2870 7.9 3.2 15 12
07:26:06 1 44 4096 2870 7.9 3.2 15 12
07:26:07 1 45 4096 2870 7.7 3.2 15 12
07:26:08 1 44 4096 2870 7.9 3.2 15 12
07:26:09 1 45 4096 2870 7.8 3.2 15 12
07:26:10 1 45 4096 2870 7.8 3.2 15 12
07:26:11 1 45 4096 2870 7.8 3.2 15 12
07:26:13 1 45 4096 2870 7.7 3.2 15 12
07:26:14 1 46 4096 2870 7.5 3.2 15 12
07:26:15 1 45 4096 2870 7.8 3.2 15 12
07:26:16 1 46 4096 2870 7.5 3.2 15 12
07:26:17 1 45 4096 2870 7.7 3.2 15 12
07:26:18 1 45 4096 2870 7.6 3.2 15 12
07:26:19 1 45 4096 2870 7.7 3.2 15 12
07:26:20 1 45 4096 2870 7.9 3.2 15 12
07:26:21 1 45 4096 2870 7.7 3.2 15 12
07:26:22 1 45 4096 2870 7.8 3.2 15 12
07:26:23 1 45 4096 2870 7.9 3.2 15 12
07:26:24 1 45 4096 2870 7.8 3.2 15 12
07:26:25 1 46 4096 2870 7.3 3.2 15 12
07:26:26 1 46 4096 2870 7.5 3.2 15 12
07:26:27 1 46 4096 2870 7.4 3.2 15 12
07:26:28 1 46 4096 2870 7.3 3.2 15 12
07:26:30 1 46 4096 2870 7.4 3.2 15 12
07:26:31 1 46 4096 2870 7.4 3.2 15 12
07:26:32 1 46 4096 2870 7.3 3.2 15 12
07:26:33 1 46 4096 2870 7.5 3.2 15 12
07:26:34 1 46 4096 2870 7.3 3.2 15 12
07:26:35 1 46 4096 2870 7.3 3.2 15 12
07:26:36 1 46 4096 2870 7.5 3.2 15 12
07:26:37 1 46 4096 2870 7.4 3.2 15 12
07:26:38 1 46 4096 2870 7.5 3.2 15 12
07:26:39 1 46 4096 2870 7.3 3.2 15 12
07:26:40 1 46 4096 2870 7.3 3.2 15 12
07:26:41 1 46 4096 2870 7.5 3.2 15 12
07:26:42 1 46 4096 2870 7.3 3.2 15 12
07:26:43 1 46 4096 2870 7.3 3.2 15 12
07:26:44 1 46 4096 2870 7.5 3.2 15 12
07:26:46 1 46 4096 2870 7.3 3.2 15 12
07:26:47 1 46 4096 2870 7.4 3.2 15 12
07:26:48 1 41 4096 2870 9.1 3.2 15 12
07:26:49 1 50 4096 2870 6.2 3.2 15 12
07:26:50 1 50 4096 2870 6.2 3.2 15 12
07:26:51 1 49 4096 2870 6.5 3.2 15 12
07:26:52 1 50 4096 2870 6.1 3.2 15 12
07:26:53 1 50 4096 2870 6.1 3.2 15 12
07:26:54 1 48 4096 2870 6.7 3.2 15 12
07:26:55 1 49 4096 2870 6.4 3.2 15 12
07:26:56 1 49 4096 2870 6.6 3.2 15 12
07:26:57 1 49 4096 2870 6.5 3.2 15 12
07:26:58 1 46 4096 2870 7.6 3.2 15 12
07:26:59 1 50 4096 2870 6.2 3.2 15 12
07:27:00 1 43 4096 2870 8.4 3.2 15 12
07:27:01 1 45 4096 2870 7.7 3.2 15 12
07:27:02 1 45 4096 2870 7.9 3.2 15 12
07:27:03 1 45 4096 2870 7.7 3.2 15 12
07:27:05 1 45 4096 2870 7.7 3.2 15 12
07:27:06 1 45 4096 2870 7.9 3.2 15 12
07:27:07 1 45 4096 2870 7.7 3.2 15 12
07:27:08 1 45 4096 2870 7.7 3.2 15 12
07:27:09 1 45 4096 2870 7.9 3.2 15 12
07:27:10 1 45 4096 2870 7.6 3.2 15 12
07:27:11 1 45 4096 2870 7.6 3.2 15 12
07:27:12 1 45 4096 2870 7.9 3.2 15 12
07:27:13 1 45 4096 2870 7.7 3.2 15 12
07:27:14 1 45 4096 2870 7.8 3.2 15 12
07:27:15 1 46 4096 2870 7.5 3.2 15 12
07:27:16 1 46 4096 2870 7.5 3.2 15 12
07:27:17 1 46 4096 2870 7.5 3.2 15 12
07:27:18 1 45 4096 2870 7.7 3.2 15 12
07:27:19 1 45 4096 2870 7.6 3.2 15 12
07:27:21 1 45 4096 2870 7.9 3.2 15 12
07:27:22 1 45 4096 2870 7.7 3.2 15 12
07:27:23 1 45 4096 2870 7.7 3.2 15 12
07:27:24 1 46 4096 2870 7.5 3.2 15 12
07:27:25 1 47 4096 2870 7.3 3.2 15 12
07:27:26 1 47 4096 2870 7.3 3.2 15 12
07:27:27 1 46 4096 2870 7.5 3.2 15 12
07:27:28 1 47 4096 2870 7.3 3.2 15 12
07:27:29 1 47 4096 2870 7.3 3.2 15 12
07:27:30 1 46 4096 2870 7.5 3.2 15 12
07:27:31 1 47 4096 2870 7.3 3.2 15 12
07:27:32 1 46 4096 2870 7.5 3.2 15 12
07:27:33 1 46 4096 2870 7.4 3.2 15 12
07:27:34 1 47 4096 2870 7.3 3.2 15 12
07:27:35 1 46 4096 2870 7.5 3.2 15 12
07:27:36 1 47 4096 2870 7.3 3.2 15 12
07:27:38 1 47 4096 2870 7.3 3.2 15 12
07:27:39 1 46 4096 2870 7.5 3.2 15 12
07:27:40 1 47 4096 2870 7.3 3.2 15 12
07:27:41 1 47 4096 2870 7.3 3.2 15 12
07:27:42 1 46 4096 2870 7.5 3.2 15 12
07:27:43 1 47 4096 2870 7.3 3.2 15 12
07:27:44 1 47 4096 2870 7.3 3.2 15 12
07:27:45 1 42 4096 2870 8.9 3.2 15 12
07:27:46 1 50 4096 2870 6.0 3.2 15 12
07:27:47 1 50 4096 2870 6.2 3.2 15 12
07:27:48 1 49 4096 2870 6.3 3.2 15 12
07:27:49 1 50 4096 2870 6.1 3.2 15 12
07:27:50 1 50 4096 2870 6.2 3.2 15 12
07:27:51 1 49 4096 2870 6.4 3.2 15 12
07:27:52 1 49 4096 2870 6.5 3.2 15 12
07:27:53 1 49 4096 2870 6.6 3.2 15 12
07:27:54 1 49 4096 2870 6.5 3.2 15 12
07:27:55 1 45 4096 2870 7.7 3.2 15 12
07:27:57 1 50 4096 2870 6.2 3.2 15 12
07:27:58 1 43 4096 2870 8.4 3.2 15 12
07:27:59 1 45 4096 2870 7.8 3.2 15 12
07:28:00 1 45 4096 2870 7.9 3.2 15 12
07:28:01 1 45 4096 2870 7.8 3.2 15 12
07:28:02 1 45 4096 2870 7.8 3.2 15 12
07:28:03 1 45 4096 2870 7.9 3.2 15 12
07:28:04 1 45 4096 2870 7.7 3.2 15 12
07:28:05 1 45 4096 2870 7.8 3.2 15 12
07:28:06 1 45 4096 2870 7.7 3.2 15 12
07:28:07 1 45 4096 2870 7.6 3.2 15 12
07:28:08 1 45 4096 2870 7.8 3.2 15 12
07:28:09 1 46 4096 2870 7.5 3.2 15 12
07:28:10 1 46 4096 2870 7.5 3.2 15 12
07:28:11 1 45 4096 2870 7.7 3.2 15 12
07:28:12 1 46 4096 2870 7.5 3.2 15 12
07:28:14 1 46 4096 2870 7.5 3.2 15 12
07:28:15 1 46 4096 2870 7.5 3.2 15 12
07:28:16 1 45 4096 2870 7.7 3.2 15 12
07:28:17 1 45 4096 2870 7.8 3.2 15 12
07:28:18 1 45 4096 2870 7.9 3.2 15 12
07:28:19 1 45 4096 2870 7.7 3.2 15 12
07:28:20 1 45 4096 2870 7.6 3.2 15 12
07:28:21 1 46 4096 2870 7.5 3.2 15 12
07:28:22 1 46 4096 2870 7.4 3.2 15 12
07:28:23 1 46 4096 2870 7.4 3.2 15 12
07:28:24 1 46 4096 2870 7.3 3.2 15 12
07:28:25 1 46 4096 2870 7.3 3.2 15 12
07:28:26 1 46 4096 2870 7.5 3.2 15 12
07:28:27 1 46 4096 2870 7.3 3.2 15 12
07:28:28 1 46 4096 2870 7.3 3.2 15 12
07:28:29 1 46 4096 2870 7.5 3.2 15 12
07:28:31 1 46 4096 2870 7.3 3.2 15 12
07:28:32 1 47 4096 2870 7.3 3.2 15 12
07:28:33 1 46 4096 2870 7.5 3.2 15 12
07:28:34 1 46 4096 2870 7.4 3.2 15 12
07:28:35 1 46 4096 2870 7.3 3.2 15 12
07:28:36 1 46 4096 2870 7.5 3.2 15 12
07:28:37 1 46 4096 2870 7.3 3.2 15 12
07:28:38 1 46 4096 2870 7.5 3.2 15 12
07:28:39 1 46 4096 2870 7.5 3.2 15 12
07:28:40 1 46 4096 2870 7.3 3.2 15 12
07:28:41 1 46 4096 2870 7.5 3.2 15 12
07:28:42 1 42 4096 2870 8.9 3.2 15 12
07:28:43 1 46 4096 2870 7.5 3.2 15 12
07:28:44 1 49 4096 2870 6.5 3.2 15 12
07:28:45 1 49 4096 2870 6.3 3.2 15 12
07:28:46 1 49 4096 2870 6.3 3.2 15 12
07:28:48 1 50 4096 2870 6.2 3.2 15 12
07:28:49 1 49 4096 2870 6.4 3.2 15 12
07:28:50 1 49 4096 2870 6.4 3.2 15 12
07:28:51 1 48 4096 2870 6.6 3.2 15 12
07:28:52 1 49 4096 2870 6.4 3.2 15 12
07:28:53 1 45 4096 2870 7.7 3.2 15 12
07:28:54 1 53 4096 2870 5.0 3.2 15 12
07:28:55 1 43 4096 2870 8.4 3.2 15 12
07:28:56 1 45 4096 2870 7.7 3.2 15 12
07:28:57 1 45 4096 2870 7.9 3.2 15 12
07:28:58 1 45 4096 2870 7.7 3.2 15 12
07:28:59 1 45 4096 2870 7.8 3.2 15 12
07:29:00 1 45 4096 2870 7.7 3.2 15 12
07:29:01 1 45 4096 2870 7.7 3.2 15 12
07:29:02 1 45 4096 2870 7.9 3.2 15 12
07:29:03 1 45 4096 2870 7.7 3.2 15 12
07:29:05 1 46 4096 2870 7.5 3.2 15 12
07:29:06 1 45 4096 2870 7.7 3.2 15 12
07:29:07 1 46 4096 2870 7.5 3.2 15 12
07:29:08 1 45 4096 2870 7.6 3.2 15 12
07:29:09 1 45 4096 2870 7.7 3.2 15 12
07:29:10 1 45 4096 2870 7.6 3.2 15 12
07:29:11 1 46 4096 2870 7.5 3.2 15 12
07:29:12 1 45 4096 2870 7.5 3.2 15 12
07:29:13 1 45 4096 2870 7.7 3.2 15 12
07:29:14 1 45 4096 2870 7.9 3.2 15 12
07:29:15 1 45 4096 2870 7.9 3.2 15 12
07:29:16 1 45 4096 2870 7.8 3.2 15 12
07:29:17 1 45 4096 2870 7.9 3.2 15 12
07:29:18 1 46 4096 2870 7.4 3.2 15 12
07:29:19 1 46 4096 2870 7.4 3.2 15 12
07:29:20 1 46 4096 2870 7.5 3.2 15 12
07:29:22 1 46 4096 2870 7.3 3.2 15 12
07:29:23 1 46 4096 2870 7.3 3.2 15 12
07:29:24 1 46 4096 2870 7.5 3.2 15 12
07:29:25 1 47 4096 2870 7.3 3.2 15 12
07:29:26 1 47 4096 2870 7.3 3.2 15 12
07:29:27 1 46 4096 2870 7.5 3.2 15 12
07:29:28 1 47 4096 2870 7.3 3.2 15 12
07:29:29 1 47 4096 2870 7.3 3.2 15 12
07:29:30 1 46 4096 2870 7.5 3.2 15 12
07:29:31 1 47 4096 2870 7.4 3.2 15 12
07:29:32 1 46 4096 2870 7.5 3.2 15 12
07:29:33 1 47 4096 2870 7.3 3.2 15 12
07:29:34 1 47 4096 2870 7.3 3.2 15 12
07:29:35 1 46 4096 2870 7.5 3.2 15 12
07:29:36 1 47 4096 2870 7.3 3.2 15 12
07:29:37 1 47 4096 2870 7.4 3.2 15 12
07:29:39 1 46 4096 2870 7.5 3.2 15 12
07:29:40 1 47 4096 2870 7.3 3.2 15 12
07:29:41 1 43 4096 2870 8.6 3.2 15 12
07:29:42 1 50 4096 2870 6.2 3.2 15 12
07:29:43 1 51 4096 2870 6.0 3.2 15 12
07:29:44 1 50 4096 2870 6.1 3.2 15 12
07:29:45 1 50 4096 2870 6.3 3.2 15 12
07:29:46 1 51 4096 2870 6.0 3.2 15 12
07:29:47 1 49 4096 2870 6.6 3.2 15 12
07:29:48 1 49 4096 2870 6.7 3.2 15 12
07:29:49 1 49 4096 2870 6.5 3.2 15 12
07:29:50 1 49 4096 2870 6.6 3.2 15 12
07:29:51 1 46 4096 2870 7.7 3.2 15 12
07:29:52 1 44 4096 2870 8.3 3.2 15 12
07:29:53 1 45 4096 2870 7.8 3.2 15 12
07:29:54 1 46 4096 2870 7.6 3.2 15 12
07:29:55 1 46 4096 2870 7.7 3.2 15 12
07:29:57 1 45 4096 2870 7.9 3.2 15 12
07:29:58 1 46 4096 2870 7.7 3.2 15 12
07:29:59 1 46 4096 2870 7.7 3.2 15 12
07:30:00 1 45 4096 2870 7.9 3.2 15 12
07:30:01 1 46 4096 2870 7.6 3.2 15 12
07:30:02 1 46 4096 2870 7.6 3.2 15 12
07:30:03 1 45 4096 2870 7.7 3.2 15 12
07:30:04 1 46 4096 2870 7.6 3.2 15 12
07:30:05 1 46 4096 2870 7.6 3.2 15 12
07:30:06 1 46 4096 2870 7.7 3.2 15 12
07:30:07 1 46 4096 2870 7.6 3.2 15 12
07:30:08 1 45 4096 2870 7.8 3.2 15 12
07:30:09 1 46 4096 2870 7.5 3.2 15 12
07:30:10 1 45 4096 2870 7.7 3.2 15 12
07:30:11 1 45 4096 2870 7.9 3.2 15 12
07:30:12 1 45 4096 2870 7.6 3.2 15 12
07:30:14 1 45 4096 2870 7.8 3.2 15 12
07:30:15 1 45 4096 2870 7.8 3.2 15 12
07:30:16 1 46 4096 2870 7.3 3.2 15 12
07:30:17 1 46 4096 2870 7.3 3.2 15 12
07:30:18 1 45 4096 2870 7.6 3.2 15 12
07:30:19 1 45 4096 2870 7.5 3.2 15 12
07:30:20 1 45 4096 2870 7.5 3.2 15 12
07:30:21 1 45 4096 2870 7.6 3.2 15 12
07:30:22 1 45 4096 2870 7.5 3.2 15 12
07:30:23 1 45 4096 2870 7.7 3.2 15 12
07:30:24 1 45 4096 2870 7.6 3.2 15 12
07:30:25 1 45 4096 2870 7.5 3.2 15 12
07:30:26 1 45 4096 2870 7.6 3.2 15 12
07:30:27 1 45 4096 2870 7.5 3.2 15 12
07:30:29 1 45 4096 2870 7.5 3.2 15 12
07:30:30 1 45 4096 2870 7.6 3.2 15 12
07:30:31 1 45 4096 2870 7.5 3.2 15 12
07:30:32 1 45 4096 2870 7.5 3.2 15 12
07:30:33 1 45 4096 2870 7.6 3.2 15 12
07:30:34 1 46 4096 2870 7.5 3.2 15 12
07:30:35 1 46 4096 2870 7.5 3.2 15 12
07:30:36 1 46 4096 2870 7.4 3.2 15 12
07:30:37 1 46 4096 2870 7.4 3.2 15 12
07:30:38 1 41 4096 2870 9.1 3.2 15 12
07:30:39 1 46 4096 2870 7.5 3.2 15 12
07:30:40 1 50 4096 2870 6.3 3.2 15 12
07:30:41 1 49 4096 2870 6.6 3.2 15 12
07:30:42 1 50 4096 2870 6.1 3.2 15 12
07:30:43 1 50 4096 2870 6.0 3.2 15 12
07:30:44 1 48 4096 2870 6.7 3.2 15 12
07:30:46 1 49 4096 2870 6.5 3.2 15 12
07:30:47 1 49 4096 2870 6.4 3.2 15 12
07:30:48 1 48 4096 2870 6.6 3.2 15 12
07:30:49 1 46 4096 2870 7.6 3.2 15 12
07:30:50 1 47 4096 2870 7.2 3.2 15 12
07:30:51 1 46 4096 2870 7.3 3.2 15 12
07:30:52 1 50 4096 2870 6.0 3.2 15 12
07:30:53 1 50 4096 2870 6.0 3.2 15 12
07:30:54 1 50 4096 2870 6.2 3.2 15 12
07:30:55 1 50 4096 2870 6.1 3.2 15 12
07:30:56 1 50 4096 2870 6.1 3.2 15 12
07:30:57 1 51 4096 2870 5.9 3.2 15 12
07:30:58 1 51 4096 2870 5.9 3.2 15 12
07:30:59 1 47 4096 2870 7.3 3.4 15 12
07:31:00 1 60 4096 2870 2.9 3.4 15 12
07:31:01 1 60 4096 2870 2.9 3.4 15 12
07:31:02 1 59 4096 2870 3.1 3.5 15 12
