{
    "Community": {
        "precision": 0.508324661810614,
        "recall": 0.5312669929309407,
        "f1-score": 0.5195426748205264,
        "support": 1839.0
    },
    "Entertainment": {
        "precision": 0.43198992443324935,
        "recall": 0.37609649122807015,
        "f1-score": 0.40211019929660025,
        "support": 912.0
    },
    "Food": {
        "precision": 0.5682664460074472,
        "recall": 0.5987358326068003,
        "f1-score": 0.583103375079601,
        "support": 4588.0
    },
    "Nightlife": {
        "precision": 0.39204545454545453,
        "recall": 0.2292358803986711,
        "f1-score": 0.2893081761006289,
        "support": 602.0
    },
    "Outdoors": {
        "precision": 0.44857389801210024,
        "recall": 0.4792243767313019,
        "f1-score": 0.46339285714285716,
        "support": 1083.0
    },
    "Shopping": {
        "precision": 0.6068780889621087,
        "recall": 0.6126819126819126,
        "f1-score": 0.6097661907717774,
        "support": 4810.0
    },
    "Travel": {
        "precision": 0.4547346514047867,
        "recall": 0.41938579654510555,
        "f1-score": 0.436345481777334,
        "support": 1042.0
    },
    "macro avg": {
        "precision": 0.48725901788225157,
        "recall": 0.4638038975889717,
        "f1-score": 0.4719384221413322,
        "support": 14876.0
    },
    "weighted avg": {
        "precision": 0.5411887824879006,
        "recall": 0.545038988975531,
        "f1-score": 0.5418867384741315,
        "support": 14876.0
    }
}