{
    "model": {
        "joint_score": {
            "mean": 0.5637941211462021,
            "std": 0,
            "min": 0.5637941211462021,
            "max": 0.5637941211462021
        },
        "loss": {
            "mean": 1.0369828053009815,
            "std": 0,
            "min": 1.0369828053009815,
            "max": 1.0369828053009815
        }
    },
    "category": {
        "accuracy": {
            "mean": 0.7961391806602478,
            "std": 0,
            "min": 0.7961391806602478,
            "max": 0.7961391806602478
        },
        "accuracy_macro": {
            "mean": 0.7729004621505737,
            "std": 0,
            "min": 0.7729004621505737,
            "max": 0.7729004621505737
        },
        "f1": {
            "mean": 0.7648522853851318,
            "std": 0,
            "min": 0.7648522853851318,
            "max": 0.7648522853851318
        },
        "f1_weighted": {
            "mean": 0.7965666055679321,
            "std": 0,
            "min": 0.7965666055679321,
            "max": 0.7965666055679321
        },
        "mrr": {
            "mean": 0.8838716149330139,
            "std": 0,
            "min": 0.8838716149330139,
            "max": 0.8838716149330139
        },
        "top3_acc": {
            "mean": 0.9723069071769714,
            "std": 0,
            "min": 0.9723069071769714,
            "max": 0.9723069071769714
        },
        "ndcg_3": {
            "mean": 0.9021995067596436,
            "std": 0,
            "min": 0.9021995067596436,
            "max": 0.9021995067596436
        },
        "top5_acc": {
            "mean": 0.9954142570495605,
            "std": 0,
            "min": 0.9954142570495605,
            "max": 0.9954142570495605
        },
        "ndcg_5": {
            "mean": 0.9118179082870483,
            "std": 0,
            "min": 0.9118179082870483,
            "max": 0.9118179082870483
        },
        "loss": {
            "mean": 0.5637291150215344,
            "std": 0,
            "min": 0.5637291150215344,
            "max": 0.5637291150215344
        }
    },
    "next": {
        "accuracy": {
            "mean": 0.43444281816482544,
            "std": 0,
            "min": 0.43444281816482544,
            "max": 0.43444281816482544
        },
        "accuracy_macro": {
            "mean": 0.3641170263290405,
            "std": 0,
            "min": 0.3641170263290405,
            "max": 0.3641170263290405
        },
        "f1": {
            "mean": 0.36273595690727234,
            "std": 0,
            "min": 0.36273595690727234,
            "max": 0.36273595690727234
        },
        "f1_weighted": {
            "mean": 0.4207184314727783,
            "std": 0,
            "min": 0.4207184314727783,
            "max": 0.4207184314727783
        },
        "mrr": {
            "mean": 0.6345771551132202,
            "std": 0,
            "min": 0.6345771551132202,
            "max": 0.6345771551132202
        },
        "top3_acc": {
            "mean": 0.7933833599090576,
            "std": 0,
            "min": 0.7933833599090576,
            "max": 0.7933833599090576
        },
        "ndcg_3": {
            "mean": 0.6437900066375732,
            "std": 0,
            "min": 0.6437900066375732,
            "max": 0.6437900066375732
        },
        "top5_acc": {
            "mean": 0.9323759078979492,
            "std": 0,
            "min": 0.9323759078979492,
            "max": 0.9323759078979492
        },
        "ndcg_5": {
            "mean": 0.7011228799819946,
            "std": 0,
            "min": 0.7011228799819946,
            "max": 0.7011228799819946
        },
        "loss": {
            "mean": 1.5102362021421776,
            "std": 0,
            "min": 1.5102362021421776,
            "max": 1.5102362021421776
        }
    },
    "_selection": {
        "primary": "joint_score",
        "diagnostic_task_best": "per-task best validation f1"
    },
    "diagnostic_task_best": {
        "category": {
            "accuracy": {
                "mean": 0.7956036925315857,
                "std": 0,
                "min": 0.7956036925315857,
                "max": 0.7956036925315857
            },
            "accuracy_macro": {
                "mean": 0.7730380296707153,
                "std": 0,
                "min": 0.7730380296707153,
                "max": 0.7730380296707153
            },
            "f1": {
                "mean": 0.7691103219985962,
                "std": 0,
                "min": 0.7691103219985962,
                "max": 0.7691103219985962
            },
            "f1_weighted": {
                "mean": 0.7961422204971313,
                "std": 0,
                "min": 0.7961422204971313,
                "max": 0.7961422204971313
            },
            "mrr": {
                "mean": 0.8823298811912537,
                "std": 0,
                "min": 0.8823298811912537,
                "max": 0.8823298811912537
            },
            "top3_acc": {
                "mean": 0.9688194990158081,
                "std": 0,
                "min": 0.9688194990158081,
                "max": 0.9688194990158081
            },
            "ndcg_3": {
                "mean": 0.8997387290000916,
                "std": 0,
                "min": 0.8997387290000916,
                "max": 0.8997387290000916
            },
            "top5_acc": {
                "mean": 0.9919543266296387,
                "std": 0,
                "min": 0.9919543266296387,
                "max": 0.9919543266296387
            },
            "ndcg_5": {
                "mean": 0.9093784689903259,
                "std": 0,
                "min": 0.9093784689903259,
                "max": 0.9093784689903259
            },
            "loss": {
                "mean": 0.8351334791917068,
                "std": 0,
                "min": 0.8351334791917068,
                "max": 0.8351334791917068
            }
        },
        "next": {
            "accuracy": {
                "mean": 0.43422919511795044,
                "std": 0,
                "min": 0.43422919511795044,
                "max": 0.43422919511795044
            },
            "accuracy_macro": {
                "mean": 0.36343464255332947,
                "std": 0,
                "min": 0.36343464255332947,
                "max": 0.36343464255332947
            },
            "f1": {
                "mean": 0.3629409968852997,
                "std": 0,
                "min": 0.3629409968852997,
                "max": 0.3629409968852997
            },
            "f1_weighted": {
                "mean": 0.41974806785583496,
                "std": 0,
                "min": 0.41974806785583496,
                "max": 0.41974806785583496
            },
            "mrr": {
                "mean": 0.6344253420829773,
                "std": 0,
                "min": 0.6344253420829773,
                "max": 0.6344253420829773
            },
            "top3_acc": {
                "mean": 0.7933205366134644,
                "std": 0,
                "min": 0.7933205366134644,
                "max": 0.7933205366134644
            },
            "ndcg_3": {
                "mean": 0.6437587141990662,
                "std": 0,
                "min": 0.6437587141990662,
                "max": 0.6437587141990662
            },
            "top5_acc": {
                "mean": 0.9302901029586792,
                "std": 0,
                "min": 0.9302901029586792,
                "max": 0.9302901029586792
            },
            "ndcg_5": {
                "mean": 0.7002246975898743,
                "std": 0,
                "min": 0.7002246975898743,
                "max": 0.7002246975898743
            },
            "loss": {
                "mean": 1.508386758657602,
                "std": 0,
                "min": 1.508386758657602,
                "max": 1.508386758657602
            }
        }
    }
}