{
    "fold_number": 4,
    "duration": 34.41556358337402,
    "primary_checkpoint": {
        "selection_metric": "joint_score",
        "epoch": 16,
        "joint_score": 0.2802284546196461,
        "loss": 4.008689562479655,
        "time": 11.8672935962677,
        "task_metrics": {
            "next_region": {
                "accuracy": 0.22196969389915466,
                "f1": 0.09224758297204971
            },
            "next_category": {
                "accuracy": 0.4799242317676544,
                "f1": 0.46820932626724243
            }
        }
    },
    "diagnostic_best_epochs": {
        "next_region": {
            "epoch": 9,
            "time": 7.1315484046936035,
            "metrics": {
                "accuracy": 0.22613635659217834,
                "accuracy_macro": 0.10681363886052912,
                "f1": 0.09551072120666504,
                "f1_weighted": 0.2240343987941742,
                "mrr": 0.26716575026512146,
                "top3_acc": 0.2799242436885834,
                "ndcg_3": 0.2567002773284912,
                "top5_acc": 0.31041666865348816,
                "ndcg_5": 0.2691022753715515,
                "loss": 6.780625661214192,
                "n_indist": 5189.0,
                "n_ood": 91.0,
                "ood_fraction": 0.017234848484848485,
                "top1_acc_indist": 0.23010215163230896,
                "top5_acc_indist": 0.31586048007011414,
                "top10_acc_indist": 0.36076316237449646,
                "mrr_indist": 0.27183815836906433
            },
            "accuracy": 0.22613635659217834,
            "f1": 0.09551072120666504,
            "per_metric_best": {
                "top10_acc_indist": {
                    "epoch": 4,
                    "best_value": 0.3663519024848938,
                    "metrics": {
                        "accuracy": 0.208901509642601,
                        "accuracy_macro": 0.0948679541213883,
                        "f1": 0.0791240930557251,
                        "f1_weighted": 0.20179933309555054,
                        "mrr": 0.25820958614349365,
                        "top3_acc": 0.27234846353530884,
                        "ndcg_3": 0.24593162536621094,
                        "top5_acc": 0.3123106062412262,
                        "ndcg_5": 0.2621961832046509,
                        "loss": 6.898400624593099,
                        "n_indist": 5189.0,
                        "n_ood": 91.0,
                        "ood_fraction": 0.017234848484848485,
                        "top1_acc_indist": 0.21256504952907562,
                        "top5_acc_indist": 0.31778764724731445,
                        "top10_acc_indist": 0.3663519024848938,
                        "mrr_indist": 0.26272499561309814
                    }
                },
                "top5_acc_indist": {
                    "epoch": 6,
                    "best_value": 0.32356908917427063,
                    "metrics": {
                        "accuracy": 0.2232954502105713,
                        "accuracy_macro": 0.1033090671717239,
                        "f1": 0.09013708680868149,
                        "f1_weighted": 0.21942225098609924,
                        "mrr": 0.26657405495643616,
                        "top3_acc": 0.27784091234207153,
                        "ndcg_3": 0.2546597421169281,
                        "top5_acc": 0.3179924190044403,
                        "ndcg_5": 0.2711137533187866,
                        "loss": 6.832682291666667,
                        "n_indist": 5189.0,
                        "n_ood": 91.0,
                        "ood_fraction": 0.017234848484848485,
                        "top1_acc_indist": 0.22721141576766968,
                        "top5_acc_indist": 0.32356908917427063,
                        "top10_acc_indist": 0.36307573318481445,
                        "mrr_indist": 0.27123600244522095
                    }
                },
                "mrr_indist": {
                    "epoch": 7,
                    "best_value": 0.2734232544898987,
                    "metrics": {
                        "accuracy": 0.2244318127632141,
                        "accuracy_macro": 0.10336524288670547,
                        "f1": 0.08883291482925415,
                        "f1_weighted": 0.21828487515449524,
                        "mrr": 0.26872357726097107,
                        "top3_acc": 0.28352272510528564,
                        "ndcg_3": 0.25861436128616333,
                        "top5_acc": 0.3128787875175476,
                        "ndcg_5": 0.27065974473953247,
                        "loss": 6.830926259358724,
                        "n_indist": 5189.0,
                        "n_ood": 91.0,
                        "ood_fraction": 0.017234848484848485,
                        "top1_acc_indist": 0.22836770117282867,
                        "top5_acc_indist": 0.31836578249931335,
                        "top10_acc_indist": 0.36423203349113464,
                        "mrr_indist": 0.2734232544898987
                    }
                },
                "top5_acc": {
                    "epoch": 6,
                    "best_value": 0.3179924190044403,
                    "metrics": {
                        "accuracy": 0.2232954502105713,
                        "accuracy_macro": 0.1033090671717239,
                        "f1": 0.09013708680868149,
                        "f1_weighted": 0.21942225098609924,
                        "mrr": 0.26657405495643616,
                        "top3_acc": 0.27784091234207153,
                        "ndcg_3": 0.2546597421169281,
                        "top5_acc": 0.3179924190044403,
                        "ndcg_5": 0.2711137533187866,
                        "loss": 6.832682291666667,
                        "n_indist": 5189.0,
                        "n_ood": 91.0,
                        "ood_fraction": 0.017234848484848485,
                        "top1_acc_indist": 0.22721141576766968,
                        "top5_acc_indist": 0.32356908917427063,
                        "top10_acc_indist": 0.36307573318481445,
                        "mrr_indist": 0.27123600244522095
                    }
                },
                "top3_acc": {
                    "epoch": 7,
                    "best_value": 0.28352272510528564,
                    "metrics": {
                        "accuracy": 0.2244318127632141,
                        "accuracy_macro": 0.10336524288670547,
                        "f1": 0.08883291482925415,
                        "f1_weighted": 0.21828487515449524,
                        "mrr": 0.26872357726097107,
                        "top3_acc": 0.28352272510528564,
                        "ndcg_3": 0.25861436128616333,
                        "top5_acc": 0.3128787875175476,
                        "ndcg_5": 0.27065974473953247,
                        "loss": 6.830926259358724,
                        "n_indist": 5189.0,
                        "n_ood": 91.0,
                        "ood_fraction": 0.017234848484848485,
                        "top1_acc_indist": 0.22836770117282867,
                        "top5_acc_indist": 0.31836578249931335,
                        "top10_acc_indist": 0.36423203349113464,
                        "mrr_indist": 0.2734232544898987
                    }
                },
                "mrr": {
                    "epoch": 7,
                    "best_value": 0.26872357726097107,
                    "metrics": {
                        "accuracy": 0.2244318127632141,
                        "accuracy_macro": 0.10336524288670547,
                        "f1": 0.08883291482925415,
                        "f1_weighted": 0.21828487515449524,
                        "mrr": 0.26872357726097107,
                        "top3_acc": 0.28352272510528564,
                        "ndcg_3": 0.25861436128616333,
                        "top5_acc": 0.3128787875175476,