{
    "fold_number": 5,
    "duration": 34.267642974853516,
    "primary_checkpoint": {
        "selection_metric": "joint_score",
        "epoch": 18,
        "joint_score": 0.28266503661870956,
        "loss": 3.9535977045694985,
        "time": 13.041185855865479,
        "task_metrics": {
            "next_region": {
                "accuracy": 0.274862676858902,
                "f1": 0.08817790448665619
            },
            "next_category": {
                "accuracy": 0.4898655116558075,
                "f1": 0.47715216875076294
            }
        }
    },
    "diagnostic_best_epochs": {
        "next_region": {
            "epoch": 12,
            "time": 9.043976306915283,
            "metrics": {
                "accuracy": 0.28395530581474304,
                "accuracy_macro": 0.10756225062180438,
                "f1": 0.09167096018791199,
                "f1_weighted": 0.28055664896965027,
                "mrr": 0.3237951993942261,
                "top3_acc": 0.3339647650718689,
                "ndcg_3": 0.3126307427883148,
                "top5_acc": 0.35859063267707825,
                "ndcg_5": 0.3228297531604767,
                "loss": 6.644748687744141,
                "n_indist": 5202.0,
                "n_ood": 77.0,
                "ood_fraction": 0.014586095851487024,
                "top1_acc_indist": 0.2881583869457245,
                "top5_acc_indist": 0.36389848589897156,
                "top10_acc_indist": 0.4084967374801636,
                "mrr_indist": 0.32857704162597656
            },
            "accuracy": 0.28395530581474304,
            "f1": 0.09167096018791199,
            "per_metric_best": {
                "top10_acc_indist": {
                    "epoch": 8,
                    "best_value": 0.423490971326828,
                    "metrics": {
                        "accuracy": 0.2826292812824249,
                        "accuracy_macro": 0.10250305386975563,
                        "f1": 0.08772401511669159,
                        "f1_weighted": 0.2766813635826111,
                        "mrr": 0.326366126537323,
                        "top3_acc": 0.33813223242759705,
                        "ndcg_3": 0.3145226836204529,
                        "top5_acc": 0.3697670102119446,
                        "ndcg_5": 0.32762405276298523,
                        "loss": 6.740581512451172,
                        "n_indist": 5202.0,
                        "n_ood": 77.0,
                        "ood_fraction": 0.014586095851487024,
                        "top1_acc_indist": 0.28681275248527527,
                        "top5_acc_indist": 0.375240296125412,
                        "top10_acc_indist": 0.423490971326828,
                        "mrr_indist": 0.3311859965324402
                    }
                },
                "top5_acc_indist": {
                    "epoch": 5,
                    "best_value": 0.37754708528518677,
                    "metrics": {
                        "accuracy": 0.27353665232658386,
                        "accuracy_macro": 0.10353476978908076,
                        "f1": 0.08623070269823074,
                        "f1_weighted": 0.2646401524543762,
                        "mrr": 0.3214297592639923,
                        "top3_acc": 0.34173139929771423,
                        "ndcg_3": 0.312470406293869,
                        "top5_acc": 0.37204015254974365,
                        "ndcg_5": 0.3249509036540985,
                        "loss": 6.845223744710286,
                        "n_indist": 5202.0,
                        "n_ood": 77.0,
                        "ood_fraction": 0.014586095851487024,
                        "top1_acc_indist": 0.27758553624153137,
                        "top5_acc_indist": 0.37754708528518677,
                        "top10_acc_indist": 0.4223375618457794,
                        "mrr_indist": 0.32617664337158203
                    }
                },
                "mrr_indist": {
                    "epoch": 8,
                    "best_value": 0.3311859965324402,
                    "metrics": {
                        "accuracy": 0.2826292812824249,
                        "accuracy_macro": 0.10250305386975563,
                        "f1": 0.08772401511669159,
                        "f1_weighted": 0.2766813635826111,
                        "mrr": 0.326366126537323,
                        "top3_acc": 0.33813223242759705,
                        "ndcg_3": 0.3145226836204529,
                        "top5_acc": 0.3697670102119446,
                        "ndcg_5": 0.32762405276298523,
                        "loss": 6.740581512451172,
                        "n_indist": 5202.0,
                        "n_ood": 77.0,
                        "ood_fraction": 0.014586095851487024,
                        "top1_acc_indist": 0.28681275248527527,
                        "top5_acc_indist": 0.375240296125412,
                        "top10_acc_indist": 0.423490971326828,
                        "mrr_indist": 0.3311859965324402
                    }
                },
                "top5_acc": {
                    "epoch": 5,
                    "best_value": 0.37204015254974365,
                    "metrics": {
                        "accuracy": 0.27353665232658386,
                        "accuracy_macro": 0.10353476978908076,
                        "f1": 0.08623070269823074,
                        "f1_weighted": 0.2646401524543762,
                        "mrr": 0.3214297592639923,
                        "top3_acc": 0.34173139929771423,
                        "ndcg_3": 0.312470406293869,
                        "top5_acc": 0.37204015254974365,
                        "ndcg_5": 0.3249509036540985,
                        "loss": 6.845223744710286,
                        "n_indist": 5202.0,
                        "n_ood": 77.0,
                        "ood_fraction": 0.014586095851487024,
                        "top1_acc_indist": 0.27758553624153137,
                        "top5_acc_indist": 0.37754708528518677,
                        "top10_acc_indist": 0.4223375618457794,
                        "mrr_indist": 0.32617664337158203
                    }
                },
                "top3_acc": {
                    "epoch": 5,
                    "best_value": 0.34173139929771423,
                    "metrics": {
                        "accuracy": 0.27353665232658386,
                        "accuracy_macro": 0.10353476978908076,
                        "f1": 0.08623070269823074,
                        "f1_weighted": 0.2646401524543762,
                        "mrr": 0.3214297592639923,
                        "top3_acc": 0.34173139929771423,
                        "ndcg_3": 0.312470406293869,
                        "top5_acc": 0.37204015254974365,
                        "ndcg_5": 0.3249509036540985,
                        "loss": 6.845223744710286,
                        "n_indist": 5202.0,
                        "n_ood": 77.0,
                        "ood_fraction": 0.014586095851487024,
                        "top1_acc_indist": 0.27758553624153137,
                        "top5_acc_indist": 0.37754708528518677,
                        "top10_acc_indist": 0.4223375618457794,
                        "mrr_indist": 0.32617664337158203
                    }
                },
                "mrr": {
                    "epoch": 8,
                    "best_value": 0.326366126537323,
                    "metrics": {
                        "accuracy": 0.2826292812824249,
                        "accuracy_macro": 0.10250305386975563,
                        "f1": 0.08772401511669159,
                        "f1_weighted": 0.2766813635826111,
                        "mrr": 0.326366126537323,
                        "top3_acc": 0.33813223242759705,
                        "ndcg_3": 0.3145226836204529,
                        "top5_acc": 0.3697670102119446,