{
    "Community": {
        "precision": 0.43674976915974145,
        "recall": 0.7177541729893778,
        "f1-score": 0.5430539609644087,
        "support": 659.0
    },
    "Entertainment": {
        "precision": 0.4057142857142857,
        "recall": 0.4303030303030303,
        "f1-score": 0.4176470588235294,
        "support": 330.0
    },
    "Food": {
        "precision": 0.5805604203152365,
        "recall": 0.3693593314763231,
        "f1-score": 0.4514811031664964,
        "support": 1795.0
    },
    "Nightlife": {
        "precision": 0.27037773359840955,
        "recall": 0.544,
        "f1-score": 0.3612217795484728,
        "support": 250.0
    },
    "Outdoors": {
        "precision": 0.37365010799136067,
        "recall": 0.6113074204946997,
        "f1-score": 0.46380697050938335,
        "support": 283.0
    },
    "Shopping": {
        "precision": 0.5865865865865866,
        "recall": 0.421886249100072,
        "f1-score": 0.490787269681742,
        "support": 1389.0
    },
    "Travel": {
        "precision": 0.48783783783783785,
        "recall": 0.6289198606271778,
        "f1-score": 0.5494672754946728,
        "support": 574.0
    },
    "macro avg": {
        "precision": 0.4487823916004941,
        "recall": 0.53193286642724,
        "f1-score": 0.4682093454555294,
        "support": 5280.0
    },
    "weighted avg": {
        "precision": 0.517411906870583,
        "recall": 0.4799242424242424,
        "f1-score": 0.4781752312754407,
        "support": 5280.0
    }
}