{
    "Community": {
        "precision": 0.44221698113207547,
        "recall": 0.5690440060698028,
        "f1-score": 0.49767750497677504,
        "support": 659.0
    },
    "Entertainment": {
        "precision": 0.4863013698630137,
        "recall": 0.4316109422492401,
        "f1-score": 0.4573268921095008,
        "support": 329.0
    },
    "Food": {
        "precision": 0.5880353501019715,
        "recall": 0.4818941504178273,
        "f1-score": 0.5296999387630129,
        "support": 1795.0
    },
    "Nightlife": {
        "precision": 0.366412213740458,
        "recall": 0.38247011952191234,
        "f1-score": 0.3742690058479532,
        "support": 251.0
    },
    "Outdoors": {
        "precision": 0.48717948717948717,
        "recall": 0.4716312056737589,
        "f1-score": 0.47927927927927927,
        "support": 282.0
    },
    "Shopping": {
        "precision": 0.5885668276972624,
        "recall": 0.5262778977681786,
        "f1-score": 0.5556822500950209,
        "support": 1389.0
    },
    "Travel": {
        "precision": 0.4298540965207632,
        "recall": 0.6672473867595818,
        "f1-score": 0.5228668941979522,
        "support": 574.0
    },
    "macro avg": {
        "precision": 0.4840809037478616,
        "recall": 0.5043108154943288,
        "f1-score": 0.488114537895642,
        "support": 5279.0
    },
    "weighted avg": {
        "precision": 0.530507151125572,
        "recall": 0.5161962492896381,
        "f1-score": 0.517201730107886,
        "support": 5279.0
    }
}