{
    "model": {
        "aggregation_basis": "joint_best",
        "joint_score": {
            "mean": 0.4325251176953316,
            "std": 0.008842064582734654,
            "min": 0.41770412772893906,
            "max": 0.4413760006427765
        },
        "loss": {
            "mean": 2.4109943866729737,
            "std": 0.0678554709738003,
            "min": 2.3226804733276367,
            "max": 2.489938259124756
        }
    },
    "next_category": {
        "aggregation_basis": "joint_best",
        "accuracy": {
            "mean": 0.7312580466270446,
            "std": 0.010449332140723407,
            "min": 0.7142767310142517,
            "max": 0.7427673935890198
        },
        "accuracy_macro": {
            "mean": 0.731805431842804,
            "std": 0.011032259074260347,
            "min": 0.7149844169616699,
            "max": 0.7451627254486084
        },
        "f1": {
            "mean": 0.7010708451271057,
            "std": 0.010956113831748679,
            "min": 0.683951735496521,
            "max": 0.7142544388771057
        },
        "f1_weighted": {
            "mean": 0.7366279244422913,
            "std": 0.00890482651649798,
            "min": 0.7228510975837708,
            "max": 0.7476332187652588
        },
        "mrr": {
            "mean": 0.8278053045272827,
            "std": 0.006198765676302921,
            "min": 0.8177443742752075,
            "max": 0.8347315788269043
        },
        "top3_acc": {
            "mean": 0.9055442333221435,
            "std": 0.002703572898212282,
            "min": 0.9027799367904663,
            "max": 0.909250795841217
        },
        "ndcg_3": {
            "mean": 0.8333877682685852,
            "std": 0.005547268292764193,
            "min": 0.8247236609458923,
            "max": 0.8400759100914001
        },
        "top5_acc": {
            "mean": 0.9680791735649109,
            "std": 0.0004233907490152426,
            "min": 0.967521071434021,
            "max": 0.9685556292533875
        },
        "ndcg_5": {
            "mean": 0.8592280149459839,
            "std": 0.004633743967740569,
            "min": 0.8517608046531677,
            "max": 0.8644921779632568
        },
        "loss": {
            "mean": 0.7833460569381714,
            "std": 0.025594767105238215,
            "min": 0.7528931498527527,
            "max": 0.8240156173706055
        }
    },
    "next_region": {
        "aggregation_basis": "joint_best",
        "accuracy": {
            "mean": 0.3163811683654785,
            "std": 0.0928772617660667,
            "min": 0.2622353434562683,
            "max": 0.48101145029067993
        },
        "accuracy_macro": {
            "mean": 0.19381915652800275,
            "std": 0.010721470381730241,
            "min": 0.17523242057637967,
            "max": 0.20196250385243816
        },
        "f1": {
            "mean": 0.16397939026355743,
            "std": 0.007465449384491066,
            "min": 0.15145651996135712,
            "max": 0.169793501496315
        },
        "f1_weighted": {
            "mean": 0.3123132288455963,
            "std": 0.09261640949258138,
            "min": 0.25700294971466064,
            "max": 0.4762560725212097
        },
        "mrr": {
            "mean": 0.41935816407203674,
            "std": 0.07810660381080768,
            "min": 0.34613433480262756,
            "max": 0.5453721880912781
        },
        "top3_acc": {
            "mean": 0.4466480553150177,
            "std": 0.1088904750002706,
            "min": 0.3656238317489624,
            "max": 0.5704906582832336
        },
        "ndcg_3": {
            "mean": 0.3934146583080292,
            "std": 0.09115208887042164,
            "min": 0.3236972391605377,
            "max": 0.5273019075393677
        },
        "top5_acc": {
            "mean": 0.5361017882823944,
            "std": 0.11066938281755495,
            "min": 0.4133186638355255,
            "max": 0.6204686760902405
        },
        "ndcg_5": {
            "mean": 0.43097610473632814,
            "std": 0.08571932615684351,
            "min": 0.34286850690841675,
            "max": 0.5482785701751709
        },
        "loss": {
            "mean": 4.038642835617066,
            "std": 0.15234775759291208,
            "min": 3.8645777702331543,
            "max": 4.226983547210693
        },
        "n_indist": {
            "mean": 31589.4,
            "std": 57.177792891996106,
            "min": 31514.0,
            "max": 31660.0
        },
        "n_ood": {
            "mean": 245.6,
            "std": 57.020171869260444,
            "min": 175.0,
            "max": 320.0
        },
        "ood_fraction": {
            "mean": 0.0077147862416575485,
            "std": 0.0017911702468798199,
            "min": 0.005497094392963719,
            "max": 0.010052145504806181
        },
        "top1_acc_indist": {
            "mean": 0.31838399171829224,
            "std": 0.09347080178457336,
            "min": 0.26437145471572876,
            "max": 0.4840719997882843
        },
        "top5_acc_indist": {
            "mean": 0.5385301768779754,
            "std": 0.11196351830117933,
            "min": 0.4144759774208069,
            "max": 0.6245160698890686
        },
        "top10_acc_indist": {
            "mean": 0.6508922815322876,
            "std": 0.0889711613891533,
            "min": 0.4919140934944153,
            "max": 0.696325421333313
        },
        "mrr_indist": {
            "mean": 0.42148327827453613,
            "std": 0.07886008215759219,
            "min": 0.34711384773254395,
            "max": 0.5483003258705139
        }
    },
    "_selection": {
        "primary": "joint_score",
        "primary_basis": "joint_best",
        "diagnostic_task_best": "per-task best validation f1",
        "diagnostic_basis": "per_task_f1_best",
        "per_metric_best": "each (task,metric) aggregated at its own best epoch",
        "per_metric_basis": "per_metric_best"
    },
    "diagnostic_task_best": {
        "next_category": {
            "aggregation_basis": "per_task_f1_best",
            "accuracy": {
                "mean": 0.734675669670105,
                "std": 0.00591003074088802,
                "min": 0.7262446880340576,
                "max": 0.7423904538154602
            },
            "accuracy_macro": {
                "mean": 0.7327842712402344,
                "std": 0.005947429524238283,
                "min": 0.723824143409729,
                "max": 0.739113450050354
            },
            "f1": {
                "mean": 0.703975236415863,
                "std": 0.007494244327365327,
                "min": 0.6940243244171143,
                "max": 0.7147297263145447
            },
            "f1_weighted": {
                "mean": 0.738811445236206,
                "std": 0.00567679057408597,
                "min": 0.7308396697044373,
                "max": 0.7462599277496338
            },
            "mrr": {
                "mean": 0.8301500678062439,
                "std": 0.003616856031645124,
                "min": 0.8253340125083923,
                "max": 0.8350933194160461
            },
            "top3_acc": {
                "mean": 0.9072215914726257,
                "std": 0.0016090915014343556,
                "min": 0.9055412411689758,
                "max": 0.9094078540802002
            },
            "ndcg_3": {
                "mean": 0.8358539819717408,
                "std": 0.003339350444937532,
                "min": 0.8315951824188232,
                "max": 0.8404635787010193
            },
            "top5_acc": {
                "mean": 0.9681859493255616,
                "std": 0.0007831633957645155,
                "min": 0.9673629403114319,
                "max": 0.969373345375061
            },
            "ndcg_5": {
                "mean": 0.8610218286514282,
                "std": 0.002502983266373757,
                "min": 0.8578599691390991,