{
    "Shopping": {
        "precision": 0.36791012643363213,
        "recall": 0.4336892424396231,
        "f1-score": 0.39810077256709137,
        "support": 108361.0
    },
    "Community": {
        "precision": 0.5645922264659627,
        "recall": 0.056059963861065876,
        "f1-score": 0.1019927756808312,
        "support": 44827.0
    },
    "Food": {
        "precision": 0.46713602795330966,
        "recall": 0.7504457819691654,
        "f1-score": 0.5758303202734475,
        "support": 155345.0
    },
    "Entertainment": {
        "precision": 0.8180535966149506,
        "recall": 0.3421411281300218,
        "f1-score": 0.48248759358595567,
        "support": 49161.0
    },
    "Travel": {
        "precision": 0.7550805214723927,
        "recall": 0.2910293356979236,
        "f1-score": 0.42012907355058937,
        "support": 27066.0
    },
    "Outdoors": {
        "precision": 0.689766920104699,
        "recall": 0.18512076001873284,
        "f1-score": 0.2919007305430282,
        "support": 29894.0
    },
    "Nightlife": {
        "precision": 0.6515638928723693,
        "recall": 0.5268584680957753,
        "f1-score": 0.5826127640402711,
        "support": 31908.0
    },
    "accuracy": 0.4772640753131704,
    "macro avg": {
        "precision": 0.6163004731310452,
        "recall": 0.36933495431604396,
        "f1-score": 0.4075791471773163,
        "support": 446562.0
    },
    "weighted avg": {
        "precision": 0.537006432408965,
        "recall": 0.4772640753131704,
        "f1-score": 0.4469029243001321,
        "support": 446562.0
    }
}