{
    "model": {
        "joint_score": {
            "mean": 0.51398566365242,
            "std": 0,
            "min": 0.51398566365242,
            "max": 0.51398566365242
        },
        "loss": {
            "mean": 1.1067160367965698,
            "std": 0,
            "min": 1.1067160367965698,
            "max": 1.1067160367965698
        }
    },
    "category": {
        "accuracy": {
            "mean": 0.7643478512763977,
            "std": 0,
            "min": 0.7643478512763977,
            "max": 0.7643478512763977
        },
        "accuracy_macro": {
            "mean": 0.7233530879020691,
            "std": 0,
            "min": 0.7233530879020691,
            "max": 0.7233530879020691
        },
        "f1": {
            "mean": 0.7085891962051392,
            "std": 0,
            "min": 0.7085891962051392,
            "max": 0.7085891962051392
        },
        "f1_weighted": {
            "mean": 0.7663580179214478,
            "std": 0,
            "min": 0.7663580179214478,
            "max": 0.7663580179214478
        },
        "mrr": {
            "mean": 0.8629150986671448,
            "std": 0,
            "min": 0.8629150986671448,
            "max": 0.8629150986671448
        },
        "top3_acc": {
            "mean": 0.9573913216590881,
            "std": 0,
            "min": 0.9573913216590881,
            "max": 0.9573913216590881
        },
        "ndcg_3": {
            "mean": 0.8802244067192078,
            "std": 0,
            "min": 0.8802244067192078,
            "max": 0.8802244067192078
        },
        "top5_acc": {
            "mean": 0.9939130544662476,
            "std": 0,
            "min": 0.9939130544662476,
            "max": 0.9939130544662476
        },
        "ndcg_5": {
            "mean": 0.895496129989624,
            "std": 0,
            "min": 0.895496129989624,
            "max": 0.895496129989624
        },
        "loss": {
            "mean": 0.6710613965988159,
            "std": 0,
            "min": 0.6710613965988159,
            "max": 0.6710613965988159
        }
    },
    "next": {
        "accuracy": {
            "mean": 0.4014017879962921,
            "std": 0,
            "min": 0.4014017879962921,
            "max": 0.4014017879962921
        },
        "accuracy_macro": {
            "mean": 0.31950509548187256,
            "std": 0,
            "min": 0.31950509548187256,
            "max": 0.31950509548187256
        },
        "f1": {
            "mean": 0.3193821310997009,
            "std": 0,
            "min": 0.3193821310997009,
            "max": 0.3193821310997009
        },
        "f1_weighted": {
            "mean": 0.3891538083553314,
            "std": 0,
            "min": 0.3891538083553314,
            "max": 0.3891538083553314
        },
        "mrr": {
            "mean": 0.6209139227867126,
            "std": 0,
            "min": 0.6209139227867126,
            "max": 0.6209139227867126
        },
        "top3_acc": {
            "mean": 0.8046978712081909,
            "std": 0,
            "min": 0.8046978712081909,
            "max": 0.8046978712081909
        },
        "ndcg_3": {
            "mean": 0.638566255569458,
            "std": 0,
            "min": 0.638566255569458,
            "max": 0.638566255569458
        },
        "top5_acc": {
            "mean": 0.9319947361946106,
            "std": 0,
            "min": 0.9319947361946106,
            "max": 0.9319947361946106
        },
        "ndcg_5": {
            "mean": 0.6912150979042053,
            "std": 0,
            "min": 0.6912150979042053,
            "max": 0.6912150979042053
        },
        "loss": {
            "mean": 1.5423706769943237,
            "std": 0,
            "min": 1.5423706769943237,
            "max": 1.5423706769943237
        }
    },
    "_selection": {
        "primary": "joint_score",
        "diagnostic_task_best": "per-task best validation f1"
    },
    "diagnostic_task_best": {
        "category": {
            "accuracy": {
                "mean": 0.7669565081596375,
                "std": 0,
                "min": 0.7669565081596375,
                "max": 0.7669565081596375
            },
            "accuracy_macro": {
                "mean": 0.7371814846992493,
                "std": 0,
                "min": 0.7371814846992493,
                "max": 0.7371814846992493
            },
            "f1": {
                "mean": 0.72028648853302,
                "std": 0,
                "min": 0.72028648853302,
                "max": 0.72028648853302
            },
            "f1_weighted": {
                "mean": 0.7681222558021545,
                "std": 0,
                "min": 0.7681222558021545,
                "max": 0.7681222558021545
            },
            "mrr": {
                "mean": 0.8630807399749756,
                "std": 0,
                "min": 0.8630807399749756,
                "max": 0.8630807399749756
            },
            "top3_acc": {
                "mean": 0.9504348039627075,
                "std": 0,
                "min": 0.9504348039627075,
                "max": 0.9504348039627075
            },
            "ndcg_3": {
                "mean": 0.877253532409668,
                "std": 0,
                "min": 0.877253532409668,
                "max": 0.877253532409668
            },
            "top5_acc": {
                "mean": 0.9939130544662476,
                "std": 0,
                "min": 0.9939130544662476,
                "max": 0.9939130544662476
            },
            "ndcg_5": {
                "mean": 0.8955212831497192,
                "std": 0,
                "min": 0.8955212831497192,
                "max": 0.8955212831497192
            },
            "loss": {
                "mean": 0.6834090352058411,
                "std": 0,
                "min": 0.6834090352058411,
                "max": 0.6834090352058411
            }
        },
        "next": {
            "accuracy": {
                "mean": 0.4014017879962921,
                "std": 0,
                "min": 0.4014017879962921,
                "max": 0.4014017879962921
            },
            "accuracy_macro": {
                "mean": 0.31950509548187256,
                "std": 0,
                "min": 0.31950509548187256,
                "max": 0.31950509548187256
            },
            "f1": {
                "mean": 0.3193821310997009,
                "std": 0,
                "min": 0.3193821310997009,
                "max": 0.3193821310997009
            },
            "f1_weighted": {
                "mean": 0.3891538083553314,
                "std": 0,
                "min": 0.3891538083553314,
                "max": 0.3891538083553314
            },
            "mrr": {
                "mean": 0.6209139227867126,
                "std": 0,
                "min": 0.6209139227867126,
                "max": 0.6209139227867126
            },
            "top3_acc": {
                "mean": 0.8046978712081909,
                "std": 0,
                "min": 0.8046978712081909,
                "max": 0.8046978712081909
            },
            "ndcg_3": {
                "mean": 0.638566255569458,
                "std": 0,
                "min": 0.638566255569458,
                "max": 0.638566255569458
            },
            "top5_acc": {
                "mean": 0.9319947361946106,
                "std": 0,
                "min": 0.9319947361946106,
                "max": 0.9319947361946106
            },
            "ndcg_5": {
                "mean": 0.6912150979042053,
                "std": 0,
                "min": 0.6912150979042053,
                "max": 0.6912150979042053
            },
            "loss": {
                "mean": 1.5423706769943237,
                "std": 0,
                "min": 1.5423706769943237,
                "max": 1.5423706769943237
            }
        }
    }
}