{
    "fold_number": 5,
    "duration": 298.3221559524536,
    "primary_checkpoint": {
        "selection_metric": "joint_score",
        "epoch": 22,
        "joint_score": 0.5435551106929779,
        "loss": 1.2570019960403442,
        "time": 137.95922374725342,
        "task_metrics": {
            "category": {
                "accuracy": 0.8485958576202393,
                "f1": 0.8293321132659912
            },
            "next": {
                "accuracy": 0.32900431752204895,
                "f1": 0.2577781081199646
            }
        }
    },
    "diagnostic_best_epochs": {
        "category": {
            "epoch": 40,
            "time": 244.50109791755676,
            "metrics": {
                "accuracy": 0.8473748564720154,
                "accuracy_macro": 0.8527008295059204,
                "f1": 0.8397607803344727,
                "f1_weighted": 0.847305178642273,
                "mrr": 0.9096400737762451,
                "top3_acc": 0.9682539701461792,
                "ndcg_3": 0.9198042750358582,
                "top5_acc": 0.9877899885177612,
                "ndcg_5": 0.9281110167503357,
                "loss": 0.6532723307609558
            },
            "accuracy": 0.8473748564720154,
            "f1": 0.8397607803344727
        },
        "next": {
            "epoch": 14,
            "time": 90.32070398330688,
            "metrics": {
                "accuracy": 0.3561590015888214,
                "accuracy_macro": 0.2597346603870392,
                "f1": 0.26578062772750854,
                "f1_weighted": 0.34761887788772583,
                "mrr": 0.5870870351791382,
                "top3_acc": 0.7839433550834656,
                "ndcg_3": 0.6044711470603943,
                "top5_acc": 0.9327036738395691,
                "ndcg_5": 0.6656240224838257,
                "loss": 1.6625021696090698
            },
            "accuracy": 0.3561590015888214,
            "f1": 0.26578062772750854
        }
    }
}