{
    "fold_number": 4,
    "duration": 341.7154347896576,
    "primary_checkpoint": {
        "selection_metric": "joint_score",
        "epoch": 14,
        "joint_score": 0.5103654861450195,
        "loss": 1.1642839908599854,
        "time": 103.74758458137512,
        "task_metrics": {
            "next": {
                "accuracy": 0.3810606002807617,
                "f1": 0.2903434634208679
            },
            "category": {
                "accuracy": 0.7743154168128967,
                "f1": 0.7303875088691711
            }
        }
    },
    "diagnostic_best_epochs": {
        "next": {
            "epoch": 11,
            "time": 83.39253878593445,
            "metrics": {
                "accuracy": 0.3958333432674408,
                "accuracy_macro": 0.30620861053466797,
                "f1": 0.3091953992843628,
                "f1_weighted": 0.3816762864589691,
                "mrr": 0.6120747923851013,
                "top3_acc": 0.7876893877983093,
                "ndcg_3": 0.6249400973320007,
                "top5_acc": 0.9265151619911194,
                "ndcg_5": 0.6823387145996094,
                "loss": 1.6044026613235474
            },
            "accuracy": 0.3958333432674408,
            "f1": 0.3091953992843628
        },
        "category": {
            "epoch": 14,
            "time": 103.79429364204407,
            "metrics": {
                "accuracy": 0.7743154168128967,
                "accuracy_macro": 0.7529361248016357,
                "f1": 0.7303875088691711,
                "f1_weighted": 0.773280143737793,
                "mrr": 0.8710126280784607,
                "top3_acc": 0.9716714024543762,
                "ndcg_3": 0.8924041986465454,
                "top5_acc": 0.9962228536605835,
                "ndcg_5": 0.902522623538971,
                "loss": 0.6951083540916443
            },
            "accuracy": 0.7743154168128967,
            "f1": 0.7303875088691711
        }
    }
}