{
    "Community": {
        "precision": 0.5621546961325967,
        "recall": 0.5024691358024691,
        "f1-score": 0.530638852672751,
        "support": 810.0
    },
    "Entertainment": {
        "precision": 0.36160714285714285,
        "recall": 0.4954128440366973,
        "f1-score": 0.4180645161290323,
        "support": 327.0
    },
    "Food": {
        "precision": 0.578760162601626,
        "recall": 0.6160086533261222,
        "f1-score": 0.5968037725962798,
        "support": 1849.0
    },
    "Nightlife": {
        "precision": 0.4358974358974359,
        "recall": 0.29310344827586204,
        "f1-score": 0.35051546391752575,
        "support": 174.0
    },
    "Outdoors": {
        "precision": 0.46265060240963857,
        "recall": 0.5348189415041783,
        "f1-score": 0.49612403100775193,
        "support": 359.0
    },
    "Shopping": {
        "precision": 0.6315483119906868,
        "recall": 0.55870236869207,
        "f1-score": 0.592896174863388,
        "support": 1942.0
    },
    "Travel": {
        "precision": 0.4295612009237875,
        "recall": 0.5138121546961326,
        "f1-score": 0.4679245283018868,
        "support": 362.0
    },
    "macro avg": {
        "precision": 0.4945970789732735,
        "recall": 0.5020467923333617,
        "f1-score": 0.4932810484983737,
        "support": 5823.0
    },
    "weighted avg": {
        "precision": 0.5611581791110483,
        "recall": 0.5533230293663061,
        "f1-score": 0.5546807507561494,
        "support": 5823.0
    }
}