{
    "Community": {
        "precision": 0.29277864992150704,
        "recall": 0.3955461293743372,
        "f1-score": 0.33649075327018496,
        "support": 943.0
    },
    "Entertainment": {
        "precision": 0.18448023426061494,
        "recall": 0.2916666666666667,
        "f1-score": 0.22600896860986547,
        "support": 432.0
    },
    "Food": {
        "precision": 0.44142259414225943,
        "recall": 0.22233930453108536,
        "f1-score": 0.29572529782761037,
        "support": 1898.0
    },
    "Nightlife": {
        "precision": 0.11425682507583418,
        "recall": 0.386986301369863,
        "f1-score": 0.17642466822794692,
        "support": 292.0
    },
    "Outdoors": {
        "precision": 0.24267782426778242,
        "recall": 0.3012987012987013,
        "f1-score": 0.2688296639629201,
        "support": 385.0
    },
    "Shopping": {
        "precision": 0.4402332361516035,
        "recall": 0.2843691148775895,
        "f1-score": 0.34553775743707094,
        "support": 1593.0
    },
    "Travel": {
        "precision": 0.39591836734693875,
        "recall": 0.4841930116472546,
        "f1-score": 0.4356287425149701,
        "support": 601.0
    },
    "macro avg": {
        "precision": 0.3016811044523629,
        "recall": 0.3380570328236425,
        "f1-score": 0.297806550264367,
        "support": 6144.0
    },
    "weighted avg": {
        "precision": 0.3677796632468799,
        "recall": 0.3082682291666667,
        "f1-score": 0.31632539317172637,
        "support": 6144.0
    }
}