{
    "model": {
        "joint_score": {
            "mean": 0.5452659577131271,
            "std": 0.003576855519149788,
            "min": 0.5427367389202118,
            "max": 0.5477951765060425
        },
        "loss": {
            "mean": 1.0562717914581299,
            "std": 0.02959973170920088,
            "min": 1.0353416204452515,
            "max": 1.0772019624710083
        }
    },
    "next": {
        "accuracy": {
            "mean": 0.38296616077423096,
            "std": 0.0052852148032661115,
            "min": 0.37922894954681396,
            "max": 0.38670337200164795
        },
        "accuracy_macro": {
            "mean": 0.277434840798378,
            "std": 0.010927476633692262,
            "min": 0.26970794796943665,
            "max": 0.28516173362731934
        },
        "f1": {
            "mean": 0.2856855094432831,
            "std": 8.19756203536889e-05,
            "min": 0.285627543926239,
            "max": 0.28574347496032715
        },
        "f1_weighted": {
            "mean": 0.3635222464799881,
            "std": 0.00072528404259972,
            "min": 0.36300939321517944,
            "max": 0.36403509974479675
        },
        "mrr": {
            "mean": 0.6077122986316681,
            "std": 0.001503420233232101,
            "min": 0.6066492199897766,
            "max": 0.6087753772735596
        },
        "top3_acc": {
            "mean": 0.7974036335945129,
            "std": 0.003338030402062807,
            "min": 0.7950432896614075,
            "max": 0.7997639775276184
        },
        "ndcg_3": {
            "mean": 0.6254926323890686,
            "std": 0.0005001145044302686,
            "min": 0.6251389980316162,
            "max": 0.625846266746521
        },
        "top5_acc": {
            "mean": 0.9331235289573669,
            "std": 0.012795783207907427,
            "min": 0.9240755438804626,
            "max": 0.9421715140342712
        },
        "ndcg_5": {
            "mean": 0.6814959943294525,
            "std": 0.003451194690314558,
            "min": 0.6790556311607361,
            "max": 0.683936357498169
        },
        "loss": {
            "mean": 1.5866529941558838,
            "std": 0.0033071789089528327,
            "min": 1.5843144655227661,
            "max": 1.5889915227890015
        }
    },
    "category": {
        "accuracy": {
            "mean": 0.8422844409942627,
            "std": 0.011483246051581165,
            "min": 0.834164559841156,
            "max": 0.8504043221473694
        },
        "accuracy_macro": {
            "mean": 0.7988572418689728,
            "std": 0.008923878675757125,
            "min": 0.7925471067428589,
            "max": 0.8051673769950867
        },
        "f1": {
            "mean": 0.8048464059829712,
            "std": 0.007071735417945888,
            "min": 0.7998459339141846,
            "max": 0.8098468780517578
        },
        "f1_weighted": {
            "mean": 0.8424426913261414,
            "std": 0.01232163116215987,
            "min": 0.8337299823760986,
            "max": 0.8511554002761841
        },
        "mrr": {
            "mean": 0.9071948826313019,
            "std": 0.010872074601324692,
            "min": 0.8995071649551392,
            "max": 0.9148826003074646
        },
        "top3_acc": {
            "mean": 0.9692682027816772,
            "std": 0.012966140769588462,
            "min": 0.9600997567176819,
            "max": 0.9784366488456726
        },
        "ndcg_3": {
            "mean": 0.9184470474720001,
            "std": 0.013520582561749274,
            "min": 0.9088865518569946,
            "max": 0.9280075430870056
        },
        "top5_acc": {
            "mean": 0.9904467463493347,
            "std": 0.005886566037819548,
            "min": 0.9862843155860901,
            "max": 0.9946091771125793
        },
        "ndcg_5": {
            "mean": 0.927254319190979,
            "std": 0.010414317679647872,
            "min": 0.919890284538269,
            "max": 0.934618353843689
        },
        "loss": {
            "mean": 0.52589051425457,
            "std": 0.05589230558287318,
            "min": 0.48636868596076965,
            "max": 0.5654123425483704
        }
    },
    "_selection": {
        "primary": "joint_score",
        "diagnostic_task_best": "per-task best validation f1"
    },
    "diagnostic_task_best": {
        "next": {
            "accuracy": {
                "mean": 0.3752950429916382,
                "std": 0.005563384003438012,
                "min": 0.3713611364364624,
                "max": 0.37922894954681396
            },
            "accuracy_macro": {
                "mean": 0.27198149263858795,
                "std": 0.0032152777057748287,
                "min": 0.26970794796943665,
                "max": 0.27425503730773926
            },
            "f1": {
                "mean": 0.2867158204317093,
                "std": 0.001375104152940684,
                "min": 0.28574347496032715,
                "max": 0.28768816590309143
            },
            "f1_weighted": {
                "mean": 0.36076514422893524,
                "std": 0.004624415438888059,
                "min": 0.35749518871307373,
                "max": 0.36403509974479675
            },
            "mrr": {
                "mean": 0.6044963598251343,
                "std": 0.003044604042729963,
                "min": 0.6023434996604919,
                "max": 0.6066492199897766
            },
            "top3_acc": {
                "mean": 0.7981904149055481,
                "std": 0.002225353601375205,
                "min": 0.7966168522834778,
                "max": 0.7997639775276184
            },
            "ndcg_3": {
                "mean": 0.6232351362705231,
                "std": 0.0026924671234214432,
                "min": 0.6213312745094299,
                "max": 0.6251389980316162
            },
            "top5_acc": {
                "mean": 0.9356805682182312,
                "std": 0.00917958360567272,
                "min": 0.9291896224021912,
                "max": 0.9421715140342712
            },
            "ndcg_5": {
                "mean": 0.6800698339939117,
                "std": 0.0054680899789548805,
                "min": 0.6762033104896545,
                "max": 0.683936357498169
            },
            "loss": {
                "mean": 1.5847282409667969,
                "std": 0.0005851668447252528,
                "min": 1.5843144655227661,
                "max": 1.5851420164108276
            }
        },
        "category": {
            "accuracy": {
                "mean": 0.8422844409942627,
                "std": 0.011483246051581165,
                "min": 0.834164559841156,
                "max": 0.8504043221473694
            },
            "accuracy_macro": {
                "mean": 0.7994435727596283,
                "std": 0.009753075773360455,
                "min": 0.7925471067428589,
                "max": 0.8063400387763977
            },
            "f1": {
                "mean": 0.8056704699993134,
                "std": 0.008237137926120618,
                "min": 0.7998459339141846,
                "max": 0.8114950060844421
            },
            "f1_weighted": {
                "mean": 0.8424788117408752,
                "std": 0.012372713142555074,
                "min": 0.8337299823760986,
                "max": 0.8512276411056519
            },
            "mrr": {
                "mean": 0.9071049690246582,
                "std": 0.010744917559367325,
                "min": 0.8995071649551392,
                "max": 0.9147027730941772
            },
            "top3_acc": {
                "mean": 0.9706159234046936,
                "std": 0.014872105552948111,
                "min": 0.9600997567176819,
                "max": 0.9811320900917053
            },
            "ndcg_3": {
                "mean": 0.9189444184303284,
                "std": 0.014223971316547583,