{
    "fold_number": 3,
    "duration": 40.02831292152405,
    "primary_checkpoint": {
        "selection_metric": "joint_score",
        "epoch": 46,
        "joint_score": 0.28216614201664925,
        "loss": 4.063102722167969,
        "time": 37.27577543258667,
        "task_metrics": {
            "next_category": {
                "accuracy": 0.46656176447868347,
                "f1": 0.45536497235298157
            },
            "next_region": {
                "accuracy": 0.2765538990497589,
                "f1": 0.10896731168031693
            }
        }
    },
    "diagnostic_best_epochs": {
        "next_category": {
            "epoch": 46,
            "time": 37.28158736228943,
            "metrics": {
                "accuracy": 0.46656176447868347,
                "accuracy_macro": 0.49818652868270874,
                "f1": 0.45536497235298157,
                "f1_weighted": 0.4652625620365143,
                "mrr": 0.6717695593833923,
                "top3_acc": 0.8619197607040405,
                "ndcg_3": 0.6994104385375977,
                "top5_acc": 0.9590873122215271,
                "ndcg_5": 0.7395027279853821,
                "loss": 1.9872887134552002
            },
            "accuracy": 0.46656176447868347,
            "f1": 0.45536497235298157,
            "per_metric_best": {
                "top5_acc": {
                    "epoch": 43,
                    "best_value": 0.9661684036254883,
                    "metrics": {
                        "accuracy": 0.44571202993392944,
                        "accuracy_macro": 0.5001509189605713,
                        "f1": 0.44545671343803406,
                        "f1_weighted": 0.4442692995071411,
                        "mrr": 0.6605672240257263,
                        "top3_acc": 0.8599528074264526,
                        "ndcg_3": 0.6895051598548889,
                        "top5_acc": 0.9661684036254883,
                        "ndcg_5": 0.7336636185646057,
                        "loss": 1.8509589433670044
                    }
                },
                "top3_acc": {
                    "epoch": 47,
                    "best_value": 0.8666404485702515,
                    "metrics": {
                        "accuracy": 0.4606609046459198,
                        "accuracy_macro": 0.510337233543396,
                        "f1": 0.45171645283699036,
                        "f1_weighted": 0.45897379517555237,
                        "mrr": 0.6695346832275391,
                        "top3_acc": 0.8666404485702515,
                        "ndcg_3": 0.6996350884437561,
                        "top5_acc": 0.9610543251037598,
                        "ndcg_5": 0.7386074662208557,
                        "loss": 2.023041248321533
                    }
                },
                "mrr": {
                    "epoch": 46,
                    "best_value": 0.6717695593833923,
                    "metrics": {
                        "accuracy": 0.46656176447868347,
                        "accuracy_macro": 0.49818652868270874,
                        "f1": 0.45536497235298157,
                        "f1_weighted": 0.4652625620365143,
                        "mrr": 0.6717695593833923,
                        "top3_acc": 0.8619197607040405,
                        "ndcg_3": 0.6994104385375977,
                        "top5_acc": 0.9590873122215271,
                        "ndcg_5": 0.7395027279853821,
                        "loss": 1.9872887134552002
                    }
                },
                "accuracy": {
                    "epoch": 46,
                    "best_value": 0.46656176447868347,
                    "metrics": {
                        "accuracy": 0.46656176447868347,
                        "accuracy_macro": 0.49818652868270874,
                        "f1": 0.45536497235298157,
                        "f1_weighted": 0.4652625620365143,
                        "mrr": 0.6717695593833923,
                        "top3_acc": 0.8619197607040405,
                        "ndcg_3": 0.6994104385375977,
                        "top5_acc": 0.9590873122215271,
                        "ndcg_5": 0.7395027279853821,
                        "loss": 1.9872887134552002
                    }
                },
                "accuracy_macro": {
                    "epoch": 33,
                    "best_value": 0.5251426696777344,
                    "metrics": {
                        "accuracy": 0.45790717005729675,
                        "accuracy_macro": 0.5251426696777344,
                        "f1": 0.4525955319404602,
                        "f1_weighted": 0.4499267339706421,
                        "mrr": 0.6659023761749268,
                        "top3_acc": 0.864280104637146,
                        "ndcg_3": 0.695654571056366,
                        "top5_acc": 0.9602674841880798,
                        "ndcg_5": 0.7355114817619324,
                        "loss": 1.513136863708496
                    }
                },
                "f1_weighted": {
                    "epoch": 46,
                    "best_value": 0.4652625620365143,
                    "metrics": {
                        "accuracy": 0.46656176447868347,
                        "accuracy_macro": 0.49818652868270874,
                        "f1": 0.45536497235298157,
                        "f1_weighted": 0.4652625620365143,
                        "mrr": 0.6717695593833923,
                        "top3_acc": 0.8619197607040405,
                        "ndcg_3": 0.6994104385375977,
                        "top5_acc": 0.9590873122215271,
                        "ndcg_5": 0.7395027279853821,
                        "loss": 1.9872887134552002
                    }
                }
            }
        },
        "next_region": {
            "epoch": 33,
            "time": 27.30949902534485,
            "metrics": {
                "accuracy": 0.28481510281562805,
                "accuracy_macro": 0.12586523531945115,
                "f1": 0.10460972785949707,
                "f1_weighted": 0.2619735598564148,
                "mrr": 0.361074298620224,
                "top3_acc": 0.40283241868019104,
                "ndcg_3": 0.35273441672325134,
                "top5_acc": 0.4586939513683319,
                "ndcg_5": 0.37565481662750244,
                "loss": 6.19619083404541,
                "n_indist": 2459.0,
                "n_ood": 83.0,
                "ood_fraction": 0.032651455546813535,
                "top1_acc_indist": 0.29442861676216125,
                "top5_acc_indist": 0.47417646646499634,
                "top10_acc_indist": 0.5319235324859619,
                "mrr_indist": 0.37322428822517395
            },
            "accuracy": 0.28481510281562805,
            "f1": 0.10460972785949707,
            "per_metric_best": {
                "top10_acc_indist": {
                    "epoch": 12,
                    "best_value": 0.548596978187561,
                    "metrics": {
                        "accuracy": 0.2265932410955429,
                        "accuracy_macro": 0.09276158306228212,
                        "f1": 0.07537949830293655,
                        "f1_weighted": 0.18052080273628235,
                        "mrr": 0.33158567547798157,
                        "top3_acc": 0.39693155884742737,
                        "ndcg_3": 0.32613274455070496,
                        "top5_acc": 0.45279309153556824,
                        "ndcg_5": 0.34926003217697144,
                        "loss": 6.445169448852539,
                        "n_indist": 2459.0,
                        "n_ood": 83.0,
                        "ood_fraction": 0.032651455546813535,
                        "top1_acc_indist": 0.2342415601015091,
                        "top5_acc_indist": 0.4680764377117157,
                        "top10_acc_indist": 0.548596978187561,