{
    "category": {
        "accuracy": {
            "mean": 0.5521364727124919,
            "std": 0.0017171099687467361,
            "min": 0.5492735414451854,
            "max": 0.553540364667225
        },
        "f1": {
            "mean": 0.48694541837837657,
            "std": 0.00444993609013231,
            "min": 0.4805953589468751,
            "max": 0.491877498978174
        }
    },
    "next": {
        "accuracy": {
            "mean": 0.316839599609375,
            "std": 0.006576959370796313,
            "min": 0.31024169921875,
            "max": 0.323699951171875
        },
        "f1": {
            "mean": 0.29689454212164973,
            "std": 0.002910734365802691,
            "min": 0.29338199437507567,
            "max": 0.2999525349693884
        }
    }
}