{
  "fold_0": {
    "f1": 0.2857038378715515,
    "accuracy": 0.3355625569820404
  },
  "fold_1": {
    "f1": 0.29436564445495605,
    "accuracy": 0.32769471406936646
  },
  "fold_2": {
    "f1": 0.3019411861896515,
    "accuracy": 0.3516915738582611
  },
  "fold_3": {
    "f1": 0.2843979597091675,
    "accuracy": 0.3324154317378998
  },
  "fold_4": {
    "f1": 0.3123103082180023,
    "accuracy": 0.3608815371990204
  }
}