{
  "fold_0": {
    "f1": 0.03710218891501427,
    "acc1": 0.1675845831632614,
    "acc5": 0.3532651364803314,
    "acc10": 0.42918962240219116,
    "mrr": 0.2571071982383728
  },
  "fold_1": {
    "f1": 0.036187972873449326,
    "acc1": 0.16011014580726624,
    "acc5": 0.3214004635810852,
    "acc10": 0.40086546540260315,
    "mrr": 0.2423718273639679
  },
  "fold_2": {
    "f1": 0.0334603488445282,
    "acc1": 0.15145555138587952,
    "acc5": 0.32808810472488403,
    "acc10": 0.42761605978012085,
    "mrr": 0.2401493489742279
  },
  "fold_3": {
    "f1": 0.03565635159611702,
    "acc1": 0.16286388039588928,
    "acc5": 0.31510621309280396,
    "acc10": 0.4040125906467438,
    "mrr": 0.24274195730686188
  },
  "fold_4": {
    "f1": 0.03257196769118309,
    "acc1": 0.13301849365234375,
    "acc5": 0.27823692560195923,
    "acc10": 0.35970091819763184,
    "mrr": 0.2076730728149414
  }
}