{
  "fold_0": {
    "f1": 0.3407520353794098
  },
  "fold_1": {
    "f1": 0.3213110566139221
  },
  "fold_2": {
    "f1": 0.3235885798931122
  },
  "fold_3": {
    "f1": 0.30561763048171997
  },
  "fold_4": {
    "f1": 0.3222935199737549
  }
}