{
  "fold_0": {
    "f1": 0.4124875068664551
  },
  "fold_1": {
    "f1": 0.3890080451965332
  },
  "fold_2": {
    "f1": 0.42044976353645325
  },
  "fold_3": {
    "f1": 0.41446834802627563
  },
  "fold_4": {
    "f1": 0.4120403528213501
  }
}