{
  "fold_0": {
    "f1": 0.07085234671831131,
    "acc1": 0.2511363625526428,
    "acc5": 0.4174242317676544,
    "acc10": 0.49791666865348816,
    "mrr": 0.3337073028087616
  },
  "fold_1": {
    "f1": 0.07057969272136688,
    "acc1": 0.2540253698825836,
    "acc5": 0.4252699315547943,
    "acc10": 0.49270695447921753,
    "mrr": 0.33789727091789246
  },
  "fold_2": {
    "f1": 0.0650268942117691,
    "acc1": 0.2642545998096466,
    "acc5": 0.437393456697464,
    "acc10": 0.5097556114196777,
    "mrr": 0.3492283523082733
  },
  "fold_3": {
    "f1": 0.06419757008552551,
    "acc1": 0.21102482080459595,
    "acc5": 0.3690092861652374,
    "acc10": 0.44667550921440125,
    "mrr": 0.2903604507446289
  },
  "fold_4": {
    "f1": 0.07694678008556366,
    "acc1": 0.2597082853317261,
    "acc5": 0.42110249400138855,
    "acc10": 0.5006629824638367,
    "mrr": 0.3404269218444824
  }
}