{
  "fold_0": {
    "f1": 0.44639378786087036
  },
  "fold_1": {
    "f1": 0.4334229826927185
  },
  "fold_2": {
    "f1": 0.44682031869888306
  },
  "fold_3": {
    "f1": 0.4355795979499817
  },
  "fold_4": {
    "f1": 0.44491714239120483
  }
}