{
  "fold_1": {
    "f1": 0.28679215908050537,
    "accuracy": 0.3544231951236725,
    "mrr": 0.5704051852226257
  },
  "fold_2": {
    "f1": 0.29852592945098877,
    "accuracy": 0.32468271255493164,
    "mrr": 0.5522898435592651
  },
  "fold_3": {
    "f1": 0.2867709696292877,
    "accuracy": 0.33112332224845886,
    "mrr": 0.5544204711914062
  },
  "fold_4": {
    "f1": 0.2867981195449829,
    "accuracy": 0.33068183064460754,
    "mrr": 0.5538212656974792
  },
  "fold_5": {
    "f1": 0.29046979546546936,
    "accuracy": 0.32127296924591064,
    "mrr": 0.5479581952095032
  }
}