{
  "fold_0": {
    "f1": 0.0849410817027092,
    "acc1": 0.3168579638004303,
    "acc5": 0.4941403567790985,
    "acc10": 0.5633399486541748,
    "mrr": 0.4017496109008789
  },
  "fold_1": {
    "f1": 0.08472797274589539,
    "acc1": 0.31097161769866943,
    "acc5": 0.4801773726940155,
    "acc10": 0.5472918748855591,
    "mrr": 0.3921867907047272
  },
  "fold_2": {
    "f1": 0.08091530203819275,
    "acc1": 0.30816420912742615,
    "acc5": 0.4872978925704956,
    "acc10": 0.5572559833526611,
    "mrr": 0.39348775148391724
  },
  "fold_3": {
    "f1": 0.08821894228458405,
    "acc1": 0.3161547780036926,
    "acc5": 0.48547282814979553,
    "acc10": 0.5503313541412354,
    "mrr": 0.3973085582256317
  },
  "fold_4": {
    "f1": 0.08955397456884384,
    "acc1": 0.325151264667511,
    "acc5": 0.5100343823432922,
    "acc10": 0.5776098966598511,
    "mrr": 0.41281893849372864
  }
}