{
  "fold_0": {
    "f1": 0.11051765084266663,
    "acc1": null,
    "acc5": 0.41617774963378906,
    "acc10": 0.46008819341659546,
    "mrr": 0.3733800947666168
  },
  "fold_1": {
    "f1": 0.10532813519239426,
    "acc1": null,
    "acc5": 0.40243813395500183,
    "acc10": 0.44555214047431946,
    "mrr": 0.36196067929267883
  },
  "fold_2": {
    "f1": 0.1070166826248169,
    "acc1": null,
    "acc5": 0.3905782103538513,
    "acc10": 0.436250776052475,
    "mrr": 0.36055105924606323
  },
  "fold_3": {
    "f1": 0.11005987972021103,
    "acc1": null,
    "acc5": 0.4123266637325287,
    "acc10": 0.4585590660572052,
    "mrr": 0.3628096282482147
  },
  "fold_4": {
    "f1": 0.1159321740269661,
    "acc1": null,
    "acc5": 0.4218704104423523,
    "acc10": 0.4657706916332245,
    "mrr": 0.3408210575580597
  }
}