{
  "fold_0": {
    "f1": 0.17713212966918945,
    "acc1": 0.49632492661476135,
    "acc5": 0.7316874265670776,
    "acc10": 0.8183189034461975,
    "mrr": 0.6043412089347839
  },
  "fold_1": {
    "f1": 0.16835495829582214,
    "acc1": 0.5025600790977478,
    "acc5": 0.7364221811294556,
    "acc10": 0.8243756890296936,
    "mrr": 0.6088533401489258
  },
  "fold_2": {
    "f1": 0.17696334421634674,
    "acc1": 0.5051986575126648,
    "acc5": 0.7396575808525085,
    "acc10": 0.826982855796814,
    "mrr": 0.6121158599853516
  },
  "fold_3": {
    "f1": 0.16374069452285767,
    "acc1": 0.4971100091934204,
    "acc5": 0.7263303399085999,
    "acc10": 0.818527340888977,
    "mrr": 0.6025523543357849
  },
  "fold_4": {
    "f1": 0.16432905197143555,
    "acc1": 0.49332496523857117,
    "acc5": 0.7373645305633545,
    "acc10": 0.8241558074951172,
    "mrr": 0.6040305495262146
  }
}