{
  "fold_1": {
    "f1": 0.602850615978241,
    "accuracy": 0.6208388805389404
  },
  "fold_2": {
    "f1": 0.6069599986076355,
    "accuracy": 0.622147262096405
  },
  "fold_3": {
    "f1": 0.5990597009658813,
    "accuracy": 0.6077722907066345
  },
  "fold_4": {
    "f1": 0.603187084197998,
    "accuracy": 0.6210408806800842
  },
  "fold_5": {
    "f1": 0.6052837371826172,
    "accuracy": 0.6195335984230042
  }
}