{
  "fold_0": {
    "f1": 0.6118625402450562,
    "accuracy": 0.6259292960166931
  },
  "fold_1": {
    "f1": 0.5785795450210571,
    "accuracy": 0.5994636416435242
  },
  "fold_2": {
    "f1": 0.6131775379180908,
    "accuracy": 0.6286702156066895
  },
  "fold_3": {
    "f1": 0.5870762467384338,
    "accuracy": 0.6054410338401794
  },
  "fold_4": {
    "f1": 0.6211332082748413,
    "accuracy": 0.6393917202949524
  }
}