{
  "fold_0": {
    "acc1": 0.33349210023880005,
    "acc5": 0.5943693518638611,
    "acc10": 0.704746425151825,
    "mrr": 0.45632416009902954,
    "f1": 0.1719283163547516
  },
  "fold_1": {
    "acc1": 0.3108321726322174,
    "acc5": 0.5679486393928528,
    "acc10": 0.6814337372779846,
    "mrr": 0.43244025111198425,
    "f1": 0.15769411623477936
  },
  "fold_2": {
    "acc1": 0.32717519998550415,
    "acc5": 0.5854696035385132,
    "acc10": 0.6945093274116516,
    "mrr": 0.4489434063434601,
    "f1": 0.15971213579177856
  },
  "fold_3": {
    "acc1": 0.31245917081832886,
    "acc5": 0.5719950199127197,
    "acc10": 0.6856595873832703,
    "mrr": 0.4358867108821869,
    "f1": 0.16104258596897125
  },
  "fold_4": {
    "acc1": 0.32439225912094116,
    "acc5": 0.5886728167533875,
    "acc10": 0.6990379691123962,
    "mrr": 0.44844597578048706,
    "f1": 0.17364966869354248
  }
}