{
  "fold_0": {
    "f1": 0.6671718955039978,
    "accuracy": 0.6857979893684387
  },
  "fold_1": {
    "f1": 0.6345731019973755,
    "accuracy": 0.6542364954948425
  },
  "fold_2": {
    "f1": 0.6589619517326355,
    "accuracy": 0.6769888401031494
  },
  "fold_3": {
    "f1": 0.639222264289856,
    "accuracy": 0.6585896015167236
  },
  "fold_4": {
    "f1": 0.65851891040802,
    "accuracy": 0.6779766082763672
  }
}