{
  "fold_0": {
    "f1": 0.09253670275211334,
    "acc1": 0.299509197473526,
    "acc5": 0.5312286615371704,
    "acc10": 0.6185777187347412,
    "mrr": 0.4083095192909241
  },
  "fold_1": {
    "f1": 0.08675418049097061,
    "acc1": 0.2802853286266327,
    "acc5": 0.5026596188545227,
    "acc10": 0.5920299887657166,
    "mrr": 0.38597333431243896
  },
  "fold_2": {
    "f1": 0.09078475832939148,
    "acc1": 0.29726362228393555,
    "acc5": 0.5231884717941284,
    "acc10": 0.6109253168106079,
    "mrr": 0.40420278906822205
  },
  "fold_3": {
    "f1": 0.08695568889379501,
    "acc1": 0.28074800968170166,
    "acc5": 0.5030640959739685,
    "acc10": 0.5907964110374451,
    "mrr": 0.3864990770816803
  },
  "fold_4": {
    "f1": 0.09268742799758911,
    "acc1": 0.2930692136287689,
    "acc5": 0.5220130085945129,
    "acc10": 0.6114099621772766,
    "mrr": 0.4011051654815674
  }
}