{
    "Community": {
        "precision": 0.27582756608021347,
        "recall": 0.3862230005837712,
        "f1-score": 0.3218211888315984,
        "support": 8565.0
    },
    "Entertainment": {
        "precision": 0.2129063798582254,
        "recall": 0.17458408498697134,
        "f1-score": 0.19185022026431717,
        "support": 4989.0
    },
    "Food": {
        "precision": 0.45991813916342217,
        "recall": 0.19963600121332928,
        "f1-score": 0.2784190487701698,
        "support": 23077.0
    },
    "Nightlife": {
        "precision": 0.13354037267080746,
        "recall": 0.27889150943396224,
        "f1-score": 0.1806032836960672,
        "support": 3392.0
    },
    "Outdoors": {
        "precision": 0.21496558793381168,
        "recall": 0.27568075117370894,
        "f1-score": 0.2415665624485766,
        "support": 5325.0
    },
    "Shopping": {
        "precision": 0.3831635388739946,
        "recall": 0.4422029702970297,
        "f1-score": 0.4105716748060902,
        "support": 16160.0
    },
    "Travel": {
        "precision": 0.3975882558545963,
        "recall": 0.5290697674418605,
        "f1-score": 0.45400119736579525,
        "support": 8600.0
    },
    "macro avg": {
        "precision": 0.2968442629192959,
        "recall": 0.32661258359009043,
        "f1-score": 0.2969761680260878,
        "support": 70108.0
    },
    "weighted avg": {
        "precision": 0.3601161981295175,
        "recall": 0.3265818451531922,
        "f1-score": 0.3220290475446242,
        "support": 70108.0
    }
}