{
    "fold_number": 1,
    "duration": 65.44484496116638,
    "primary_checkpoint": {
        "selection_metric": "joint_score",
        "epoch": 8,
        "joint_score": 0.5033734440803528,
        "loss": 1.0984400510787964,
        "time": 58.63195300102234,
        "task_metrics": {
            "next": {
                "accuracy": 0.3713611364364624,
                "f1": 0.28052473068237305
            },
            "category": {
                "accuracy": 0.8247978687286377,
                "f1": 0.7262221574783325
            }
        }
    },
    "diagnostic_best_epochs": {
        "next": {
            "epoch": 8,
            "time": 58.70804810523987,
            "metrics": {
                "accuracy": 0.3713611364364624,
                "accuracy_macro": 0.2675248980522156,
                "f1": 0.28052473068237305,
                "f1_weighted": 0.3539760112762451,
                "mrr": 0.5987898707389832,
                "top3_acc": 0.782454788684845,
                "ndcg_3": 0.6122415065765381,
                "top5_acc": 0.93587726354599,
                "ndcg_5": 0.6755930185317993,
                "loss": 1.57770836353302
            },
            "accuracy": 0.3713611364364624,
            "f1": 0.28052473068237305
        },
        "category": {
            "epoch": 8,
            "time": 58.76594400405884,
            "metrics": {
                "accuracy": 0.8247978687286377,
                "accuracy_macro": 0.715972900390625,
                "f1": 0.7262221574783325,
                "f1_weighted": 0.8222007751464844,
                "mrr": 0.8932358026504517,
                "top3_acc": 0.9555255770683289,
                "ndcg_3": 0.9025136232376099,
                "top5_acc": 0.9878706336021423,
                "ndcg_5": 0.9157350659370422,
                "loss": 0.6191717386245728
            },
            "accuracy": 0.8247978687286377,
            "f1": 0.7262221574783325
        }
    }
}