{
    "fold_number": 3,
    "duration": 345.2332317829132,
    "best_epochs": {
        "next": {
            "epoch": 13,
            "accuracy": 0.29938398357289525,
            "f1": 0.26369869579973704,
            "time": 53.54497480392456
        }
    }
}