{
    "fold_number": 4,
    "duration": 328.0003471374512,
    "best_epochs": {
        "next": {
            "epoch": 19,
            "accuracy": 0.3264887063655031,
            "f1": 0.27172200797373786,
            "time": 70.81034111976624
        }
    }
}