{
    "model": {
        "joint_score": {
            "mean": 0.2501915104687214,
            "std": 0.005440745461017895,
            "min": 0.24398940801620483,
            "max": 0.25741739571094513
        },
        "loss": {
            "mean": 4.4600780487060545,
            "std": 0.13184982228589298,
            "min": 4.267147064208984,
            "max": 4.592732747395833
        }
    },
    "next_region": {
        "accuracy": {
            "mean": 0.12437547147274017,
            "std": 0.015778041422848377,
            "min": 0.1094696968793869,
            "max": 0.14983898401260376
        },
        "accuracy_macro": {
            "mean": 0.08543897055428865,
            "std": 0.00547368207986539,
            "min": 0.0770778182285284,
            "max": 0.09159435489313389
        },
        "f1": {
            "mean": 0.07133524566888809,
            "std": 0.005893032496155705,
            "min": 0.06658423691987991,
            "max": 0.07961994409561157
        },
        "f1_weighted": {
            "mean": 0.14475255310535431,
            "std": 0.019456730061775743,
            "min": 0.12952680885791779,
            "max": 0.17619474232196808
        },
        "mrr": {
            "mean": 0.23436370491981506,
            "std": 0.016642417105751015,
            "min": 0.2117021530866623,
            "max": 0.2501120865345001
        },
        "top3_acc": {
            "mean": 0.271405017375946,
            "std": 0.026015119429666757,
            "min": 0.23280924558639526,
            "max": 0.30422428250312805
        },
        "ndcg_3": {
            "mean": 0.20917969346046447,
            "std": 0.018629226129036232,
            "min": 0.1828748881816864,
            "max": 0.2271800935268402
        },
        "top5_acc": {
            "mean": 0.34952294230461123,
            "std": 0.02871935255768706,
            "min": 0.30763402581214905,
            "max": 0.38700512051582336
        },
        "ndcg_5": {
            "mean": 0.24127588868141175,
            "std": 0.019333513892851834,
            "min": 0.21349799633026123,
            "max": 0.2611134350299835
        },
        "loss": {
            "mean": 7.467767588297526,
            "std": 0.2185650446329155,
            "min": 7.148471196492513,
            "max": 7.692914962768555
        },
        "n_indist": {
            "mean": 5174.4,
            "std": 27.555398745073532,
            "min": 5148.0,
            "max": 5212.0
        },
        "n_ood": {
            "mean": 104.8,
            "std": 27.788486824582588,
            "min": 67.0,
            "max": 131.0
        },
        "ood_fraction": {
            "mean": 0.01985130476961316,
            "std": 0.00526286045433171,
            "min": 0.012691797688956242,
            "max": 0.02481530592915325
        },
        "top1_acc_indist": {
            "mean": 0.12687216252088546,
            "std": 0.015888054431315777,
            "min": 0.1122548058629036,
            "max": 0.15293890237808228
        },
        "top5_acc_indist": {
            "mean": 0.356521862745285,
            "std": 0.0280281844025375,
            "min": 0.3154623210430145,
            "max": 0.3935657739639282
        },
        "top10_acc_indist": {
            "mean": 0.46567211151123045,
            "std": 0.030210338026448673,
            "min": 0.42171716690063477,
            "max": 0.5064534544944763
        },
        "mrr_indist": {
            "mean": 0.23902296423912048,
            "std": 0.01615951383403413,
            "min": 0.21702654659748077,
            "max": 0.25524815917015076
        }
    },
    "next_category": {
        "accuracy": {
            "mean": 0.44116524457931516,
            "std": 0.0047239048549231315,
            "min": 0.43493086099624634,
            "max": 0.4476226568222046
        },
        "accuracy_macro": {
            "mean": 0.5030984163284302,
            "std": 0.007938928605298575,
            "min": 0.492095023393631,
            "max": 0.5092779397964478
        },
        "f1": {
            "mean": 0.4290477752685547,
            "std": 0.006689800394632216,
            "min": 0.4197584092617035,
            "max": 0.4352148473262787
        },
        "f1_weighted": {
            "mean": 0.43452309966087344,
            "std": 0.00374966708401647,
            "min": 0.4301479458808899,
            "max": 0.4388428032398224
        },
        "mrr": {
            "mean": 0.6557414531707764,
            "std": 0.003767274953078971,
            "min": 0.6514017581939697,
            "max": 0.6612494587898254
        },
        "top3_acc": {
            "mean": 0.8519473195075988,
            "std": 0.004818007135256031,
            "min": 0.8439098596572876,
            "max": 0.8550862073898315
        },
        "ndcg_3": {
            "mean": 0.6831179738044739,
            "std": 0.00391200535164101,
            "min": 0.6779022216796875,
            "max": 0.6884130835533142
        },
        "top5_acc": {
            "mean": 0.9577210187911988,
            "std": 0.00319341328162412,
            "min": 0.9535984992980957,
            "max": 0.9609774351119995
        },
        "ndcg_5": {
            "mean": 0.7269622087478638,
            "std": 0.00330577550699856,
            "min": 0.7239983677864075,
            "max": 0.7319414615631104
        },
        "loss": {
            "mean": 1.4523887316385904,
            "std": 0.05117053437085489,
            "min": 1.3858235677083333,
            "max": 1.5070250829060872
        }
    },
    "_selection": {
        "primary": "joint_score",
        "diagnostic_task_best": "per-task best validation f1"
    },
    "diagnostic_task_best": {
        "next_region": {
            "accuracy": {
                "mean": 0.1229732796549797,
                "std": 0.018284204367094187,
                "min": 0.09566205739974976,
                "max": 0.14661867916584015
            },
            "accuracy_macro": {
                "mean": 0.0880846147825858,
                "std": 0.005120408335316393,
                "min": 0.08231942815450945,
                "max": 0.09508884502297171
            },
            "f1": {
                "mean": 0.07316160500049591,
                "std": 0.005169254700302905,
                "min": 0.0682700052857399,
                "max": 0.07980507612228394
            },
            "f1_weighted": {
                "mean": 0.14392807483673095,
                "std": 0.02184791764385115,
                "min": 0.11244283616542816,
                "max": 0.17250841856002808
            },
            "mrr": {
                "mean": 0.23323181867599488,
                "std": 0.023965434684123904,
                "min": 0.1932499259710312,
                "max": 0.2532893419265747
            },
            "top3_acc": {
                "mean": 0.2715941548347473,
                "std": 0.03531006998986227,
                "min": 0.21670770645141602,
                "max": 0.31293806433677673
            },
            "ndcg_3": {
                "mean": 0.2085384249687195,
                "std": 0.02701029822447455,
                "min": 0.16461755335330963,
                "max": 0.23382146656513214
            },
            "top5_acc": {
                "mean": 0.3488405466079712,
                "std": 0.03496591885672681,
                "min": 0.295131653547287,
                "max": 0.39268800616264343
            },
            "ndcg_5": {
                "mean": 0.24025596380233766,
                "std": 0.026550455452026618,
                "min": 0.19677412509918213,
                "max": 0.2666237950325012
            },
            "loss": {
                "mean": 7.420549265543619,
                "std": 0.24232259443247814,
                "min": 7.192456563313802,
                "max": 7.7580210367838545
            },
            "n_indist": {
                "mean": 5174.4,
                "std": 27.555398745073532,