{
    "fold_number": 3,
    "duration": 237.97740602493286,
    "best_epochs": {
        "category": {
            "epoch": 15,
            "accuracy": 0.5398628663619253,
            "f1": 0.48131022902132914
        }
    }
}