{
  "tag": "T6_4_two_pass",
  "engine": "check2hgi",
  "state": "alabama",
  "meta": {
    "embedding_path": "/home/vitor.oliveira/PoiMtlNet/output/check2hgi/alabama/poi_embeddings.parquet",
    "graph_pickle": "/home/vitor.oliveira/PoiMtlNet/output/check2hgi/alabama/temp/checkin_graph.pt",
    "n_pois": 11848,
    "emb_dim": 64,
    "n_regions_in_data": 1109,
    "n_regions_total": 1109,
    "visit_log_min": 0.6931471824645996,
    "visit_log_max": 6.871091365814209
  },
  "folds": [
    {
      "fold": 1,
      "n_train": 9478,
      "n_val": 2370,
      "overall": {
        "n": 2370,
        "top1": 0.07257383966244725,
        "top5": 0.16962025316455695,
        "macro_f1": 0.01885924572674203
      },
      "low_visit_q25": {
        "n": 801,
        "top1": 0.03870162297128589,
        "top5": 0.07615480649188515,
        "macro_f1": 0.010184315636446619
      },
      "mid_visit_q50": {
        "n": 976,
        "top1": 0.07581967213114754,
        "top5": 0.17725409836065573,
        "macro_f1": 0.02221802222527503
      },
      "high_visit_q75": {
        "n": 593,
        "top1": 0.11298482293423272,
        "top5": 0.28330522765598654,
        "macro_f1": 0.031462868587221485
      }
    },
    {
      "fold": 2,
      "n_train": 9478,
      "n_val": 2370,
      "overall": {
        "n": 2370,
        "top1": 0.07257383966244725,
        "top5": 0.159915611814346,
        "macro_f1": 0.018428007928414942
      },
      "low_visit_q25": {
        "n": 806,
        "top1": 0.02481389578163772,
        "top5": 0.07444168734491315,
        "macro_f1": 0.00819926852981252
      },
      "mid_visit_q50": {
        "n": 950,
        "top1": 0.07052631578947369,
        "top5": 0.15578947368421053,
        "macro_f1": 0.024321676334608345
      },
      "high_visit_q75": {
        "n": 614,
        "top1": 0.13843648208469056,
        "top5": 0.2785016286644951,
        "macro_f1": 0.03548641680910971
      }
    },
    {
      "fold": 3,
      "n_train": 9478,
      "n_val": 2370,
      "overall": {
        "n": 2370,
        "top1": 0.08354430379746836,
        "top5": 0.17383966244725738,
        "macro_f1": 0.024069954882620176
      },
      "low_visit_q25": {
        "n": 787,
        "top1": 0.036848792884371026,
        "top5": 0.08005082592121983,
        "macro_f1": 0.015695769285816754
      },
      "mid_visit_q50": {
        "n": 931,
        "top1": 0.07841031149301826,
        "top5": 0.1761546723952739,
        "macro_f1": 0.02801920146409419
      },
      "high_visit_q75": {
        "n": 652,
        "top1": 0.147239263803681,
        "top5": 0.2837423312883436,
        "macro_f1": 0.041208068620947245
      }
    },
    {
      "fold": 4,
      "n_train": 9479,
      "n_val": 2369,
      "overall": {
        "n": 2369,
        "top1": 0.06880540312368087,
        "top5": 0.15449556775010553,
        "macro_f1": 0.018633440982842434
      },
      "low_visit_q25": {
        "n": 822,
        "top1": 0.0267639902676399,
        "top5": 0.07907542579075426,
        "macro_f1": 0.010311052876655033
      },
      "mid_visit_q50": {
        "n": 957,
        "top1": 0.06687565308254964,
        "top5": 0.1536050156739812,
        "macro_f1": 0.021480447546504022
      },
      "high_visit_q75": {
        "n": 590,
        "top1": 0.13050847457627118,
        "top5": 0.26101694915254237,
        "macro_f1": 0.03533127410889713
      }
    },
    {
      "fold": 5,
      "n_train": 9479,
      "n_val": 2369,
      "overall": {
        "n": 2369,
        "top1": 0.07218235542422963,
        "top5": 0.1650485436893204,
        "macro_f1": 0.023607398770227595
      },
      "low_visit_q25": {
        "n": 841,
        "top1": 0.034482758620689655,
        "top5": 0.07728894173602854,
        "macro_f1": 0.01430309715439895
      },
      "mid_visit_q50": {
        "n": 943,
        "top1": 0.08483563096500531,
        "top5": 0.17709437963944857,
        "macro_f1": 0.03244111684835529
      },
      "high_visit_q75": {
        "n": 585,
        "top1": 0.10598290598290598,
        "top5": 0.2717948717948718,
        "macro_f1": 0.02889629964525887
      }
    }
  ],
  "summary": {
    "overall": {
      "top1": {
        "mean": 0.07393594833405467,
        "std": 0.005599749035156086,
        "n_folds": 5
      },
      "top5": {
        "mean": 0.16458392777311726,
        "std": 0.007661873915709993,
        "n_folds": 5
      },
      "macro_f1": {
        "mean": 0.020719609658169436,
        "std": 0.002856073846463313,
        "n_folds": 5
      }
    },
    "low_visit_q25": {
      "top1": {
        "mean": 0.032322212105124835,
        "std": 0.006187152450935963,
        "n_folds": 5
      },
      "top5": {
        "mean": 0.0774023374569602,
        "std": 0.002244346057446636,
        "n_folds": 5
      },
      "macro_f1": {
        "mean": 0.011738700696625975,
        "std": 0.0031311496406611276,
        "n_folds": 5
      }
    },
    "mid_visit_q50": {
      "top1": {
        "mean": 0.07529351669223888,
        "std": 0.006975489702688388,
        "n_folds": 5
      },
      "top5": {
        "mean": 0.167979527950714,
        "std": 0.012156841597432437,
        "n_folds": 5
      },
      "macro_f1": {
        "mean": 0.025696092883767375,
        "std": 0.004545597972888472,
        "n_folds": 5
      }
    },
    "high_visit_q75": {
      "top1": {
        "mean": 0.12703038987635626,
        "std": 0.01725448584445531,
        "n_folds": 5
      },
      "top5": {
        "mean": 0.27567220171124784,
        "std": 0.009502708142784876,
        "n_folds": 5
      },
      "macro_f1": {
        "mean": 0.03447698555428689,
        "std": 0.004671327326076831,
        "n_folds": 5
      }
    }
  },
  "n_folds": 5,
  "seed": 42,
  "sampling": {
    "max_pois": null,
    "min_region_size": 1,
    "n_pois_pre_filter": 11848,
    "n_regions_pre_filter": 1109,
    "n_pois_post_filter": 11848,
    "n_regions_post_filter": 1109
  },
  "solver": {
    "max_iter": 1000,
    "tol": 0.001,
    "C": 1.0,
    "name": "lbfgs"
  }
}