{
  "tag": "T6_2_a1_5_0_3",
  "engine": "check2hgi",
  "state": "alabama",
  "meta": {
    "embedding_path": "/home/vitor.oliveira/PoiMtlNet/output/check2hgi/alabama/poi_embeddings.parquet",
    "graph_pickle": "/home/vitor.oliveira/PoiMtlNet/output/check2hgi/alabama/temp/checkin_graph.pt",
    "n_pois": 11848,
    "emb_dim": 64,
    "n_regions_in_data": 1109,
    "n_regions_total": 1109,
    "visit_log_min": 0.0,
    "visit_log_max": 6.870053291320801
  },
  "folds": [
    {
      "fold": 1,
      "n_train": 9478,
      "n_val": 2370,
      "overall": {
        "n": 2370,
        "top1": 0.07257383966244725,
        "top5": 0.1729957805907173,
        "macro_f1": 0.01712712749857629
      },
      "low_visit_q25": {
        "n": 801,
        "top1": 0.039950062421972535,
        "top5": 0.07116104868913857,
        "macro_f1": 0.01145480778427204
      },
      "mid_visit_q50": {
        "n": 976,
        "top1": 0.07479508196721311,
        "top5": 0.18032786885245902,
        "macro_f1": 0.02225687426445537
      },
      "high_visit_q75": {
        "n": 593,
        "top1": 0.11298482293423272,
        "top5": 0.2984822934232715,
        "macro_f1": 0.02755610578822597
      }
    },
    {
      "fold": 2,
      "n_train": 9478,
      "n_val": 2370,
      "overall": {
        "n": 2370,
        "top1": 0.07130801687763713,
        "top5": 0.1540084388185654,
        "macro_f1": 0.019920517848827115
      },
      "low_visit_q25": {
        "n": 806,
        "top1": 0.02729528535980149,
        "top5": 0.06575682382133995,
        "macro_f1": 0.00823880257001205
      },
      "mid_visit_q50": {
        "n": 950,
        "top1": 0.06736842105263158,
        "top5": 0.15263157894736842,
        "macro_f1": 0.02521120458972893
      },
      "high_visit_q75": {
        "n": 614,
        "top1": 0.13517915309446255,
        "top5": 0.2719869706840391,
        "macro_f1": 0.0327677427935544
      }
    },
    {
      "fold": 3,
      "n_train": 9478,
      "n_val": 2370,
      "overall": {
        "n": 2370,
        "top1": 0.08016877637130802,
        "top5": 0.17552742616033756,
        "macro_f1": 0.022130542779702684
      },
      "low_visit_q25": {
        "n": 787,
        "top1": 0.03430749682337993,
        "top5": 0.07496823379923762,
        "macro_f1": 0.016642651849567227
      },
      "mid_visit_q50": {
        "n": 931,
        "top1": 0.08270676691729323,
        "top5": 0.1761546723952739,
        "macro_f1": 0.028438277152971016
      },
      "high_visit_q75": {
        "n": 652,
        "top1": 0.13190184049079753,
        "top5": 0.2960122699386503,
        "macro_f1": 0.034444893061955445
      }
    },
    {
      "fold": 4,
      "n_train": 9479,
      "n_val": 2369,
      "overall": {
        "n": 2369,
        "top1": 0.06796116504854369,
        "top5": 0.14774166314900802,
        "macro_f1": 0.01902612893017701
      },
      "low_visit_q25": {
        "n": 822,
        "top1": 0.027980535279805353,
        "top5": 0.0681265206812652,
        "macro_f1": 0.00902270603034955
      },
      "mid_visit_q50": {
        "n": 957,
        "top1": 0.06792058516196448,
        "top5": 0.1536050156739812,
        "macro_f1": 0.019340949526700717
      },
      "high_visit_q75": {
        "n": 590,
        "top1": 0.12372881355932204,
        "top5": 0.24915254237288137,
        "macro_f1": 0.03548598301376302
      }
    },
    {
      "fold": 5,
      "n_train": 9479,
      "n_val": 2369,
      "overall": {
        "n": 2369,
        "top1": 0.0747150696496412,
        "top5": 0.16082735331363446,
        "macro_f1": 0.019072046544430947
      },
      "low_visit_q25": {
        "n": 841,
        "top1": 0.027348394768133173,
        "top5": 0.07728894173602854,
        "macro_f1": 0.009908112611502736
      },
      "mid_visit_q50": {
        "n": 943,
        "top1": 0.08483563096500531,
        "top5": 0.16436903499469777,
        "macro_f1": 0.025151369764015087
      },
      "high_visit_q75": {
        "n": 585,
        "top1": 0.1264957264957265,
        "top5": 0.27521367521367524,
        "macro_f1": 0.03477546203801705
      }
    }
  ],
  "summary": {
    "overall": {
      "top1": {
        "mean": 0.07334537352191547,
        "std": 0.004532402271544991,
        "n_folds": 5
      },
      "top5": {
        "mean": 0.16222013240645256,
        "std": 0.011960314356913235,
        "n_folds": 5
      },
      "macro_f1": {
        "mean": 0.01945527272034281,
        "std": 0.0018114089673691813,
        "n_folds": 5
      }
    },
    "low_visit_q25": {
      "top1": {
        "mean": 0.031376354930618494,
        "std": 0.00562386068364223,
        "n_folds": 5
      },
      "top5": {
        "mean": 0.07146031374540199,
        "std": 0.004743731138025257,
        "n_folds": 5
      },
      "macro_f1": {
        "mean": 0.01105341616914072,
        "std": 0.0033450793839376225,
        "n_folds": 5
      }
    },
    "mid_visit_q50": {
      "top1": {
        "mean": 0.07552529721282154,
        "std": 0.00811103122400817,
        "n_folds": 5
      },
      "top5": {
        "mean": 0.16541763417275607,
        "std": 0.012666094625575315,
        "n_folds": 5
      },
      "macro_f1": {
        "mean": 0.024079735059574225,
        "std": 0.0034352737599169167,
        "n_folds": 5
      }
    },
    "high_visit_q75": {
      "top1": {
        "mean": 0.12605807131490826,
        "std": 0.008571326880688923,
        "n_folds": 5
      },
      "top5": {
        "mean": 0.2781695503265035,
        "std": 0.02012410503955149,
        "n_folds": 5
      },
      "macro_f1": {
        "mean": 0.03300603733910317,
        "std": 0.0032058477157087613,
        "n_folds": 5
      }
    }
  },
  "n_folds": 5,
  "seed": 42,
  "sampling": {
    "max_pois": null,
    "min_region_size": 1,
    "n_pois_pre_filter": 11848,
    "n_regions_pre_filter": 1109,
    "n_pois_post_filter": 11848,
    "n_regions_post_filter": 1109
  },
  "solver": {
    "max_iter": 1000,
    "tol": 0.001,
    "C": 1.0,
    "name": "lbfgs"
  }
}