{
  "tag": "T6_2_a1_5_0_5",
  "engine": "check2hgi",
  "state": "arizona",
  "meta": {
    "embedding_path": "/home/vitor.oliveira/PoiMtlNet/output/check2hgi/arizona/poi_embeddings.parquet",
    "graph_pickle": "/home/vitor.oliveira/PoiMtlNet/output/check2hgi/arizona/temp/checkin_graph.pt",
    "n_pois": 20666,
    "emb_dim": 64,
    "n_regions_in_data": 1547,
    "n_regions_total": 1547,
    "visit_log_min": 0.0,
    "visit_log_max": 8.835210800170898
  },
  "folds": [
    {
      "fold": 1,
      "n_train": 16532,
      "n_val": 4134,
      "overall": {
        "n": 4134,
        "top1": 0.06966618287373004,
        "top5": 0.14876632801161102,
        "macro_f1": 0.016670828780337255
      },
      "low_visit_q25": {
        "n": 1195,
        "top1": 0.035146443514644354,
        "top5": 0.0887029288702929,
        "macro_f1": 0.011222655711196076
      },
      "mid_visit_q50": {
        "n": 1904,
        "top1": 0.06092436974789916,
        "top5": 0.14233193277310924,
        "macro_f1": 0.01773086252101868
      },
      "high_visit_q75": {
        "n": 1035,
        "top1": 0.12560386473429952,
        "top5": 0.22995169082125605,
        "macro_f1": 0.026592542661126217
      }
    },
    {
      "fold": 2,
      "n_train": 16533,
      "n_val": 4133,
      "overall": {
        "n": 4133,
        "top1": 0.07355431889668522,
        "top5": 0.15581901766271475,
        "macro_f1": 0.016331094410630666
      },
      "low_visit_q25": {
        "n": 1252,
        "top1": 0.0439297124600639,
        "top5": 0.08626198083067092,
        "macro_f1": 0.014262795444263301
      },
      "mid_visit_q50": {
        "n": 1825,
        "top1": 0.05917808219178082,
        "top5": 0.14794520547945206,
        "macro_f1": 0.018291548658506934
      },
      "high_visit_q75": {
        "n": 1056,
        "top1": 0.13352272727272727,
        "top5": 0.2518939393939394,
        "macro_f1": 0.017369837737693048
      }
    },
    {
      "fold": 3,
      "n_train": 16533,
      "n_val": 4133,
      "overall": {
        "n": 4133,
        "top1": 0.06532784902008226,
        "top5": 0.1512218727316719,
        "macro_f1": 0.016351524624274028
      },
      "low_visit_q25": {
        "n": 1242,
        "top1": 0.029790660225442835,
        "top5": 0.08051529790660225,
        "macro_f1": 0.010901536950278597
      },
      "mid_visit_q50": {
        "n": 1813,
        "top1": 0.05570876999448428,
        "top5": 0.14285714285714285,
        "macro_f1": 0.019300916011493544
      },
      "high_visit_q75": {
        "n": 1078,
        "top1": 0.12244897959183673,
        "top5": 0.24675324675324675,
        "macro_f1": 0.023783359290062138
      }
    },
    {
      "fold": 4,
      "n_train": 16533,
      "n_val": 4133,
      "overall": {
        "n": 4133,
        "top1": 0.06944108395838373,
        "top5": 0.14686668279699977,
        "macro_f1": 0.0161177735996249
      },
      "low_visit_q25": {
        "n": 1288,
        "top1": 0.02872670807453416,
        "top5": 0.07996894409937888,
        "macro_f1": 0.00936303525461835
      },
      "mid_visit_q50": {
        "n": 1791,
        "top1": 0.07146845337800112,
        "top5": 0.15857063093243998,
        "macro_f1": 0.021219760755530667
      },
      "high_visit_q75": {
        "n": 1054,
        "top1": 0.1157495256166983,
        "top5": 0.20872865275142316,
        "macro_f1": 0.017553042416233844
      }
    },
    {
      "fold": 5,
      "n_train": 16533,
      "n_val": 4133,
      "overall": {
        "n": 4133,
        "top1": 0.07210258891846116,
        "top5": 0.15533510766997338,
        "macro_f1": 0.016737347490036397
      },
      "low_visit_q25": {
        "n": 1248,
        "top1": 0.03766025641025641,
        "top5": 0.08413461538461539,
        "macro_f1": 0.014702435899942549
      },
      "mid_visit_q50": {
        "n": 1837,
        "top1": 0.061513336962438755,
        "top5": 0.14861186717474142,
        "macro_f1": 0.016287912066572915
      },
      "high_visit_q75": {
        "n": 1048,
        "top1": 0.1316793893129771,
        "top5": 0.25190839694656486,
        "macro_f1": 0.024753537889412865
      }
    }
  ],
  "summary": {
    "overall": {
      "top1": {
        "mean": 0.07001840473346849,
        "std": 0.0031346923733762337,
        "n_folds": 5
      },
      "top5": {
        "mean": 0.15160180177459417,
        "std": 0.003947407124483301,
        "n_folds": 5
      },
      "macro_f1": {
        "mean": 0.016441713780980652,
        "std": 0.00025748832159979107,
        "n_folds": 5
      }
    },
    "low_visit_q25": {
      "top1": {
        "mean": 0.03505075613698833,
        "std": 0.006191056170646501,
        "n_folds": 5
      },
      "top5": {
        "mean": 0.08391675341831206,
        "std": 0.0037286099596894563,
        "n_folds": 5
      },
      "macro_f1": {
        "mean": 0.012090491852059775,
        "std": 0.0022992894240806247,
        "n_folds": 5
      }
    },
    "mid_visit_q50": {
      "top1": {
        "mean": 0.06175860245492083,
        "std": 0.005879984310088299,
        "n_folds": 5
      },
      "top5": {
        "mean": 0.1480633558433771,
        "std": 0.006532065486023636,
        "n_folds": 5
      },
      "macro_f1": {
        "mean": 0.018566200002624548,
        "std": 0.0018401773196903965,
        "n_folds": 5
      }
    },
    "high_visit_q75": {
      "top1": {
        "mean": 0.1258008973057078,
        "std": 0.007184837739024957,
        "n_folds": 5
      },
      "top5": {
        "mean": 0.23784718533328605,
        "std": 0.018604936676864203,
        "n_folds": 5
      },
      "macro_f1": {
        "mean": 0.022010463998905622,
        "std": 0.004273964091183053,
        "n_folds": 5
      }
    }
  },
  "n_folds": 5,
  "seed": 42,
  "sampling": {
    "max_pois": null,
    "min_region_size": 1,
    "n_pois_pre_filter": 20666,
    "n_regions_pre_filter": 1547,
    "n_pois_post_filter": 20666,
    "n_regions_post_filter": 1547
  },
  "solver": {
    "max_iter": 1000,
    "tol": 0.001,
    "C": 1.0,
    "name": "lbfgs"
  }
}