{
  "tag": "T6_4_two_pass",
  "engine": "check2hgi",
  "state": "arizona",
  "meta": {
    "embedding_path": "/home/vitor.oliveira/PoiMtlNet/output/check2hgi/arizona/poi_embeddings.parquet",
    "graph_pickle": "/home/vitor.oliveira/PoiMtlNet/output/check2hgi/arizona/temp/checkin_graph.pt",
    "n_pois": 20666,
    "emb_dim": 64,
    "n_regions_in_data": 1547,
    "n_regions_total": 1547,
    "visit_log_min": 0.0,
    "visit_log_max": 8.835210800170898
  },
  "folds": [
    {
      "fold": 1,
      "n_train": 16532,
      "n_val": 4134,
      "overall": {
        "n": 4134,
        "top1": 0.06676342525399129,
        "top5": 0.14465408805031446,
        "macro_f1": 0.014223099432421659
      },
      "low_visit_q25": {
        "n": 1195,
        "top1": 0.03347280334728033,
        "top5": 0.08368200836820083,
        "macro_f1": 0.009722343726014097
      },
      "mid_visit_q50": {
        "n": 1904,
        "top1": 0.058298319327731093,
        "top5": 0.13655462184873948,
        "macro_f1": 0.01569908022700837
      },
      "high_visit_q75": {
        "n": 1035,
        "top1": 0.12077294685990338,
        "top5": 0.22995169082125605,
        "macro_f1": 0.02340903257206502
      }
    },
    {
      "fold": 2,
      "n_train": 16533,
      "n_val": 4133,
      "overall": {
        "n": 4133,
        "top1": 0.06919912896201307,
        "top5": 0.15025405274618922,
        "macro_f1": 0.014792522898536926
      },
      "low_visit_q25": {
        "n": 1252,
        "top1": 0.04073482428115016,
        "top5": 0.08466453674121406,
        "macro_f1": 0.013883200507834119
      },
      "mid_visit_q50": {
        "n": 1825,
        "top1": 0.0547945205479452,
        "top5": 0.13808219178082193,
        "macro_f1": 0.01580855947087907
      },
      "high_visit_q75": {
        "n": 1056,
        "top1": 0.1278409090909091,
        "top5": 0.2490530303030303,
        "macro_f1": 0.016704027336004314
      }
    },
    {
      "fold": 3,
      "n_train": 16533,
      "n_val": 4133,
      "overall": {
        "n": 4133,
        "top1": 0.06847326397290104,
        "top5": 0.14759254778611178,
        "macro_f1": 0.017957697105717492
      },
      "low_visit_q25": {
        "n": 1242,
        "top1": 0.04106280193236715,
        "top5": 0.07648953301127215,
        "macro_f1": 0.014634116725836284
      },
      "mid_visit_q50": {
        "n": 1813,
        "top1": 0.05405405405405406,
        "top5": 0.14120242691671264,
        "macro_f1": 0.01835772189016487
      },
      "high_visit_q75": {
        "n": 1078,
        "top1": 0.12430426716141002,
        "top5": 0.24025974025974026,
        "macro_f1": 0.024183927571863557
      }
    },
    {
      "fold": 4,
      "n_train": 16533,
      "n_val": 4133,
      "overall": {
        "n": 4133,
        "top1": 0.06605371400919428,
        "top5": 0.14856036777159448,
        "macro_f1": 0.015626174061233487
      },
      "low_visit_q25": {
        "n": 1288,
        "top1": 0.030279503105590064,
        "top5": 0.07996894409937888,
        "macro_f1": 0.007258204324382297
      },
      "mid_visit_q50": {
        "n": 1791,
        "top1": 0.06532663316582915,
        "top5": 0.15801228364042436,
        "macro_f1": 0.020871710224960132
      },
      "high_visit_q75": {
        "n": 1054,
        "top1": 0.1110056925996205,
        "top5": 0.21631878557874762,
        "macro_f1": 0.0188078056662136
      }
    },
    {
      "fold": 5,
      "n_train": 16533,
      "n_val": 4133,
      "overall": {
        "n": 4133,
        "top1": 0.07379627389305589,
        "top5": 0.15581901766271475,
        "macro_f1": 0.018517746560528042
      },
      "low_visit_q25": {
        "n": 1248,
        "top1": 0.04326923076923077,
        "top5": 0.08653846153846154,
        "macro_f1": 0.017491801846947624
      },
      "mid_visit_q50": {
        "n": 1837,
        "top1": 0.06423516603157321,
        "top5": 0.1502449646162221,
        "macro_f1": 0.01944604050841084
      },
      "high_visit_q75": {
        "n": 1048,
        "top1": 0.1269083969465649,
        "top5": 0.2480916030534351,
        "macro_f1": 0.022384943797649402
      }
    }
  ],
  "summary": {
    "overall": {
      "top1": {
        "mean": 0.06885716121823111,
        "std": 0.0030373590333207952,
        "n_folds": 5
      },
      "top5": {
        "mean": 0.14937601480338497,
        "std": 0.0041359963557125075,
        "n_folds": 5
      },
      "macro_f1": {
        "mean": 0.01622344801168752,
        "std": 0.0019155353717213409,
        "n_folds": 5
      }
    },
    "low_visit_q25": {
      "top1": {
        "mean": 0.0377638326871237,
        "std": 0.005577802417971667,
        "n_folds": 5
      },
      "top5": {
        "mean": 0.08226869675170549,
        "std": 0.004020447304576127,
        "n_folds": 5
      },
      "macro_f1": {
        "mean": 0.012597933426202884,
        "std": 0.004078284719862475,
        "n_folds": 5
      }
    },
    "mid_visit_q50": {
      "top1": {
        "mean": 0.05934173862542654,
        "std": 0.005231876303972488,
        "n_folds": 5
      },
      "top5": {
        "mean": 0.14481929776058408,
        "std": 0.009086637949011347,
        "n_folds": 5
      },
      "macro_f1": {
        "mean": 0.018036622464284658,
        "std": 0.0022669172398201392,
        "n_folds": 5
      }
    },
    "high_visit_q75": {
      "top1": {
        "mean": 0.12216644253168159,
        "std": 0.006814693055915325,
        "n_folds": 5
      },
      "top5": {
        "mean": 0.23673497000324187,
        "std": 0.013747410593115208,
        "n_folds": 5
      },
      "macro_f1": {
        "mean": 0.02109794738875918,
        "std": 0.0032043732113648375,
        "n_folds": 5
      }
    }
  },
  "n_folds": 5,
  "seed": 42,
  "sampling": {
    "max_pois": null,
    "min_region_size": 1,
    "n_pois_pre_filter": 20666,
    "n_regions_pre_filter": 1547,
    "n_pois_post_filter": 20666,
    "n_regions_post_filter": 1547
  },
  "solver": {
    "max_iter": 1000,
    "tol": 0.001,
    "C": 1.0,
    "name": "lbfgs"
  }
}