{
  "tag": "T6_4_infonce_tau0_5",
  "engine": "check2hgi",
  "state": "alabama",
  "meta": {
    "embedding_path": "/home/vitor.oliveira/PoiMtlNet/output/check2hgi/alabama/poi_embeddings.parquet",
    "graph_pickle": "/home/vitor.oliveira/PoiMtlNet/output/check2hgi/alabama/temp/checkin_graph.pt",
    "n_pois": 11848,
    "emb_dim": 64,
    "n_regions_in_data": 1109,
    "n_regions_total": 1109,
    "visit_log_min": 0.6931471824645996,
    "visit_log_max": 6.871091365814209
  },
  "folds": [
    {
      "fold": 1,
      "n_train": 9478,
      "n_val": 2370,
      "overall": {
        "n": 2370,
        "top1": 0.07974683544303797,
        "top5": 0.1839662447257384,
        "macro_f1": 0.022571528410143937
      },
      "low_visit_q25": {
        "n": 801,
        "top1": 0.03870162297128589,
        "top5": 0.07240948813982521,
        "macro_f1": 0.010653071663427027
      },
      "mid_visit_q50": {
        "n": 976,
        "top1": 0.08299180327868852,
        "top5": 0.19672131147540983,
        "macro_f1": 0.03203360582607325
      },
      "high_visit_q75": {
        "n": 593,
        "top1": 0.12984822934232715,
        "top5": 0.3136593591905565,
        "macro_f1": 0.038215674840917674
      }
    },
    {
      "fold": 2,
      "n_train": 9478,
      "n_val": 2370,
      "overall": {
        "n": 2370,
        "top1": 0.08185654008438818,
        "top5": 0.17552742616033756,
        "macro_f1": 0.020142416176555034
      },
      "low_visit_q25": {
        "n": 806,
        "top1": 0.02109181141439206,
        "top5": 0.07196029776674938,
        "macro_f1": 0.006950716412089917
      },
      "mid_visit_q50": {
        "n": 950,
        "top1": 0.07894736842105263,
        "top5": 0.17789473684210527,
        "macro_f1": 0.024643611434719433
      },
      "high_visit_q75": {
        "n": 614,
        "top1": 0.16612377850162866,
        "top5": 0.30781758957654726,
        "macro_f1": 0.04311545686485501
      }
    },
    {
      "fold": 3,
      "n_train": 9478,
      "n_val": 2370,
      "overall": {
        "n": 2370,
        "top1": 0.08354430379746836,
        "top5": 0.18016877637130801,
        "macro_f1": 0.021390857023079114
      },
      "low_visit_q25": {
        "n": 787,
        "top1": 0.029224904701397714,
        "top5": 0.07878017789072427,
        "macro_f1": 0.01322261167458842
      },
      "mid_visit_q50": {
        "n": 931,
        "top1": 0.07841031149301826,
        "top5": 0.1761546723952739,
        "macro_f1": 0.02372367719744574
      },
      "high_visit_q75": {
        "n": 652,
        "top1": 0.15644171779141106,
        "top5": 0.30828220858895705,
        "macro_f1": 0.04538743481506122
      }
    },
    {
      "fold": 4,
      "n_train": 9479,
      "n_val": 2369,
      "overall": {
        "n": 2369,
        "top1": 0.07302659349936683,
        "top5": 0.16673701983959477,
        "macro_f1": 0.021081053569727413
      },
      "low_visit_q25": {
        "n": 822,
        "top1": 0.040145985401459854,
        "top5": 0.07785888077858881,
        "macro_f1": 0.012023479411075365
      },
      "mid_visit_q50": {
        "n": 957,
        "top1": 0.06896551724137931,
        "top5": 0.1755485893416928,
        "macro_f1": 0.02028615115704916
      },
      "high_visit_q75": {
        "n": 590,
        "top1": 0.12542372881355932,
        "top5": 0.27627118644067794,
        "macro_f1": 0.03583334802575708
      }
    },
    {
      "fold": 5,
      "n_train": 9479,
      "n_val": 2369,
      "overall": {
        "n": 2369,
        "top1": 0.08315745040101309,
        "top5": 0.1718024482904179,
        "macro_f1": 0.022696564221866587
      },
      "low_visit_q25": {
        "n": 841,
        "top1": 0.030915576694411414,
        "top5": 0.08561236623067776,
        "macro_f1": 0.01002141587300136
      },
      "mid_visit_q50": {
        "n": 943,
        "top1": 0.09650053022269353,
        "top5": 0.1792152704135737,
        "macro_f1": 0.03294141995868092
      },
      "high_visit_q75": {
        "n": 585,
        "top1": 0.13675213675213677,
        "top5": 0.28376068376068375,
        "macro_f1": 0.037368670200337815
      }
    }
  ],
  "summary": {
    "overall": {
      "top1": {
        "mean": 0.08026634464505489,
        "std": 0.004310339797938619,
        "n_folds": 5
      },
      "top5": {
        "mean": 0.17564038307747934,
        "std": 0.006779356489559394,
        "n_folds": 5
      },
      "macro_f1": {
        "mean": 0.021576483880274416,
        "std": 0.0010701813268806802,
        "n_folds": 5
      }
    },
    "low_visit_q25": {
      "top1": {
        "mean": 0.032015980236589386,
        "std": 0.00773196704939099,
        "n_folds": 5
      },
      "top5": {
        "mean": 0.07732424216131309,
        "std": 0.005568332210997816,
        "n_folds": 5
      },
      "macro_f1": {
        "mean": 0.010574259006836418,
        "std": 0.00237465363444131,
        "n_folds": 5
      }
    },
    "mid_visit_q50": {
      "top1": {
        "mean": 0.08116310613136646,
        "std": 0.009998115543251229,
        "n_folds": 5
      },
      "top5": {
        "mean": 0.1811069160936111,
        "std": 0.008847675909392214,
        "n_folds": 5
      },
      "macro_f1": {
        "mean": 0.026725693114793697,
        "std": 0.005514164983577454,
        "n_folds": 5
      }
    },
    "high_visit_q75": {
      "top1": {
        "mean": 0.14291791824021258,
        "std": 0.01758042517770262,
        "n_folds": 5
      },
      "top5": {
        "mean": 0.2979582055114845,
        "std": 0.016749739853068612,
        "n_folds": 5
      },
      "macro_f1": {
        "mean": 0.039984116949385765,
        "std": 0.004068106607170241,
        "n_folds": 5
      }
    }
  },
  "n_folds": 5,
  "seed": 42,
  "sampling": {
    "max_pois": null,
    "min_region_size": 1,
    "n_pois_pre_filter": 11848,
    "n_regions_pre_filter": 1109,
    "n_pois_post_filter": 11848,
    "n_regions_post_filter": 1109
  },
  "solver": {
    "max_iter": 1000,
    "tol": 0.001,
    "C": 1.0,
    "name": "lbfgs"
  }
}