{
  "tag": "T6_2_a1_5_0_5",
  "engine": "check2hgi",
  "state": "alabama",
  "meta": {
    "embedding_path": "/home/vitor.oliveira/PoiMtlNet/output/check2hgi/alabama/poi_embeddings.parquet",
    "graph_pickle": "/home/vitor.oliveira/PoiMtlNet/output/check2hgi/alabama/temp/checkin_graph.pt",
    "n_pois": 11848,
    "emb_dim": 64,
    "n_regions_in_data": 1109,
    "n_regions_total": 1109,
    "visit_log_min": 0.0,
    "visit_log_max": 6.870053291320801
  },
  "folds": [
    {
      "fold": 1,
      "n_train": 9478,
      "n_val": 2370,
      "overall": {
        "n": 2370,
        "top1": 0.07172995780590717,
        "top5": 0.17383966244725738,
        "macro_f1": 0.017887970522287737
      },
      "low_visit_q25": {
        "n": 801,
        "top1": 0.03870162297128589,
        "top5": 0.07615480649188515,
        "macro_f1": 0.010300133240576886
      },
      "mid_visit_q50": {
        "n": 976,
        "top1": 0.0778688524590164,
        "top5": 0.18032786885245902,
        "macro_f1": 0.02450087146328186
      },
      "high_visit_q75": {
        "n": 593,
        "top1": 0.10623946037099494,
        "top5": 0.2951096121416526,
        "macro_f1": 0.02611897332380485
      }
    },
    {
      "fold": 2,
      "n_train": 9478,
      "n_val": 2370,
      "overall": {
        "n": 2370,
        "top1": 0.07679324894514768,
        "top5": 0.15654008438818565,
        "macro_f1": 0.020865337334532583
      },
      "low_visit_q25": {
        "n": 806,
        "top1": 0.02729528535980149,
        "top5": 0.06823821339950373,
        "macro_f1": 0.010271016642558143
      },
      "mid_visit_q50": {
        "n": 950,
        "top1": 0.06947368421052631,
        "top5": 0.16105263157894736,
        "macro_f1": 0.02554686746009291
      },
      "high_visit_q75": {
        "n": 614,
        "top1": 0.15309446254071662,
        "top5": 0.26547231270358307,
        "macro_f1": 0.037211828882877246
      }
    },
    {
      "fold": 3,
      "n_train": 9478,
      "n_val": 2370,
      "overall": {
        "n": 2370,
        "top1": 0.07932489451476793,
        "top5": 0.170042194092827,
        "macro_f1": 0.02179355749912103
      },
      "low_visit_q25": {
        "n": 787,
        "top1": 0.036848792884371026,
        "top5": 0.07623888182973317,
        "macro_f1": 0.018260837083741422
      },
      "mid_visit_q50": {
        "n": 931,
        "top1": 0.08055853920515575,
        "top5": 0.16326530612244897,
        "macro_f1": 0.023321988088954422
      },
      "high_visit_q75": {
        "n": 652,
        "top1": 0.12883435582822086,
        "top5": 0.2929447852760736,
        "macro_f1": 0.032952572731901025
      }
    },
    {
      "fold": 4,
      "n_train": 9479,
      "n_val": 2369,
      "overall": {
        "n": 2369,
        "top1": 0.06964964119881807,
        "top5": 0.14774166314900802,
        "macro_f1": 0.02028817272103908
      },
      "low_visit_q25": {
        "n": 822,
        "top1": 0.031630170316301706,
        "top5": 0.06447688564476886,
        "macro_f1": 0.010148913554881542
      },
      "mid_visit_q50": {
        "n": 957,
        "top1": 0.06896551724137931,
        "top5": 0.15569487983281086,
        "macro_f1": 0.020167496706608997
      },
      "high_visit_q75": {
        "n": 590,
        "top1": 0.12372881355932204,
        "top5": 0.25084745762711863,
        "macro_f1": 0.03868126577824816
      }
    },
    {
      "fold": 5,
      "n_train": 9479,
      "n_val": 2369,
      "overall": {
        "n": 2369,
        "top1": 0.07640354579991558,
        "top5": 0.16715913887716335,
        "macro_f1": 0.019741996050744278
      },
      "low_visit_q25": {
        "n": 841,
        "top1": 0.027348394768133173,
        "top5": 0.07728894173602854,
        "macro_f1": 0.00790776129072528
      },
      "mid_visit_q50": {
        "n": 943,
        "top1": 0.08589607635206786,
        "top5": 0.1792152704135737,
        "macro_f1": 0.02762082857514931
      },
      "high_visit_q75": {
        "n": 585,
        "top1": 0.13162393162393163,
        "top5": 0.27692307692307694,
        "macro_f1": 0.03990157421196822
      }
    }
  ],
  "summary": {
    "overall": {
      "top1": {
        "mean": 0.07478025765291128,
        "std": 0.003967633958438446,
        "n_folds": 5
      },
      "top5": {
        "mean": 0.1630645485908883,
        "std": 0.010711159325421259,
        "n_folds": 5
      },
      "macro_f1": {
        "mean": 0.020115406825544944,
        "std": 0.0014585387891641408,
        "n_folds": 5
      }
    },
    "low_visit_q25": {
      "top1": {
        "mean": 0.032364853259978656,
        "std": 0.0052835948570074415,
        "n_folds": 5
      },
      "top5": {
        "mean": 0.07247954582038388,
        "std": 0.005761985506292025,
        "n_folds": 5
      },
      "macro_f1": {
        "mean": 0.011377732362496654,
        "std": 0.003978500504487278,
        "n_folds": 5
      }
    },
    "mid_visit_q50": {
      "top1": {
        "mean": 0.07655253389362912,
        "std": 0.007293070226449403,
        "n_folds": 5
      },
      "top5": {
        "mean": 0.167911191360048,
        "std": 0.011178309827980303,
        "n_folds": 5
      },
      "macro_f1": {
        "mean": 0.0242316104588175,
        "std": 0.002767383030709992,
        "n_folds": 5
      }
    },
    "high_visit_q75": {
      "top1": {
        "mean": 0.12870420478463723,
        "std": 0.016828886452566083,
        "n_folds": 5
      },
      "top5": {
        "mean": 0.276259448934301,
        "std": 0.018683556367470138,
        "n_folds": 5
      },
      "macro_f1": {
        "mean": 0.0349732429857599,
        "std": 0.005602016334433808,
        "n_folds": 5
      }
    }
  },
  "n_folds": 5,
  "seed": 42,
  "sampling": {
    "max_pois": null,
    "min_region_size": 1,
    "n_pois_pre_filter": 11848,
    "n_regions_pre_filter": 1109,
    "n_pois_post_filter": 11848,
    "n_regions_post_filter": 1109
  },
  "solver": {
    "max_iter": 1000,
    "tol": 0.001,
    "C": 1.0,
    "name": "lbfgs"
  }
}