{
  "tag": "T6_1_lambda0_1",
  "engine": "check2hgi",
  "state": "arizona",
  "meta": {
    "embedding_path": "/home/vitor.oliveira/PoiMtlNet/output/check2hgi/arizona/poi_embeddings.parquet",
    "graph_pickle": "/home/vitor.oliveira/PoiMtlNet/output/check2hgi/arizona/temp/checkin_graph.pt",
    "n_pois": 20666,
    "emb_dim": 64,
    "n_regions_in_data": 1547,
    "n_regions_total": 1547,
    "visit_log_min": 0.0,
    "visit_log_max": 8.835210800170898
  },
  "folds": [
    {
      "fold": 1,
      "n_train": 16532,
      "n_val": 4134,
      "overall": {
        "n": 4134,
        "top1": 0.06386066763425254,
        "top5": 0.14683115626511853,
        "macro_f1": 0.012137790785604338
      },
      "low_visit_q25": {
        "n": 1195,
        "top1": 0.03765690376569038,
        "top5": 0.09205020920502092,
        "macro_f1": 0.01165582815235765
      },
      "mid_visit_q50": {
        "n": 1904,
        "top1": 0.0546218487394958,
        "top5": 0.13707983193277312,
        "macro_f1": 0.011615482247962366
      },
      "high_visit_q75": {
        "n": 1035,
        "top1": 0.1111111111111111,
        "top5": 0.22801932367149758,
        "macro_f1": 0.0215869920336761
      }
    },
    {
      "fold": 2,
      "n_train": 16533,
      "n_val": 4133,
      "overall": {
        "n": 4133,
        "top1": 0.07137672392934914,
        "top5": 0.14759254778611178,
        "macro_f1": 0.013588827814991208
      },
      "low_visit_q25": {
        "n": 1252,
        "top1": 0.036741214057507986,
        "top5": 0.07667731629392971,
        "macro_f1": 0.0118768258398191
      },
      "mid_visit_q50": {
        "n": 1825,
        "top1": 0.06191780821917808,
        "top5": 0.14520547945205478,
        "macro_f1": 0.013263372202545363
      },
      "high_visit_q75": {
        "n": 1056,
        "top1": 0.12878787878787878,
        "top5": 0.23579545454545456,
        "macro_f1": 0.016198237869778184
      }
    },
    {
      "fold": 3,
      "n_train": 16533,
      "n_val": 4133,
      "overall": {
        "n": 4133,
        "top1": 0.06677957899830632,
        "top5": 0.15001209774981852,
        "macro_f1": 0.013658831994158125
      },
      "low_visit_q25": {
        "n": 1242,
        "top1": 0.029790660225442835,
        "top5": 0.08051529790660225,
        "macro_f1": 0.007552954255412913
      },
      "mid_visit_q50": {
        "n": 1813,
        "top1": 0.05626034197462769,
        "top5": 0.14230557087699944,
        "macro_f1": 0.018486756526510256
      },
      "high_visit_q75": {
        "n": 1078,
        "top1": 0.12708719851576994,
        "top5": 0.24304267161410018,
        "macro_f1": 0.020040792943069395
      }
    },
    {
      "fold": 4,
      "n_train": 16533,
      "n_val": 4133,
      "overall": {
        "n": 4133,
        "top1": 0.06774739898378901,
        "top5": 0.15097991773530123,
        "macro_f1": 0.014936664164548528
      },
      "low_visit_q25": {
        "n": 1288,
        "top1": 0.03493788819875776,
        "top5": 0.08385093167701864,
        "macro_f1": 0.010792771981933255
      },
      "mid_visit_q50": {
        "n": 1791,
        "top1": 0.06756002233389168,
        "top5": 0.16024567280848687,
        "macro_f1": 0.01790110192807364
      },
      "high_visit_q75": {
        "n": 1054,
        "top1": 0.10815939278937381,
        "top5": 0.21726755218216318,
        "macro_f1": 0.014836571645837057
      }
    },
    {
      "fold": 5,
      "n_train": 16533,
      "n_val": 4133,
      "overall": {
        "n": 4133,
        "top1": 0.07428018388579724,
        "top5": 0.15388337769174934,
        "macro_f1": 0.015938988304743683
      },
      "low_visit_q25": {
        "n": 1248,
        "top1": 0.03685897435897436,
        "top5": 0.0889423076923077,
        "macro_f1": 0.011570653398863581
      },
      "mid_visit_q50": {
        "n": 1837,
        "top1": 0.065323897659227,
        "top5": 0.14262384322264562,
        "macro_f1": 0.016864493876215726
      },
      "high_visit_q75": {
        "n": 1048,
        "top1": 0.13454198473282442,
        "top5": 0.25095419847328243,
        "macro_f1": 0.02526094850391697
      }
    }
  ],
  "summary": {
    "overall": {
      "top1": {
        "mean": 0.06880891068629884,
        "std": 0.004069969249617078,
        "n_folds": 5
      },
      "top5": {
        "mean": 0.14985981944561988,
        "std": 0.0028186943457657065,
        "n_folds": 5
      },
      "macro_f1": {
        "mean": 0.014052220612809177,
        "std": 0.0014471231610670254,
        "n_folds": 5
      }
    },
    "low_visit_q25": {
      "top1": {
        "mean": 0.035197128121274665,
        "std": 0.0031817263774238085,
        "n_folds": 5
      },
      "top5": {
        "mean": 0.08440721255497585,
        "std": 0.006208667931794873,
        "n_folds": 5
      },
      "macro_f1": {
        "mean": 0.0106898067256773,
        "std": 0.0018005935063199652,
        "n_folds": 5
      }
    },
    "mid_visit_q50": {
      "top1": {
        "mean": 0.061136783785284046,
        "std": 0.005604105160406554,
        "n_folds": 5
      },
      "top5": {
        "mean": 0.14549207965859198,
        "std": 0.008759240560391263,
        "n_folds": 5
      },
      "macro_f1": {
        "mean": 0.01562624135626147,
        "std": 0.003023249337466619,
        "n_folds": 5
      }
    },
    "high_visit_q75": {
      "top1": {
        "mean": 0.12193751318739161,
        "std": 0.011612138631630731,
        "n_folds": 5
      },
      "top5": {
        "mean": 0.23501584009729962,
        "std": 0.013067345336976751,
        "n_folds": 5
      },
      "macro_f1": {
        "mean": 0.01958470859925554,
        "std": 0.004196720143925579,
        "n_folds": 5
      }
    }
  },
  "n_folds": 5,
  "seed": 42,
  "sampling": {
    "max_pois": null,
    "min_region_size": 1,
    "n_pois_pre_filter": 20666,
    "n_regions_pre_filter": 1547,
    "n_pois_post_filter": 20666,
    "n_regions_post_filter": 1547
  },
  "solver": {
    "max_iter": 1000,
    "tol": 0.001,
    "C": 1.0,
    "name": "lbfgs"
  }
}