{
  "tag": "T6_2_a1_5_0_3",
  "engine": "check2hgi",
  "state": "florida",
  "meta": {
    "embedding_path": "/home/vitor.oliveira/PoiMtlNet/output/check2hgi/florida/poi_embeddings.parquet",
    "graph_pickle": "/home/vitor.oliveira/PoiMtlNet/output/check2hgi/florida/temp/checkin_graph.pt",
    "n_pois": 76544,
    "emb_dim": 64,
    "n_regions_in_data": 4703,
    "n_regions_total": 4703,
    "visit_log_min": 0.0,
    "visit_log_max": 9.253495216369629
  },
  "folds": [
    {
      "fold": 1,
      "n_train": 16000,
      "n_val": 4000,
      "overall": {
        "n": 4000,
        "top1": 0.05775,
        "top5": 0.123,
        "macro_f1": 0.01014247646777865
      },
      "low_visit_q25": {
        "n": 1233,
        "top1": 0.028386050283860504,
        "top5": 0.0535279805352798,
        "macro_f1": 0.006933628866401975
      },
      "mid_visit_q50": {
        "n": 1703,
        "top1": 0.0369935408103347,
        "top5": 0.09571344685848503,
        "macro_f1": 0.011330244927620069
      },
      "high_visit_q75": {
        "n": 1064,
        "top1": 0.125,
        "top5": 0.24718045112781956,
        "macro_f1": 0.01967260231134904
      }
    },
    {
      "fold": 2,
      "n_train": 16000,
      "n_val": 4000,
      "overall": {
        "n": 4000,
        "top1": 0.06425,
        "top5": 0.12325,
        "macro_f1": 0.011280657975738935
      },
      "low_visit_q25": {
        "n": 1212,
        "top1": 0.02557755775577558,
        "top5": 0.04455445544554455,
        "macro_f1": 0.006014084082887836
      },
      "mid_visit_q50": {
        "n": 1672,
        "top1": 0.042464114832535885,
        "top5": 0.10047846889952153,
        "macro_f1": 0.010604381669974346
      },
      "high_visit_q75": {
        "n": 1116,
        "top1": 0.1388888888888889,
        "top5": 0.24283154121863798,
        "macro_f1": 0.02887898895333316
      }
    },
    {
      "fold": 3,
      "n_train": 16000,
      "n_val": 4000,
      "overall": {
        "n": 4000,
        "top1": 0.06075,
        "top5": 0.118,
        "macro_f1": 0.010000226435462401
      },
      "low_visit_q25": {
        "n": 1220,
        "top1": 0.02622950819672131,
        "top5": 0.047540983606557376,
        "macro_f1": 0.005988763262777841
      },
      "mid_visit_q50": {
        "n": 1681,
        "top1": 0.045211183819155266,
        "top5": 0.09042236763831053,
        "macro_f1": 0.009536388772977007
      },
      "high_visit_q75": {
        "n": 1099,
        "top1": 0.12283894449499545,
        "top5": 0.2383985441310282,
        "macro_f1": 0.01925164927897744
      }
    },
    {
      "fold": 4,
      "n_train": 16000,
      "n_val": 4000,
      "overall": {
        "n": 4000,
        "top1": 0.059,
        "top5": 0.11075,
        "macro_f1": 0.010006654088649272
      },
      "low_visit_q25": {
        "n": 1215,
        "top1": 0.02139917695473251,
        "top5": 0.043621399176954734,
        "macro_f1": 0.00478871812505404
      },
      "mid_visit_q50": {
        "n": 1719,
        "top1": 0.04363001745200698,
        "top5": 0.08900523560209424,
        "macro_f1": 0.012280541852715912
      },
      "high_visit_q75": {
        "n": 1066,
        "top1": 0.12664165103189493,
        "top5": 0.2223264540337711,
        "macro_f1": 0.02300105850348742
      }
    },
    {
      "fold": 5,
      "n_train": 16000,
      "n_val": 4000,
      "overall": {
        "n": 4000,
        "top1": 0.06175,
        "top5": 0.12075,
        "macro_f1": 0.009417739107065462
      },
      "low_visit_q25": {
        "n": 1335,
        "top1": 0.02546816479400749,
        "top5": 0.045692883895131084,
        "macro_f1": 0.006434678419349657
      },
      "mid_visit_q50": {
        "n": 1613,
        "top1": 0.03347799132052077,
        "top5": 0.09361438313701177,
        "macro_f1": 0.008824159200045633
      },
      "high_visit_q75": {
        "n": 1052,
        "top1": 0.15114068441064638,
        "top5": 0.2576045627376426,
        "macro_f1": 0.027716019576013096
      }
    }
  ],
  "summary": {
    "overall": {
      "top1": {
        "mean": 0.0607,
        "std": 0.0025149552679918584,
        "n_folds": 5
      },
      "top5": {
        "mean": 0.11915,
        "std": 0.005149635909460007,
        "n_folds": 5
      },
      "macro_f1": {
        "mean": 0.010169550814938946,
        "std": 0.0006811239013703425,
        "n_folds": 5
      }
    },
    "low_visit_q25": {
      "top1": {
        "mean": 0.025412091597019477,
        "std": 0.002532123977410091,
        "n_folds": 5
      },
      "top5": {
        "mean": 0.04698754053189351,
        "std": 0.003937340509174462,
        "n_folds": 5
      },
      "macro_f1": {
        "mean": 0.00603197455129427,
        "std": 0.0007942016014529617,
        "n_folds": 5
      }
    },
    "mid_visit_q50": {
      "top1": {
        "mean": 0.040355369646910715,
        "std": 0.004933286976028821,
        "n_folds": 5
      },
      "top5": {
        "mean": 0.09384678042708461,
        "std": 0.004546561978635988,
        "n_folds": 5
      },
      "macro_f1": {
        "mean": 0.010515143284666593,
        "std": 0.0013789827637086772,
        "n_folds": 5
      }
    },
    "high_visit_q75": {
      "top1": {
        "mean": 0.13290203376528514,
        "std": 0.011951894273425996,
        "n_folds": 5
      },
      "top5": {
        "mean": 0.2416683106497799,
        "std": 0.012947004663775229,
        "n_folds": 5
      },
      "macro_f1": {
        "mean": 0.02370406372463203,
        "std": 0.004456639225349584,
        "n_folds": 5
      }
    }
  },
  "n_folds": 5,
  "seed": 42,
  "sampling": {
    "max_pois": 20000,
    "min_region_size": 1,
    "n_pois_pre_filter": 76544,
    "n_regions_pre_filter": 4703,
    "n_pois_post_filter": 20000,
    "n_regions_post_filter": 3705
  },
  "solver": {
    "max_iter": 1000,
    "tol": 0.001,
    "C": 1.0,
    "name": "lbfgs"
  }
}