{
  "tag": "T6_4_infonce",
  "engine": "check2hgi",
  "state": "florida",
  "meta": {
    "embedding_path": "/home/vitor.oliveira/PoiMtlNet/output/check2hgi/florida/poi_embeddings.parquet",
    "graph_pickle": "/home/vitor.oliveira/PoiMtlNet/output/check2hgi/florida/temp/checkin_graph.pt",
    "n_pois": 76544,
    "emb_dim": 64,
    "n_regions_in_data": 4703,
    "n_regions_total": 4703,
    "visit_log_min": 0.0,
    "visit_log_max": 9.253495216369629
  },
  "folds": [
    {
      "fold": 1,
      "n_train": 16000,
      "n_val": 4000,
      "overall": {
        "n": 4000,
        "top1": 0.065,
        "top5": 0.1295,
        "macro_f1": 0.01224941592486445
      },
      "low_visit_q25": {
        "n": 1233,
        "top1": 0.025952960259529603,
        "top5": 0.06001622060016221,
        "macro_f1": 0.009822060789507625
      },
      "mid_visit_q50": {
        "n": 1703,
        "top1": 0.04521432765707575,
        "top5": 0.10334703464474457,
        "macro_f1": 0.012868099018488378
      },
      "high_visit_q75": {
        "n": 1064,
        "top1": 0.14191729323308272,
        "top5": 0.2518796992481203,
        "macro_f1": 0.02787293841559499
      }
    },
    {
      "fold": 2,
      "n_train": 16000,
      "n_val": 4000,
      "overall": {
        "n": 4000,
        "top1": 0.0705,
        "top5": 0.13225,
        "macro_f1": 0.012646399016301263
      },
      "low_visit_q25": {
        "n": 1212,
        "top1": 0.026402640264026403,
        "top5": 0.052805280528052806,
        "macro_f1": 0.006967019776202107
      },
      "mid_visit_q50": {
        "n": 1672,
        "top1": 0.05083732057416268,
        "top5": 0.11124401913875598,
        "macro_f1": 0.012576284344109723
      },
      "high_visit_q75": {
        "n": 1116,
        "top1": 0.1478494623655914,
        "top5": 0.25,
        "macro_f1": 0.03132998971838944
      }
    },
    {
      "fold": 3,
      "n_train": 16000,
      "n_val": 4000,
      "overall": {
        "n": 4000,
        "top1": 0.06725,
        "top5": 0.13275,
        "macro_f1": 0.011242765827401467
      },
      "low_visit_q25": {
        "n": 1220,
        "top1": 0.02540983606557377,
        "top5": 0.04918032786885246,
        "macro_f1": 0.007043684850234684
      },
      "mid_visit_q50": {
        "n": 1681,
        "top1": 0.04818560380725759,
        "top5": 0.10767400356930398,
        "macro_f1": 0.010833801697999927
      },
      "high_visit_q75": {
        "n": 1099,
        "top1": 0.14285714285714285,
        "top5": 0.26387625113739765,
        "macro_f1": 0.025051362846376855
      }
    },
    {
      "fold": 4,
      "n_train": 16000,
      "n_val": 4000,
      "overall": {
        "n": 4000,
        "top1": 0.06175,
        "top5": 0.127,
        "macro_f1": 0.010187846863837492
      },
      "low_visit_q25": {
        "n": 1215,
        "top1": 0.023868312757201648,
        "top5": 0.04691358024691358,
        "macro_f1": 0.006079335935251109
      },
      "mid_visit_q50": {
        "n": 1719,
        "top1": 0.04130308318789994,
        "top5": 0.10529377545084351,
        "macro_f1": 0.009986996224214511
      },
      "high_visit_q75": {
        "n": 1066,
        "top1": 0.1378986866791745,
        "top5": 0.25328330206378985,
        "macro_f1": 0.02470950678597058
      }
    },
    {
      "fold": 5,
      "n_train": 16000,
      "n_val": 4000,
      "overall": {
        "n": 4000,
        "top1": 0.06725,
        "top5": 0.13,
        "macro_f1": 0.010216100951613285
      },
      "low_visit_q25": {
        "n": 1335,
        "top1": 0.02397003745318352,
        "top5": 0.04719101123595506,
        "macro_f1": 0.006217869210397077
      },
      "mid_visit_q50": {
        "n": 1613,
        "top1": 0.04401735895846249,
        "top5": 0.10167389956602604,
        "macro_f1": 0.010687284479957657
      },
      "high_visit_q75": {
        "n": 1052,
        "top1": 0.15779467680608364,
        "top5": 0.2785171102661597,
        "macro_f1": 0.02937059996799308
      }
    }
  ],
  "summary": {
    "overall": {
      "top1": {
        "mean": 0.06634999999999999,
        "std": 0.003233612530901003,
        "n_folds": 5
      },
      "top5": {
        "mean": 0.13030000000000003,
        "std": 0.0023143573622066253,
        "n_folds": 5
      },
      "macro_f1": {
        "mean": 0.011308505716803592,
        "std": 0.0011323445444380304,
        "n_folds": 5
      }
    },
    "low_visit_q25": {
      "top1": {
        "mean": 0.02512075735990299,
        "std": 0.0011524024612368823,
        "n_folds": 5
      },
      "top5": {
        "mean": 0.05122128409598722,
        "std": 0.005450340973461708,
        "n_folds": 5
      },
      "macro_f1": {
        "mean": 0.007225994112318519,
        "std": 0.0015141835555118348,
        "n_folds": 5
      }
    },
    "mid_visit_q50": {
      "top1": {
        "mean": 0.04591153883697169,
        "std": 0.0036995466452833113,
        "n_folds": 5
      },
      "top5": {
        "mean": 0.10584654647393481,
        "std": 0.003756208460975602,
        "n_folds": 5
      },
      "macro_f1": {
        "mean": 0.01139049315295404,
        "std": 0.00126131194453052,
        "n_folds": 5
      }
    },
    "high_visit_q75": {
      "top1": {
        "mean": 0.14566345238821504,
        "std": 0.007650913566593546,
        "n_folds": 5
      },
      "top5": {
        "mean": 0.2595112725430935,
        "std": 0.011913938667805142,
        "n_folds": 5
      },
      "macro_f1": {
        "mean": 0.027666879546864986,
        "std": 0.002826237822481046,
        "n_folds": 5
      }
    }
  },
  "n_folds": 5,
  "seed": 42,
  "sampling": {
    "max_pois": 20000,
    "min_region_size": 1,
    "n_pois_pre_filter": 76544,
    "n_regions_pre_filter": 4703,
    "n_pois_post_filter": 20000,
    "n_regions_post_filter": 3705
  },
  "solver": {
    "max_iter": 1000,
    "tol": 0.001,
    "C": 1.0,
    "name": "lbfgs"
  }
}