{
  "tag": "c02p02r06",
  "alpha": {
    "c2p": 0.2,
    "p2r": 0.2,
    "r2c": 0.6
  },
  "al": {
    "run_dir": "/home/vitor.oliveira/PoiMtlNet/results/check2hgi/alabama/mtlnet_lr1.0e-04_bs2048_ep50_20260514_233647_2054111",
    "cat_f1_per_fold": [
      0.3997471332550049,
      0.39091160893440247,
      0.41012728214263916,
      0.39748409390449524,
      0.38279658555984497
    ],
    "reg_top10_per_fold": [
      0.53000807762146,
      0.5077173113822937,
      0.5237130522727966,
      0.5042700171470642,
      0.4416429400444031
    ],
    "cat_f1_mean_pct": 39.621334075927734,
    "cat_f1_std_pct": 1.019580732707024,
    "reg_top10_mean_pct": 50.147027969360344,
    "reg_top10_std_pct": 3.5125921150944475,
    "leak_probe": {
      "f1_mean_pct": 30.139847399100095,
      "f1_std_pct": 0.7149887747850345
    }
  },
  "az": {
    "run_dir": "/home/vitor.oliveira/PoiMtlNet/results/check2hgi/arizona/mtlnet_lr1.0e-04_bs2048_ep50_20260514_233926_2055548",
    "cat_f1_per_fold": [
      0.4466291069984436,
      0.47646406292915344,
      0.44485223293304443,
      0.43601053953170776,
      0.45541173219680786
    ],
    "reg_top10_per_fold": [
      0.4138931632041931,
      0.4148874878883362,
      0.43668797612190247,
      0.36365389823913574,
      0.4217608571052551
    ],
    "cat_f1_mean_pct": 45.18735349178314,
    "cat_f1_std_pct": 1.5375713286250965,
    "reg_top10_mean_pct": 41.01766765117645,
    "reg_top10_std_pct": 2.755637477248196,
    "leak_probe": {
      "f1_mean_pct": 33.8451593050982,
      "f1_std_pct": 1.0471324751139908
    }
  }
}