{
  "tag": "t21_p2r075",
  "tagged_root": "/home/vitor.oliveira/PoiMtlNet/runs/t21_p2r075",
  "al": {
    "run_dir": "/home/vitor.oliveira/PoiMtlNet/runs/t21_p2r075/results/check2hgi/alabama/mtlnet_lr1.0e-04_bs2048_ep50_20260515_131025_2459544",
    "cat_f1_per_fold": [
      0.37746715545654297,
      0.37783074378967285,
      0.38461408019065857,
      0.39092379808425903,
      0.3727561831474304
    ],
    "reg_top10_per_fold": [
      0.5328466892242432,
      0.5073111057281494,
      0.5241183638572693,
      0.5046766996383667,
      0.4396095871925354
    ],
    "cat_f1_mean_pct": 38.07183921337128,
    "cat_f1_std_pct": 0.7099868324193084,
    "reg_top10_mean_pct": 50.171248912811286,
    "reg_top10_std_pct": 3.663421596884457,
    "leak_probe": {
      "f1_mean_pct": 29.992623466456692,
      "f1_std_pct": 1.4135575901025106
    }
  },
  "ar": {
    "run_dir": "/home/vitor.oliveira/PoiMtlNet/runs/t21_p2r075/results/check2hgi/arizona/mtlnet_lr1.0e-04_bs2048_ep50_20260515_131025_2459545",
    "cat_f1_per_fold": [
      0.44950568675994873,
      0.4715942144393921,
      0.42727047204971313,
      0.4373762607574463,
      0.4506901204586029
    ],
    "reg_top10_per_fold": [
      0.4117646813392639,
      0.41257935762405396,
      0.43610623478889465,
      0.36423203349113464,
      0.4215686321258545
    ],
    "cat_f1_mean_pct": 44.72873508930206,
    "cat_f1_std_pct": 1.663000764055751,
    "reg_top10_mean_pct": 40.92501878738403,
    "reg_top10_std_pct": 2.700477549125385,
    "leak_probe": {
      "f1_mean_pct": 33.73059225255169,
      "f1_std_pct": 1.2892780718324452
    }
  }
}