{
  "tag": "t24_de010_ep500",
  "tagged_root": "/home/vitor.oliveira/PoiMtlNet/runs/t24_de010_ep500",
  "al": {
    "run_dir": "/home/vitor.oliveira/PoiMtlNet/runs/t24_de010_ep500/results/check2hgi/alabama/mtlnet_lr1.0e-04_bs2048_ep50_20260515_145922_2518312",
    "cat_f1_per_fold": [
      0.3944065570831299,
      0.41172850131988525,
      0.4032564163208008,
      0.4080662727355957,
      0.4015877842903137
    ],
    "reg_top10_per_fold": [
      0.5316301584243774,
      0.5093420147895813,
      0.5237130522727966,
      0.5063033699989319,
      0.4383895695209503
    ],
    "cat_f1_mean_pct": 40.38091063499451,
    "cat_f1_std_pct": 0.6604694410054767,
    "reg_top10_mean_pct": 50.18756330013275,
    "reg_top10_std_pct": 3.6973086940879245,
    "leak_probe": {
      "f1_mean_pct": 30.482162535747747,
      "f1_std_pct": 1.4936376929502049
    }
  },
  "ar": {
    "run_dir": "/home/vitor.oliveira/PoiMtlNet/runs/t24_de010_ep500/results/check2hgi/arizona/mtlnet_lr1.0e-04_bs2048_ep50_20260515_145923_2518314",
    "cat_f1_per_fold": [
      0.45411550998687744,
      0.4721129238605499,
      0.44780299067497253,
      0.44257214665412903,
      0.4501301646232605
    ],
    "reg_top10_per_fold": [
      0.41234520077705383,
      0.41373342275619507,
      0.43668797612190247,
      0.3623048961162567,
      0.4229142665863037
    ],
    "cat_f1_mean_pct": 45.33467471599579,
    "cat_f1_std_pct": 1.1290837429995042,
    "reg_top10_mean_pct": 40.959715247154236,
    "reg_top10_std_pct": 2.816236969313692,
    "leak_probe": {
      "f1_mean_pct": 34.11203911870153,
      "f1_std_pct": 1.0787559607319377
    }
  }
}