{
  "tag": "t34_t2v8_FL_seed42",
  "tagged_root": "/home/vitor.oliveira/PoiMtlNet/runs/t34_t2v8_FL_seed42",
  "fl": {
    "run_dir": "/home/vitor.oliveira/PoiMtlNet/runs/t34_t2v8_FL_seed42/results/check2hgi/florida/mtlnet_lr1.0e-04_bs2048_ep50_20260515_222427_2750393",
    "cat_f1_per_fold": [
      0.6930979490280151,
      0.6716888546943665,
      0.6736777424812317,
      0.6795028448104858,
      0.6811953783035278
    ],
    "reg_top10_per_fold": [
      0.6396507620811462,
      0.6271867156028748,
      0.6439732313156128,
      0.6618446111679077,
      0.6430475115776062
    ],
    "cat_f1_mean_pct": 67.98325538635254,
    "cat_f1_std_pct": 0.8398485677390957,
    "reg_top10_mean_pct": 64.31405663490295,
    "reg_top10_std_pct": 1.2422231786019604,
    "leak_probe": {
      "f1_mean_pct": 40.58476272077044,
      "f1_std_pct": 0.32763906547305127
    }
  }
}