{
  "tag": "t43_sidefeat_all_FL_seed42",
  "tagged_root": "/home/vitor.oliveira/PoiMtlNet/runs/t43_sidefeat_all_FL_seed42",
  "fl": {
    "run_dir": "/home/vitor.oliveira/PoiMtlNet/runs/t43_sidefeat_all_FL_seed42/results/check2hgi/florida/mtlnet_lr1.0e-04_bs2048_ep50_20260516_034140_2913795",
    "cat_f1_per_fold": [
      0.6971955299377441,
      0.6765037775039673,
      0.6791119575500488,
      0.6907202005386353,
      0.6843494772911072
    ],
    "reg_top10_per_fold": [
      0.6423713564872742,
      0.6273765563964844,
      0.6475864052772522,
      0.6415351033210754,
      0.6426984667778015
    ],
    "cat_f1_mean_pct": 68.55761885643005,
    "cat_f1_std_pct": 0.8471565657329342,
    "reg_top10_mean_pct": 64.03135776519775,
    "reg_top10_std_pct": 0.7610433881681343,
    "leak_probe": {
      "f1_mean_pct": 41.188118713715006,
      "f1_std_pct": 0.333080963575637
    }
  }
}