{
  "tag": "T5_3_multiview_alaz_seed100",
  "tagged_root": "/home/vitor.oliveira/PoiMtlNet/runs/T5_3_multiview_alaz_seed100",
  "al": {
    "run_dir": "/home/vitor.oliveira/PoiMtlNet/runs/T5_3_multiview_alaz_seed100/results/check2hgi/alabama/mtlnet_lr1.0e-04_bs2048_ep50_20260518_070053_294030",
    "cat_f1_per_fold": [
      0.4406988322734833,
      0.42055463790893555,
      0.4374887943267822,
      0.4429168701171875,
      0.39722204208374023
    ],
    "reg_top10_per_fold": [
      0.5253623127937317,
      0.5034205317497253,
      0.5237901210784912,
      0.5085644125938416,
      0.4389747679233551
    ],
    "cat_f1_mean_pct": 42.777623534202576,
    "cat_f1_std_pct": 1.921117077399502,
    "reg_top10_mean_pct": 50.002242922782905,
    "reg_top10_std_pct": 3.5420129892343186,
    "leak_probe": {
      "f1_mean_pct": 33.10613572209032,
      "f1_std_pct": 1.9582148873790728
    }
  },
  "ar": {
    "run_dir": "/home/vitor.oliveira/PoiMtlNet/runs/T5_3_multiview_alaz_seed100/results/check2hgi/arizona/mtlnet_lr1.0e-04_bs2048_ep50_20260518_070053_294031",
    "cat_f1_per_fold": [
      0.4649814963340759,
      0.4772908687591553,
      0.47723111510276794,
      0.4625439941883087,
      0.48999130725860596
    ],
    "reg_top10_per_fold": [
      0.398915559053421,
      0.4115488529205322,
      0.4389580190181732,
      0.3671860098838806,
      0.415959894657135
    ],
    "cat_f1_mean_pct": 47.440775632858276,
    "cat_f1_std_pct": 1.1053664338679243,
    "reg_top10_mean_pct": 40.65136671066284,
    "reg_top10_std_pct": 2.632307044540403,
    "leak_probe": {
      "f1_mean_pct": 36.497523540244174,
      "f1_std_pct": 0.9696603080023369
    }
  }
}