time pressure_lvl free_pct swap_total_MB swap_used_MB wired_GB child_rss_GB disk_int_GB disk_ssd_GB
10:26:41 1 82 4096 2830 3.0 0.0 16 11
10:26:42 1 82 4096 2830 3.0 0.3 16 11
10:26:44 1 82 4096 2830 3.0 0.5 16 11
10:26:45 1 82 4096 2830 3.0 3.5 16 11
10:26:46 1 82 4096 2830 3.0 8.3 16 11
10:26:47 1 60 4096 2830 3.1 4.7 16 11
10:26:48 1 58 4096 2830 3.0 5.9 16 11
10:26:50 1 67 4096 2830 3.0 8.5 16 11
10:26:51 1 67 4096 2830 3.0 8.5 16 11
10:26:52 1 67 4096 2830 3.0 8.5 16 11
10:26:53 1 67 4096 2830 3.0 5.2 16 11
10:26:54 2 39 4096 2830 6.4 2.4 16 11
10:26:56 2 46 4096 2830 7.3 2.7 16 11
10:26:57 1 47 4096 2830 7.3 2.8 16 11
10:26:58 1 47 4096 2830 7.3 3.0 16 11
10:26:59 1 47 4096 2830 7.3 3.2 16 11
10:27:00 1 47 4096 2830 7.3 3.3 16 11
10:27:01 1 47 4096 2830 7.3 3.4 16 11
10:27:02 1 48 4096 2830 7.3 3.5 16 11
10:27:03 1 48 4096 2830 7.3 3.6 16 11
10:27:04 1 48 4096 2830 7.3 3.6 16 11
10:27:05 1 48 4096 2830 7.3 3.7 16 11
10:27:06 1 49 4096 2830 7.2 3.7 16 11
10:27:07 1 49 4096 2830 7.3 3.7 16 11
10:27:08 1 49 4096 2830 7.3 3.8 16 11
10:27:10 1 49 4096 2830 7.3 3.8 16 11
10:27:11 1 49 4096 2830 7.3 3.8 16 11
10:27:12 1 49 4096 2830 7.3 3.8 16 11
10:27:13 1 49 4096 2830 7.3 3.8 16 11
10:27:14 1 49 4096 2830 7.3 3.8 16 11
10:27:15 1 49 4096 2830 7.3 3.8 16 11
10:27:16 1 49 4096 2830 7.3 3.8 16 11
10:27:17 1 49 4096 2830 7.3 3.8 16 11
10:27:18 1 49 4096 2830 7.3 3.8 16 11
10:27:19 1 49 4096 2830 7.3 3.8 16 11
10:27:20 1 49 4096 2830 7.3 3.8 16 11
10:27:21 1 49 4096 2830 7.3 3.8 16 11
10:27:22 1 49 4096 2830 7.3 3.8 16 11
10:27:23 1 49 4096 2830 7.3 3.8 16 11
10:27:25 1 49 4096 2830 7.3 3.8 16 11
10:27:26 1 49 4096 2830 7.3 3.8 16 11
10:27:27 1 49 4096 2830 7.3 3.8 16 11
10:27:28 1 49 4096 2830 7.3 3.8 15 11
10:27:29 1 49 4096 2830 7.3 3.8 15 11
10:27:30 1 49 4096 2830 7.3 3.8 15 11
10:27:31 1 49 4096 2830 7.3 3.8 16 11
10:27:32 1 49 4096 2830 7.3 3.8 16 11
10:27:33 1 49 4096 2830 7.3 3.8 16 11
10:27:34 1 49 4096 2830 7.3 3.8 16 11
10:27:35 1 49 4096 2830 7.3 3.8 16 11
10:27:36 1 49 4096 2830 7.3 3.8 16 11
10:27:37 1 49 4096 2830 7.3 3.8 16 11
10:27:38 1 49 4096 2830 7.3 3.8 15 11
10:27:40 1 49 4096 2830 7.3 3.8 15 11
10:27:41 1 45 4096 2830 8.8 3.9 15 11
10:27:42 1 52 4096 2830 6.3 3.9 15 11
10:27:43 1 52 4096 2830 6.3 3.9 15 11
10:27:44 1 52 4096 2830 6.3 3.9 15 11
10:27:45 1 52 4096 2830 6.3 3.9 16 11
10:27:46 1 52 4096 2830 6.3 3.9 16 11
10:27:47 1 49 4096 2830 7.4 4.0 16 11
10:27:48 1 50 4096 2830 7.3 4.1 16 11
10:27:49 1 50 4096 2830 7.3 4.2 16 11
10:27:50 1 51 4096 2830 7.3 4.3 16 11
10:27:51 1 47 4096 2830 8.5 4.4 16 11
10:27:52 1 57 4096 2830 5.2 4.4 16 11
10:27:53 1 46 4096 2830 8.9 4.4 16 11
10:27:54 1 49 4096 2830 7.8 4.4 16 11
10:27:55 1 49 4096 2830 7.8 4.4 16 11
10:27:56 1 49 4096 2830 7.8 4.4 16 11
10:27:57 1 49 4096 2830 7.8 4.4 16 11
10:27:59 1 49 4096 2830 7.8 4.4 16 11
10:28:00 1 49 4096 2830 7.8 4.4 16 11
10:28:01 1 50 4096 2830 7.7 4.4 16 11
10:28:02 1 49 4096 2830 7.8 4.4 16 11
10:28:03 1 50 4096 2830 7.7 4.4 16 11
10:28:04 1 50 4096 2830 7.7 4.4 16 11
10:28:05 1 50 4096 2830 7.7 4.4 16 11
10:28:06 1 50 4096 2830 7.7 4.4 16 11
10:28:07 1 50 4096 2830 7.7 4.4 16 11
10:28:08 1 50 4096 2830 7.7 4.4 16 11
10:28:09 1 50 4096 2830 7.7 4.4 16 11
10:28:10 1 50 4096 2830 7.7 4.4 16 11
10:28:11 1 50 4096 2830 7.7 4.4 16 11
10:28:12 1 50 4096 2830 7.7 4.4 16 11
10:28:13 1 49 4096 2830 7.8 4.4 16 11
10:28:15 1 50 4096 2830 7.7 4.4 16 11
10:28:16 1 50 4096 2830 7.4 4.4 16 11
10:28:17 1 50 4096 2830 7.4 4.4 16 11
10:28:18 1 50 4096 2830 7.5 4.4 16 11
10:28:19 1 50 4096 2830 7.4 4.4 16 11
10:28:20 1 50 4096 2830 7.4 4.4 16 11
10:28:21 1 50 4096 2830 7.4 4.4 16 11
10:28:22 1 51 4096 2830 7.4 4.4 16 11
10:28:23 1 50 4096 2830 7.4 4.4 16 11
10:28:24 1 50 4096 2830 7.5 4.4 16 11
10:28:25 1 50 4096 2830 7.5 4.4 16 11
10:28:26 1 51 4096 2830 7.4 4.4 16 11
10:28:27 1 50 4096 2830 7.4 4.4 16 11
10:28:28 1 51 4096 2830 7.4 4.4 16 11
10:28:29 1 50 4096 2830 7.5 4.4 16 11
10:28:30 1 50 4096 2830 7.5 4.4 16 11
10:28:32 1 50 4096 2830 7.5 4.4 16 11
10:28:33 1 50 4096 2830 7.4 4.4 16 11
10:28:34 1 51 4096 2830 7.4 4.4 16 11
10:28:35 1 50 4096 2830 7.4 4.4 16 11
10:28:36 1 51 4096 2830 7.4 4.4 16 11
10:28:37 1 51 4096 2830 7.4 4.4 16 11
10:28:38 1 46 4096 2830 8.9 4.4 16 11
10:28:39 1 54 4096 2830 6.3 4.4 16 11
10:28:40 1 54 4096 2830 6.3 4.4 16 11
10:28:41 1 53 4096 2830 6.6 4.4 16 11
10:28:42 1 53 4096 2830 6.6 4.4 16 11
10:28:43 1 53 4096 2830 6.5 4.4 16 11
10:28:44 1 50 4096 2830 7.6 4.4 16 11
10:28:45 1 50 4096 2830 7.6 4.4 16 11
10:28:46 1 50 4096 2830 7.5 4.4 16 11
10:28:47 1 50 4096 2830 7.6 4.4 16 11
10:28:48 1 46 4096 2830 8.8 4.4 16 11
10:28:49 1 46 4096 2830 9.0 4.4 16 11
10:28:51 1 49 4096 2830 7.8 4.4 16 11
10:28:52 1 49 4096 2830 7.8 4.4 16 11
10:28:53 1 49 4096 2830 7.8 4.4 16 11
10:28:54 1 49 4096 2830 7.8 4.4 16 11
10:28:55 1 49 4096 2830 7.8 4.4 16 11
10:28:56 1 49 4096 2830 7.8 4.4 16 11
10:28:57 1 49 4096 2830 7.8 4.4 16 11
10:28:58 1 50 4096 2830 7.7 4.4 16 11
10:28:59 1 50 4096 2830 7.7 4.4 16 11
10:29:00 1 50 4096 2830 7.8 4.4 16 11
10:29:01 1 50 4096 2830 7.7 4.4 16 11
10:29:02 1 50 4096 2830 7.7 4.4 16 11
10:29:03 1 50 4096 2830 7.7 4.4 16 11
10:29:04 1 50 4096 2830 7.7 4.4 16 11
10:29:06 1 50 4096 2830 7.7 4.4 16 11
10:29:07 1 50 4096 2830 7.7 4.4 16 11
10:29:08 1 50 4096 2830 7.7 4.4 16 11
10:29:09 1 50 4096 2830 7.7 4.4 16 11
10:29:10 1 50 4096 2830 7.7 4.4 16 11
10:29:11 1 50 4096 2830 7.7 4.4 16 11
10:29:12 1 50 4096 2830 7.7 4.4 16 11
10:29:13 1 50 4096 2830 7.4 4.4 16 11
10:29:14 1 50 4096 2830 7.4 4.4 16 11
10:29:15 1 50 4096 2830 7.5 4.4 16 11
10:29:16 1 51 4096 2830 7.5 4.4 16 11
10:29:17 1 50 4096 2830 7.4 4.4 16 11
10:29:18 1 50 4096 2830 7.4 4.4 16 11
10:29:19 1 50 4096 2830 7.4 4.4 16 11
10:29:20 1 50 4096 2830 7.4 4.4 16 11
10:29:22 1 51 4096 2830 7.4 4.4 16 11
10:29:23 1 51 4096 2830 7.4 4.4 16 11
10:29:24 1 51 4096 2830 7.4 4.4 16 11
10:29:25 1 51 4096 2830 7.4 4.4 16 11
10:29:26 1 51 4096 2830 7.4 4.4 16 11
10:29:27 1 51 4096 2830 7.4 4.4 16 11
10:29:28 1 50 4096 2830 7.5 4.4 16 11
10:29:29 1 50 4096 2830 7.5 4.4 16 11
10:29:30 1 51 4096 2830 7.4 4.4 16 11
10:29:31 1 51 4096 2830 7.4 4.4 16 11
10:29:32 1 50 4096 2830 7.5 4.4 16 11
10:29:33 1 51 4096 2830 7.4 4.4 16 11
10:29:34 1 46 4096 2830 8.8 4.4 16 11
10:29:35 1 54 4096 2830 6.3 4.4 16 11
10:29:36 1 54 4096 2830 6.3 4.4 16 11
10:29:37 1 53 4096 2830 6.6 4.4 16 11
10:29:39 1 53 4096 2830 6.6 4.4 16 11
10:29:40 1 53 4096 2830 6.6 4.4 16 11
10:29:41 1 50 4096 2830 7.7 4.4 16 11
10:29:42 1 50 4096 2830 7.6 4.4 16 11
10:29:43 1 50 4096 2830 7.5 4.4 16 11
10:29:44 1 50 4096 2830 7.5 4.4 16 11
10:29:45 1 47 4096 2830 8.7 4.4 16 11
10:29:46 1 57 4096 2830 5.2 4.4 16 11
10:29:47 1 46 4096 2830 9.0 4.4 16 11
10:29:48 1 49 4096 2830 7.8 4.4 16 11
10:29:49 1 49 4096 2830 7.8 4.4 16 11
10:29:50 1 49 4096 2830 7.8 4.4 16 11
10:29:51 1 49 4096 2830 7.8 4.4 16 11
10:29:52 1 49 4096 2830 7.8 4.4 16 11
10:29:53 1 49 4096 2830 7.8 4.4 16 11
10:29:54 1 50 4096 2830 7.7 4.4 16 11
10:29:56 1 50 4096 2830 7.7 4.4 16 11
10:29:57 1 50 4096 2830 7.7 4.4 16 11
10:29:58 1 50 4096 2830 7.7 4.4 16 11
10:29:59 1 50 4096 2830 7.7 4.4 16 11
10:30:00 1 50 4096 2830 7.7 4.4 16 11
10:30:01 1 50 4096 2830 7.7 4.4 16 11
10:30:02 1 50 4096 2830 7.7 4.4 16 11
10:30:03 1 50 4096 2830 7.7 4.4 16 11
10:30:04 1 50 4096 2830 7.7 4.4 16 11
10:30:05 1 50 4096 2830 7.7 4.4 16 11
10:30:06 1 50 4096 2830 7.7 4.4 16 11
10:30:07 1 50 4096 2830 7.7 4.4 16 11
10:30:08 1 50 4096 2830 7.7 4.4 16 11
10:30:09 1 50 4096 2830 7.7 4.4 16 11
10:30:10 1 51 4096 2830 7.4 4.4 16 11
10:30:12 1 50 4096 2830 7.4 4.4 16 11
10:30:13 1 50 4096 2830 7.4 4.4 16 11
10:30:14 1 50 4096 2830 7.4 4.4 16 11
10:30:15 1 50 4096 2830 7.4 4.4 16 11
10:30:16 1 50 4096 2830 7.5 4.4 16 11
10:30:17 1 50 4096 2830 7.5 4.4 16 11
10:30:18 1 50 4096 2830 7.5 4.4 16 11
10:30:19 1 50 4096 2830 7.5 4.4 16 11
10:30:20 1 50 4096 2830 7.4 4.4 16 11
10:30:21 1 50 4096 2830 7.4 4.4 16 11
10:30:22 1 50 4096 2830 7.4 4.4 16 11
10:30:23 1 50 4096 2830 7.4 4.4 16 11
10:30:24 1 50 4096 2830 7.4 4.4 16 11
10:30:25 1 50 4096 2830 7.4 4.4 16 11
10:30:26 1 50 4096 2830 7.4 4.4 16 11
10:30:27 1 49 4096 2830 7.5 4.4 16 11
10:30:29 1 50 4096 2830 7.5 4.4 16 11
10:30:30 1 50 4096 2830 7.4 4.4 16 11
10:30:31 1 50 4096 2830 7.4 4.4 16 11
10:30:32 1 50 4096 2830 7.4 4.4 16 11
10:30:33 1 49 4096 2830 7.5 4.4 16 11
10:30:34 1 50 4096 2830 7.4 4.4 16 11
10:30:35 1 50 4096 2830 7.5 4.4 16 11
10:30:36 1 45 4096 2830 8.8 4.4 16 11
10:30:37 1 53 4096 2830 6.3 4.4 16 11
10:30:38 1 53 4096 2830 6.3 4.4 16 11
10:30:39 1 52 4096 2830 6.6 4.4 16 11
10:30:40 1 52 4096 2830 6.6 4.4 16 11
10:30:41 1 52 4096 2830 6.6 4.4 16 11
10:30:42 1 49 4096 2830 7.6 4.4 16 11
10:30:43 1 49 4096 2830 7.6 4.4 16 11
10:30:44 1 49 4096 2830 7.5 4.4 16 11
10:30:45 1 49 4096 2830 7.5 4.4 16 11
10:30:47 1 45 4096 2830 8.8 4.4 16 11
10:30:48 1 45 4096 2830 9.0 4.4 16 11
10:30:49 1 48 4096 2830 7.9 4.4 16 11
10:30:50 1 48 4096 2830 7.8 4.4 16 11
10:30:51 1 48 4096 2830 7.8 4.4 16 11
10:30:52 1 48 4096 2830 7.8 4.4 16 11
10:30:53 1 48 4096 2830 7.8 4.4 16 11
10:30:54 1 48 4096 2830 7.8 4.4 16 11
10:30:55 1 48 4096 2830 7.8 4.4 16 11
10:30:56 1 49 4096 2830 7.7 4.4 16 11
10:30:57 1 49 4096 2830 7.7 4.4 16 11
10:30:58 1 49 4096 2830 7.7 4.4 16 11
10:30:59 1 49 4096 2830 7.7 4.4 16 11
10:31:00 1 49 4096 2830 7.7 4.4 16 11
10:31:01 1 49 4096 2830 7.7 4.4 16 11
10:31:03 1 49 4096 2830 7.7 4.4 16 11
10:31:04 1 49 4096 2830 7.7 4.4 16 11
10:31:05 1 49 4096 2830 7.7 4.4 16 11
10:31:06 1 49 4096 2830 7.7 4.4 16 11
10:31:07 1 49 4096 2830 7.7 4.4 16 11
10:31:08 1 49 4096 2830 7.7 4.4 16 11
10:31:09 1 49 4096 2830 7.7 4.4 16 11
10:31:10 1 49 4096 2830 7.7 4.4 16 11
10:31:11 1 49 4096 2830 7.7 4.4 16 11
10:31:12 1 49 4096 2830 7.5 4.4 16 11
10:31:13 1 49 4096 2830 7.7 4.4 16 11
10:31:14 1 50 4096 2830 7.4 4.4 16 11
10:31:15 1 50 4096 2830 7.4 4.4 16 11
10:31:16 1 50 4096 2830 7.4 4.4 16 11
10:31:17 1 50 4096 2830 7.4 4.4 16 11
10:31:18 1 50 4096 2830 7.4 4.4 16 11
10:31:20 1 50 4096 2830 7.4 4.4 16 11
10:31:21 1 50 4096 2830 7.5 4.4 16 11
10:31:22 1 50 4096 2830 7.5 4.4 16 11
10:31:23 1 50 4096 2830 7.4 4.4 16 11
10:31:24 1 50 4096 2830 7.4 4.4 16 11
10:31:25 1 50 4096 2830 7.4 4.4 16 11
10:31:26 1 50 4096 2830 7.4 4.4 16 11
10:31:27 1 50 4096 2830 7.4 4.4 16 11
10:31:28 1 50 4096 2830 7.4 4.4 16 11
10:31:29 1 50 4096 2830 7.5 4.4 16 11
10:31:30 1 50 4096 2830 7.4 4.4 16 11
10:31:31 1 50 4096 2830 7.4 4.4 16 11
10:31:32 1 50 4096 2830 7.5 4.4 16 11
10:31:33 1 50 4096 2830 7.4 4.4 16 11
10:31:34 1 50 4096 2830 7.4 4.4 16 11
10:31:36 1 50 4096 2830 7.4 4.4 16 11
10:31:37 1 49 4096 2830 7.5 4.4 16 11
10:31:38 1 50 4096 2830 7.4 4.4 16 11
10:31:39 1 50 4096 2830 7.5 4.4 16 11
10:31:40 1 50 4096 2830 7.4 4.4 16 11
10:31:41 1 45 4096 2830 8.9 4.3 16 11
10:31:42 1 53 4096 2830 6.3 4.3 16 11
10:31:43 1 53 4096 2830 6.3 4.3 16 11
10:31:44 1 52 4096 2830 6.6 4.3 16 11
10:31:45 1 52 4096 2830 6.6 4.3 16 11
10:31:46 1 52 4096 2830 6.5 4.3 16 11
10:31:47 1 48 4096 2830 7.9 4.3 16 11
10:31:48 1 48 4096 2830 7.7 4.3 16 11
10:31:49 1 48 4096 2830 7.7 4.3 16 11
10:31:50 1 48 4096 2830 7.7 4.3 16 11
10:31:51 1 44 4096 2830 8.9 4.3 16 11
10:31:52 1 51 4096 2830 6.6 4.3 16 11
10:31:54 1 44 4096 2830 8.9 4.3 16 11
10:31:55 1 47 4096 2830 7.8 4.3 16 11
10:31:56 1 47 4096 2830 7.8 4.3 16 11
10:31:57 1 47 4096 2830 7.8 4.3 16 11
10:31:58 1 47 4096 2830 7.8 4.3 16 11
10:31:59 1 47 4096 2830 7.8 4.3 16 11
10:32:00 1 47 4096 2830 7.9 4.3 16 11
10:32:01 1 48 4096 2830 7.7 4.3 16 11
10:32:02 1 48 4096 2830 7.7 4.3 16 11
10:32:03 1 48 4096 2830 7.7 4.3 16 11
10:32:04 1 48 4096 2830 7.7 4.3 16 11
10:32:05 1 47 4096 2830 7.8 4.3 16 11
10:32:06 1 48 4096 2830 7.7 4.3 16 11
10:32:07 1 48 4096 2830 7.7 4.3 16 11
10:32:08 1 48 4096 2830 7.7 4.3 16 11
10:32:10 1 48 4096 2830 7.7 4.3 16 11
10:32:11 1 47 4096 2830 7.8 4.3 16 11
10:32:12 1 48 4096 2830 7.7 4.3 16 11
10:32:13 1 48 4096 2830 7.7 4.3 16 11
10:32:14 1 47 4096 2830 7.8 4.3 16 11
10:32:15 1 47 4096 2830 7.8 4.3 16 11
10:32:16 1 48 4096 2830 7.7 4.3 16 11
10:32:17 1 49 4096 2830 7.4 4.3 16 11
10:32:18 1 49 4096 2830 7.4 4.3 16 11
10:32:19 1 48 4096 2830 7.4 4.3 16 11
10:32:20 1 48 4096 2830 7.4 4.3 16 11
10:32:21 1 48 4096 2830 7.5 4.3 16 11
10:32:22 1 48 4096 2830 7.4 4.3 16 11
10:32:23 1 49 4096 2830 7.4 4.3 16 11
10:32:24 1 49 4096 2830 7.4 4.3 16 11
10:32:25 1 47 4096 2830 7.6 4.1 16 11
10:32:27 1 45 4096 2830 7.6 3.3 16 11
10:32:28 1 45 4096 2830 7.6 3.3 16 11
10:32:29 1 45 4096 2830 7.6 3.3 16 11
10:32:30 1 44 4096 2830 7.7 3.3 16 11
10:32:31 1 44 4096 2830 7.8 3.3 16 11
10:32:32 1 44 4096 2830 7.7 3.3 16 11
10:32:33 1 44 4096 2830 7.7 3.3 16 11
10:32:34 1 44 4096 2830 7.8 3.3 16 11
10:32:35 1 44 4096 2830 7.6 3.3 16 11
10:32:36 1 45 4096 2830 7.6 3.3 16 11
10:32:37 1 44 4096 2830 7.6 3.3 16 11
10:32:38 1 44 4096 2830 7.6 3.3 16 11
10:32:39 1 41 4096 2830 9.0 3.3 16 11
10:32:40 1 48 4096 2830 6.5 3.3 16 11
10:32:41 1 48 4096 2830 6.4 3.3 16 11
10:32:43 1 48 4096 2830 6.5 3.3 16 11
10:32:44 1 48 4096 2830 6.5 3.3 16 11
10:32:45 1 49 4096 2830 6.4 3.3 16 11
10:32:46 1 44 4096 2830 7.9 3.3 16 11
10:32:47 1 45 4096 2830 7.7 3.3 16 11
10:32:48 1 45 4096 2830 7.6 3.3 16 11
10:32:49 1 45 4096 2830 7.5 3.3 16 11
10:32:50 1 41 4096 2830 8.8 3.3 16 11
10:32:51 1 52 4096 2830 5.4 3.3 16 11
10:32:52 1 41 4096 2830 9.0 3.3 16 11
10:32:53 1 44 4096 2830 7.8 3.3 16 11
10:32:54 1 44 4096 2830 7.8 3.3 16 11
10:32:55 1 44 4096 2830 7.8 3.3 16 11
10:32:56 1 44 4096 2830 7.8 3.3 16 11
10:32:57 1 44 4096 2830 7.8 3.3 16 11
10:32:58 1 44 4096 2830 7.8 3.2 16 11
10:32:59 1 44 4096 2830 7.7 3.2 16 11
10:33:01 1 44 4096 2830 7.7 3.2 16 11
10:33:02 1 44 4096 2830 7.7 3.2 16 11
10:33:03 1 44 4096 2830 7.7 3.2 16 11
10:33:04 1 44 4096 2830 7.7 3.2 16 11
10:33:05 1 44 4096 2830 7.7 3.2 16 11
10:33:06 1 44 4096 2830 7.7 3.2 16 11
10:33:07 1 44 4096 2830 7.7 3.2 16 11
10:33:08 1 44 4096 2830 7.7 3.2 16 11
10:33:09 1 44 4096 2830 7.7 3.2 16 11
10:33:10 1 44 4096 2830 7.7 3.2 16 11
10:33:11 1 44 4096 2830 7.7 3.2 16 11
10:33:12 1 44 4096 2830 7.7 3.2 16 11
10:33:13 1 44 4096 2830 7.7 3.2 16 11
10:33:14 1 44 4096 2830 7.7 3.2 16 11
10:33:16 1 45 4096 2830 7.4 3.2 16 11
10:33:17 1 45 4096 2830 7.4 3.2 16 11
10:33:18 1 45 4096 2830 7.4 3.2 16 11
10:33:19 1 45 4096 2830 7.4 3.2 16 11
10:33:20 1 45 4096 2830 7.4 3.2 16 11
10:33:21 1 45 4096 2830 7.4 3.2 16 11
10:33:22 1 45 4096 2830 7.4 3.2 16 11
10:33:23 1 45 4096 2830 7.4 3.2 16 11
10:33:24 1 45 4096 2830 7.4 3.2 16 11
10:33:25 1 45 4096 2830 7.4 3.2 16 11
10:33:26 1 45 4096 2830 7.4 3.2 16 11
10:33:27 1 45 4096 2830 7.4 3.2 16 11
10:33:28 1 44 4096 2830 7.4 3.2 16 11
10:33:29 1 44 4096 2830 7.4 3.2 16 11
10:33:31 1 44 4096 2830 7.4 3.2 16 11
10:33:32 1 44 4096 2830 7.4 3.2 16 11
10:33:33 1 44 4096 2830 7.4 3.2 16 11
10:33:34 1 44 4096 2830 7.4 3.2 16 11
10:33:35 1 44 4096 2830 7.4 3.2 16 11
10:33:36 1 44 4096 2830 7.4 3.2 16 11
10:33:37 1 40 4096 2830 8.8 3.2 16 11
10:33:38 1 48 4096 2830 6.2 3.2 16 11
10:33:39 1 48 4096 2830 6.3 3.2 16 11
10:33:40 1 47 4096 2830 6.6 3.2 16 11
10:33:41 1 47 4096 2830 6.6 3.2 16 11
10:33:42 1 47 4096 2830 6.5 3.2 16 11
10:33:43 1 44 4096 2830 7.6 3.2 16 11
10:33:44 1 44 4096 2830 7.6 3.2 16 11
10:33:45 1 44 4096 2830 7.6 3.2 16 11
10:33:46 1 44 4096 2830 7.5 3.2 16 11
10:33:47 1 41 4096 2830 8.7 3.2 16 11
10:33:49 1 47 4096 2830 6.5 3.2 16 11
10:33:50 1 40 4096 2830 9.0 3.2 16 11
10:33:51 1 44 4096 2830 7.8 3.2 16 11
10:33:52 1 44 4096 2830 7.8 3.2 16 11
10:33:53 1 44 4096 2830 7.8 3.2 16 11
10:33:54 1 44 4096 2830 7.8 3.2 16 11
10:33:55 1 44 4096 2830 7.8 3.2 16 11
10:33:56 1 44 4096 2830 7.8 3.2 16 11
10:33:57 1 44 4096 2830 7.7 3.2 16 11
10:33:58 1 44 4096 2830 7.7 3.2 16 11
10:33:59 1 44 4096 2830 7.7 3.2 16 11
10:34:00 1 44 4096 2830 7.7 3.2 16 11
10:34:01 1 44 4096 2830 7.7 3.2 16 11
10:34:02 1 44 4096 2830 7.7 3.2 16 11
10:34:04 1 44 4096 2830 7.7 3.2 16 11
10:34:05 1 44 4096 2830 7.7 3.2 16 11
10:34:06 1 44 4096 2830 7.7 3.2 16 11
10:34:07 1 44 4096 2830 7.7 3.2 16 11
10:34:08 1 44 4096 2830 7.7 3.2 16 11
10:34:09 1 44 4096 2830 7.7 3.2 16 11
10:34:10 1 44 4096 2830 7.7 3.2 16 11
10:34:11 1 44 4096 2830 7.7 3.2 16 11
10:34:12 1 44 4096 2830 7.7 3.2 16 11
10:34:13 1 44 4096 2830 7.4 3.2 16 11
10:34:14 1 43 4096 2830 7.5 3.2 16 11
10:34:15 1 43 4096 2830 7.5 3.2 16 11
10:34:16 1 43 4096 2830 7.4 3.2 16 11
10:34:17 1 43 4096 2830 7.4 3.2 16 11
10:34:19 1 43 4096 2830 7.5 3.2 16 11
10:34:20 1 43 4096 2830 7.5 3.2 16 11
10:34:21 1 43 4096 2830 7.5 3.2 16 11
10:34:22 1 44 4096 2830 7.4 3.2 16 11
10:34:23 1 44 4096 2830 7.5 3.2 16 11
10:34:24 1 44 4096 2830 7.4 3.2 16 11
10:34:25 1 44 4096 2830 7.4 3.2 16 11
10:34:26 1 44 4096 2830 7.4 3.2 16 11
10:34:27 1 44 4096 2830 7.4 3.2 16 11
10:34:28 1 44 4096 2830 7.5 3.2 16 11
10:34:29 1 43 4096 2830 7.5 3.2 16 11
10:34:30 1 44 4096 2830 7.4 3.2 16 11
10:34:31 1 44 4096 2830 7.4 3.2 16 11
10:34:32 1 44 4096 2830 7.4 3.2 16 11
10:34:34 1 44 4096 2830 7.4 3.2 16 11
10:34:35 1 44 4096 2830 7.4 3.1 16 11
10:34:36 1 40 4096 2830 8.8 3.2 16 11
10:34:37 1 47 4096 2830 6.3 3.2 16 11
10:34:38 1 47 4096 2830 6.3 3.2 16 11
10:34:39 1 47 4096 2830 6.6 3.2 16 11
10:34:40 1 47 4096 2830 6.6 3.2 16 11
10:34:41 1 46 4096 2830 6.5 3.1 16 11
10:34:42 1 42 4096 2830 7.8 3.1 16 11
10:34:43 1 43 4096 2830 7.6 3.1 16 11
10:34:44 1 43 4096 2830 7.7 3.1 16 11
10:34:45 1 43 4096 2830 7.6 3.1 16 11
10:34:46 1 39 4096 2830 8.9 3.1 16 11
10:34:47 1 39 4096 2830 9.0 3.1 16 11
10:34:48 1 43 4096 2830 7.8 3.1 16 11
10:34:49 1 44 4096 2830 7.8 3.1 16 11
10:34:51 1 44 4096 2830 7.8 3.1 16 11
10:34:52 1 44 4096 2830 7.9 3.1 16 11
10:34:53 1 44 4096 2830 7.9 3.1 16 11
10:34:54 1 44 4096 2830 7.9 3.1 16 11
10:34:55 1 44 4096 2830 7.9 3.1 16 11
10:34:56 1 45 4096 2830 7.8 3.1 16 11
10:34:57 1 45 4096 2830 7.8 3.2 16 11
10:34:58 1 45 4096 2830 7.8 3.2 16 11
10:34:59 1 45 4096 2830 7.8 3.2 16 11
10:35:00 1 45 4096 2830 7.8 3.2 16 11
10:35:01 1 45 4096 2830 7.8 3.2 16 11
10:35:02 1 45 4096 2830 7.8 3.2 16 11
10:35:03 1 45 4096 2830 7.8 3.2 16 11
10:35:05 1 45 4096 2830 7.8 3.2 16 11
10:35:06 1 45 4096 2830 7.8 3.2 16 11
10:35:07 1 45 4096 2830 7.7 3.2 16 11
10:35:08 1 45 4096 2830 7.8 3.2 16 11
10:35:09 1 45 4096 2830 7.8 3.2 16 11
10:35:10 1 45 4096 2830 7.8 3.2 16 11
10:35:11 1 45 4096 2830 7.7 3.2 16 11
10:35:12 1 46 4096 2830 7.5 3.2 16 11
10:35:13 1 46 4096 2830 7.5 3.2 16 11
10:35:14 1 46 4096 2830 7.4 3.2 16 11
10:35:15 1 46 4096 2830 7.4 3.2 16 11
10:35:16 1 46 4096 2830 7.4 3.2 16 11
10:35:17 1 46 4096 2830 7.4 3.2 16 11
10:35:18 1 46 4096 2830 7.4 3.1 16 11
10:35:20 1 46 4096 2830 7.4 3.1 16 11
10:35:21 1 46 4096 2830 7.4 3.1 16 11
10:35:22 1 46 4096 2830 7.4 3.1 16 11
10:35:23 1 46 4096 2830 7.4 3.1 16 11
10:35:24 1 46 4096 2830 7.4 3.1 16 11
10:35:25 1 46 4096 2830 7.4 3.1 16 11
10:35:26 1 46 4096 2830 7.4 3.1 16 11
10:35:27 1 46 4096 2830 7.5 3.1 16 11
10:35:28 1 46 4096 2830 7.4 3.1 16 11
10:35:29 1 46 4096 2830 7.4 3.1 16 11
10:35:30 1 46 4096 2830 7.4 3.1 16 11
10:35:31 1 46 4096 2830 7.4 3.1 16 11
10:35:32 1 46 4096 2830 7.4 3.1 16 11
10:35:33 1 42 4096 2830 8.8 3.1 16 11
10:35:34 1 49 4096 2830 6.3 3.1 16 11
10:35:36 1 49 4096 2830 6.3 3.1 16 11
10:35:37 1 49 4096 2830 6.4 3.1 16 11
10:35:38 1 49 4096 2830 6.3 3.1 16 11
10:35:39 1 50 4096 2830 6.3 3.1 16 11
10:35:40 1 45 4096 2830 7.7 3.1 16 11
10:35:41 1 46 4096 2830 7.6 3.1 16 11
10:35:42 1 46 4096 2830 7.5 3.1 16 11
10:35:43 1 46 4096 2830 7.5 3.1 16 11
10:35:44 1 42 4096 2830 8.7 3.1 16 11
10:35:45 1 52 4096 2830 5.4 3.1 16 11
10:35:46 1 41 4096 2830 9.0 3.2 16 11
10:35:47 1 45 4096 2830 7.8 3.2 16 11
10:35:48 1 44 4096 2830 7.8 3.0 16 11
10:35:49 1 44 4096 2830 7.8 3.0 16 11
10:35:50 1 44 4096 2830 7.8 3.1 16 11
10:35:52 1 44 4096 2830 7.8 3.1 16 11
10:35:53 1 44 4096 2830 7.8 3.1 16 11
10:35:54 1 44 4096 2830 7.7 3.1 16 11
10:35:55 1 44 4096 2830 7.7 3.1 16 11
10:35:56 1 44 4096 2830 7.7 3.1 16 11
10:35:57 1 44 4096 2830 7.7 3.1 16 11
10:35:58 1 44 4096 2830 7.7 3.1 16 11
10:35:59 1 44 4096 2830 7.7 3.1 16 11
10:36:00 1 44 4096 2830 7.7 3.1 16 11
10:36:01 1 44 4096 2830 7.7 3.1 16 11
10:36:02 1 44 4096 2830 7.7 3.1 16 11
10:36:03 1 44 4096 2830 7.7 3.1 16 11
10:36:04 1 44 4096 2830 7.7 3.1 16 11
10:36:05 1 44 4096 2830 7.7 3.1 16 11
10:36:07 1 44 4096 2830 7.7 3.1 16 11
10:36:08 1 44 4096 2830 7.7 3.1 16 11
10:36:09 1 44 4096 2830 7.7 3.1 16 11
10:36:10 1 45 4096 2830 7.4 3.1 16 11
10:36:11 1 45 4096 2830 7.4 3.1 16 11
10:36:12 1 45 4096 2830 7.4 3.1 16 11
10:36:13 1 45 4096 2830 7.4 3.1 16 11
10:36:14 1 45 4096 2830 7.4 3.1 16 11
10:36:15 1 45 4096 2830 7.5 3.1 16 11
10:36:16 1 45 4096 2830 7.4 3.1 16 11
10:36:17 1 45 4096 2830 7.4 3.1 16 11
10:36:18 1 45 4096 2830 7.4 3.1 16 11
10:36:19 1 45 4096 2830 7.4 3.1 16 11
10:36:20 1 45 4096 2830 7.4 3.1 16 11
10:36:22 1 45 4096 2830 7.4 3.1 16 11
10:36:23 1 45 4096 2830 7.4 3.1 16 11
10:36:24 1 45 4096 2830 7.4 3.1 16 11
10:36:25 1 45 4096 2830 7.5 3.1 16 11
10:36:26 1 45 4096 2830 7.5 3.1 16 11
10:36:27 1 45 4096 2830 7.4 3.1 16 11
10:36:28 1 45 4096 2830 7.4 3.1 16 11
10:36:29 1 45 4096 2830 7.4 3.1 16 11
10:36:30 1 45 4096 2830 7.4 3.1 16 11
10:36:31 1 42 4096 2830 8.7 3.1 16 11
10:36:32 1 42 4096 2830 8.7 3.1 16 11
10:36:33 1 49 4096 2830 6.3 3.1 16 11
10:36:34 1 48 4096 2830 6.6 3.1 16 11
10:36:35 1 48 4096 2830 6.6 3.1 16 11
10:36:36 1 48 4096 2830 6.6 3.1 16 11
10:36:37 1 45 4096 2830 7.7 3.1 16 11
10:36:38 1 45 4096 2830 7.6 3.1 16 11
10:36:40 1 45 4096 2830 7.5 3.1 16 11
10:36:41 1 46 4096 2830 7.5 3.1 16 11
10:36:42 1 45 4096 2830 7.6 3.1 16 11
10:36:43 1 42 4096 2830 8.8 3.1 16 11
10:36:44 1 41 4096 2830 9.1 3.2 16 11
10:36:45 1 45 4096 2830 7.8 3.2 16 11
10:36:46 1 45 4096 2830 7.8 3.2 16 11
10:36:47 1 45 4096 2830 7.8 3.2 16 11
10:36:48 1 45 4096 2830 7.8 3.2 16 11
10:36:49 1 45 4096 2830 7.8 3.2 16 11
10:36:50 1 45 4096 2830 7.8 3.2 16 11
10:36:51 1 45 4096 2830 7.7 3.2 16 11
10:36:52 1 45 4096 2830 7.7 3.2 16 11
10:36:53 1 45 4096 2830 7.7 3.2 16 11
10:36:54 1 45 4096 2830 7.7 3.2 16 11
10:36:55 1 45 4096 2830 7.7 3.2 16 11
10:36:57 1 45 4096 2830 7.8 3.2 16 11
10:36:58 1 45 4096 2830 7.7 3.2 16 11
10:36:59 1 45 4096 2830 7.7 3.2 16 11
10:37:00 1 45 4096 2830 7.7 3.2 16 11
10:37:01 1 45 4096 2830 7.7 3.2 16 11
10:37:02 1 45 4096 2830 7.7 3.2 16 11
10:37:03 1 45 4096 2830 7.7 3.2 16 11
10:37:04 1 45 4096 2830 7.7 3.2 16 11
10:37:05 1 45 4096 2830 7.7 3.2 16 11
10:37:06 1 45 4096 2830 7.7 3.2 16 11
10:37:07 1 46 4096 2830 7.4 3.2 16 11
10:37:08 1 46 4096 2830 7.4 3.2 16 11
10:37:09 1 46 4096 2830 7.5 3.2 16 11
10:37:10 1 46 4096 2830 7.4 3.2 16 11
10:37:12 1 46 4096 2830 7.4 3.2 16 11
10:37:13 1 46 4096 2830 7.5 3.2 16 11
10:37:14 1 46 4096 2830 7.5 3.2 16 11
10:37:15 1 46 4096 2830 7.4 3.2 16 11
10:37:16 1 46 4096 2830 7.4 3.2 16 11
10:37:17 1 46 4096 2830 7.5 3.2 16 11
10:37:18 1 46 4096 2830 7.5 3.2 16 11
10:37:19 1 46 4096 2830 7.4 3.2 16 11
10:37:20 1 46 4096 2830 7.4 3.2 16 11
10:37:21 1 46 4096 2830 7.4 3.2 16 11
10:37:22 1 46 4096 2830 7.4 3.2 16 11
10:37:23 1 46 4096 2830 7.4 3.2 16 11
10:37:24 1 46 4096 2830 7.4 3.2 16 11
10:37:25 1 46 4096 2830 7.4 3.2 16 11
10:37:26 1 46 4096 2830 7.4 3.2 16 11
10:37:27 1 46 4096 2830 7.4 3.2 16 11
10:37:29 1 42 4096 2830 8.9 3.1 16 11
10:37:30 1 49 4096 2830 6.3 3.1 16 11
10:37:31 1 49 4096 2830 6.3 3.1 16 11
10:37:32 1 48 4096 2830 6.6 3.1 16 11
10:37:33 1 48 4096 2830 6.6 3.1 16 11
10:37:34 1 48 4096 2830 6.6 3.1 16 11
10:37:35 1 45 4096 2830 7.8 3.1 16 11
10:37:36 1 45 4096 2830 7.7 3.1 16 11
10:37:37 1 45 4096 2830 7.7 3.1 16 11
10:37:38 1 45 4096 2830 7.7 3.1 16 11
10:37:39 1 42 4096 2830 8.9 3.1 16 11
10:37:40 1 48 4096 2830 6.6 3.1 16 11
10:37:41 1 41 4096 2830 9.0 3.2 16 11
10:37:42 1 45 4096 2830 7.8 3.2 16 11
10:37:43 1 45 4096 2830 7.8 3.2 16 11
10:37:44 1 45 4096 2830 7.8 3.2 16 11
10:37:45 1 45 4096 2830 7.8 3.2 16 11
10:37:47 1 45 4096 2830 7.8 3.2 16 11
10:37:48 1 45 4096 2830 7.9 3.2 16 11
10:37:49 1 45 4096 2830 7.7 3.2 16 11
10:37:50 1 45 4096 2830 7.7 3.2 16 11
10:37:51 1 45 4096 2830 7.7 3.2 16 11
10:37:52 1 45 4096 2830 7.7 3.2 16 11
10:37:53 1 45 4096 2830 7.7 3.2 16 11
10:37:54 1 45 4096 2830 7.7 3.2 16 11
10:37:55 1 45 4096 2830 7.7 3.2 16 11
10:37:56 1 45 4096 2830 7.7 3.2 16 11
10:37:57 1 45 4096 2830 7.7 3.2 16 11
10:37:58 1 45 4096 2830 7.7 3.2 16 11
10:37:59 1 45 4096 2830 7.7 3.2 16 11
10:38:00 1 45 4096 2830 7.8 3.2 16 11
10:38:01 1 45 4096 2830 7.8 3.2 16 11
10:38:03 1 45 4096 2830 7.7 3.2 16 11
10:38:04 1 46 4096 2830 7.4 3.2 16 11
10:38:05 1 46 4096 2830 7.4 3.2 16 11
10:38:06 1 46 4096 2830 7.4 3.2 16 11
10:38:07 1 47 4096 2830 7.4 3.2 16 11
10:38:08 1 47 4096 2830 7.4 3.2 16 11
10:38:09 1 47 4096 2830 7.4 3.2 16 11
10:38:10 1 47 4096 2830 7.4 3.2 16 11
10:38:11 1 47 4096 2830 7.4 3.2 16 11
10:38:12 1 47 4096 2830 7.4 3.2 16 11
10:38:13 1 47 4096 2830 7.4 3.2 16 11
10:38:14 1 47 4096 2830 7.4 3.2 16 11
10:38:15 1 47 4096 2830 7.4 3.2 16 11
10:38:16 1 47 4096 2830 7.4 3.2 16 11
10:38:17 1 47 4096 2830 7.4 3.2 16 11
10:38:19 1 47 4096 2830 7.4 3.2 16 11
10:38:20 1 47 4096 2830 7.4 3.2 16 11
10:38:21 1 47 4096 2830 7.4 3.2 16 11
10:38:22 1 47 4096 2830 7.4 3.2 16 11
10:38:23 1 47 4096 2830 7.4 3.2 16 11
10:38:24 1 47 4096 2830 7.4 3.2 16 11
10:38:25 1 47 4096 2830 7.4 3.2 16 11
10:38:26 1 42 4096 2830 8.9 3.2 16 11
10:38:27 1 50 4096 2830 6.3 3.2 16 11
10:38:28 1 50 4096 2830 6.3 3.2 16 11
10:38:29 1 50 4096 2830 6.3 3.2 16 11
10:38:30 1 50 4096 2830 6.3 3.2 16 11
10:38:31 1 50 4096 2830 6.3 3.2 16 11
10:38:32 1 46 4096 2830 7.7 3.2 16 11
10:38:33 1 46 4096 2830 7.6 3.2 16 11
10:38:34 1 47 4096 2830 7.5 3.2 16 11
10:38:36 1 46 4096 2830 7.5 3.2 16 11
10:38:37 1 43 4096 2830 8.8 3.2 16 11
10:38:38 1 43 4096 2830 8.8 3.2 16 11
10:38:39 1 43 4096 2830 7.8 3.2 16 11
10:38:40 1 46 4096 2830 7.8 3.2 16 11
10:38:41 1 46 4096 2830 7.8 3.2 16 11
10:38:42 1 45 4096 2830 7.8 3.2 16 11
10:38:43 1 46 4096 2830 7.8 3.2 16 11
10:38:44 1 45 4096 2830 7.8 3.2 16 11
10:38:45 1 45 4096 2830 7.8 3.2 16 11
10:38:46 1 46 4096 2830 7.7 3.2 16 11
10:38:47 1 46 4096 2830 7.7 3.2 16 11
10:38:48 1 46 4096 2830 7.7 3.2 16 11
10:38:49 1 46 4096 2830 7.7 3.2 16 11
10:38:50 1 46 4096 2830 7.7 3.2 16 11
10:38:52 1 46 4096 2830 7.7 3.2 16 11
10:38:53 1 46 4096 2830 7.7 3.2 16 11
10:38:54 1 46 4096 2830 7.7 3.2 16 11
10:38:55 1 46 4096 2830 7.7 3.2 16 11
10:38:56 1 46 4096 2830 7.7 3.2 16 11
10:38:57 1 46 4096 2830 7.7 3.2 16 11
10:38:58 1 46 4096 2830 7.7 3.2 16 11
10:38:59 1 46 4096 2830 7.7 3.2 16 11
10:39:00 1 46 4096 2830 7.7 3.2 16 11
10:39:01 1 46 4096 2830 7.5 3.2 16 11
10:39:02 1 47 4096 2830 7.4 3.2 16 11
10:39:03 1 47 4096 2830 7.4 3.2 16 11
10:39:04 1 46 4096 2830 7.5 3.2 16 11
10:39:05 1 47 4096 2830 7.4 3.2 16 11
10:39:06 1 47 4096 2830 7.4 3.2 16 11
10:39:08 1 47 4096 2830 7.4 3.2 16 11
10:39:09 1 47 4096 2830 7.4 3.2 16 11
10:39:10 1 47 4096 2830 7.4 3.2 16 11
10:39:11 1 47 4096 2830 7.4 3.2 16 11
10:39:12 1 47 4096 2830 7.4 3.2 16 11
10:39:13 1 47 4096 2830 7.4 3.2 16 11
10:39:14 1 47 4096 2830 7.4 3.2 16 11
10:39:15 1 47 4096 2830 7.4 3.2 16 11
10:39:16 1 47 4096 2830 7.4 3.2 16 11
10:39:17 1 47 4096 2830 7.4 3.2 16 11
10:39:18 1 47 4096 2830 7.4 3.2 16 11
10:39:19 1 46 4096 2830 7.5 3.2 16 11
10:39:20 1 46 4096 2830 7.5 3.2 16 11
10:39:21 1 47 4096 2830 7.4 3.2 16 11
10:39:22 1 47 4096 2830 7.4 3.2 16 11
10:39:23 1 42 4096 2830 8.9 3.2 16 11
10:39:25 1 50 4096 2830 6.3 3.2 16 11
10:39:26 1 50 4096 2830 6.3 3.2 16 11
10:39:27 1 49 4096 2830 6.6 3.2 16 11
10:39:28 1 49 4096 2830 6.6 3.2 16 11
10:39:29 1 49 4096 2830 6.5 3.2 16 11
10:39:30 1 46 4096 2830 7.6 3.2 16 11
10:39:31 1 46 4096 2830 7.6 3.2 16 11
10:39:32 1 46 4096 2830 7.5 3.2 16 11
10:39:33 1 46 4096 2830 7.5 3.2 16 11
10:39:34 1 43 4096 2830 8.8 3.2 16 11
10:39:35 1 49 4096 2830 6.5 3.2 16 11
10:39:36 1 42 4096 2830 8.9 3.2 16 11
10:39:37 1 45 4096 2830 7.8 3.2 16 11
10:39:38 1 45 4096 2830 7.8 3.2 16 11
10:39:39 1 45 4096 2830 7.8 3.2 16 11
10:39:40 1 45 4096 2830 7.8 3.2 16 11
10:39:41 1 45 4096 2830 7.8 3.2 16 11
10:39:43 1 45 4096 2830 7.8 3.2 16 11
10:39:44 1 46 4096 2830 7.7 3.2 16 11
10:39:45 1 46 4096 2830 7.7 3.2 16 11
10:39:46 1 46 4096 2830 7.7 3.2 16 11
10:39:47 1 46 4096 2830 7.7 3.2 16 11
10:39:48 1 46 4096 2830 7.7 3.2 16 11
10:39:49 1 46 4096 2830 7.7 3.2 16 11
10:39:50 1 46 4096 2830 7.7 3.2 16 11
10:39:51 1 46 4096 2830 7.7 3.2 16 11
10:39:52 1 46 4096 2830 7.7 3.2 16 11
10:39:53 1 46 4096 2830 7.7 3.2 16 11
10:39:54 1 46 4096 2830 7.7 3.2 16 11
10:39:55 1 46 4096 2830 7.7 3.2 16 11
10:39:56 1 46 4096 2830 7.7 3.2 16 11
10:39:57 1 46 4096 2830 7.7 3.2 16 11
10:39:59 1 45 4096 2830 7.7 3.2 16 11
10:40:00 1 46 4096 2830 7.4 3.2 16 11
10:40:01 1 46 4096 2830 7.4 3.2 16 11
10:40:02 1 46 4096 2830 7.4 3.2 16 11
10:40:03 1 46 4096 2830 7.4 3.2 16 11
10:40:04 1 46 4096 2830 7.4 3.2 16 11
10:40:05 1 46 4096 2830 7.4 3.2 16 11
10:40:06 1 46 4096 2830 7.4 3.2 16 11
10:40:07 1 46 4096 2830 7.4 3.2 16 11
10:40:08 1 46 4096 2830 7.4 3.2 16 11
10:40:09 1 46 4096 2830 7.5 3.2 16 11
10:40:10 1 46 4096 2830 7.4 3.2 16 11
10:40:11 1 46 4096 2830 7.4 3.2 16 11
10:40:12 1 46 4096 2830 7.4 3.2 16 11
10:40:14 1 46 4096 2830 7.4 3.2 16 11
10:40:15 1 46 4096 2830 7.4 3.2 16 11
10:40:16 1 46 4096 2830 7.4 3.2 16 11
10:40:17 1 47 4096 2830 7.4 3.2 16 11
10:40:18 1 46 4096 2830 7.4 3.2 16 11
10:40:19 1 46 4096 2830 7.4 3.2 16 11
10:40:20 1 46 4096 2830 7.4 3.2 16 11
10:40:21 1 42 4096 2830 8.8 3.2 16 11
10:40:22 1 49 4096 2830 6.3 3.1 16 11
10:40:23 1 50 4096 2830 6.3 3.1 16 11
10:40:24 1 49 4096 2830 6.6 3.1 16 11
10:40:25 1 49 4096 2830 6.6 3.1 16 11
10:40:26 1 49 4096 2830 6.5 3.1 16 11
10:40:27 1 45 4096 2830 7.8 3.1 16 11
10:40:28 1 45 4096 2830 7.7 3.1 16 11
10:40:29 1 45 4096 2830 7.7 3.1 16 11
10:40:31 1 45 4096 2830 7.7 3.1 16 11
10:40:32 1 42 4096 2830 8.8 3.1 16 11
10:40:33 1 48 4096 2830 6.6 3.1 16 11
10:40:34 1 41 4096 2830 9.0 3.2 16 11
10:40:35 1 45 4096 2830 7.8 3.2 16 11
10:40:36 1 45 4096 2830 7.8 3.2 16 11
10:40:37 1 45 4096 2830 7.8 3.2 16 11
10:40:38 1 45 4096 2830 7.8 3.2 16 11
10:40:39 1 45 4096 2830 7.9 3.2 16 11
10:40:40 1 45 4096 2830 7.9 3.2 16 11
10:40:41 1 45 4096 2830 7.7 3.2 16 11
10:40:42 1 45 4096 2830 7.7 3.2 16 11
10:40:43 1 45 4096 2830 7.7 3.2 16 11
10:40:44 1 45 4096 2830 7.7 3.2 16 11
10:40:45 1 45 4096 2830 7.7 3.2 16 11
10:40:47 1 45 4096 2830 7.7 3.2 16 11
10:40:48 1 45 4096 2830 7.7 3.2 16 11
10:40:49 1 45 4096 2830 7.7 3.2 16 11
10:40:50 1 45 4096 2830 7.7 3.2 16 11
10:40:51 1 45 4096 2830 7.7 3.2 16 11
10:40:52 1 45 4096 2830 7.7 3.2 16 11
10:40:53 1 45 4096 2830 7.7 3.2 16 11
10:40:54 1 45 4096 2830 7.7 3.2 16 11
10:40:55 1 45 4096 2830 7.7 3.2 16 11
10:40:56 1 45 4096 2830 7.7 3.2 16 11
10:40:57 1 46 4096 2830 7.4 3.2 16 11
10:40:58 1 46 4096 2830 7.4 3.2 16 11
10:40:59 1 46 4096 2830 7.4 3.2 16 11
10:41:00 1 46 4096 2830 7.5 3.2 16 11
10:41:01 1 46 4096 2830 7.4 3.2 16 11
10:41:03 1 46 4096 2830 7.5 3.2 16 11
10:41:04 1 46 4096 2830 7.4 3.2 16 11
10:41:05 1 46 4096 2830 7.5 3.2 16 11
10:41:06 1 46 4096 2830 7.5 3.2 16 11
10:41:07 1 46 4096 2830 7.4 3.2 16 11
10:41:08 1 46 4096 2830 7.4 3.2 16 11
10:41:09 1 46 4096 2830 7.5 3.2 16 11
10:41:10 1 46 4096 2830 7.4 3.2 16 11
10:41:11 1 46 4096 2830 7.4 3.2 16 11
10:41:12 1 46 4096 2830 7.5 3.2 16 11
10:41:13 1 46 4096 2830 7.5 3.2 16 11
10:41:14 1 46 4096 2830 7.5 3.2 16 11
10:41:15 1 46 4096 2830 7.4 3.2 16 11
10:41:16 1 46 4096 2830 7.4 3.2 16 11
10:41:17 1 46 4096 2830 7.4 3.1 16 11
10:41:18 1 42 4096 2830 8.9 3.1 16 11
10:41:20 1 50 4096 2830 6.3 3.1 16 11
10:41:21 1 50 4096 2830 6.3 3.1 16 11
10:41:22 1 49 4096 2830 6.4 3.1 16 11
10:41:23 1 50 4096 2830 6.3 3.1 16 11
10:41:24 1 50 4096 2830 6.2 3.1 16 11
10:41:25 1 46 4096 2830 7.6 3.1 16 11
10:41:26 1 46 4096 2830 7.6 3.1 16 11
10:41:27 1 46 4096 2830 7.5 3.1 16 11
10:41:28 1 46 4096 2830 7.6 3.1 16 11
10:41:29 1 42 4096 2830 8.8 3.2 16 11
10:41:30 1 42 4096 2830 8.8 3.2 16 11
10:41:31 1 42 4096 2830 8.9 3.2 16 11
10:41:32 1 45 4096 2830 7.8 3.2 16 11
10:41:33 1 45 4096 2830 7.8 3.2 16 11
10:41:34 1 45 4096 2830 7.8 3.2 16 11
10:41:35 1 45 4096 2830 7.8 3.2 16 11
10:41:37 1 45 4096 2830 7.8 3.2 16 11
10:41:38 1 45 4096 2830 7.7 3.2 16 11
10:41:39 1 45 4096 2830 7.7 3.2 16 11
10:41:40 1 45 4096 2830 7.7 3.2 16 11
10:41:41 1 45 4096 2830 7.7 3.2 16 11
10:41:42 1 45 4096 2830 7.8 3.2 16 11
10:41:43 1 45 4096 2830 7.7 3.2 16 11
10:41:44 1 45 4096 2830 7.7 3.2 16 11
10:41:45 1 45 4096 2830 7.7 3.2 16 11
10:41:46 1 45 4096 2830 7.7 3.2 16 11
10:41:47 1 45 4096 2830 7.7 3.2 16 11
10:41:48 1 45 4096 2830 7.7 3.2 16 11
10:41:49 1 45 4096 2830 7.7 3.2 16 11
10:41:50 1 45 4096 2830 7.7 3.2 16 11
10:41:51 1 45 4096 2830 7.7 3.2 16 11
10:41:53 1 45 4096 2830 7.7 3.2 16 11
10:41:54 1 46 4096 2830 7.4 3.2 16 11
10:41:55 1 46 4096 2830 7.4 3.2 16 11
10:41:56 1 46 4096 2830 7.4 3.2 16 11
10:41:57 1 46 4096 2830 7.4 3.2 16 11
10:41:58 1 46 4096 2830 7.4 3.2 16 11
10:41:59 1 46 4096 2830 7.4 3.2 16 11
10:42:00 1 46 4096 2830 7.4 3.2 16 11
10:42:01 1 46 4096 2830 7.4 3.2 16 11
10:42:02 1 46 4096 2830 7.4 3.2 16 11
10:42:03 1 47 4096 2830 7.4 3.2 16 11
10:42:04 1 47 4096 2830 7.4 3.2 16 11
10:42:05 1 47 4096 2830 7.4 3.2 16 11
10:42:06 1 47 4096 2830 7.4 3.2 16 11
10:42:07 1 47 4096 2830 7.4 3.2 16 11
10:42:08 1 46 4096 2830 7.4 3.2 16 11
10:42:10 1 46 4096 2830 7.5 3.2 16 11
10:42:11 1 46 4096 2830 7.4 3.2 16 11
10:42:12 1 47 4096 2830 7.4 3.2 16 11
10:42:13 1 47 4096 2830 7.4 3.2 16 11
10:42:14 1 47 4096 2830 7.4 3.2 16 11
10:42:15 1 47 4096 2830 7.4 3.2 16 11
10:42:16 1 42 4096 2830 8.8 3.2 16 11
10:42:17 1 50 4096 2830 6.3 3.2 16 11
10:42:18 1 50 4096 2830 6.3 3.2 16 11
10:42:19 1 49 4096 2830 6.6 3.2 16 11
10:42:20 1 49 4096 2830 6.6 3.2 16 11
10:42:21 1 49 4096 2830 6.5 3.2 16 11
10:42:22 1 46 4096 2830 7.6 3.2 16 11
10:42:23 1 46 4096 2830 7.6 3.2 16 11
10:42:24 1 46 4096 2830 7.5 3.2 16 11
10:42:25 1 46 4096 2830 7.5 3.2 16 11
10:42:26 1 43 4096 2830 8.8 3.2 16 11
10:42:28 1 43 4096 2830 8.8 3.2 16 11
10:42:29 1 45 4096 2830 7.9 3.2 16 11
10:42:30 1 45 4096 2830 7.8 3.2 16 11
10:42:31 1 45 4096 2830 7.8 3.2 16 11
10:42:32 1 45 4096 2830 7.8 3.2 16 11
10:42:33 1 45 4096 2830 7.8 3.2 16 11
10:42:34 1 45 4096 2830 7.8 3.2 16 11
10:42:35 1 45 4096 2830 7.8 3.2 16 11
10:42:36 1 46 4096 2830 7.7 3.2 16 11
10:42:37 1 46 4096 2830 7.7 3.2 16 11
10:42:38 1 46 4096 2830 7.7 3.2 16 11
10:42:39 1 46 4096 2830 7.7 3.2 16 11
10:42:40 1 46 4096 2830 7.7 3.2 16 11
10:42:42 1 46 4096 2830 7.7 3.2 16 11
10:42:43 1 46 4096 2830 7.7 3.2 16 11
10:42:44 1 46 4096 2830 7.7 3.2 16 11
10:42:45 1 46 4096 2830 7.7 3.2 16 11
10:42:46 1 46 4096 2830 7.7 3.2 16 11
10:42:47 1 45 4096 2830 7.8 3.2 16 11
10:42:48 1 46 4096 2830 7.7 3.2 16 11
10:42:49 1 45 4096 2830 7.7 3.2 16 11
10:42:50 1 45 4096 2830 7.7 3.2 16 11
10:42:51 1 46 4096 2830 7.4 3.1 16 11
10:42:52 1 46 4096 2830 7.4 3.1 16 11
10:42:53 1 46 4096 2830 7.4 3.1 16 11
10:42:54 1 46 4096 2830 7.5 3.1 16 11
10:42:55 1 46 4096 2830 7.4 3.1 16 11
10:42:57 1 46 4096 2830 7.5 3.1 16 11
10:42:58 1 46 4096 2830 7.5 3.1 16 11
10:42:59 1 46 4096 2830 7.4 3.1 16 11
10:43:00 1 46 4096 2830 7.4 3.1 16 11
10:43:01 1 46 4096 2830 7.4 3.1 16 11
10:43:02 1 46 4096 2830 7.4 3.1 16 11
10:43:03 1 46 4096 2830 7.4 3.1 16 11
10:43:04 1 46 4096 2830 7.4 3.1 16 11
10:43:05 1 46 4096 2830 7.4 3.1 16 11
10:43:06 1 46 4096 2830 7.4 3.1 16 11
10:43:07 1 46 4096 2830 7.4 3.1 16 11
10:43:08 1 45 4096 2830 7.4 3.1 16 11
10:43:09 1 46 4096 2830 7.4 3.1 16 11
10:43:10 1 45 4096 2830 7.4 3.1 16 11
10:43:11 1 45 4096 2830 7.4 3.1 16 11
10:43:13 1 46 4096 2830 7.4 3.1 16 11
10:43:14 1 41 4096 2830 8.8 3.1 16 11
10:43:15 1 49 4096 2830 6.3 3.1 16 11
10:43:16 1 49 4096 2830 6.3 3.1 16 11
10:43:17 1 48 4096 2830 6.6 3.1 16 11
10:43:18 1 41 4096 2830 7.5 2.5 16 11
10:43:19 1 40 4096 2830 7.5 2.5 16 11
10:43:20 1 39 4096 2830 8.8 2.6 16 11
10:43:21 1 40 4096 2830 8.6 2.6 16 11
10:43:22 1 40 4096 2830 8.7 2.5 16 11
10:43:23 1 39 4096 2830 9.1 2.5 16 11
10:43:24 1 37 4096 2830 10.0 2.5 16 11
10:43:25 2 36 4096 2830 9.2 1.9 16 11
10:43:26 2 30 4096 2830 11.0 1.6 16 11
10:43:28 2 34 4096 2830 9.7 1.8 16 11
10:43:29 2 35 4096 2830 9.7 1.9 16 11
10:43:30 2 35 4096 2830 9.7 2.1 16 11
10:43:31 2 40 4096 2830 8.3 2.2 16 11
10:43:32 2 42 4096 2830 7.8 2.4 16 11
10:43:33 2 42 4096 2830 7.8 2.5 16 11
10:43:34 2 43 4096 2830 7.7 2.5 16 11
10:43:35 2 43 4096 2830 7.7 2.6 16 11
10:43:36 2 43 4096 2830 7.7 2.6 16 11
10:43:37 2 43 4096 2830 7.7 2.7 16 11
10:43:38 2 43 4096 2830 7.7 2.7 16 11
10:43:39 2 43 4096 2830 7.7 2.7 16 11
10:43:40 2 43 4096 2830 7.7 2.8 16 11
10:43:41 2 44 4096 2830 7.6 2.8 16 11
10:43:43 2 43 4096 2830 7.7 2.8 16 11
10:43:44 2 44 4096 2830 7.7 2.8 16 11
10:43:45 2 44 4096 2830 7.7 2.8 16 11
10:43:46 2 44 4096 2830 7.7 2.8 16 11
10:43:47 2 44 4096 2830 7.7 2.8 16 11
10:43:48 2 44 4096 2830 7.7 2.8 16 11
10:43:49 2 44 4096 2830 7.7 2.8 16 11
10:43:50 2 45 4096 2830 7.4 2.8 16 11
10:43:51 2 45 4096 2830 7.4 2.8 16 11
10:43:52 2 45 4096 2830 7.4 2.8 16 11
10:43:53 2 45 4096 2830 7.4 2.8 16 11
10:43:54 2 45 4096 2830 7.4 2.8 16 11
10:43:55 2 45 4096 2830 7.4 2.8 16 11
10:43:56 2 45 4096 2830 7.4 2.8 16 11
10:43:58 2 45 4096 2830 7.4 2.8 16 11
10:43:59 2 45 4096 2830 7.4 2.8 16 11
10:44:00 2 45 4096 2830 7.4 2.8 16 11
10:44:01 2 45 4096 2830 7.4 2.8 16 11
10:44:02 2 45 4096 2830 7.4 2.8 16 11
10:44:03 2 45 4096 2830 7.4 2.8 16 11
10:44:04 2 45 4096 2830 7.4 2.8 16 11
10:44:05 2 45 4096 2830 7.4 2.8 16 11
10:44:06 2 45 4096 2830 7.4 2.8 16 11
10:44:07 2 45 4096 2830 7.4 2.8 16 11
10:44:08 2 45 4096 2830 7.4 2.8 16 11
10:44:09 2 45 4096 2830 7.4 2.8 16 11
10:44:10 2 45 4096 2830 7.4 2.8 16 11
10:44:11 2 45 4096 2830 7.4 2.8 16 11
10:44:12 2 41 4096 2830 8.8 2.8 16 11
10:44:14 1 49 4096 2830 6.2 2.8 16 11
10:44:15 1 49 4096 2830 6.2 2.8 16 11
10:44:16 1 49 4096 2830 6.3 2.8 16 11
10:44:17 1 49 4096 2830 6.2 2.8 16 11
10:44:18 1 49 4096 2830 6.2 2.8 16 11
10:44:19 1 45 4096 2830 7.6 3.0 16 11
10:44:20 1 45 4096 2830 7.6 3.0 16 11
10:44:21 1 46 4096 2830 7.6 3.1 16 11
10:44:22 1 46 4096 2830 7.5 3.1 16 11
10:44:23 1 42 4096 2830 8.8 3.1 16 11
10:44:24 1 42 4096 2830 8.9 3.1 16 11
10:44:25 1 45 4096 2830 7.9 3.1 16 11
10:44:26 1 45 4096 2830 7.8 3.1 16 11
10:44:27 1 45 4096 2830 7.8 3.1 16 11
10:44:28 1 45 4096 2830 7.8 3.1 16 11
10:44:29 1 45 4096 2830 7.8 3.1 16 11
10:44:31 1 45 4096 2830 7.8 3.1 16 11
10:44:32 1 45 4096 2830 7.8 3.1 16 11
10:44:33 1 45 4096 2830 7.7 3.1 16 11
10:44:34 1 45 4096 2830 7.7 3.1 16 11
10:44:35 1 45 4096 2830 7.7 3.1 16 11
10:44:36 1 45 4096 2830 7.7 3.1 16 11
10:44:37 1 45 4096 2830 7.7 3.1 16 11
10:44:38 1 45 4096 2830 7.7 3.1 16 11
10:44:39 1 45 4096 2830 7.6 3.1 16 11
10:44:40 1 45 4096 2830 7.6 3.1 16 11
10:44:41 1 45 4096 2830 7.7 3.1 16 11
10:44:42 1 45 4096 2830 7.7 3.1 16 11
10:44:43 1 45 4096 2830 7.7 3.1 16 11
10:44:44 1 45 4096 2830 7.7 3.1 16 11
10:44:46 1 45 4096 2830 7.7 3.1 16 11
10:44:47 1 45 4096 2830 7.6 3.1 16 11
10:44:48 1 46 4096 2830 7.4 3.1 16 11
10:44:49 1 46 4096 2830 7.4 3.1 16 11
10:44:50 1 46 4096 2830 7.4 3.1 16 11
10:44:51 1 46 4096 2830 7.4 3.1 16 11
10:44:52 1 46 4096 2830 7.4 3.1 16 11
10:44:53 1 46 4096 2830 7.4 3.1 16 11
10:44:54 1 46 4096 2830 7.4 3.1 16 11
10:44:55 1 46 4096 2830 7.4 3.1 16 11
10:44:56 1 46 4096 2830 7.4 3.1 16 11
10:44:57 1 46 4096 2830 7.4 3.1 16 11
10:44:58 1 46 4096 2830 7.4 3.1 16 11
10:44:59 1 46 4096 2830 7.4 3.1 16 11
10:45:00 1 46 4096 2830 7.4 3.1 16 11
10:45:02 1 46 4096 2830 7.4 3.1 16 11
10:45:03 1 46 4096 2830 7.4 3.1 16 11
10:45:04 1 46 4096 2830 7.4 3.1 16 11
10:45:05 1 46 4096 2830 7.4 3.1 16 11
10:45:06 1 46 4096 2830 7.4 3.1 16 11
10:45:07 1 46 4096 2830 7.4 3.1 16 11
10:45:08 1 46 4096 2830 7.4 3.1 16 11
10:45:09 1 47 4096 2830 7.4 3.1 16 11
10:45:10 1 42 4096 2830 8.9 3.1 16 11
10:45:11 1 50 4096 2830 6.3 3.1 16 11
10:45:12 1 50 4096 2830 6.3 3.1 16 11
10:45:13 1 49 4096 2830 6.5 3.1 16 11
10:45:14 1 49 4096 2830 6.6 3.1 16 11
10:45:15 1 49 4096 2830 6.5 3.1 16 11
10:45:16 1 46 4096 2830 7.7 3.1 16 11
10:45:17 1 46 4096 2830 7.6 3.1 16 11
10:45:18 1 45 4096 2830 7.5 3.1 16 11
10:45:20 1 45 4096 2830 7.5 3.0 16 11
10:45:21 1 41 4096 2830 8.7 3.0 16 11
10:45:22 1 48 4096 2830 6.4 3.0 16 11
10:45:23 1 41 4096 2830 8.9 3.1 16 11
10:45:24 1 44 4096 2830 7.8 3.1 16 11
10:45:25 1 44 4096 2830 7.8 3.1 16 11
10:45:26 1 44 4096 2830 7.8 3.1 16 11
10:45:27 1 44 4096 2830 7.8 3.1 16 11
10:45:28 1 44 4096 2830 7.8 3.1 16 11
10:45:29 1 44 4096 2830 7.9 3.1 16 11
10:45:30 1 44 4096 2830 7.7 3.0 16 11
10:45:31 1 44 4096 2830 7.7 3.0 16 11
10:45:32 1 44 4096 2830 7.8 3.0 16 11
10:45:33 1 44 4096 2830 7.7 3.0 16 11
10:45:35 1 44 4096 2830 7.7 3.0 16 11
10:45:36 1 44 4096 2830 7.7 3.0 16 11
10:45:37 1 44 4096 2830 7.7 3.0 16 11
10:45:38 1 44 4096 2830 7.7 3.0 16 11
10:45:39 1 44 4096 2830 7.7 3.0 16 11
10:45:40 1 44 4096 2830 7.7 3.0 16 11
10:45:41 1 44 4096 2830 7.7 3.0 16 11
10:45:42 1 44 4096 2830 7.7 3.0 16 11
10:45:43 1 44 4096 2830 7.7 3.0 16 11
10:45:44 1 44 4096 2830 7.7 3.0 16 11
10:45:45 1 44 4096 2830 7.7 3.0 16 11
10:45:46 1 45 4096 2830 7.4 3.0 16 11
10:45:47 1 45 4096 2830 7.4 3.0 16 11
10:45:48 1 45 4096 2830 7.4 3.0 16 11
10:45:49 1 45 4096 2830 7.4 3.0 16 11
10:45:51 1 45 4096 2830 7.4 3.0 16 11
10:45:52 1 45 4096 2830 7.4 3.0 16 11
10:45:53 1 45 4096 2830 7.4 3.0 16 11
10:45:54 1 45 4096 2830 7.4 3.0 16 11
10:45:55 1 44 4096 2830 7.4 2.7 16 11
10:45:56 1 44 4096 2830 7.4 2.8 16 11
10:45:57 1 44 4096 2830 7.4 2.8 16 11
10:45:58 1 44 4096 2830 7.4 2.8 16 11
10:45:59 1 44 4096 2830 7.4 2.8 16 11
10:46:00 1 45 4096 2830 7.4 2.9 16 11
10:46:01 1 45 4096 2830 7.4 2.9 16 11
10:46:02 1 45 4096 2830 7.4 2.9 16 11
10:46:03 1 45 4096 2830 7.4 2.9 16 11
10:46:05 1 45 4096 2830 7.4 2.9 16 11
10:46:06 1 45 4096 2830 7.4 2.9 16 11
10:46:07 1 45 4096 2830 7.4 2.9 16 11
10:46:08 1 41 4096 2830 8.8 2.9 16 11
10:46:09 1 49 4096 2830 6.3 2.9 16 11
10:46:10 1 49 4096 2830 6.3 2.9 16 11
10:46:11 1 48 4096 2830 6.6 2.9 16 11
10:46:12 1 48 4096 2830 6.6 2.9 16 11
10:46:13 1 48 4096 2830 6.5 2.9 16 11
10:46:14 1 45 4096 2830 7.7 2.9 16 11
10:46:15 1 45 4096 2830 7.7 3.0 16 11
10:46:16 1 45 4096 2830 7.6 3.0 16 11
10:46:17 1 45 4096 2830 7.6 3.0 16 11
10:46:18 1 42 4096 2830 8.8 3.0 16 11
10:46:19 1 45 4096 2830 7.7 3.0 16 11
10:46:20 1 41 4096 2830 9.0 3.1 16 11
10:46:21 1 45 4096 2830 7.8 3.1 16 11
10:46:23 1 45 4096 2830 7.8 3.1 16 11
10:46:24 1 44 4096 2830 7.8 3.1 16 11
10:46:25 1 44 4096 2830 7.8 3.1 16 11
10:46:26 1 44 4096 2830 7.8 3.1 16 11
10:46:27 1 44 4096 2830 7.8 3.1 16 11
10:46:28 1 45 4096 2830 7.7 3.1 16 11
10:46:29 1 45 4096 2830 7.7 3.1 16 11
10:46:30 1 45 4096 2830 7.7 3.1 16 11
10:46:31 1 45 4096 2830 7.7 3.1 16 11
10:46:32 1 45 4096 2830 7.7 3.1 16 11
10:46:33 1 45 4096 2830 7.7 3.1 16 11
10:46:34 1 45 4096 2830 7.7 3.1 16 11
10:46:35 1 45 4096 2830 7.7 3.1 16 11
10:46:37 1 45 4096 2830 7.7 3.1 16 11
10:46:38 1 45 4096 2830 7.7 3.1 16 11
10:46:39 1 45 4096 2830 7.7 3.1 16 11
10:46:40 1 45 4096 2830 7.7 3.1 16 11
10:46:41 1 45 4096 2830 7.7 3.1 16 11
10:46:42 1 45 4096 2830 7.6 3.1 16 11
10:46:43 1 45 4096 2830 7.7 3.1 16 11
10:46:44 1 46 4096 2830 7.4 3.1 16 11
10:46:45 1 46 4096 2830 7.4 3.1 16 11
10:46:46 1 46 4096 2830 7.4 3.1 16 11
10:46:47 1 46 4096 2830 7.4 3.1 16 11
10:46:48 1 46 4096 2830 7.4 3.1 16 11
10:46:49 1 46 4096 2830 7.4 3.1 16 11
10:46:50 1 46 4096 2830 7.4 3.1 16 11
10:46:51 1 46 4096 2830 7.4 3.1 16 11
10:46:53 1 46 4096 2830 7.4 3.1 16 11
10:46:54 1 46 4096 2830 7.4 3.1 16 11
10:46:55 1 46 4096 2830 7.4 3.1 16 11
10:46:56 1 46 4096 2830 7.4 3.1 16 11
10:46:57 1 46 4096 2830 7.4 3.1 16 11
10:46:58 1 46 4096 2830 7.4 3.1 16 11
10:46:59 1 46 4096 2830 7.4 3.1 16 11
10:47:00 1 46 4096 2830 7.4 3.1 16 11
10:47:01 1 46 4096 2830 7.4 3.1 16 11
10:47:02 1 46 4096 2830 7.4 3.1 16 11
10:47:03 1 46 4096 2830 7.4 3.1 16 11
10:47:04 1 46 4096 2830 7.4 3.1 16 11
10:47:05 1 42 4096 2830 8.8 3.1 16 11
10:47:06 1 49 4096 2830 6.2 3.1 16 11
10:47:08 1 49 4096 2830 6.1 3.1 16 11
10:47:09 1 49 4096 2830 6.3 3.1 16 11
10:47:10 1 49 4096 2830 6.3 3.1 16 11
10:47:11 1 49 4096 2830 6.2 3.1 16 11
10:47:12 1 45 4096 2830 7.7 3.1 16 11
10:47:13 1 45 4096 2830 7.5 3.1 16 11
10:47:14 1 45 4096 2830 7.5 3.1 16 11
10:47:15 1 46 4096 2830 7.5 3.1 16 11
10:47:16 1 42 4096 2830 8.7 3.1 16 11
10:47:17 1 45 4096 2830 7.6 3.1 16 11
10:47:18 1 41 4096 2830 9.0 3.1 16 11
10:47:19 1 45 4096 2830 7.8 3.1 16 11
10:47:20 1 45 4096 2830 7.8 3.1 16 11
10:47:21 1 45 4096 2830 7.8 3.1 16 11
10:47:22 1 45 4096 2830 7.8 3.1 16 11
10:47:23 1 45 4096 2830 7.8 3.1 16 11
10:47:25 1 45 4096 2830 7.8 3.1 16 11
10:47:26 1 45 4096 2830 7.6 3.1 16 11
10:47:27 1 45 4096 2830 7.6 3.1 16 11
10:47:28 1 45 4096 2830 7.7 3.1 16 11
10:47:29 1 45 4096 2830 7.7 3.1 16 11
10:47:30 1 45 4096 2830 7.6 3.1 16 11
10:47:31 1 45 4096 2830 7.6 3.1 16 11
10:47:32 1 45 4096 2830 7.7 3.1 16 11
10:47:33 1 45 4096 2830 7.6 3.1 16 11
10:47:34 1 45 4096 2830 7.6 3.1 16 11
10:47:35 1 45 4096 2830 7.7 3.1 16 11
10:47:36 1 45 4096 2830 7.7 3.1 16 11
10:47:37 1 45 4096 2830 7.7 3.1 16 11
10:47:38 1 45 4096 2830 7.7 3.1 16 11
10:47:40 1 45 4096 2830 7.6 3.1 16 11
10:47:41 1 45 4096 2830 7.6 3.1 16 11
10:47:42 1 46 4096 2830 7.4 3.1 16 11
10:47:43 1 46 4096 2830 7.4 3.1 16 11
10:47:44 1 46 4096 2830 7.4 3.1 16 11
10:47:45 1 46 4096 2830 7.4 3.1 16 11
10:47:46 1 46 4096 2830 7.4 3.1 16 11
10:47:47 1 46 4096 2830 7.4 3.1 16 11
10:47:48 1 46 4096 2830 7.4 3.1 16 11
10:47:49 1 46 4096 2830 7.4 3.1 16 11
10:47:50 1 46 4096 2830 7.4 3.1 16 11
10:47:51 1 46 4096 2830 7.4 3.1 16 11
10:47:52 1 46 4096 2830 7.4 3.1 16 11
10:47:53 1 46 4096 2830 7.4 3.1 16 11
10:47:54 1 46 4096 2830 7.4 3.1 16 11
10:47:56 1 46 4096 2830 7.4 3.1 16 11
10:47:57 1 46 4096 2830 7.4 3.1 16 11
10:47:58 1 46 4096 2830 7.4 3.1 16 11
10:47:59 1 46 4096 2830 7.4 3.1 16 11
10:48:00 1 46 4096 2830 7.4 3.1 16 11
10:48:01 1 46 4096 2830 7.4 3.1 16 11
10:48:02 1 46 4096 2830 7.4 3.1 16 11
10:48:03 1 42 4096 2830 8.7 3.1 16 11
10:48:04 1 42 4096 2830 8.7 3.1 16 11
10:48:05 1 49 4096 2830 6.3 3.1 16 11
10:48:06 1 48 4096 2830 6.6 3.1 16 11
10:48:07 1 48 4096 2830 6.6 3.1 16 11
10:48:08 1 49 4096 2830 6.5 3.1 16 11
10:48:09 1 45 4096 2830 7.6 3.1 16 11
10:48:10 1 45 4096 2830 7.6 3.1 16 11
10:48:12 1 46 4096 2830 7.5 3.1 16 11
10:48:13 1 45 4096 2830 7.5 3.1 16 11
10:48:14 1 45 4096 2830 8.2 3.1 16 11
10:48:15 1 42 4096 2830 8.8 3.1 16 11
10:48:16 1 41 4096 2830 8.9 3.1 16 11
10:48:17 1 45 4096 2830 7.8 3.1 16 11
10:48:18 1 45 4096 2830 7.8 3.1 16 11
10:48:19 1 45 4096 2830 7.8 3.1 16 11
10:48:20 1 45 4096 2830 7.8 3.1 16 11
10:48:21 1 45 4096 2830 7.8 3.1 16 11
10:48:22 1 45 4096 2830 7.8 3.1 16 11
10:48:23 1 45 4096 2830 7.6 3.1 16 11
10:48:24 1 45 4096 2830 7.6 3.1 16 11
10:48:25 1 45 4096 2830 7.7 3.1 16 11
10:48:27 1 45 4096 2830 7.7 3.1 16 11
10:48:28 1 45 4096 2830 7.6 3.1 16 11
10:48:29 1 45 4096 2830 7.6 3.1 16 11
10:48:30 1 45 4096 2830 7.6 3.1 16 11
10:48:31 1 45 4096 2830 7.6 3.1 16 11
10:48:32 1 45 4096 2830 7.6 3.1 16 11
10:48:33 1 45 4096 2830 7.6 3.1 16 11
10:48:34 1 45 4096 2830 7.7 3.1 16 11
10:48:35 1 45 4096 2830 7.7 3.1 16 11
10:48:36 1 45 4096 2830 7.7 3.1 16 11
10:48:37 1 45 4096 2830 7.6 3.1 16 11
10:48:38 1 45 4096 2830 7.6 3.1 16 11
10:48:39 1 46 4096 2830 7.4 3.1 16 11
10:48:40 1 46 4096 2830 7.4 3.1 16 11
10:48:42 1 46 4096 2830 7.4 3.1 16 11
10:48:43 1 46 4096 2830 7.4 3.1 16 11
10:48:44 1 46 4096 2830 7.4 3.1 16 11
10:48:45 1 46 4096 2830 7.4 3.1 16 11
10:48:46 1 46 4096 2830 7.4 3.1 16 11
10:48:47 1 46 4096 2830 7.4 3.1 16 11
10:48:48 1 46 4096 2830 7.4 3.1 16 11
10:48:49 1 46 4096 2830 7.4 3.1 16 11
10:48:50 1 46 4096 2830 7.5 3.1 16 11
10:48:51 1 46 4096 2830 7.4 3.1 16 11
10:48:52 1 46 4096 2830 7.4 3.1 16 11
10:48:53 1 46 4096 2830 7.4 3.1 16 11
10:48:54 1 46 4096 2830 7.4 3.1 16 11
10:48:55 1 46 4096 2830 7.4 3.1 16 11
10:48:57 1 46 4096 2830 7.4 3.1 16 11
10:48:58 1 46 4096 2830 7.4 3.1 16 11
10:48:59 1 46 4096 2830 7.4 3.1 16 11
10:49:00 1 46 4096 2830 7.4 3.1 16 11
10:49:01 1 46 4096 2830 7.4 3.1 16 11
10:49:02 1 42 4096 2830 8.7 3.1 16 11
10:49:03 1 49 4096 2830 6.3 3.1 16 11
10:49:04 1 49 4096 2830 6.3 3.1 16 11
10:49:05 1 48 4096 2830 6.6 3.1 16 11
10:49:06 1 48 4096 2830 6.5 3.1 16 11
10:49:07 1 45 4096 2830 7.8 3.1 16 11
10:49:08 1 45 4096 2830 7.6 3.1 16 11
10:49:09 1 45 4096 2830 7.6 3.1 16 11
10:49:10 1 45 4096 2830 7.6 3.1 16 11
10:49:11 1 45 4096 2830 7.6 3.1 16 11
10:49:12 1 41 4096 2830 8.9 3.1 16 11
10:49:13 1 41 4096 2830 8.9 3.1 16 11
10:49:15 1 45 4096 2830 7.8 3.1 16 11
10:49:16 1 45 4096 2830 7.8 3.1 16 11
10:49:17 1 45 4096 2830 7.8 3.1 16 11
10:49:18 1 45 4096 2830 7.8 3.1 16 11
10:49:19 1 45 4096 2830 7.8 3.1 16 11
10:49:20 1 45 4096 2830 7.8 3.1 16 11
10:49:21 1 45 4096 2830 7.8 3.1 16 11
10:49:22 1 45 4096 2830 7.6 3.1 16 11
10:49:23 1 45 4096 2830 7.7 3.1 16 11
10:49:24 1 45 4096 2830 7.7 3.1 16 11
10:49:25 1 45 4096 2830 7.6 3.1 16 11
10:49:26 1 45 4096 2830 7.6 3.1 16 11
10:49:27 1 45 4096 2830 7.6 3.1 16 11
10:49:28 1 45 4096 2830 7.6 3.1 16 11
10:49:30 1 45 4096 2830 7.6 3.1 16 11
10:49:31 1 45 4096 2830 7.6 3.1 16 11
10:49:32 1 45 4096 2830 7.7 3.1 16 11
10:49:33 1 45 4096 2830 7.7 3.1 16 11
10:49:34 1 45 4096 2830 7.7 3.1 16 11
10:49:35 1 45 4096 2830 7.6 3.1 16 11
10:49:36 1 45 4096 2830 7.6 3.1 16 11
10:49:37 1 46 4096 2830 7.4 3.1 16 11
10:49:38 1 46 4096 2830 7.4 3.1 16 11
10:49:39 1 46 4096 2830 7.5 3.1 16 11
10:49:40 1 46 4096 2830 7.4 3.1 16 11
10:49:41 1 46 4096 2830 7.4 3.1 16 11
10:49:42 1 46 4096 2830 7.4 3.1 16 11
10:49:43 1 46 4096 2830 7.4 3.1 16 11
10:49:44 1 46 4096 2830 7.4 3.1 16 11
10:49:46 1 46 4096 2830 7.4 3.1 16 11
10:49:47 1 46 4096 2830 7.4 3.1 16 11
10:49:48 1 46 4096 2830 7.4 3.1 16 11
10:49:49 1 46 4096 2830 7.4 3.1 16 11
10:49:50 1 46 4096 2830 7.4 3.1 16 11
10:49:51 1 46 4096 2830 7.4 3.1 16 11
10:49:52 1 46 4096 2830 7.4 3.1 16 11
10:49:53 1 46 4096 2830 7.4 3.1 16 11
10:49:54 1 46 4096 2830 7.4 3.1 16 11
10:49:55 1 46 4096 2830 7.4 3.1 16 11
10:49:56 1 46 4096 2830 7.4 3.1 16 11
10:49:57 1 46 4096 2830 7.4 3.1 16 11
10:49:58 1 46 4096 2830 7.4 3.1 16 11
10:50:00 1 42 4096 2830 8.8 3.1 16 11
10:50:01 1 50 4096 2830 6.2 3.1 16 11
10:50:02 1 50 4096 2830 6.3 3.1 16 11
10:50:03 1 49 4096 2830 6.3 3.1 16 11
10:50:04 1 50 4096 2830 6.2 3.1 16 11
10:50:05 1 45 4096 2830 7.7 3.1 16 11
10:50:06 1 46 4096 2830 7.6 3.1 16 11
10:50:07 1 46 4096 2830 7.5 3.1 16 11
10:50:08 1 46 4096 2830 7.5 3.1 16 11
10:50:09 1 46 4096 2830 7.5 3.1 16 11
10:50:10 1 42 4096 2830 8.8 3.1 16 11
10:50:11 1 41 4096 2830 9.0 3.1 16 11
10:50:12 1 45 4096 2830 7.8 3.1 16 11
10:50:13 1 45 4096 2830 7.7 3.1 16 11
10:50:14 1 45 4096 2830 7.8 3.1 16 11
10:50:15 1 45 4096 2830 7.8 3.1 16 11
10:50:17 1 45 4096 2830 7.8 3.1 16 11
10:50:18 1 45 4096 2830 7.8 3.1 16 11
10:50:19 1 45 4096 2830 7.6 3.1 16 11
10:50:20 1 45 4096 2830 7.6 3.1 16 11
10:50:21 1 45 4096 2830 7.7 3.1 16 11
10:50:22 1 45 4096 2830 7.7 3.1 16 11
10:50:23 1 45 4096 2830 7.6 3.1 16 11
10:50:24 1 45 4096 2830 7.6 3.1 16 11
10:50:25 1 45 4096 2830 7.7 3.1 16 11
10:50:26 1 45 4096 2830 7.6 3.1 16 11
10:50:27 1 45 4096 2830 7.6 3.1 16 11
10:50:28 1 45 4096 2830 7.7 3.1 16 11
10:50:29 1 45 4096 2830 7.7 3.1 16 11
10:50:30 1 45 4096 2830 7.7 3.1 16 11
10:50:32 1 45 4096 2830 7.7 3.1 16 11
10:50:33 1 45 4096 2830 7.6 3.1 16 11
10:50:34 1 45 4096 2830 7.6 3.1 16 11
10:50:35 1 46 4096 2830 7.4 3.1 16 11
10:50:36 1 46 4096 2830 7.4 3.1 16 11
10:50:37 1 46 4096 2830 7.4 3.1 16 11
10:50:38 1 46 4096 2830 7.4 3.1 16 11
10:50:39 1 46 4096 2830 7.4 3.1 16 11
10:50:40 1 46 4096 2830 7.4 3.1 16 11
10:50:41 1 46 4096 2830 7.4 3.1 16 11
10:50:42 1 46 4096 2830 7.4 3.1 16 11
10:50:43 1 46 4096 2830 7.4 3.1 16 11
10:50:44 1 46 4096 2830 7.4 3.1 16 11
10:50:45 1 46 4096 2830 7.4 3.1 16 11
10:50:46 1 46 4096 2830 7.4 3.1 16 11
10:50:48 1 46 4096 2830 7.4 3.1 16 11
10:50:49 1 46 4096 2830 7.4 3.1 16 11
10:50:50 1 46 4096 2830 7.4 3.1 16 11
10:50:51 1 46 4096 2830 7.4 3.1 16 11
10:50:52 1 46 4096 2830 7.4 3.1 16 11
10:50:53 1 46 4096 2830 7.4 3.1 16 11
10:50:54 1 46 4096 2830 7.4 3.1 16 11
10:50:55 1 46 4096 2830 7.4 3.1 16 11
10:50:56 1 46 4096 2830 7.4 3.1 16 11
10:50:57 1 42 4096 2830 8.7 3.1 16 11
10:50:58 1 49 4096 2830 6.3 3.1 16 11
10:50:59 1 49 4096 2830 6.4 3.1 16 11
10:51:00 1 48 4096 2830 6.6 3.1 16 11
10:51:01 1 48 4096 2830 6.5 3.1 16 11
10:51:02 1 45 4096 2830 7.6 3.1 16 11
10:51:04 1 45 4096 2830 7.5 3.1 16 11
10:51:05 1 45 4096 2830 7.5 3.1 16 11
10:51:06 1 45 4096 2830 7.5 3.1 16 11
10:51:07 1 45 4096 2830 7.5 3.1 16 11
10:51:08 1 41 4096 2830 8.8 3.1 16 11
10:51:09 1 41 4096 2830 9.0 3.1 16 11
10:51:10 1 44 4096 2830 7.8 3.1 16 11
10:51:11 1 44 4096 2830 7.8 3.1 16 11
10:51:12 1 44 4096 2830 7.8 3.1 16 11
10:51:13 1 44 4096 2830 7.8 3.1 16 11
10:51:14 1 44 4096 2830 7.8 3.1 16 11
10:51:15 1 44 4096 2830 7.8 3.1 16 11
10:51:16 1 44 4096 2830 7.8 3.1 16 11
10:51:17 1 45 4096 2830 7.6 3.1 16 11
10:51:18 1 45 4096 2830 7.7 3.1 16 11
10:51:20 1 45 4096 2830 7.7 3.1 16 11
10:51:21 1 45 4096 2830 7.6 3.1 16 11
10:51:22 1 45 4096 2830 7.6 3.1 16 11
10:51:23 1 45 4096 2830 7.7 3.1 16 11
10:51:24 1 45 4096 2830 7.6 3.1 16 11
10:51:25 1 45 4096 2830 7.6 3.1 16 11
10:51:26 1 45 4096 2830 7.6 3.1 16 11
10:51:27 1 45 4096 2830 7.7 3.1 16 11
10:51:28 1 45 4096 2830 7.7 3.1 16 11
10:51:29 1 45 4096 2830 7.7 3.1 16 11
10:51:30 1 45 4096 2830 7.6 3.1 16 11
10:51:31 1 45 4096 2830 7.6 3.1 16 11
10:51:32 1 46 4096 2830 7.4 3.1 16 11
10:51:33 1 46 4096 2830 7.4 3.1 16 11
10:51:34 1 46 4096 2830 7.4 3.1 16 11
10:51:36 1 46 4096 2830 7.4 3.1 16 11
10:51:37 1 46 4096 2830 7.4 3.1 16 11
10:51:38 1 46 4096 2830 7.4 3.1 16 11
10:51:39 1 46 4096 2830 7.4 3.1 16 11
10:51:40 1 46 4096 2830 7.4 3.1 16 11
10:51:41 1 46 4096 2830 7.4 3.1 16 11
10:51:42 1 46 4096 2830 7.4 3.1 16 11
10:51:43 1 46 4096 2830 7.4 3.1 16 11
10:51:44 1 46 4096 2830 7.4 3.1 16 11
10:51:45 1 46 4096 2830 7.4 3.1 16 11
10:51:46 1 46 4096 2830 7.4 3.1 16 11
10:51:47 1 46 4096 2830 7.4 3.1 16 11
10:51:48 1 46 4096 2830 7.4 3.1 16 11
10:51:49 1 46 4096 2830 7.4 3.1 16 11
10:51:50 1 46 4096 2830 7.4 3.1 16 11
10:51:52 1 46 4096 2830 7.4 3.1 16 11
10:51:53 1 46 4096 2830 7.4 3.1 16 11
10:51:54 1 46 4096 2830 7.4 3.1 16 11
10:51:55 1 42 4096 2830 8.7 3.1 16 11
10:51:56 1 49 4096 2830 6.3 3.1 16 11
10:51:57 1 49 4096 2830 6.2 3.1 16 11
10:51:58 1 48 4096 2830 6.6 3.1 16 11
10:51:59 1 48 4096 2830 6.6 3.1 16 11
10:52:00 1 48 4096 2830 6.5 3.1 16 11
10:52:01 1 45 4096 2830 7.7 3.1 16 11
10:52:02 1 45 4096 2830 7.7 3.1 16 11
10:52:03 1 45 4096 2830 7.6 3.1 16 11
10:52:04 1 45 4096 2830 7.6 3.1 16 11
10:52:05 1 41 4096 2830 8.9 3.1 16 11
10:52:06 1 41 4096 2830 8.9 3.1 16 11
10:52:07 1 44 4096 2830 7.8 3.1 16 11
10:52:08 1 45 4096 2830 7.7 3.1 16 11
10:52:10 1 45 4096 2830 7.7 3.1 16 11
10:52:11 1 45 4096 2830 7.7 3.1 16 11
10:52:12 1 45 4096 2830 7.7 3.1 16 11
10:52:13 1 45 4096 2830 7.8 3.1 16 11
10:52:14 1 45 4096 2830 7.8 3.1 16 11
10:52:15 1 45 4096 2830 7.6 3.1 16 11
10:52:16 1 45 4096 2830 7.7 3.1 16 11
10:52:17 1 45 4096 2830 7.6 3.1 16 11
10:52:18 1 45 4096 2830 7.6 3.1 16 11
10:52:19 1 45 4096 2830 7.6 3.1 16 11
10:52:20 1 45 4096 2830 7.6 3.1 16 11
10:52:21 1 45 4096 2830 7.6 3.1 16 11
10:52:22 1 45 4096 2830 7.6 3.1 16 11
10:52:23 1 45 4096 2830 7.6 3.1 16 11
10:52:25 1 45 4096 2830 7.6 3.1 16 11
10:52:26 1 45 4096 2830 7.6 3.1 16 11
10:52:27 1 45 4096 2830 7.6 3.1 16 11
10:52:28 1 45 4096 2830 7.6 3.1 16 11
10:52:29 1 45 4096 2830 7.6 3.1 16 11
10:52:30 1 46 4096 2830 7.4 3.1 16 11
10:52:31 1 46 4096 2830 7.4 3.1 16 11
10:52:32 1 46 4096 2830 7.4 3.1 16 11
10:52:33 1 46 4096 2830 7.4 3.1 16 11
10:52:34 1 46 4096 2830 7.4 3.1 16 11
10:52:35 1 46 4096 2830 7.4 3.1 16 11
10:52:36 1 46 4096 2830 7.4 3.1 16 11
10:52:37 1 46 4096 2830 7.4 3.1 16 11
10:52:38 1 46 4096 2830 7.4 3.1 16 11
10:52:39 1 46 4096 2830 7.4 3.1 16 11
10:52:41 1 46 4096 2830 7.4 3.1 16 11
10:52:42 1 46 4096 2830 7.4 3.1 16 11
10:52:43 1 46 4096 2830 7.4 3.1 16 11
10:52:44 1 46 4096 2830 7.4 3.1 16 11
10:52:45 1 46 4096 2830 7.4 3.1 16 11
10:52:46 1 46 4096 2830 7.4 3.1 16 11
10:52:47 1 46 4096 2830 7.4 3.1 16 11
10:52:48 1 46 4096 2830 7.3 3.1 16 11
10:52:49 1 46 4096 2830 7.4 3.1 16 11
10:52:50 1 46 4096 2830 7.4 3.1 16 11
10:52:51 1 46 4096 2830 7.3 3.1 16 11
10:52:52 1 41 4096 2830 8.7 3.1 16 11
10:52:53 1 50 4096 2830 6.1 3.1 16 11
10:52:54 1 49 4096 2830 6.2 3.1 16 11
10:52:55 1 49 4096 2830 6.3 3.1 16 11
10:52:56 1 49 4096 2830 6.2 3.1 16 11
10:52:58 1 49 4096 2830 6.2 3.1 16 11
10:52:59 1 45 4096 2830 7.6 3.1 16 11
10:53:00 1 45 4096 2830 7.5 3.1 16 11
10:53:01 1 46 4096 2830 7.5 3.1 16 11
10:53:02 1 46 4096 2830 7.5 3.1 16 11
10:53:03 1 42 4096 2830 8.8 3.1 16 11
10:53:04 1 42 4096 2830 8.7 3.1 16 11
10:53:05 1 45 4096 2830 7.8 3.1 16 11
10:53:06 1 45 4096 2830 7.8 3.1 16 11
10:53:07 1 45 4096 2830 7.7 3.1 16 11
10:53:08 1 45 4096 2830 7.7 3.1 16 11
10:53:09 1 45 4096 2830 7.8 3.1 16 11
10:53:10 1 45 4096 2830 7.8 3.1 16 11
10:53:11 1 45 4096 2830 7.7 3.1 16 11
10:53:12 1 45 4096 2830 7.6 3.1 16 11
10:53:14 1 45 4096 2830 7.6 3.1 16 11
10:53:15 1 45 4096 2830 7.6 3.1 16 11
10:53:16 1 45 4096 2830 7.6 3.1 16 11
10:53:17 1 45 4096 2830 7.6 3.1 16 11
10:53:18 1 45 4096 2830 7.6 3.1 16 11
10:53:19 1 45 4096 2830 7.6 3.1 16 11
10:53:20 1 45 4096 2830 7.6 3.1 16 11
10:53:21 1 45 4096 2830 7.6 3.1 16 11
10:53:22 1 45 4096 2830 7.6 3.1 16 11
10:53:23 1 45 4096 2830 7.6 3.1 16 11
10:53:24 1 45 4096 2830 7.6 3.1 16 11
10:53:25 1 45 4096 2830 7.6 3.1 16 11
10:53:26 1 45 4096 2830 7.6 3.1 16 11
10:53:27 1 46 4096 2830 7.4 3.1 16 11
10:53:29 1 46 4096 2830 7.4 3.1 16 11
10:53:30 1 46 4096 2830 7.4 3.1 16 11
10:53:31 1 46 4096 2830 7.4 3.1 16 11
10:53:32 1 46 4096 2830 7.4 3.1 16 11
10:53:33 1 46 4096 2830 7.4 3.1 16 11
10:53:34 1 46 4096 2830 7.4 3.1 16 11
10:53:35 1 46 4096 2830 7.4 3.1 16 11
10:53:36 1 46 4096 2830 7.4 3.1 16 11
10:53:37 1 46 4096 2830 7.4 3.1 16 11
10:53:38 1 46 4096 2830 7.4 3.1 16 11
10:53:39 1 46 4096 2830 7.4 3.1 16 11
10:53:40 1 46 4096 2830 7.4 3.1 16 11
10:53:41 1 46 4096 2830 7.4 3.1 16 11
10:53:42 1 46 4096 2830 7.4 3.1 16 11
10:53:43 1 46 4096 2830 7.4 3.1 16 11
10:53:45 1 46 4096 2830 7.4 3.1 16 11
10:53:46 1 46 4096 2830 7.3 3.1 16 11
10:53:47 1 46 4096 2830 7.3 3.1 16 11
10:53:48 1 46 4096 2830 7.4 3.1 16 11
10:53:49 1 46 4096 2830 7.3 3.1 16 11
10:53:50 1 42 4096 2830 8.7 3.1 16 11
10:53:51 1 50 4096 2830 6.1 3.1 16 11
10:53:52 1 49 4096 2830 6.2 3.1 16 11
10:53:53 1 48 4096 2830 6.6 3.1 16 11
10:53:54 1 49 4096 2830 6.5 3.1 16 11
10:53:55 1 49 4096 2830 6.5 3.1 16 11
10:53:56 1 45 4096 2830 7.6 3.1 16 11
10:53:57 1 46 4096 2830 7.5 3.1 16 11
10:53:58 1 46 4096 2830 7.4 3.1 16 11
10:53:59 1 46 4096 2830 7.5 3.1 16 11
10:54:00 1 42 4096 2830 8.7 3.1 16 11
10:54:02 1 42 4096 2830 8.7 3.1 16 11
10:54:03 1 45 4096 2830 7.8 3.1 16 11
10:54:04 1 45 4096 2830 7.7 3.1 16 11
10:54:05 1 45 4096 2830 7.7 3.1 16 11
10:54:06 1 45 4096 2830 7.7 3.1 16 11
10:54:07 1 45 4096 2830 7.7 3.1 16 11
10:54:08 1 45 4096 2830 7.8 3.1 16 11
10:54:09 1 45 4096 2830 7.7 3.1 16 11
10:54:10 1 46 4096 2830 7.6 3.1 16 11
10:54:11 1 46 4096 2830 7.6 3.1 16 11
10:54:12 1 46 4096 2830 7.6 3.1 16 11
10:54:13 1 46 4096 2830 7.6 3.1 16 11
10:54:14 1 46 4096 2830 7.6 3.1 16 11
10:54:15 1 46 4096 2830 7.6 3.1 16 11
10:54:16 1 46 4096 2830 7.6 3.1 16 11
10:54:18 1 46 4096 2830 7.6 3.1 16 11
10:54:19 1 46 4096 2830 7.6 3.1 16 11
10:54:20 1 46 4096 2830 7.6 3.1 16 11
10:54:21 1 45 4096 2830 7.7 3.1 16 11
10:54:22 1 45 4096 2830 7.7 3.1 16 11
10:54:23 1 46 4096 2830 7.6 3.1 16 11
10:54:24 1 46 4096 2830 7.6 3.1 16 11
10:54:25 1 46 4096 2830 7.4 3.1 16 11
10:54:26 1 46 4096 2830 7.4 3.1 16 11
10:54:27 1 46 4096 2830 7.4 3.1 16 11
10:54:28 1 46 4096 2830 7.4 3.1 16 11
10:54:29 1 46 4096 2830 7.4 3.1 16 11
10:54:30 1 46 4096 2830 7.4 3.1 16 11
10:54:31 1 46 4096 2830 7.4 3.1 16 11
10:54:32 1 46 4096 2830 7.3 3.1 16 11
10:54:34 1 46 4096 2830 7.4 3.1 16 11
10:54:35 1 46 4096 2830 7.3 3.1 16 11
10:54:36 1 46 4096 2830 7.3 3.1 16 11
10:54:37 1 46 4096 2830 7.3 3.1 16 11
10:54:38 1 46 4096 2830 7.4 3.1 16 11
10:54:39 1 46 4096 2830 7.4 3.1 16 11
10:54:40 1 46 4096 2830 7.4 3.1 16 11
10:54:41 1 46 4096 2830 7.4 3.1 16 11
10:54:42 1 46 4096 2830 7.4 3.1 16 11
10:54:43 1 46 4096 2830 7.3 3.1 16 11
10:54:44 1 46 4096 2830 7.3 3.1 16 11
10:54:45 1 46 4096 2830 7.4 3.1 16 11
10:54:46 1 46 4096 2830 7.3 3.1 16 11
10:54:47 1 42 4096 2830 8.7 3.1 16 11
10:54:48 1 50 4096 2830 6.2 3.1 16 11
10:54:50 1 50 4096 2830 6.2 3.1 16 11
10:54:51 1 49 4096 2830 6.6 3.1 16 11
10:54:52 1 49 4096 2830 6.5 3.1 16 11
10:54:53 1 49 4096 2830 6.5 3.1 16 11
10:54:54 1 45 4096 2830 7.8 3.1 16 11
10:54:55 1 45 4096 2830 7.7 3.1 16 11
10:54:56 1 46 4096 2830 7.6 3.1 16 11
10:54:57 1 46 4096 2830 7.6 3.1 16 11
10:54:58 1 42 4096 2830 8.8 3.1 16 11
10:54:59 1 49 4096 2830 6.5 3.1 16 11
10:55:00 1 42 4096 2830 8.9 3.1 16 11
10:55:01 1 45 4096 2830 7.7 3.1 16 11
10:55:02 1 45 4096 2830 7.7 3.1 16 11
10:55:03 1 45 4096 2830 7.7 3.1 16 11
10:55:04 1 45 4096 2830 7.8 3.1 16 11
10:55:05 1 45 4096 2830 7.8 3.1 16 11
10:55:07 1 45 4096 2830 7.8 3.1 16 11
10:55:08 1 46 4096 2830 7.6 3.1 16 11
10:55:09 1 46 4096 2830 7.6 3.1 16 11
10:55:10 1 46 4096 2830 7.6 3.1 16 11
10:55:11 1 46 4096 2830 7.6 3.1 16 11
10:55:12 1 46 4096 2830 7.6 3.1 16 11
10:55:13 1 46 4096 2830 7.6 3.1 16 11
10:55:14 1 46 4096 2830 7.6 3.1 16 11
10:55:15 1 46 4096 2830 7.6 3.1 16 11
10:55:16 1 46 4096 2830 7.6 3.1 16 11
10:55:17 1 46 4096 2830 7.6 3.1 16 11
10:55:18 1 45 4096 2830 7.6 3.1 16 11
10:55:19 1 45 4096 2830 7.7 3.1 16 11
10:55:20 1 45 4096 2830 7.6 3.1 16 11
10:55:22 1 45 4096 2830 7.6 3.1 16 11
10:55:23 1 45 4096 2830 7.6 3.1 16 11
10:55:24 1 46 4096 2830 7.4 3.1 16 11
10:55:25 1 46 4096 2830 7.4 3.1 16 11
10:55:26 1 46 4096 2830 7.4 3.1 16 11
10:55:27 1 46 4096 2830 7.4 3.1 16 11
10:55:28 1 46 4096 2830 7.4 3.1 16 11
10:55:29 1 46 4096 2830 7.4 3.1 16 11
10:55:30 1 46 4096 2830 7.4 3.1 16 11
10:55:31 1 46 4096 2830 7.4 3.1 16 11
10:55:32 1 46 4096 2830 7.4 3.1 16 11
10:55:33 1 46 4096 2830 7.4 3.1 16 11
10:55:34 1 46 4096 2830 7.4 3.1 16 11
10:55:35 1 46 4096 2830 7.4 3.1 16 11
10:55:37 1 46 4096 2830 7.4 3.1 16 11
10:55:38 1 46 4096 2830 7.4 3.1 16 11
10:55:39 1 46 4096 2830 7.4 3.1 16 11
10:55:40 1 46 4096 2830 7.4 3.1 16 11
10:55:41 1 46 4096 2830 7.4 3.1 16 11
10:55:42 1 46 4096 2830 7.3 3.1 16 11
10:55:43 1 46 4096 2830 7.4 3.1 16 11
10:55:44 1 46 4096 2830 7.3 3.1 16 11
10:55:45 1 42 4096 2830 8.8 3.1 16 11
10:55:46 1 50 4096 2830 6.1 3.1 16 11
10:55:47 1 49 4096 2830 6.2 3.1 16 11
10:55:48 1 49 4096 2830 6.3 3.1 16 11
10:55:49 1 49 4096 2830 6.3 3.1 16 11
10:55:50 1 49 4096 2830 6.2 3.1 16 11
10:55:51 1 45 4096 2830 7.6 3.1 16 11
10:55:53 1 45 4096 2830 7.5 3.1 16 11
10:55:54 1 46 4096 2830 7.5 3.1 16 11
10:55:55 1 46 4096 2830 7.5 3.1 16 11
10:55:56 1 42 4096 2830 8.7 3.1 16 11
10:55:57 1 52 4096 2830 5.3 3.1 16 11
10:55:58 1 41 4096 2830 8.9 3.1 16 11
10:55:59 1 45 4096 2830 7.7 3.1 16 11
10:56:00 1 45 4096 2830 7.7 3.1 16 11
10:56:01 1 45 4096 2830 7.7 3.1 16 11
10:56:02 1 45 4096 2830 7.7 3.1 16 11
10:56:03 1 45 4096 2830 7.8 3.1 16 11
10:56:04 1 45 4096 2830 7.8 3.1 16 11
10:56:05 1 45 4096 2830 7.6 3.1 16 11
10:56:06 1 45 4096 2830 7.6 3.1 16 11
10:56:07 1 45 4096 2830 7.6 3.1 16 11
10:56:09 1 45 4096 2830 7.7 3.1 16 11
10:56:10 1 45 4096 2830 7.7 3.1 16 11
10:56:11 1 45 4096 2830 7.6 3.1 16 11
10:56:12 1 45 4096 2830 7.6 3.1 16 11
10:56:13 1 45 4096 2830 7.6 3.1 16 11
10:56:14 1 45 4096 2830 7.6 3.1 16 11
10:56:15 1 45 4096 2830 7.7 3.1 16 11
10:56:16 1 45 4096 2830 7.6 3.1 16 11
10:56:17 1 45 4096 2830 7.6 3.1 16 11
10:56:18 1 45 4096 2830 7.6 3.1 16 11
10:56:19 1 45 4096 2830 7.6 3.1 16 11
10:56:20 1 45 4096 2830 7.6 3.1 16 11
10:56:21 1 46 4096 2830 7.3 3.1 16 11
10:56:22 1 46 4096 2830 7.4 3.1 16 11
10:56:24 1 46 4096 2830 7.4 3.1 16 11
10:56:25 1 46 4096 2830 7.4 3.1 16 11
10:56:26 1 46 4096 2830 7.4 3.1 16 11
10:56:27 1 46 4096 2830 7.4 3.1 16 11
10:56:28 1 46 4096 2830 7.4 3.1 16 11
10:56:29 1 46 4096 2830 7.4 3.1 16 11
10:56:30 1 46 4096 2830 7.3 3.1 16 11
10:56:31 1 46 4096 2830 7.3 3.1 16 11
10:56:32 1 46 4096 2830 7.4 3.1 16 11
10:56:33 1 46 4096 2830 7.4 3.1 16 11
10:56:34 1 46 4096 2830 7.4 3.1 16 11
10:56:35 1 46 4096 2830 7.4 3.1 16 11
10:56:36 1 46 4096 2830 7.4 3.1 16 11
10:56:37 1 46 4096 2830 7.4 3.1 16 11
10:56:38 1 46 4096 2830 7.3 3.1 16 11
10:56:40 1 46 4096 2830 7.3 3.1 16 11
10:56:41 1 46 4096 2830 7.3 3.1 16 11
10:56:42 1 46 4096 2830 7.3 3.1 16 11
10:56:43 1 42 4096 2830 8.7 3.1 16 11
10:56:44 1 49 4096 2830 6.2 3.1 16 11
10:56:45 1 49 4096 2830 6.2 3.1 16 11
10:56:46 1 48 4096 2830 6.5 3.1 16 11
10:56:47 1 48 4096 2830 6.5 3.1 16 11
10:56:48 1 48 4096 2830 6.5 3.1 16 11
10:56:49 1 45 4096 2830 7.6 3.1 16 11
10:56:50 1 45 4096 2830 7.5 3.1 16 11
10:56:51 1 46 4096 2830 7.4 3.1 16 11
10:56:52 1 45 4096 2830 7.5 3.1 16 11
10:56:53 1 42 4096 2830 8.6 3.1 16 11
10:56:54 1 49 4096 2830 6.4 3.1 16 11
10:56:55 1 41 4096 2830 9.0 3.1 16 11
10:56:57 1 45 4096 2830 7.7 3.1 16 11
10:56:58 1 45 4096 2830 7.7 3.1 16 11
10:56:59 1 45 4096 2830 7.8 3.1 16 11
10:57:00 1 44 4096 2830 7.8 3.1 16 11
10:57:01 1 45 4096 2830 7.7 3.1 16 11
10:57:02 1 45 4096 2830 7.7 3.1 16 11
10:57:03 1 45 4096 2830 7.6 3.1 16 11
10:57:04 1 45 4096 2830 7.6 3.1 16 11
10:57:05 1 45 4096 2830 7.6 3.1 16 11
10:57:06 1 45 4096 2830 7.6 3.1 16 11
10:57:07 1 45 4096 2830 7.6 3.1 16 11
10:57:08 1 45 4096 2830 7.6 3.1 16 11
10:57:09 1 45 4096 2830 7.6 3.1 16 11
10:57:10 1 45 4096 2830 7.6 3.1 16 11
10:57:12 1 45 4096 2830 7.6 3.1 16 11
10:57:13 1 45 4096 2830 7.6 3.1 16 11
10:57:14 1 45 4096 2830 7.7 3.1 16 11
10:57:15 1 45 4096 2830 7.6 3.1 16 11
10:57:16 1 45 4096 2830 7.6 3.1 16 11
10:57:17 1 45 4096 2830 7.6 3.1 16 11
10:57:18 1 45 4096 2830 7.6 3.1 16 11
10:57:19 1 46 4096 2830 7.3 3.1 16 11
10:57:20 1 46 4096 2830 7.3 3.1 16 11
10:57:21 1 46 4096 2830 7.3 3.1 16 11
10:57:22 1 46 4096 2830 7.3 3.1 16 11
10:57:23 1 46 4096 2830 7.3 3.1 16 11
10:57:24 1 46 4096 2830 7.4 3.1 16 11
10:57:25 1 46 4096 2830 7.3 3.1 16 11
10:57:26 1 46 4096 2830 7.3 3.1 16 11
10:57:28 1 46 4096 2830 7.4 3.1 16 11
10:57:29 1 46 4096 2830 7.3 3.1 16 11
10:57:30 1 46 4096 2830 7.3 3.1 16 11
10:57:31 1 46 4096 2830 7.3 3.1 16 11
10:57:32 1 46 4096 2830 7.3 3.1 16 11
10:57:33 1 46 4096 2830 7.3 3.1 16 11
10:57:34 1 46 4096 2830 7.3 3.1 16 11
10:57:35 1 46 4096 2830 7.3 3.1 16 11
10:57:36 1 46 4096 2830 7.3 3.1 16 11
10:57:37 1 46 4096 2830 7.3 3.1 16 11
10:57:38 1 46 4096 2830 7.3 3.1 16 11
10:57:39 1 46 4096 2830 7.3 3.1 16 11
10:57:40 1 42 4096 2830 8.8 3.1 16 11
10:57:41 1 49 4096 2830 6.2 3.1 16 11
10:57:42 1 49 4096 2830 6.2 3.1 16 11
10:57:44 1 48 4096 2830 6.5 3.1 16 11
10:57:45 1 48 4096 2830 6.5 3.1 16 11
10:57:46 1 49 4096 2830 6.4 3.1 16 11
10:57:47 1 45 4096 2830 7.7 3.1 16 11
10:57:48 1 45 4096 2830 7.6 3.1 16 11
10:57:49 1 45 4096 2830 7.6 3.1 16 11
10:57:50 1 45 4096 2830 7.6 3.1 16 11
10:57:51 1 41 4096 2830 8.8 3.1 16 11
10:57:52 1 48 4096 2830 6.5 3.1 16 11
10:57:53 1 41 4096 2830 8.9 3.1 16 11
10:57:54 1 45 4096 2830 7.7 3.1 16 11
10:57:55 1 45 4096 2830 7.7 3.1 16 11
10:57:56 1 45 4096 2830 7.7 3.1 16 11
10:57:57 1 45 4096 2830 7.7 3.1 16 11
10:57:58 1 45 4096 2830 7.7 3.1 16 11
10:57:59 1 45 4096 2830 7.7 3.1 16 11
10:58:01 1 45 4096 2830 7.6 3.1 16 11
10:58:02 1 45 4096 2830 7.6 3.1 16 11
10:58:03 1 45 4096 2830 7.6 3.1 16 11
10:58:04 1 45 4096 2830 7.6 3.1 16 11
10:58:05 1 45 4096 2830 7.6 3.1 16 11
10:58:06 1 45 4096 2830 7.6 3.1 16 11
10:58:07 1 45 4096 2830 7.7 3.1 16 11
10:58:08 1 45 4096 2830 7.6 3.1 16 11
10:58:09 1 46 4096 2830 7.6 3.1 16 11
10:58:10 1 46 4096 2830 7.6 3.1 16 11
10:58:11 1 46 4096 2830 7.6 3.1 16 11
10:58:12 1 46 4096 2830 7.6 3.1 16 11
10:58:13 1 46 4096 2830 7.6 3.1 16 11
10:58:14 1 46 4096 2830 7.6 3.1 16 11
10:58:16 1 46 4096 2830 7.6 3.1 16 11
10:58:17 1 46 4096 2830 7.3 3.1 16 11
10:58:18 1 46 4096 2830 7.3 3.1 16 11
10:58:19 1 46 4096 2830 7.4 3.1 16 11
10:58:20 1 46 4096 2830 7.3 3.1 16 11
10:58:21 1 46 4096 2830 7.3 3.1 16 11
10:58:22 1 46 4096 2830 7.4 3.1 16 11
10:58:23 1 46 4096 2830 7.3 3.1 16 11
10:58:24 1 46 4096 2830 7.4 3.1 16 11
10:58:25 1 46 4096 2830 7.4 3.1 16 11
10:58:26 1 46 4096 2830 7.3 3.1 16 11
10:58:27 1 46 4096 2830 7.3 3.1 16 11
10:58:28 1 46 4096 2830 7.3 3.1 16 11
10:58:29 1 46 4096 2830 7.3 3.1 16 11
10:58:31 1 46 4096 2830 7.3 3.1 16 11
10:58:32 1 46 4096 2830 7.4 3.1 16 11
10:58:33 1 46 4096 2830 7.4 3.1 16 11
10:58:34 1 46 4096 2830 7.3 3.1 16 11
10:58:35 1 46 4096 2830 7.3 3.1 16 11
10:58:36 1 46 4096 2830 7.3 3.1 16 11
10:58:37 1 46 4096 2830 7.3 3.1 16 11
10:58:38 1 39 4096 2830 9.7 3.1 16 11
10:58:39 1 45 4096 2830 7.1 3.1 16 11
10:58:40 1 46 4096 2830 7.2 3.1 16 11
10:58:41 1 45 4096 2830 7.7 3.1 16 11
10:58:42 1 45 4096 2830 7.7 3.1 16 11
10:58:43 1 42 4096 2830 8.1 2.5 16 11
10:58:44 1 38 4096 2830 9.5 2.5 16 11
10:58:45 1 38 4096 2830 9.4 2.5 16 11
10:58:47 1 38 4096 2830 9.4 2.4 16 11
10:58:48 1 42 4096 2830 7.9 2.4 16 11
10:58:49 1 40 4096 2830 8.6 2.5 16 11
10:58:50 1 50 4096 2830 5.3 2.5 16 11
10:58:51 1 40 4096 2830 8.9 2.6 16 11
10:58:52 1 44 4096 2830 7.7 2.7 16 11
10:58:53 1 44 4096 2830 7.7 2.7 16 11
10:58:54 1 44 4096 2830 7.7 2.8 16 11
10:58:55 1 44 4096 2830 7.7 2.9 16 11
10:58:56 1 44 4096 2830 7.7 2.9 16 11
10:58:57 1 45 4096 2830 7.7 2.9 16 11
10:58:58 1 45 4096 2830 7.6 3.0 16 11
10:58:59 1 45 4096 2830 7.6 3.0 16 11
10:59:00 1 45 4096 2830 7.6 3.0 16 11
10:59:01 1 45 4096 2830 7.6 3.0 16 11
10:59:03 1 46 4096 2830 7.6 3.0 16 11
10:59:04 1 46 4096 2830 7.6 3.1 16 11
10:59:05 1 46 4096 2830 7.6 3.1 16 11
10:59:06 1 46 4096 2830 7.6 3.1 16 11
10:59:07 1 46 4096 2830 7.6 3.1 16 11
10:59:08 1 46 4096 2830 7.6 3.1 16 11
10:59:09 1 46 4096 2830 7.6 3.1 16 11
10:59:10 1 46 4096 2830 7.6 3.1 16 11
10:59:11 1 46 4096 2830 7.6 3.1 16 11
10:59:12 1 46 4096 2830 7.6 3.1 16 11
10:59:13 1 46 4096 2830 7.6 3.1 16 11
10:59:14 1 47 4096 2830 7.3 3.1 16 11
10:59:15 1 47 4096 2830 7.3 3.1 16 11
10:59:17 1 47 4096 2830 7.4 3.1 16 11
10:59:18 1 47 4096 2830 7.3 3.1 16 11
10:59:19 1 47 4096 2830 7.3 3.1 16 11
10:59:20 1 47 4096 2830 7.3 3.1 16 11
10:59:21 1 46 4096 2830 7.4 3.1 16 11
10:59:22 1 46 4096 2830 7.4 3.1 16 11
10:59:23 1 47 4096 2830 7.3 3.1 16 11
10:59:24 1 47 4096 2830 7.3 3.1 16 11
10:59:25 1 47 4096 2830 7.3 3.1 16 11
10:59:26 1 47 4096 2830 7.3 3.1 16 11
10:59:27 1 47 4096 2830 7.4 3.1 16 11
10:59:28 1 47 4096 2830 7.3 3.1 16 11
10:59:29 1 47 4096 2830 7.3 3.1 16 11
10:59:30 1 47 4096 2830 7.3 3.1 16 11
10:59:31 1 47 4096 2830 7.4 3.1 16 11
10:59:33 1 47 4096 2830 7.3 3.1 16 11
10:59:34 1 47 4096 2830 7.3 3.1 16 11
10:59:35 1 47 4096 2830 7.3 3.1 16 11
10:59:36 1 46 4096 2830 8.5 3.1 16 11
10:59:37 1 43 4096 2830 8.6 3.1 16 11
10:59:38 1 50 4096 2830 6.2 3.1 16 11
10:59:39 1 49 4096 2830 6.4 3.1 16 11
10:59:40 1 50 4096 2830 6.4 3.1 16 11
10:59:41 1 50 4096 2830 6.4 3.1 16 11
10:59:42 1 46 4096 2830 7.5 3.1 16 11
10:59:43 1 46 4096 2830 7.5 3.1 16 11
10:59:44 1 47 4096 2830 7.4 3.1 16 11
10:59:45 1 47 4096 2830 7.4 3.1 16 11
10:59:46 1 47 4096 2830 7.4 3.1 16 11
10:59:47 1 43 4096 2830 8.7 3.1 16 11
10:59:48 1 42 4096 2830 8.9 3.1 16 11
10:59:49 1 46 4096 2830 7.7 3.1 16 11
10:59:51 1 46 4096 2830 7.7 3.1 16 11
10:59:52 1 46 4096 2830 7.7 3.1 16 11
10:59:53 1 46 4096 2830 7.7 3.1 16 11
10:59:54 1 46 4096 2830 7.7 3.1 16 11
10:59:55 1 46 4096 2830 7.7 3.1 16 11
10:59:56 1 46 4096 2830 7.6 3.1 16 11
10:59:57 1 46 4096 2830 7.6 3.1 16 11
10:59:58 1 46 4096 2830 7.6 3.1 16 11
10:59:59 1 46 4096 2830 7.6 3.1 16 11
11:00:00 1 46 4096 2830 7.6 3.1 16 11
11:00:01 1 46 4096 2830 7.6 3.1 16 11
11:00:02 1 46 4096 2830 7.6 3.1 16 11
11:00:03 1 46 4096 2830 7.5 3.1 16 11
11:00:04 1 46 4096 2830 7.6 3.1 16 11
11:00:06 1 46 4096 2830 7.6 3.1 16 11
11:00:07 1 47 4096 2830 7.7 3.1 16 11
11:00:08 1 47 4096 2830 7.7 3.1 16 11
11:00:09 1 47 4096 2830 7.7 3.1 16 11
11:00:10 1 47 4096 2830 7.6 3.1 16 11
11:00:11 1 47 4096 2830 7.6 3.1 16 11
11:00:12 1 48 4096 2830 7.4 3.1 16 11
11:00:13 1 47 4096 2830 7.4 3.1 16 11
11:00:14 1 48 4096 2830 7.4 3.1 16 11
11:00:15 1 48 4096 2830 7.3 3.1 16 11
11:00:16 1 48 4096 2830 7.3 3.1 16 11
11:00:17 1 48 4096 2830 7.3 3.1 16 11
11:00:18 1 48 4096 2830 7.4 3.1 16 11
11:00:19 1 48 4096 2830 7.3 3.1 16 11
11:00:21 1 48 4096 2830 7.3 3.1 16 11
11:00:22 1 48 4096 2830 7.4 3.1 16 11
11:00:23 1 48 4096 2830 7.3 3.1 16 11
11:00:24 1 48 4096 2830 7.3 3.1 16 11
11:00:25 1 48 4096 2830 7.3 3.1 16 11
11:00:26 1 48 4096 2830 7.3 3.1 16 11
11:00:27 1 48 4096 2830 7.3 3.1 16 11
11:00:28 1 48 4096 2830 7.3 3.1 16 11
11:00:29 1 48 4096 2830 7.4 3.1 16 11
11:00:30 1 48 4096 2830 7.3 3.1 16 11
11:00:31 1 48 4096 2830 7.3 3.1 16 11
11:00:32 1 48 4096 2830 7.3 3.1 16 11
11:00:33 1 48 4096 2830 7.3 3.1 16 11
11:00:34 1 44 4096 2830 8.7 3.1 16 11
11:00:35 1 51 4096 2830 6.2 3.1 16 11
11:00:37 1 51 4096 2830 6.2 3.1 16 11
11:00:38 1 50 4096 2830 6.5 3.1 16 11
11:00:39 1 50 4096 2830 6.4 3.1 16 11
11:00:40 1 50 4096 2830 6.4 3.1 16 11
11:00:41 1 47 4096 2830 7.6 3.1 16 11
11:00:42 1 47 4096 2830 7.6 3.1 16 11
11:00:43 1 47 4096 2830 7.5 3.1 16 11
11:00:44 1 47 4096 2830 7.6 3.1 16 11
11:00:45 1 43 4096 2830 8.8 3.1 16 11
11:00:46 1 43 4096 2830 8.9 3.1 16 11
11:00:47 1 46 4096 2830 7.7 3.1 16 11
11:00:48 1 47 4096 2830 7.7 3.1 16 11
11:00:49 1 47 4096 2830 7.7 3.1 16 11
11:00:50 1 47 4096 2830 7.7 3.1 16 11
11:00:51 1 47 4096 2830 7.7 3.1 16 11
11:00:52 1 46 4096 2830 7.7 3.1 16 11
11:00:54 1 47 4096 2830 7.6 3.1 16 11
11:00:55 1 47 4096 2830 7.6 3.1 16 11
11:00:56 1 47 4096 2830 7.6 3.1 16 11
11:00:57 1 47 4096 2830 7.6 3.1 16 11
11:00:58 1 47 4096 2830 7.6 3.1 16 11
11:00:59 1 47 4096 2830 7.6 3.1 16 11
11:01:00 1 47 4096 2830 7.6 3.1 16 11
11:01:01 1 47 4096 2830 7.5 3.1 16 11
11:01:02 1 47 4096 2830 7.6 3.1 16 11
11:01:03 1 47 4096 2830 7.6 3.1 16 11
11:01:04 1 47 4096 2830 7.6 3.1 16 11
11:01:05 1 47 4096 2830 7.6 3.1 16 11
11:01:06 1 47 4096 2830 7.6 3.1 16 11
11:01:07 1 47 4096 2830 7.6 3.1 16 11
11:01:09 1 47 4096 2830 7.6 3.1 16 11
11:01:10 1 48 4096 2830 7.3 3.1 16 11
11:01:11 1 48 4096 2830 7.3 3.1 16 11
11:01:12 1 48 4096 2830 7.3 3.1 16 11
11:01:13 1 48 4096 2830 7.3 3.1 16 11
11:01:14 1 48 4096 2830 7.3 3.1 16 11
11:01:15 1 48 4096 2830 7.3 3.1 16 11
11:01:16 1 48 4096 2830 7.3 3.1 16 11
11:01:17 1 48 4096 2830 7.3 3.1 16 11
11:01:18 1 48 4096 2830 7.3 3.1 16 11
11:01:19 1 48 4096 2830 7.3 3.1 16 11
11:01:20 1 48 4096 2830 7.3 3.1 16 11
11:01:21 1 48 4096 2830 7.3 3.1 16 11
11:01:22 1 48 4096 2830 7.3 3.1 16 11
11:01:23 1 48 4096 2830 7.3 3.1 16 11
11:01:25 1 48 4096 2830 7.3 3.1 16 11
11:01:26 1 48 4096 2830 7.3 3.1 16 11
11:01:27 1 48 4096 2830 7.3 3.1 16 11
11:01:28 1 48 4096 2830 7.3 3.1 16 11
11:01:29 1 48 4096 2830 7.4 3.1 16 11
11:01:30 1 48 4096 2830 7.3 3.1 16 11
11:01:31 1 48 4096 2830 7.3 3.1 16 11
11:01:32 1 43 4096 2830 8.7 3.1 16 11
11:01:33 1 50 4096 2830 6.1 3.1 16 11
11:01:34 1 50 4096 2830 6.1 3.1 16 11
11:01:35 1 50 4096 2830 6.2 3.1 16 11
11:01:36 1 50 4096 2830 6.2 3.1 16 11
11:01:37 1 50 4096 2830 6.1 3.1 16 11
11:01:38 1 46 4096 2830 7.5 3.1 16 11
11:01:39 1 46 4096 2830 7.4 3.1 16 11
11:01:40 1 47 4096 2830 7.4 3.1 16 11
11:01:41 1 47 4096 2830 7.4 3.1 16 11
11:01:43 1 43 4096 2830 8.7 3.1 16 11
11:01:44 1 42 4096 2830 8.8 3.1 16 11
11:01:45 1 46 4096 2830 7.7 3.1 16 11
11:01:46 1 45 4096 2830 7.7 3.0 16 11
11:01:47 1 44 4096 2830 7.7 3.0 16 11
11:01:48 1 44 4096 2830 7.7 3.0 16 11
11:01:49 1 44 4096 2830 7.7 3.0 16 11
11:01:50 1 44 4096 2830 7.7 3.0 16 11
11:01:51 1 44 4096 2830 7.8 3.0 16 11
11:01:52 1 44 4096 2830 7.7 3.1 16 11
11:01:53 1 44 4096 2830 7.7 3.1 16 11
11:01:54 1 44 4096 2830 7.7 3.1 16 11
11:01:55 1 44 4096 2830 7.7 3.1 16 11
11:01:56 1 44 4096 2830 7.7 3.1 16 11
11:01:57 1 44 4096 2830 7.7 3.1 16 11
11:01:59 1 44 4096 2830 7.7 3.1 16 11
11:02:00 1 44 4096 2830 7.7 3.1 16 11
11:02:01 1 44 4096 2830 7.7 3.1 16 11
11:02:02 1 44 4096 2830 7.8 3.1 16 11
11:02:03 1 44 4096 2830 7.7 3.1 16 11
11:02:04 1 44 4096 2830 7.7 3.1 16 11
11:02:05 1 45 4096 2830 7.7 3.1 16 11
11:02:06 1 45 4096 2830 7.7 3.1 16 11
11:02:07 1 45 4096 2830 7.4 3.1 16 11
11:02:08 1 45 4096 2830 7.4 3.1 16 11
11:02:09 1 45 4096 2830 7.4 3.1 16 11
11:02:10 1 45 4096 2830 7.4 3.1 16 11
11:02:11 1 45 4096 2830 7.4 3.1 16 11
11:02:12 1 45 4096 2830 7.4 3.1 16 11
11:02:13 1 45 4096 2830 7.4 3.1 16 11
11:02:15 1 45 4096 2830 7.4 3.1 16 11
11:02:16 1 45 4096 2830 7.4 3.1 16 11
11:02:17 1 45 4096 2830 7.4 3.1 16 11
11:02:18 1 45 4096 2830 7.4 3.1 16 11
11:02:19 1 45 4096 2830 7.4 3.1 16 11
11:02:20 1 45 4096 2830 7.4 3.1 16 11
11:02:21 1 45 4096 2830 7.4 3.1 16 11
11:02:22 1 45 4096 2830 7.4 3.1 16 11
11:02:23 1 45 4096 2830 7.4 3.1 16 11
11:02:24 1 45 4096 2830 7.4 3.1 16 11
11:02:25 1 46 4096 2830 7.4 3.1 16 11
11:02:26 1 46 4096 2830 7.4 3.1 16 11
11:02:27 1 46 4096 2830 7.4 3.1 16 11
11:02:28 1 46 4096 2830 7.4 3.1 16 11
11:02:29 1 42 4096 2830 8.8 3.1 16 11
11:02:30 1 49 4096 2830 6.3 3.1 16 11
11:02:32 1 49 4096 2830 6.3 3.1 16 11
11:02:33 1 48 4096 2830 6.6 3.1 16 11
11:02:34 1 49 4096 2830 6.5 3.1 16 11
11:02:35 1 49 4096 2830 6.6 3.1 16 11
11:02:36 1 46 4096 2830 7.5 3.1 16 11
11:02:37 1 46 4096 2830 7.5 3.1 16 11
11:02:38 1 45 4096 2830 7.6 3.1 16 11
11:02:39 1 46 4096 2830 7.5 3.1 16 11
11:02:40 1 42 4096 2830 8.8 3.1 16 11
11:02:41 1 41 4096 2830 8.9 3.1 16 11
11:02:42 1 45 4096 2830 7.8 3.1 16 11
11:02:43 1 45 4096 2830 7.8 3.1 16 11
11:02:44 1 45 4096 2830 7.8 3.1 16 11
11:02:45 1 45 4096 2830 7.8 3.1 16 11
11:02:46 1 45 4096 2830 7.8 3.1 16 11
11:02:47 1 45 4096 2830 7.8 3.1 16 11
11:02:49 1 45 4096 2830 7.8 3.1 16 11
11:02:50 1 45 4096 2830 7.7 3.1 16 11
11:02:51 1 45 4096 2830 7.7 3.1 16 11
11:02:52 1 45 4096 2830 7.7 3.1 16 11
11:02:53 1 45 4096 2830 7.7 3.1 16 11
11:02:54 1 45 4096 2830 7.6 3.1 16 11
11:02:55 1 45 4096 2830 7.7 3.1 16 11
11:02:56 1 45 4096 2830 7.7 3.1 16 11
11:02:57 1 45 4096 2830 7.7 3.1 16 11
11:02:58 1 45 4096 2830 7.7 3.1 16 11
11:02:59 1 45 4096 2830 7.7 3.1 16 11
11:03:00 1 45 4096 2830 7.7 3.1 16 11
11:03:01 1 45 4096 2830 7.7 3.1 16 11
11:03:02 1 45 4096 2830 7.7 3.1 16 11
11:03:03 1 45 4096 2830 7.6 3.1 16 11
11:03:04 1 46 4096 2830 7.4 3.1 16 11
11:03:06 1 46 4096 2830 7.4 3.1 16 11
11:03:07 1 46 4096 2830 7.4 3.1 16 11
11:03:08 1 46 4096 2830 7.4 3.1 16 11
11:03:09 1 46 4096 2830 7.4 3.1 16 11
11:03:10 1 46 4096 2830 7.4 3.1 16 11
11:03:11 1 46 4096 2830 7.4 3.1 16 11
11:03:12 1 46 4096 2830 7.4 3.1 16 11
11:03:13 1 46 4096 2830 7.4 3.1 16 11
11:03:14 1 46 4096 2830 7.4 3.1 16 11
11:03:15 1 46 4096 2830 7.4 3.1 16 11
11:03:16 1 46 4096 2830 7.4 3.1 16 11
11:03:17 1 46 4096 2830 7.4 3.1 16 11
11:03:18 1 46 4096 2830 7.4 3.1 16 11
11:03:19 1 46 4096 2830 7.4 3.1 16 11
11:03:20 1 46 4096 2830 7.4 3.1 16 11
11:03:22 1 46 4096 2830 7.4 3.1 16 11
11:03:23 1 46 4096 2830 7.4 3.1 16 11
11:03:24 1 46 4096 2830 7.4 3.1 16 11
11:03:25 1 46 4096 2830 7.4 3.1 16 11
11:03:26 1 42 4096 2830 8.7 3.1 16 11
11:03:27 1 43 4096 2830 8.5 3.1 16 11
11:03:28 1 49 4096 2830 6.3 3.1 16 11
11:03:29 1 48 4096 2830 6.6 3.1 16 11
11:03:30 1 48 4096 2830 6.6 3.1 16 11
11:03:31 1 48 4096 2830 6.5 3.1 16 11
11:03:32 1 44 4096 2830 7.8 2.9 16 11
11:03:33 1 44 4096 2830 7.7 3.0 16 11
11:03:34 1 44 4096 2830 7.6 3.0 16 11
11:03:35 1 44 4096 2830 7.7 3.0 16 11
11:03:36 1 44 4096 2830 7.7 3.0 16 11
11:03:37 1 40 4096 2830 8.9 3.0 16 11
11:03:38 1 40 4096 2830 9.0 3.0 16 11
11:03:40 1 44 4096 2830 7.8 3.0 16 11
11:03:41 1 44 4096 2830 7.8 3.0 16 11
11:03:42 1 44 4096 2830 7.8 3.0 16 11
11:03:43 1 44 4096 2830 7.8 3.0 16 11
11:03:44 1 44 4096 2830 7.8 3.1 16 11
11:03:45 1 44 4096 2830 7.8 3.1 16 11
11:03:46 1 44 4096 2830 7.7 3.1 16 11
11:03:47 1 44 4096 2830 7.7 3.1 16 11
11:03:48 1 44 4096 2830 7.7 3.1 16 11
11:03:49 1 44 4096 2830 7.7 3.1 16 11
11:03:50 1 44 4096 2830 7.7 3.1 16 11
11:03:51 1 44 4096 2830 7.7 3.1 16 11
11:03:52 1 44 4096 2830 7.7 3.1 16 11
11:03:53 1 44 4096 2830 7.6 3.1 16 11
11:03:55 1 44 4096 2830 7.7 3.1 16 11
11:03:56 1 44 4096 2830 7.7 3.1 16 11
11:03:57 1 44 4096 2830 7.7 3.1 16 11
11:03:58 1 44 4096 2830 7.7 3.1 16 11
11:03:59 1 44 4096 2830 7.7 3.1 16 11
11:04:00 1 44 4096 2830 7.7 3.1 16 11
11:04:01 1 44 4096 2830 7.7 3.1 16 11
11:04:02 1 45 4096 2830 7.4 3.1 16 11
11:04:03 1 45 4096 2830 7.4 3.1 16 11
11:04:04 1 45 4096 2830 7.4 3.1 16 11
11:04:05 1 45 4096 2830 7.4 3.1 16 11
11:04:06 1 45 4096 2830 7.4 3.1 16 11
11:04:07 1 45 4096 2830 7.4 3.1 16 11
11:04:08 1 45 4096 2830 7.4 3.1 16 11
11:04:09 1 45 4096 2830 7.4 3.1 16 11
11:04:11 1 45 4096 2830 7.4 3.1 16 11
11:04:12 1 45 4096 2830 7.4 3.1 16 11
11:04:13 1 45 4096 2830 7.4 3.1 16 11
11:04:14 1 45 4096 2830 7.4 3.1 16 11
11:04:15 1 45 4096 2830 7.4 3.1 16 11
11:04:16 1 45 4096 2830 7.4 3.1 16 11
11:04:17 1 45 4096 2830 7.4 3.1 16 11
11:04:18 1 45 4096 2830 7.4 3.1 16 11
11:04:19 1 45 4096 2830 7.4 3.1 16 11
11:04:20 1 45 4096 2830 7.4 3.1 16 11
11:04:21 1 45 4096 2830 7.4 3.1 16 11
11:04:22 1 45 4096 2830 7.4 3.1 16 11
11:04:23 1 42 4096 2830 8.7 3.1 16 11
11:04:24 1 49 4096 2830 6.3 3.1 16 11
11:04:25 1 49 4096 2830 6.2 3.1 16 11
11:04:26 1 49 4096 2830 6.3 3.1 16 11
11:04:28 1 49 4096 2830 6.3 3.1 16 11
11:04:29 1 49 4096 2830 6.3 3.1 16 11
11:04:30 1 45 4096 2830 7.7 3.1 16 11
11:04:31 1 45 4096 2830 7.6 3.1 16 11
11:04:32 1 45 4096 2830 7.5 3.1 16 11
11:04:33 1 45 4096 2830 7.5 3.1 16 11
11:04:34 1 45 4096 2830 7.6 3.1 16 11
11:04:35 1 45 4096 2830 7.6 3.1 16 11
11:04:36 1 41 4096 2830 9.0 3.1 16 11
11:04:37 1 45 4096 2830 7.8 3.1 16 11
11:04:38 1 45 4096 2830 7.8 3.1 16 11
11:04:39 1 45 4096 2830 7.8 3.1 16 11
11:04:40 1 44 4096 2830 7.9 3.1 16 11
11:04:41 1 44 4096 2830 7.9 3.1 16 11
11:04:42 1 45 4096 2830 7.8 3.1 16 11
11:04:43 1 45 4096 2830 7.7 3.1 16 11
11:04:45 1 45 4096 2830 7.7 3.1 16 11
11:04:46 1 45 4096 2830 7.7 3.1 16 11
11:04:47 1 45 4096 2830 7.7 3.1 16 11
11:04:48 1 45 4096 2830 7.6 3.1 16 11
11:04:49 1 45 4096 2830 7.6 3.1 16 11
11:04:50 1 45 4096 2830 7.7 3.1 16 11
11:04:51 1 45 4096 2830 7.6 3.1 16 11
11:04:52 1 45 4096 2830 7.7 3.1 16 11
11:04:53 1 45 4096 2830 7.7 3.1 16 11
11:04:54 1 45 4096 2830 7.7 3.1 16 11
11:04:55 1 45 4096 2830 7.7 3.1 16 11
11:04:56 1 45 4096 2830 7.7 3.1 16 11
11:04:57 1 45 4096 2830 7.6 3.1 16 11
11:04:58 1 45 4096 2830 7.6 3.1 16 11
11:04:59 1 46 4096 2830 7.4 3.1 16 11
11:05:01 1 46 4096 2830 7.4 3.1 16 11
11:05:02 1 46 4096 2830 7.5 3.1 16 11
11:05:03 1 46 4096 2830 7.5 3.1 16 11
11:05:04 1 46 4096 2830 7.5 3.1 16 11
11:05:05 1 46 4096 2830 7.5 3.1 16 11
11:05:06 1 46 4096 2830 7.5 3.1 16 11
11:05:07 1 46 4096 2830 7.5 3.1 16 11
11:05:08 1 46 4096 2830 7.5 3.1 16 11
11:05:09 1 46 4096 2830 7.5 3.1 16 11
11:05:10 1 46 4096 2830 7.5 3.1 16 11
11:05:11 1 46 4096 2830 7.5 3.1 16 11
11:05:12 1 46 4096 2830 7.5 3.1 16 11
11:05:13 1 46 4096 2830 7.5 3.1 16 11
11:05:14 1 46 4096 2830 7.5 3.1 16 11
11:05:16 1 46 4096 2830 7.5 3.1 16 11
11:05:17 1 46 4096 2830 7.5 3.1 16 11
11:05:18 1 46 4096 2830 7.4 3.1 16 11
11:05:19 1 46 4096 2830 7.5 3.1 16 11
11:05:20 1 46 4096 2830 7.5 3.1 16 11
11:05:21 1 46 4096 2830 7.5 3.1 16 11
11:05:22 1 42 4096 2830 8.7 3.1 16 11
11:05:23 1 50 4096 2830 6.3 3.1 16 11
11:05:24 1 50 4096 2830 6.3 3.1 16 11
11:05:25 1 49 4096 2830 6.6 3.1 16 11
11:05:26 1 49 4096 2830 6.6 3.1 16 11
11:05:27 1 49 4096 2830 6.5 3.1 16 11
11:05:28 1 46 4096 2830 7.6 3.1 16 11
11:05:29 1 46 4096 2830 7.6 3.1 16 11
11:05:30 1 46 4096 2830 7.5 3.1 16 11
11:05:31 1 46 4096 2830 7.5 3.1 16 11
11:05:32 1 42 4096 2830 8.8 3.1 16 11
11:05:34 1 42 4096 2830 8.9 3.1 16 11
11:05:35 1 45 4096 2830 7.8 3.1 16 11
11:05:36 1 45 4096 2830 7.8 3.1 16 11
11:05:37 1 45 4096 2830 7.8 3.1 16 11
11:05:38 1 45 4096 2830 7.8 3.1 16 11
11:05:39 1 45 4096 2830 7.8 3.1 16 11
11:05:40 1 45 4096 2830 7.8 3.1 16 11
11:05:41 1 45 4096 2830 7.7 3.1 16 11
11:05:42 1 45 4096 2830 7.6 3.1 16 11
11:05:43 1 45 4096 2830 7.7 3.1 16 11
11:05:44 1 45 4096 2830 7.7 3.1 16 11
11:05:45 1 45 4096 2830 7.7 3.1 16 11
11:05:46 1 45 4096 2830 7.6 3.1 16 11
11:05:47 1 45 4096 2830 7.7 3.1 16 11
11:05:48 1 46 4096 2830 7.6 3.1 16 11
11:05:50 1 45 4096 2830 7.6 3.1 16 11
11:05:51 1 45 4096 2830 7.6 3.1 16 11
11:05:52 1 45 4096 2830 7.7 3.1 16 11
11:05:53 1 45 4096 2830 7.7 3.1 16 11
11:05:54 1 45 4096 2830 7.7 3.1 16 11
11:05:55 1 45 4096 2830 7.6 3.1 16 11
11:05:56 1 45 4096 2830 7.6 3.1 16 11
11:05:57 1 46 4096 2830 7.4 3.1 16 11
11:05:58 1 46 4096 2830 7.4 3.1 16 11
11:05:59 1 46 4096 2830 7.4 3.1 16 11
11:06:00 1 46 4096 2830 7.4 3.1 16 11
11:06:01 1 46 4096 2830 7.4 3.1 16 11
11:06:02 1 46 4096 2830 7.4 3.1 16 11
11:06:03 1 46 4096 2830 7.4 3.1 16 11
11:06:04 1 46 4096 2830 7.4 3.1 16 11
11:06:05 1 46 4096 2830 7.4 3.1 16 11
11:06:07 1 46 4096 2830 7.4 3.1 16 11
11:06:08 1 46 4096 2830 7.4 3.1 16 11
11:06:09 1 46 4096 2830 7.4 3.1 16 11
11:06:10 1 46 4096 2830 7.4 3.1 16 11
11:06:11 1 46 4096 2830 7.4 3.1 16 11
11:06:12 1 46 4096 2830 7.4 3.1 16 11
11:06:13 1 46 4096 2830 7.4 3.1 16 11
11:06:14 1 46 4096 2830 7.4 3.1 16 11
11:06:15 1 46 4096 2830 7.4 3.1 16 11
11:06:16 1 46 4096 2830 7.4 3.1 16 11
11:06:17 1 46 4096 2830 7.4 3.1 16 11
11:06:18 1 46 4096 2830 7.4 3.1 16 11
11:06:19 1 42 4096 2830 8.7 3.1 16 11
11:06:20 1 50 4096 2830 6.2 3.1 16 11
11:06:21 1 50 4096 2830 6.3 3.1 16 11
11:06:23 1 49 4096 2830 6.6 3.1 16 11
11:06:24 1 49 4096 2830 6.5 3.1 16 11
11:06:25 1 45 4096 2830 7.8 3.1 16 11
11:06:26 1 45 4096 2830 7.7 3.1 16 11
11:06:27 1 45 4096 2830 7.6 3.1 16 11
11:06:28 1 45 4096 2830 7.6 3.1 16 11
11:06:29 1 45 4096 2830 7.6 3.1 16 11
11:06:30 1 41 4096 2830 8.9 3.1 16 11
11:06:31 1 41 4096 2830 9.0 3.1 16 11
11:06:32 1 44 4096 2830 7.8 3.1 16 11
11:06:33 1 45 4096 2830 7.7 3.1 16 11
11:06:34 1 44 4096 2830 7.8 3.1 16 11
11:06:35 1 44 4096 2830 7.8 3.1 16 11
11:06:36 1 44 4096 2830 7.8 3.1 16 11
11:06:37 1 44 4096 2830 7.8 3.1 16 11
11:06:39 1 45 4096 2830 7.6 3.1 16 11
11:06:40 1 45 4096 2830 7.6 3.1 16 11
11:06:41 1 45 4096 2830 7.7 3.1 16 11
11:06:42 1 45 4096 2830 7.7 3.1 16 11
11:06:43 1 45 4096 2830 7.6 3.1 16 11
11:06:44 1 45 4096 2830 7.6 3.1 16 11
11:06:45 1 45 4096 2830 7.7 3.1 16 11
11:06:46 1 45 4096 2830 7.7 3.1 16 11
11:06:47 1 45 4096 2830 7.7 3.1 16 11
11:06:48 1 45 4096 2830 7.7 3.1 16 11
11:06:49 1 44 4096 2830 7.7 3.1 16 11
11:06:50 1 45 4096 2830 7.7 3.1 16 11
11:06:51 1 44 4096 2830 7.7 3.0 16 11
11:06:53 1 44 4096 2830 7.6 3.0 16 11
11:06:54 1 44 4096 2830 7.6 3.0 16 11
11:06:55 1 45 4096 2830 7.4 3.0 16 11
11:06:56 1 45 4096 2830 7.4 3.0 16 11
11:06:57 1 45 4096 2830 7.4 3.0 16 11
11:06:58 1 45 4096 2830 7.4 3.0 16 11
11:06:59 1 45 4096 2830 7.4 3.0 16 11
11:07:00 1 45 4096 2830 7.4 3.0 16 11
11:07:01 1 45 4096 2830 7.4 3.0 16 11
11:07:02 1 45 4096 2830 7.4 3.0 16 11
11:07:03 1 45 4096 2830 7.4 3.0 16 11
11:07:04 1 45 4096 2830 7.4 3.0 16 11
11:07:05 1 45 4096 2830 7.4 3.0 16 11
11:07:06 1 45 4096 2830 7.4 3.0 16 11
11:07:07 1 45 4096 2830 7.4 3.0 16 11
11:07:09 1 45 4096 2830 7.4 3.0 16 11
11:07:10 1 45 4096 2830 7.4 3.0 16 11
11:07:11 1 45 4096 2830 7.4 3.0 16 11
11:07:12 1 45 4096 2830 7.4 3.0 16 11
11:07:13 1 45 4096 2830 7.4 3.0 16 11
11:07:14 1 45 4096 2830 7.4 3.0 16 11
11:07:15 1 45 4096 2830 7.4 3.0 16 11
11:07:16 1 45 4096 2830 7.3 3.0 16 11
11:07:17 1 41 4096 2830 8.8 3.0 16 11
11:07:18 1 49 4096 2830 6.2 3.0 16 11
11:07:19 1 49 4096 2830 6.2 3.0 16 11
11:07:20 1 48 4096 2830 6.3 2.9 16 11
11:07:21 1 48 4096 2830 6.3 2.9 16 11
11:07:22 1 48 4096 2830 6.2 2.9 16 11
11:07:23 1 44 4096 2830 7.6 3.0 16 11
11:07:25 1 45 4096 2830 7.5 3.0 16 11
11:07:26 1 45 4096 2830 7.5 3.1 16 11
11:07:27 1 45 4096 2830 7.5 3.1 16 11
11:07:28 1 42 4096 2830 8.7 3.1 16 11
11:07:29 1 52 4096 2830 5.4 3.1 16 11
11:07:30 1 41 4096 2830 8.9 2.9 16 11
11:07:31 1 44 4096 2830 7.7 2.9 16 11
11:07:32 1 44 4096 2830 7.7 3.0 16 11
11:07:33 1 44 4096 2830 7.7 3.0 16 11
11:07:34 1 44 4096 2830 7.7 3.0 16 11
11:07:35 1 44 4096 2830 7.8 3.0 16 11
11:07:36 1 45 4096 2830 7.6 3.0 16 11
11:07:37 1 45 4096 2830 7.6 3.0 16 11
11:07:38 1 45 4096 2830 7.6 3.0 16 11
11:07:40 1 45 4096 2830 7.6 3.0 16 11
11:07:41 1 45 4096 2830 7.6 3.0 16 11
11:07:42 1 45 4096 2830 7.6 3.1 16 11
11:07:43 1 45 4096 2830 7.6 3.1 16 11
11:07:44 1 45 4096 2830 7.6 3.1 16 11
11:07:45 1 45 4096 2830 7.6 3.1 16 11
11:07:46 1 45 4096 2830 7.6 3.1 16 11
11:07:47 1 45 4096 2830 7.6 3.1 16 11
11:07:48 1 45 4096 2830 7.6 3.1 16 11
11:07:49 1 45 4096 2830 7.6 3.1 16 11
11:07:50 1 45 4096 2830 7.6 3.1 16 11
11:07:51 1 45 4096 2830 7.6 3.0 16 11
11:07:52 1 44 4096 2830 7.6 2.9 16 11
11:07:54 1 44 4096 2830 7.4 2.9 16 11
11:07:55 1 44 4096 2830 7.4 2.9 16 11
11:07:56 1 44 4096 2830 7.4 2.9 16 11
11:07:57 1 44 4096 2830 7.4 2.9 16 11
11:07:58 1 44 4096 2830 7.4 2.9 16 11
11:07:59 1 44 4096 2830 7.4 2.9 16 11
11:08:00 1 44 4096 2830 7.3 2.9 16 11
11:08:01 1 44 4096 2830 7.4 2.9 16 11
11:08:02 1 44 4096 2830 7.4 2.9 16 11
11:08:03 1 45 4096 2830 7.3 2.9 16 11
11:08:04 1 45 4096 2830 7.3 2.9 16 11
11:08:05 1 44 4096 2830 7.4 2.9 16 11
11:08:06 1 45 4096 2830 7.3 2.9 16 11
11:08:07 1 45 4096 2830 7.4 2.9 16 11
11:08:09 1 45 4096 2830 7.4 2.9 16 11
11:08:10 1 45 4096 2830 7.4 2.9 16 11
11:08:11 1 45 4096 2830 7.3 2.9 16 11
11:08:12 1 45 4096 2830 7.3 2.9 16 11
11:08:13 1 45 4096 2830 7.3 2.9 16 11
11:08:14 1 45 4096 2830 7.3 2.9 16 11
11:08:15 1 41 4096 2830 8.7 2.9 16 11
11:08:16 1 48 4096 2830 6.2 2.9 16 11
11:08:17 1 48 4096 2830 6.1 2.9 16 11
11:08:18 1 47 4096 2830 6.5 2.9 16 11
11:08:19 1 47 4096 2830 6.5 2.9 16 11
11:08:20 1 47 4096 2830 6.5 2.9 16 11
11:08:21 1 44 4096 2830 7.6 2.9 16 11
11:08:22 1 44 4096 2830 7.5 3.0 16 11
11:08:23 1 44 4096 2830 7.5 3.0 16 11
11:08:25 1 45 4096 2830 7.5 3.1 16 11
11:08:26 1 41 4096 2830 8.6 3.1 16 11
11:08:27 1 48 4096 2830 6.4 3.1 16 11
11:08:28 1 40 4096 2830 8.9 3.1 16 11
11:08:29 1 44 4096 2830 7.7 3.1 16 11
11:08:30 1 44 4096 2830 7.7 3.1 16 11
11:08:31 1 44 4096 2830 7.7 3.1 16 11
11:08:32 1 44 4096 2830 7.7 3.1 16 11
11:08:33 1 44 4096 2830 7.7 3.1 16 11
11:08:34 1 44 4096 2830 7.7 3.1 16 11
11:08:35 1 44 4096 2830 7.6 3.1 16 11
11:08:36 1 44 4096 2830 7.6 3.1 16 11
11:08:37 1 44 4096 2830 7.6 3.1 16 11
11:08:38 1 44 4096 2830 7.6 3.1 16 11
11:08:39 1 44 4096 2830 7.6 3.1 16 11
11:08:41 1 44 4096 2830 7.6 3.1 16 11
11:08:42 1 44 4096 2830 7.6 3.1 16 11
11:08:43 1 44 4096 2830 7.6 3.1 16 11
11:08:44 1 44 4096 2830 7.6 3.1 16 11
11:08:45 1 44 4096 2830 7.6 3.1 16 11
11:08:46 1 44 4096 2830 7.6 3.1 16 11
11:08:47 1 44 4096 2830 7.6 3.1 16 11
11:08:48 1 44 4096 2830 7.6 3.1 16 11
11:08:49 1 44 4096 2830 7.6 3.1 16 11
11:08:50 1 44 4096 2830 7.6 3.1 16 11
11:08:51 1 45 4096 2830 7.3 3.1 16 11
11:08:52 1 45 4096 2830 7.3 3.1 16 11
11:08:53 1 45 4096 2830 7.3 3.1 16 11
11:08:54 1 45 4096 2830 7.3 3.1 16 11
11:08:56 1 45 4096 2830 7.4 3.1 16 11
11:08:57 1 45 4096 2830 7.4 3.1 16 11
11:08:58 1 45 4096 2830 7.4 3.1 16 11
11:08:59 1 45 4096 2830 7.4 3.1 16 11
11:09:00 1 45 4096 2830 7.3 3.1 16 11
11:09:01 1 45 4096 2830 7.3 3.1 16 11
11:09:02 1 45 4096 2830 7.3 3.1 16 11
11:09:03 1 45 4096 2830 7.3 3.1 16 11
11:09:04 1 46 4096 2830 7.3 3.1 16 11
11:09:05 1 46 4096 2830 7.3 3.1 16 11
11:09:06 1 46 4096 2830 7.4 3.1 16 11
11:09:07 1 46 4096 2830 7.3 3.1 16 11
11:09:08 1 46 4096 2830 7.3 3.1 16 11
11:09:09 1 46 4096 2830 7.3 3.1 16 11
11:09:11 1 46 4096 2830 7.3 3.1 16 11
11:09:12 1 46 4096 2830 7.4 3.1 16 11
11:09:13 1 46 4096 2830 7.3 3.1 16 11
11:09:14 1 42 4096 2830 8.7 3.1 16 11
11:09:15 1 49 4096 2830 6.2 3.1 16 11
11:09:16 1 49 4096 2830 6.2 3.0 16 11
11:09:17 1 48 4096 2830 6.5 2.7 16 11
11:09:18 1 48 4096 2830 6.4 2.7 16 11
11:09:19 1 48 4096 2830 6.4 2.7 16 11
11:09:20 1 44 4096 2830 7.6 2.8 16 11
11:09:21 1 45 4096 2830 7.6 2.9 16 11
11:09:22 1 45 4096 2830 7.6 3.0 16 11
11:09:23 1 45 4096 2830 7.6 3.1 16 11
11:09:24 1 42 4096 2830 8.8 3.1 16 11
11:09:25 1 42 4096 2830 8.9 3.1 16 11
11:09:26 1 42 4096 2830 8.8 3.1 16 11
11:09:28 1 45 4096 2830 7.7 3.1 16 11
11:09:29 1 45 4096 2830 7.7 3.1 16 11
11:09:30 1 45 4096 2830 7.7 3.1 16 11
11:09:31 1 45 4096 2830 7.7 3.1 16 11
11:09:32 1 45 4096 2830 7.7 3.1 16 11
11:09:33 1 45 4096 2830 7.7 3.1 16 11
11:09:34 1 45 4096 2830 7.7 3.0 16 11
11:09:35 1 44 4096 2830 7.7 3.0 16 11
11:09:36 1 44 4096 2830 7.7 3.0 16 11
11:09:37 1 44 4096 2830 7.7 3.0 16 11
11:09:38 1 44 4096 2830 7.6 3.0 16 11
11:09:39 1 44 4096 2830 7.6 3.0 16 11
11:09:40 1 44 4096 2830 7.6 3.0 16 11
11:09:41 1 44 4096 2830 7.6 2.9 16 11
11:09:43 1 43 4096 2830 7.6 2.7 16 11
11:09:44 1 43 4096 2830 7.7 2.7 16 11
11:09:45 1 43 4096 2830 7.7 2.7 16 11
11:09:46 1 43 4096 2830 7.7 2.7 16 11
11:09:47 1 42 4096 2830 7.7 2.7 16 11
11:09:48 1 42 4096 2830 7.7 2.7 16 11
11:09:49 1 43 4096 2830 7.4 2.7 16 11
11:09:50 1 43 4096 2830 7.5 2.7 16 11
11:09:51 1 43 4096 2830 7.5 2.7 16 11
11:09:52 1 43 4096 2830 7.4 2.7 16 11
11:09:53 1 43 4096 2830 7.4 2.7 16 11
11:09:54 1 43 4096 2830 7.4 2.7 16 11
11:09:55 1 43 4096 2830 7.4 2.7 16 11
11:09:56 1 43 4096 2830 7.4 2.7 16 11
11:09:58 1 43 4096 2830 7.4 2.7 16 11
11:09:59 1 43 4096 2830 7.4 2.7 16 11
11:10:00 1 43 4096 2830 7.4 2.7 16 11
11:10:01 1 43 4096 2830 7.4 2.7 16 11
11:10:02 1 43 4096 2830 7.4 2.7 16 11
11:10:03 1 43 4096 2830 7.4 2.7 16 11
11:10:04 1 43 4096 2830 7.4 2.7 16 11
11:10:05 1 43 4096 2830 7.4 2.7 16 11
11:10:06 1 43 4096 2830 7.4 2.7 16 11
11:10:07 1 43 4096 2830 7.4 2.7 16 11
11:10:08 1 43 4096 2830 7.4 2.7 16 11
11:10:09 1 44 4096 2830 7.4 2.7 16 11
11:10:10 1 44 4096 2830 7.4 2.7 16 11
11:10:11 1 39 4096 2830 8.9 2.7 16 11
11:10:12 1 47 4096 2830 6.2 2.7 16 11
11:10:14 1 47 4096 2830 6.2 2.7 16 11
11:10:15 1 47 4096 2830 6.3 2.7 16 11
11:10:16 1 47 4096 2830 6.3 2.7 16 11
11:10:17 1 48 4096 2830 6.2 2.7 16 11
11:10:18 1 44 4096 2830 7.7 2.8 16 11
11:10:19 1 44 4096 2830 7.6 2.9 16 11
11:10:20 1 45 4096 2830 7.5 3.0 16 11
11:10:21 1 45 4096 2830 7.5 3.0 16 11
11:10:22 1 41 4096 2830 8.7 3.1 16 11
11:10:23 1 51 4096 2830 5.4 3.1 16 11
11:10:24 1 41 4096 2830 9.0 3.1 16 11
11:10:25 1 44 4096 2830 7.8 3.1 16 11
11:10:26 1 44 4096 2830 7.8 3.1 16 11
11:10:27 1 44 4096 2830 7.8 3.1 16 11
11:10:28 1 44 4096 2830 7.8 3.1 16 11
11:10:29 1 44 4096 2830 7.8 3.1 16 11
11:10:31 1 44 4096 2830 7.8 3.1 16 11
11:10:32 1 45 4096 2830 7.7 3.1 16 11
11:10:33 1 45 4096 2830 7.7 3.1 16 11
11:10:34 1 45 4096 2830 7.7 3.1 16 11
11:10:35 1 45 4096 2830 7.7 3.1 16 11
11:10:36 1 45 4096 2830 7.7 3.1 16 11
11:10:37 1 45 4096 2830 7.7 3.1 16 11
11:10:38 1 45 4096 2830 7.7 3.1 16 11
11:10:39 1 45 4096 2830 7.7 3.1 16 11
11:10:40 1 45 4096 2830 7.7 3.1 16 11
11:10:41 1 45 4096 2830 7.7 3.1 16 11
11:10:42 1 45 4096 2830 7.7 3.1 16 11
11:10:43 1 45 4096 2830 7.7 3.1 16 11
11:10:44 1 45 4096 2830 7.7 3.1 16 11
11:10:45 1 45 4096 2830 7.7 3.1 16 11
11:10:47 1 45 4096 2830 7.7 3.1 16 11
11:10:48 1 45 4096 2830 7.4 3.1 16 11
11:10:49 1 45 4096 2830 7.4 3.1 16 11
11:10:50 1 45 4096 2830 7.4 3.1 16 11
11:10:51 1 45 4096 2830 7.4 3.1 16 11
11:10:52 1 45 4096 2830 7.4 3.1 16 11
11:10:53 1 45 4096 2830 7.4 3.1 16 11
11:10:54 1 45 4096 2830 7.4 3.1 16 11
11:10:55 1 45 4096 2830 7.4 3.1 16 11
11:10:56 1 45 4096 2830 7.4 3.1 16 11
11:10:57 1 45 4096 2830 7.4 3.1 16 11
11:10:58 1 45 4096 2830 7.4 3.1 16 11
11:10:59 1 45 4096 2830 7.4 3.1 16 11
11:11:00 1 45 4096 2830 7.5 3.1 16 11
11:11:02 1 45 4096 2830 7.4 3.1 16 11
11:11:03 1 45 4096 2830 7.4 3.1 16 11
11:11:04 1 45 4096 2830 7.4 3.1 16 11
11:11:05 1 45 4096 2830 7.4 3.1 16 11
11:11:06 1 45 4096 2830 7.4 3.0 16 11
11:11:07 1 45 4096 2830 7.4 3.0 16 11
11:11:08 1 45 4096 2830 7.4 3.0 16 11
11:11:09 1 41 4096 2830 8.8 3.0 16 11
11:11:10 1 41 4096 2830 8.8 3.0 16 11
11:11:11 1 49 4096 2830 6.3 3.0 16 11
11:11:12 1 48 4096 2830 6.6 3.0 16 11
11:11:13 1 47 4096 2830 6.6 2.9 16 11
11:11:14 1 47 4096 2830 6.5 2.9 16 11
11:11:15 1 44 4096 2830 7.7 2.9 16 11
11:11:16 1 45 4096 2830 7.6 3.0 16 11
11:11:17 1 45 4096 2830 7.5 3.1 16 11
11:11:18 1 45 4096 2830 7.5 3.1 16 11
11:11:20 1 41 4096 2830 8.7 3.1 16 11
11:11:21 1 45 4096 2830 7.6 3.1 16 11
11:11:22 1 41 4096 2830 9.0 3.1 16 11
11:11:23 1 44 4096 2830 7.8 3.1 16 11
11:11:24 1 44 4096 2830 7.8 3.1 16 11
11:11:25 1 44 4096 2830 7.8 3.1 16 11
11:11:26 1 44 4096 2830 7.8 3.1 16 11
11:11:27 1 44 4096 2830 7.8 3.1 16 11
11:11:28 1 44 4096 2830 7.8 3.1 16 11
11:11:29 1 44 4096 2830 7.7 3.1 16 11
11:11:30 1 44 4096 2830 7.7 3.1 16 11
11:11:31 1 44 4096 2830 7.7 3.1 16 11
11:11:32 1 44 4096 2830 7.7 3.1 16 11
11:11:33 1 45 4096 2830 7.7 3.1 16 11
11:11:35 1 45 4096 2830 7.7 3.1 16 11
11:11:36 1 44 4096 2830 7.7 3.1 16 11
11:11:37 1 45 4096 2830 7.7 3.1 16 11
11:11:38 1 45 4096 2830 7.7 3.1 16 11
11:11:39 1 45 4096 2830 7.7 3.1 16 11
11:11:40 1 44 4096 2830 7.7 3.1 16 11
11:11:41 1 44 4096 2830 7.7 3.1 16 11
11:11:42 1 44 4096 2830 7.7 3.1 16 11
11:11:43 1 44 4096 2830 7.7 3.1 16 11
11:11:44 1 45 4096 2830 7.7 3.1 16 11
11:11:45 1 45 4096 2830 7.4 3.1 16 11
11:11:46 1 45 4096 2830 7.4 3.1 16 11
11:11:47 1 45 4096 2830 7.4 3.1 16 11
11:11:48 1 45 4096 2830 7.5 3.1 16 11
11:11:50 1 45 4096 2830 7.4 3.1 16 11
11:11:51 1 45 4096 2830 7.4 3.1 16 11
11:11:52 1 45 4096 2830 7.4 3.1 16 11
11:11:53 1 45 4096 2830 7.4 3.1 16 11
11:11:54 1 45 4096 2830 7.4 3.1 16 11
11:11:55 1 45 4096 2830 7.4 3.1 16 11
11:11:56 1 45 4096 2830 7.4 3.1 16 11
11:11:57 1 45 4096 2830 7.4 3.1 16 11
11:11:58 1 45 4096 2830 7.4 3.1 16 11
11:11:59 1 45 4096 2830 7.4 3.1 16 11
11:12:00 1 45 4096 2830 7.5 3.1 16 11
11:12:01 1 45 4096 2830 7.5 3.1 16 11
11:12:02 1 45 4096 2830 7.4 3.1 16 11
11:12:03 1 45 4096 2830 7.4 3.1 16 11
11:12:04 1 45 4096 2830 7.5 3.1 16 11
11:12:06 1 45 4096 2830 7.4 3.1 16 11
11:12:07 1 45 4096 2830 7.4 3.1 16 11
11:12:08 1 41 4096 2830 8.7 3.1 16 11
11:12:09 1 49 4096 2830 6.3 3.1 16 11
11:12:10 1 49 4096 2830 6.3 3.1 16 11
11:12:11 1 48 4096 2830 6.6 3.1 16 11
11:12:12 1 48 4096 2830 6.5 3.1 16 11
11:12:13 1 44 4096 2830 7.8 3.1 16 11
11:12:14 1 45 4096 2830 7.7 3.1 16 11
11:12:15 1 45 4096 2830 7.6 3.1 16 11
11:12:16 1 45 4096 2830 7.6 3.1 16 11
11:12:17 1 45 4096 2830 7.6 3.1 16 11
11:12:18 1 41 4096 2830 8.9 3.1 16 11
11:12:19 1 41 4096 2830 9.0 3.1 16 11
11:12:20 1 44 4096 2830 7.8 3.1 16 11
11:12:21 1 44 4096 2830 7.8 3.1 16 11
11:12:23 1 44 4096 2830 7.8 3.1 16 11
11:12:24 1 44 4096 2830 7.8 3.1 16 11
11:12:25 1 44 4096 2830 7.8 3.1 16 11
11:12:26 1 44 4096 2830 7.8 3.1 16 11
11:12:27 1 45 4096 2830 7.7 3.1 16 11
11:12:28 1 45 4096 2830 7.7 3.1 16 11
11:12:29 1 45 4096 2830 7.7 3.1 16 11
11:12:30 1 45 4096 2830 7.7 3.1 16 11
11:12:31 1 45 4096 2830 7.6 3.1 16 11
11:12:32 1 45 4096 2830 7.6 3.1 16 11
11:12:33 1 45 4096 2830 7.7 3.1 16 11
11:12:34 1 45 4096 2830 7.6 3.1 16 11
11:12:35 1 45 4096 2830 7.7 3.1 16 11
11:12:36 1 45 4096 2830 7.7 3.1 16 11
11:12:37 1 45 4096 2830 7.7 3.1 16 11
11:12:39 1 45 4096 2830 7.7 3.1 16 11
11:12:40 1 45 4096 2830 7.7 3.1 16 11
11:12:41 1 45 4096 2830 7.7 3.1 16 11
11:12:42 1 45 4096 2830 7.6 3.1 16 11
11:12:43 1 46 4096 2830 7.4 3.1 16 11
11:12:44 1 46 4096 2830 7.4 3.1 16 11
11:12:45 1 46 4096 2830 7.4 3.1 16 11
11:12:46 1 46 4096 2830 7.4 3.1 16 11
11:12:47 1 46 4096 2830 7.4 3.1 16 11
11:12:48 1 46 4096 2830 7.4 3.1 16 11
11:12:49 1 46 4096 2830 7.4 3.1 16 11
11:12:50 1 46 4096 2830 7.4 3.1 16 11
11:12:51 1 46 4096 2830 7.4 3.1 16 11
11:12:52 1 46 4096 2830 7.4 3.1 16 11
11:12:54 1 46 4096 2830 7.4 3.1 16 11
11:12:55 1 45 4096 2830 7.5 3.1 16 11
11:12:56 1 46 4096 2830 7.4 3.1 16 11
11:12:57 1 46 4096 2830 7.4 3.1 16 11
11:12:58 1 46 4096 2830 7.4 3.1 16 11
11:12:59 1 46 4096 2830 7.4 3.1 16 11
11:13:00 1 46 4096 2830 7.5 3.1 16 11
11:13:01 1 46 4096 2830 7.4 3.1 16 11
11:13:02 1 46 4096 2830 7.4 3.1 16 11
11:13:03 1 46 4096 2830 7.4 3.1 16 11
11:13:04 1 46 4096 2830 7.4 3.1 16 11
11:13:05 1 42 4096 2830 8.8 3.1 16 11
11:13:06 1 50 4096 2830 6.2 3.1 16 11
11:13:07 1 50 4096 2830 6.2 3.1 16 11
11:13:08 1 49 4096 2830 6.3 3.1 16 11
11:13:09 1 50 4096 2830 6.2 3.1 16 11
11:13:11 1 50 4096 2830 6.1 3.1 16 11
11:13:12 1 46 4096 2830 7.6 3.1 16 11
11:13:13 1 45 4096 2830 7.6 3.1 16 11
11:13:14 1 46 4096 2830 7.5 3.1 16 11
11:13:15 1 45 4096 2830 7.5 3.1 16 11
11:13:16 1 42 4096 2830 8.8 3.1 16 11
11:13:17 1 41 4096 2830 9.0 3.1 16 11
11:13:18 1 44 4096 2830 7.8 3.1 16 11
11:13:19 1 45 4096 2830 7.8 3.1 16 11
11:13:20 1 45 4096 2830 7.8 3.1 16 11
11:13:21 1 44 4096 2830 7.8 3.1 16 11
11:13:22 1 45 4096 2830 7.8 3.1 16 11
11:13:23 1 44 4096 2830 7.8 3.1 16 11
11:13:24 1 44 4096 2830 7.8 3.1 16 11
11:13:25 1 45 4096 2830 7.7 3.1 16 11
11:13:27 1 45 4096 2830 7.7 3.1 16 11
11:13:28 1 45 4096 2830 7.7 3.1 16 11
11:13:29 1 45 4096 2830 7.7 3.1 16 11
11:13:30 1 45 4096 2830 7.6 3.1 16 11
11:13:31 1 45 4096 2830 7.7 3.1 16 11
11:13:32 1 45 4096 2830 7.6 3.1 16 11
11:13:33 1 45 4096 2830 7.6 3.1 16 11
11:13:34 1 45 4096 2830 7.6 3.1 16 11
11:13:35 1 45 4096 2830 7.7 3.1 16 11
11:13:36 1 45 4096 2830 7.7 3.1 16 11
11:13:37 1 45 4096 2830 7.7 3.1 16 11
11:13:38 1 45 4096 2830 7.6 3.1 16 11
11:13:39 1 45 4096 2830 7.6 3.1 16 11
11:13:40 1 46 4096 2830 7.4 3.1 16 11
11:13:42 1 46 4096 2830 7.4 3.1 16 11
11:13:43 1 45 4096 2830 7.4 3.1 16 11
11:13:44 1 45 4096 2830 7.4 3.1 16 11
11:13:45 1 45 4096 2830 7.4 3.1 16 11
11:13:46 1 45 4096 2830 7.4 3.1 16 11
11:13:47 1 45 4096 2830 7.4 3.1 16 11
11:13:48 1 45 4096 2830 7.4 3.1 16 11
11:13:49 1 45 4096 2830 7.4 3.1 16 11
11:13:50 1 45 4096 2830 7.4 3.1 16 11
11:13:51 1 45 4096 2830 7.4 3.1 16 11
11:13:52 1 45 4096 2830 7.4 3.1 16 11
11:13:53 1 45 4096 2830 7.4 3.1 16 11
11:13:54 1 45 4096 2830 7.4 3.1 16 11
11:13:55 1 45 4096 2830 7.4 3.1 16 11
11:13:57 1 45 4096 2830 7.4 3.1 16 11
11:13:58 1 45 4096 2830 7.4 3.1 16 11
11:13:59 1 46 4096 2830 7.4 3.1 16 11
11:14:00 1 45 4096 2830 7.4 3.1 16 11
11:14:01 1 45 4096 2830 7.4 3.1 16 11
11:14:02 1 46 4096 2830 7.4 3.1 16 11
11:14:03 1 41 4096 2830 8.9 3.1 16 11
11:14:04 1 49 4096 2830 6.3 3.1 16 11
11:14:05 1 49 4096 2830 6.3 3.1 16 11
11:14:06 1 48 4096 2830 6.6 3.1 16 11
11:14:07 1 49 4096 2830 6.5 3.1 16 11
11:14:08 1 49 4096 2830 6.5 3.1 16 11
11:14:09 1 45 4096 2830 7.6 3.1 16 11
11:14:10 1 46 4096 2830 7.5 3.1 16 11
11:14:11 1 46 4096 2830 7.5 3.1 16 11
11:14:12 1 46 4096 2830 7.5 3.1 16 11
11:14:13 1 42 4096 2830 8.8 3.1 16 11
11:14:15 1 44 4096 2830 8.7 3.1 16 11
11:14:16 1 45 4096 2830 7.9 3.1 16 11
11:14:17 1 45 4096 2830 7.8 3.1 16 11
11:14:18 1 45 4096 2830 7.8 3.1 16 11
11:14:19 1 45 4096 2830 7.8 3.1 16 11
11:14:20 1 45 4096 2830 7.8 3.1 16 11
11:14:21 1 45 4096 2830 7.8 3.1 16 11
11:14:22 1 45 4096 2830 7.8 3.1 16 11
11:14:23 1 45 4096 2830 7.7 3.1 16 11
11:14:24 1 45 4096 2830 7.7 3.1 16 11
11:14:25 1 45 4096 2830 7.7 3.1 16 11
11:14:26 1 45 4096 2830 7.7 3.1 16 11
11:14:27 1 45 4096 2830 7.6 3.1 16 11
11:14:29 1 45 4096 2830 7.7 3.1 16 11
11:14:30 1 45 4096 2830 7.6 3.1 16 11
11:14:31 1 45 4096 2830 7.6 3.1 16 11
11:14:32 1 45 4096 2830 7.6 3.1 16 11
11:14:33 1 45 4096 2830 7.7 3.1 16 11
11:14:34 1 45 4096 2830 7.7 3.1 16 11
11:14:35 1 45 4096 2830 7.7 3.1 16 11
11:14:36 1 45 4096 2830 7.7 3.1 16 11
11:14:37 1 45 4096 2830 7.6 3.1 16 11
11:14:38 1 46 4096 2830 7.4 3.1 16 11
11:14:39 1 46 4096 2830 7.4 3.1 16 11
11:14:40 1 46 4096 2830 7.4 3.1 16 11
11:14:41 1 46 4096 2830 7.4 3.1 16 11
11:14:42 1 46 4096 2830 7.4 3.1 16 11
11:14:43 1 46 4096 2830 7.4 3.1 16 11
11:14:45 1 46 4096 2830 7.4 3.1 16 11
11:14:46 1 46 4096 2830 7.4 3.1 16 11
11:14:47 1 46 4096 2830 7.4 3.1 16 11
11:14:48 1 46 4096 2830 7.4 3.1 16 11
11:14:49 1 46 4096 2830 7.4 3.1 16 11
11:14:50 1 46 4096 2830 7.4 3.1 16 11
11:14:51 1 46 4096 2830 7.4 3.1 16 11
11:14:52 1 46 4096 2830 7.4 3.1 16 11
11:14:53 1 46 4096 2830 7.4 3.1 16 11
11:14:54 1 46 4096 2830 7.4 3.1 16 11
11:14:55 1 46 4096 2830 7.4 3.1 16 11
11:14:56 1 46 4096 2830 7.4 3.1 16 11
11:14:57 1 46 4096 2830 7.4 3.1 16 11
11:14:58 1 46 4096 2830 7.4 3.1 16 11
11:15:00 1 46 4096 2830 7.4 3.1 16 11
11:15:01 1 42 4096 2830 8.9 3.1 16 11
11:15:02 1 50 4096 2830 6.2 3.1 16 11
11:15:03 1 49 4096 2830 6.3 3.1 16 11
11:15:04 1 48 4096 2830 6.6 3.1 16 11
11:15:05 1 49 4096 2830 6.6 3.1 16 11
11:15:06 1 49 4096 2830 6.5 3.1 16 11
11:15:07 1 45 4096 2830 7.8 3.1 16 11
11:15:08 1 45 4096 2830 7.7 3.1 16 11
11:15:09 1 45 4096 2830 7.6 3.1 16 11
11:15:10 1 45 4096 2830 7.6 3.1 16 11
11:15:11 1 42 4096 2830 8.9 3.1 16 11
11:15:12 1 48 4096 2830 6.6 3.1 16 11
11:15:13 1 42 4096 2830 8.8 3.1 16 11
11:15:14 1 45 4096 2830 7.7 3.1 16 11
11:15:15 1 45 4096 2830 7.6 3.1 16 11
11:15:16 1 45 4096 2830 7.6 3.1 16 11
11:15:18 1 45 4096 2830 7.7 3.1 16 11
11:15:19 1 45 4096 2830 7.7 3.1 16 11
11:15:20 1 45 4096 2830 7.7 3.1 16 11
11:15:21 1 45 4096 2830 7.7 3.1 16 11
11:15:22 1 51 4096 2830 5.4 3.2 16 11
11:15:23 1 58 4096 2830 3.0 3.2 16 11
11:15:24 1 57 4096 2830 3.5 3.2 16 11
11:15:25 1 57 4096 2830 3.5 3.3 16 11
