{
    "Community": {
        "precision": 0.4618937644341801,
        "recall": 0.45558086560364464,
        "f1-score": 0.45871559633027525,
        "support": 439.0
    },
    "Entertainment": {
        "precision": 0.38164251207729466,
        "recall": 0.47305389221556887,
        "f1-score": 0.42245989304812837,
        "support": 167.0
    },
    "Food": {
        "precision": 0.5550561797752809,
        "recall": 0.28423475258918296,
        "f1-score": 0.3759512937595129,
        "support": 869.0
    },
    "Nightlife": {
        "precision": 0.3125,
        "recall": 0.6111111111111112,
        "f1-score": 0.41353383458646614,
        "support": 90.0
    },
    "Outdoors": {
        "precision": 0.2727272727272727,
        "recall": 0.5454545454545454,
        "f1-score": 0.36363636363636365,
        "support": 143.0
    },
    "Shopping": {
        "precision": 0.4854111405835544,
        "recall": 0.5562310030395137,
        "f1-score": 0.5184135977337111,
        "support": 658.0
    },
    "Travel": {
        "precision": 0.4190871369294606,
        "recall": 0.5738636363636364,
        "f1-score": 0.4844124700239808,
        "support": 176.0
    },
    "macro avg": {
        "precision": 0.4126168580752919,
        "recall": 0.49993282948245754,
        "f1-score": 0.43387472130263405,
        "support": 2542.0
    },
    "weighted avg": {
        "precision": 0.4756626077623117,
        "recall": 0.4429583005507474,
        "f1-score": 0.43832392224658906,
        "support": 2542.0
    }
}