{
    "model": {
        "joint_score": {
            "mean": 0.507518470287323,
            "std": 0,
            "min": 0.507518470287323,
            "max": 0.507518470287323
        },
        "loss": {
            "mean": 1.1091859340667725,
            "std": 0,
            "min": 1.1091859340667725,
            "max": 1.1091859340667725
        }
    },
    "category": {
        "accuracy": {
            "mean": 0.7669565081596375,
            "std": 0,
            "min": 0.7669565081596375,
            "max": 0.7669565081596375
        },
        "accuracy_macro": {
            "mean": 0.7321821451187134,
            "std": 0,
            "min": 0.7321821451187134,
            "max": 0.7321821451187134
        },
        "f1": {
            "mean": 0.7038923501968384,
            "std": 0,
            "min": 0.7038923501968384,
            "max": 0.7038923501968384
        },
        "f1_weighted": {
            "mean": 0.7706583738327026,
            "std": 0,
            "min": 0.7706583738327026,
            "max": 0.7706583738327026
        },
        "mrr": {
            "mean": 0.8655818104743958,
            "std": 0,
            "min": 0.8655818104743958,
            "max": 0.8655818104743958
        },
        "top3_acc": {
            "mean": 0.9600000381469727,
            "std": 0,
            "min": 0.9600000381469727,
            "max": 0.9600000381469727
        },
        "ndcg_3": {
            "mean": 0.883288562297821,
            "std": 0,
            "min": 0.883288562297821,
            "max": 0.883288562297821
        },
        "top5_acc": {
            "mean": 0.9965217709541321,
            "std": 0,
            "min": 0.9965217709541321,
            "max": 0.9965217709541321
        },
        "ndcg_5": {
            "mean": 0.8984841108322144,
            "std": 0,
            "min": 0.8984841108322144,
            "max": 0.8984841108322144
        },
        "loss": {
            "mean": 0.6707842350006104,
            "std": 0,
            "min": 0.6707842350006104,
            "max": 0.6707842350006104
        }
    },
    "next": {
        "accuracy": {
            "mean": 0.3898465633392334,
            "std": 0,
            "min": 0.3898465633392334,
            "max": 0.3898465633392334
        },
        "accuracy_macro": {
            "mean": 0.30447161197662354,
            "std": 0,
            "min": 0.30447161197662354,
            "max": 0.30447161197662354
        },
        "f1": {
            "mean": 0.3111445903778076,
            "std": 0,
            "min": 0.3111445903778076,
            "max": 0.3111445903778076
        },
        "f1_weighted": {
            "mean": 0.3788611888885498,
            "std": 0,
            "min": 0.3788611888885498,
            "max": 0.3788611888885498
        },
        "mrr": {
            "mean": 0.615447998046875,
            "std": 0,
            "min": 0.615447998046875,
            "max": 0.615447998046875
        },
        "top3_acc": {
            "mean": 0.8096230626106262,
            "std": 0,
            "min": 0.8096230626106262,
            "max": 0.8096230626106262
        },
        "ndcg_3": {
            "mean": 0.6366649866104126,
            "std": 0,
            "min": 0.6366649866104126,
            "max": 0.6366649866104126
        },
        "top5_acc": {
            "mean": 0.9302898645401001,
            "std": 0,
            "min": 0.9302898645401001,
            "max": 0.9302898645401001
        },
        "ndcg_5": {
            "mean": 0.6865911483764648,
            "std": 0,
            "min": 0.6865911483764648,
            "max": 0.6865911483764648
        },
        "loss": {
            "mean": 1.547587513923645,
            "std": 0,
            "min": 1.547587513923645,
            "max": 1.547587513923645
        }
    },
    "_selection": {
        "primary": "joint_score",
        "diagnostic_task_best": "per-task best validation f1"
    },
    "diagnostic_task_best": {
        "category": {
            "accuracy": {
                "mean": 0.7686956524848938,
                "std": 0,
                "min": 0.7686956524848938,
                "max": 0.7686956524848938
            },
            "accuracy_macro": {
                "mean": 0.7449170351028442,
                "std": 0,
                "min": 0.7449170351028442,
                "max": 0.7449170351028442
            },
            "f1": {
                "mean": 0.7091646194458008,
                "std": 0,
                "min": 0.7091646194458008,
                "max": 0.7091646194458008
            },
            "f1_weighted": {
                "mean": 0.7728617191314697,
                "std": 0,
                "min": 0.7728617191314697,
                "max": 0.7728617191314697
            },
            "mrr": {
                "mean": 0.8662194609642029,
                "std": 0,
                "min": 0.8662194609642029,
                "max": 0.8662194609642029
            },
            "top3_acc": {
                "mean": 0.9582608938217163,
                "std": 0,
                "min": 0.9582608938217163,
                "max": 0.9582608938217163
            },
            "ndcg_3": {
                "mean": 0.883060872554779,
                "std": 0,
                "min": 0.883060872554779,
                "max": 0.883060872554779
            },
            "top5_acc": {
                "mean": 0.9965217709541321,
                "std": 0,
                "min": 0.9965217709541321,
                "max": 0.9965217709541321
            },
            "ndcg_5": {
                "mean": 0.8989291787147522,
                "std": 0,
                "min": 0.8989291787147522,
                "max": 0.8989291787147522
            },
            "loss": {
                "mean": 0.6796518564224243,
                "std": 0,
                "min": 0.6796518564224243,
                "max": 0.6796518564224243
            }
        },
        "next": {
            "accuracy": {
                "mean": 0.3898465633392334,
                "std": 0,
                "min": 0.3898465633392334,
                "max": 0.3898465633392334
            },
            "accuracy_macro": {
                "mean": 0.30447161197662354,
                "std": 0,
                "min": 0.30447161197662354,
                "max": 0.30447161197662354
            },
            "f1": {
                "mean": 0.3111445903778076,
                "std": 0,
                "min": 0.3111445903778076,
                "max": 0.3111445903778076
            },
            "f1_weighted": {
                "mean": 0.3788611888885498,
                "std": 0,
                "min": 0.3788611888885498,
                "max": 0.3788611888885498
            },
            "mrr": {
                "mean": 0.615447998046875,
                "std": 0,
                "min": 0.615447998046875,
                "max": 0.615447998046875
            },
            "top3_acc": {
                "mean": 0.8096230626106262,
                "std": 0,
                "min": 0.8096230626106262,
                "max": 0.8096230626106262
            },
            "ndcg_3": {
                "mean": 0.6366649866104126,
                "std": 0,
                "min": 0.6366649866104126,
                "max": 0.6366649866104126
            },
            "top5_acc": {
                "mean": 0.9302898645401001,
                "std": 0,
                "min": 0.9302898645401001,
                "max": 0.9302898645401001
            },
            "ndcg_5": {
                "mean": 0.6865911483764648,
                "std": 0,
                "min": 0.6865911483764648,
                "max": 0.6865911483764648
            },
            "loss": {
                "mean": 1.547587513923645,
                "std": 0,
                "min": 1.547587513923645,
                "max": 1.547587513923645
            }
        }
    }
}