{
    "model": {
        "joint_score": {
            "mean": 0.35538926869630816,
            "std": 0.013179691439529618,
            "min": 0.3345579728484154,
            "max": 0.36888009309768677
        },
        "loss": {
            "mean": 1.3404524326324463,
            "std": 0.013646565098058849,
            "min": 1.3254311084747314,
            "max": 1.3612356185913086
        }
    },
    "next": {
        "accuracy": {
            "mean": 0.3756986021995544,
            "std": 0.007511490405184401,
            "min": 0.3692913353443146,
            "max": 0.3858267664909363
        },
        "accuracy_macro": {
            "mean": 0.25841946601867677,
            "std": 0.010936063265561694,
            "min": 0.24440649151802063,
            "max": 0.2744474411010742
        },
        "f1": {
            "mean": 0.2639892429113388,
            "std": 0.015301220997964405,
            "min": 0.24697737395763397,
            "max": 0.2858261466026306
        },
        "f1_weighted": {
            "mean": 0.355099081993103,
            "std": 0.0099466342429359,
            "min": 0.34434378147125244,
            "max": 0.3672173321247101
        },
        "mrr": {
            "mean": 0.6023638725280762,
            "std": 0.005868489654744053,
            "min": 0.5970097780227661,
            "max": 0.6107733845710754
        },
        "top3_acc": {
            "mean": 0.7979371786117554,
            "std": 0.004121674428642374,
            "min": 0.7913385629653931,
            "max": 0.8022843599319458
        },
        "ndcg_3": {
            "mean": 0.6217283248901367,
            "std": 0.003977232662834784,
            "min": 0.6177434325218201,
            "max": 0.6282747387886047
        },
        "top5_acc": {
            "mean": 0.9339318037033081,
            "std": 0.0070998077911638485,
            "min": 0.9244094491004944,
            "max": 0.9417322874069214
        },
        "ndcg_5": {
            "mean": 0.6777512073516846,
            "std": 0.006780189200028445,
            "min": 0.6714513301849365,
            "max": 0.6869518160820007
        },
        "loss": {
            "mean": 1.5705384254455566,
            "std": 0.007124648958365098,
            "min": 1.5612492561340332,
            "max": 1.5802041292190552
        }
    },
    "category": {
        "accuracy": {
            "mean": 0.5410421133041382,
            "std": 0.006616911760286088,
            "min": 0.5324519276618958,
            "max": 0.5485231876373291
        },
        "accuracy_macro": {
            "mean": 0.434728217124939,
            "std": 0.015948401079083806,
            "min": 0.411357581615448,
            "max": 0.4504188001155853
        },
        "f1": {
            "mean": 0.44678929448127747,
            "std": 0.01463207154334852,
            "min": 0.4221385717391968,
            "max": 0.4581207036972046
        },
        "f1_weighted": {
            "mean": 0.5365203380584717,
            "std": 0.008143153153176805,
            "min": 0.5267446041107178,
            "max": 0.5475744009017944
        },
        "mrr": {
            "mean": 0.729223620891571,
            "std": 0.003877186801615638,
            "min": 0.7253396511077881,
            "max": 0.735466480255127
        },
        "top3_acc": {
            "mean": 0.9261635899543762,
            "std": 0.017329853080702073,
            "min": 0.9046154022216797,
            "max": 0.946449339389801
        },
        "ndcg_3": {
            "mean": 0.767590856552124,
            "std": 0.00892753893172714,
            "min": 0.7568077445030212,
            "max": 0.7766168713569641
        },
        "top5_acc": {
            "mean": 0.9887984037399292,
            "std": 0.005378546254667302,
            "min": 0.9800613522529602,
            "max": 0.9939903616905212
        },
        "ndcg_5": {
            "mean": 0.7937646508216858,
            "std": 0.004471306284948936,
            "min": 0.7875149846076965,
            "max": 0.7994475960731506
        },
        "loss": {
            "mean": 1.110366415977478,
            "std": 0.024566737399803067,
            "min": 1.0896128416061401,
            "max": 1.1488369703292847
        }
    },
    "_selection": {
        "primary": "joint_score",
        "diagnostic_task_best": "per-task best validation f1"
    },
    "diagnostic_task_best": {
        "next": {
            "accuracy": {
                "mean": 0.3739662230014801,
                "std": 0.007363157787223229,
                "min": 0.3685039281845093,
                "max": 0.3866141736507416
            },
            "accuracy_macro": {
                "mean": 0.25841604471206664,
                "std": 0.014456231640235408,
                "min": 0.24528589844703674,
                "max": 0.2816939949989319
            },
            "f1": {
                "mean": 0.2668295979499817,
                "std": 0.01756430039897541,
                "min": 0.25053340196609497,
                "max": 0.29399222135543823
            },
            "f1_weighted": {
                "mean": 0.3547064781188965,
                "std": 0.009984855163650674,
                "min": 0.34434378147125244,
                "max": 0.3692854642868042
            },
            "mrr": {
                "mean": 0.6004055261611938,
                "std": 0.005653183049357625,
                "min": 0.5970097780227661,
                "max": 0.6103459000587463
            },
            "top3_acc": {
                "mean": 0.7953380584716797,
                "std": 0.004368869189984697,
                "min": 0.789370059967041,
                "max": 0.8011810779571533
            },
            "ndcg_3": {
                "mean": 0.619160509109497,
                "std": 0.004084472572371473,
                "min": 0.615817129611969,
                "max": 0.6260484457015991
            },
            "top5_acc": {
                "mean": 0.9328290224075317,
                "std": 0.004334461215020045,
                "min": 0.9283182621002197,
                "max": 0.9389764070510864
            },
            "ndcg_5": {
                "mean": 0.6758278131484985,
                "std": 0.005671069458922182,
                "min": 0.6721511483192444,
                "max": 0.6855560541152954
            },
            "loss": {
                "mean": 1.580126976966858,
                "std": 0.015168961496274232,
                "min": 1.5643115043640137,
                "max": 1.6016013622283936
            }
        },
        "category": {
            "accuracy": {
                "mean": 0.5481159448623657,
                "std": 0.011570834924287189,
                "min": 0.5324519276618958,
                "max": 0.5598159432411194
            },
            "accuracy_macro": {
                "mean": 0.4460635781288147,
                "std": 0.015462112789785317,
                "min": 0.4299941956996918,
                "max": 0.468073308467865
            },
            "f1": {
                "mean": 0.45737714171409605,
                "std": 0.01643123209306104,
                "min": 0.4350360035896301,
                "max": 0.48001188039779663
            },
            "f1_weighted": {
                "mean": 0.5447770237922669,
                "std": 0.012305044306725604,
                "min": 0.5267446041107178,
                "max": 0.5561320185661316
            },
            "mrr": {
                "mean": 0.7326282739639283,
                "std": 0.0030332429576784303,
                "min": 0.7280791997909546,
                "max": 0.735466480255127
            },
            "top3_acc": {
                "mean": 0.9265331983566284,
                "std": 0.014566734935743075,
                "min": 0.9046154022216797,
                "max": 0.9406286478042603
            },
            "ndcg_3": {
                "mean": 0.7702545285224914,
                "std": 0.005531100684341893,