time pressure_lvl free_pct swap_total_MB swap_used_MB wired_GB child_rss_GB disk_int_GB disk_ssd_GB
14:10:22 1 81 4096 2806 3.1 0.0 16 10
14:10:23 1 81 4096 2806 3.0 0.3 16 10
14:10:24 1 81 4096 2806 3.0 0.4 16 10
14:10:25 1 81 4096 2806 3.0 3.4 16 10
14:10:26 1 81 4096 2806 3.0 8.5 16 10
14:10:28 1 59 4096 2806 3.0 6.2 16 10
14:10:29 1 63 4096 2806 3.0 8.1 16 10
14:10:30 1 70 4096 2806 3.0 10.3 16 10
14:10:31 1 68 4096 2806 3.0 9.2 16 10
14:10:32 1 65 4096 2806 3.0 8.8 16 10
14:10:34 1 51 4096 2806 3.1 4.6 16 10
14:10:35 2 39 4096 2806 4.3 2.3 16 10
14:10:36 2 34 4096 2951 7.3 2.4 16 10
14:10:37 2 41 4096 2951 7.3 2.7 16 10
14:10:38 2 42 4096 2951 7.3 2.9 16 10
14:10:39 2 42 4096 2951 7.3 3.1 16 10
14:10:40 2 43 4096 2951 7.3 3.2 16 10
14:10:41 2 43 4096 2951 7.3 3.4 16 10
14:10:42 2 44 4096 2951 7.3 3.4 16 10
14:10:43 2 44 4096 2951 7.3 3.5 16 10
14:10:44 2 44 4096 2951 7.3 3.6 16 10
14:10:45 2 45 4096 2951 7.3 3.6 16 10
14:10:47 2 45 4096 2951 7.3 3.7 16 10
14:10:48 2 45 4096 2951 7.3 3.7 16 10
14:10:49 2 45 4096 2951 7.3 3.8 16 10
14:10:50 2 45 4096 2951 7.3 3.8 16 10
14:10:51 2 46 4096 2951 7.3 3.8 16 10
14:10:52 2 46 4096 2951 7.3 3.8 16 10
14:10:53 2 46 4096 2951 7.3 3.8 16 10
14:10:54 2 46 4096 2951 7.3 3.8 16 10
14:10:55 2 46 4096 2951 7.3 3.8 16 10
14:10:56 2 46 4096 2951 7.3 3.8 16 10
14:10:57 2 46 4096 2951 7.3 3.8 16 10
14:10:58 2 46 4096 2951 7.3 3.9 16 10
14:10:59 2 46 4096 2951 7.3 3.9 16 10
14:11:00 2 46 4096 2951 7.4 3.9 16 10
14:11:02 2 46 4096 2951 7.4 3.9 16 10
14:11:03 2 46 4096 2951 7.4 3.9 16 10
14:11:04 2 46 4096 2951 7.3 3.9 16 10
14:11:05 2 46 4096 2951 7.3 3.9 16 10
14:11:06 2 46 4096 2951 7.3 3.9 16 10
14:11:07 2 46 4096 2951 7.3 3.9 16 10
14:11:08 2 46 4096 2951 7.3 3.9 16 10
14:11:09 2 46 4096 2951 7.3 3.9 16 10
14:11:10 2 46 4096 2951 7.3 3.9 16 10
14:11:11 2 46 4096 2951 7.3 3.9 16 10
14:11:12 2 46 4096 2951 7.3 3.9 16 10
14:11:13 2 46 4096 2951 7.3 3.9 16 10
14:11:14 2 46 4096 2951 7.3 3.9 16 10
14:11:15 2 46 4096 2951 7.3 3.9 16 10
14:11:16 1 46 4096 2951 7.3 3.9 16 10
14:11:17 1 46 4096 2951 7.4 3.9 16 10
14:11:19 1 47 4096 2951 7.3 3.9 16 10
14:11:20 1 47 4096 2951 7.3 3.8 16 10
14:11:21 1 42 4096 2951 8.8 3.9 16 10
14:11:22 1 46 4096 2951 7.4 3.9 16 10
14:11:23 1 50 4096 2951 6.3 3.9 16 10
14:11:24 1 49 4096 2951 6.4 3.9 16 10
14:11:25 1 51 4096 2951 6.3 3.9 16 10
14:11:26 1 51 4096 2951 6.3 3.9 16 10
14:11:27 1 51 4096 2951 6.3 4.0 16 10
14:11:28 1 52 4096 2951 5.8 4.1 16 10
14:11:29 1 53 4096 2951 5.8 4.3 16 10
14:11:30 1 54 4096 2951 5.8 4.4 16 10
14:11:31 1 54 4096 2951 5.8 4.5 16 10
14:11:32 1 49 4096 2951 7.5 4.5 16 10
14:11:33 1 46 4096 2951 8.6 4.6 16 10
14:11:34 1 48 4096 2951 7.8 4.6 16 10
14:11:35 1 48 4096 2951 7.8 4.6 16 10
14:11:37 1 48 4096 2951 7.8 4.6 16 10
14:11:38 1 48 4096 2951 7.8 4.6 16 10
14:11:39 1 48 4096 2951 7.8 4.6 16 10
14:11:40 1 48 4096 2951 7.8 4.6 16 10
14:11:41 1 48 4096 2951 7.8 4.6 16 10
14:11:42 1 48 4096 2951 7.9 4.6 16 10
14:11:43 1 49 4096 2951 7.7 4.6 16 10
14:11:44 1 48 4096 2951 7.8 4.6 16 10
14:11:45 1 48 4096 2951 7.9 4.6 16 10
14:11:46 1 48 4096 2951 7.9 4.6 16 10
14:11:47 1 48 4096 2951 7.8 4.6 16 10
14:11:48 1 48 4096 2951 7.8 4.6 16 10
14:11:49 1 48 4096 2951 7.8 4.6 16 10
14:11:50 1 48 4096 2951 7.8 4.6 16 10
14:11:51 1 49 4096 2951 7.7 4.6 16 10
14:11:53 1 49 4096 2951 7.7 4.6 16 10
14:11:54 1 49 4096 2951 7.7 4.6 16 10
14:11:55 1 49 4096 2951 7.7 4.6 16 10
14:11:56 1 49 4096 2951 7.7 4.6 16 10
14:11:57 1 50 4096 2951 7.4 4.6 16 10
14:11:58 1 49 4096 2951 7.4 4.6 16 10
14:11:59 1 49 4096 2951 7.5 4.6 16 10
14:12:00 1 49 4096 2951 7.5 4.6 16 10
14:12:01 1 49 4096 2951 7.5 4.6 16 10
14:12:02 1 49 4096 2951 7.5 4.6 16 10
14:12:03 1 50 4096 2951 7.4 4.6 16 10
14:12:04 1 49 4096 2951 7.5 4.6 16 10
14:12:05 1 49 4096 2951 7.5 4.6 16 10
14:12:06 1 50 4096 2951 7.5 4.6 16 10
14:12:07 1 50 4096 2951 7.5 4.6 16 10
14:12:08 1 50 4096 2951 7.4 4.6 16 10
14:12:10 1 50 4096 2951 7.5 4.6 16 10
14:12:11 1 50 4096 2951 7.5 4.6 16 10
14:12:12 1 50 4096 2951 7.4 4.6 16 10
14:12:13 1 50 4096 2951 7.5 4.6 16 10
14:12:14 1 50 4096 2951 7.5 4.6 16 10
14:12:15 1 50 4096 2951 7.4 4.6 16 10
14:12:16 1 50 4096 2951 7.4 4.6 16 10
14:12:17 1 50 4096 2951 7.4 4.6 16 10
14:12:18 1 46 4096 2951 8.7 4.5 16 10
14:12:19 1 50 4096 2951 7.4 4.5 16 10
14:12:20 1 53 4096 2951 6.3 4.5 16 10
14:12:21 1 53 4096 2951 6.4 4.5 16 10
14:12:22 1 53 4096 2951 6.2 4.5 16 10
14:12:23 1 53 4096 2951 6.2 4.5 16 10
14:12:24 1 52 4096 2951 6.7 4.5 16 10
14:12:26 1 53 4096 2951 6.5 4.5 16 10
14:12:27 1 53 4096 2951 6.4 4.5 16 10
14:12:28 1 53 4096 2951 6.4 4.5 16 10
14:12:29 1 49 4096 2951 7.6 4.5 16 10
14:12:30 1 49 4096 2951 7.7 4.5 16 10
14:12:31 1 46 4096 2951 8.6 4.6 16 10
14:12:32 1 49 4096 2951 7.8 4.6 16 10
14:12:33 1 49 4096 2951 7.8 4.6 16 10
14:12:34 1 49 4096 2951 7.8 4.6 16 10
14:12:35 1 49 4096 2951 7.8 4.6 16 10
14:12:36 1 49 4096 2951 7.8 4.6 16 10
14:12:37 1 49 4096 2951 7.8 4.6 16 10
14:12:38 1 49 4096 2951 7.8 4.6 16 10
14:12:39 1 49 4096 2951 7.7 4.6 16 10
14:12:40 1 49 4096 2951 7.7 4.6 16 10
14:12:41 1 49 4096 2951 7.7 4.6 16 10
14:12:43 1 49 4096 2951 7.7 4.6 16 10
14:12:44 1 49 4096 2951 7.7 4.6 16 10
14:12:45 1 49 4096 2951 7.7 4.6 16 10
14:12:46 1 49 4096 2951 7.7 4.6 16 10
14:12:47 1 49 4096 2951 7.7 4.6 16 10
14:12:48 1 49 4096 2951 7.7 4.6 16 10
14:12:49 1 49 4096 2951 7.7 4.6 16 10
14:12:50 1 49 4096 2951 7.7 4.6 16 10
14:12:51 1 49 4096 2951 7.7 4.6 16 10
14:12:52 1 49 4096 2951 7.7 4.6 16 10
14:12:53 1 50 4096 2951 7.4 4.6 16 10
14:12:54 1 50 4096 2951 7.4 4.6 16 10
14:12:55 1 50 4096 2951 7.4 4.6 16 10
14:12:56 1 50 4096 2951 7.4 4.6 16 10
14:12:57 1 50 4096 2951 7.5 4.6 16 10
14:12:59 1 50 4096 2951 7.4 4.6 16 10
14:13:00 1 50 4096 2951 7.4 4.6 16 10
14:13:01 1 50 4096 2951 7.4 4.6 16 10
14:13:02 1 50 4096 2951 7.4 4.6 16 10
14:13:03 1 50 4096 2951 7.4 4.6 16 10
14:13:04 1 50 4096 2951 7.5 4.6 16 10
14:13:05 1 50 4096 2951 7.5 4.6 16 10
14:13:06 1 50 4096 2951 7.4 4.6 16 10
14:13:07 1 50 4096 2951 7.4 4.6 16 10
14:13:08 1 50 4096 2951 7.4 4.6 16 10
14:13:09 1 50 4096 2951 7.4 4.6 16 10
14:13:10 1 50 4096 2951 7.4 4.6 16 10
14:13:11 1 50 4096 2951 7.5 4.6 16 10
14:13:12 1 50 4096 2951 7.4 4.6 16 10
14:13:13 1 50 4096 2951 7.4 4.6 16 10
14:13:15 1 50 4096 2951 7.4 4.5 16 10
14:13:16 1 46 4096 2951 8.9 4.5 16 10
14:13:17 1 53 4096 2951 6.3 4.5 16 10
14:13:18 1 53 4096 2951 6.3 4.5 16 10
14:13:19 1 53 4096 2951 6.3 4.5 16 10
14:13:20 1 53 4096 2951 6.2 4.5 16 10
14:13:21 1 53 4096 2951 6.2 4.5 16 10
14:13:22 1 52 4096 2951 6.6 4.5 16 10
14:13:23 1 53 4096 2951 6.5 4.5 16 10
14:13:24 1 53 4096 2951 6.4 4.5 16 10
14:13:25 1 53 4096 2951 6.4 4.5 16 10
14:13:26 1 49 4096 2951 7.7 4.5 16 10
14:13:27 1 50 4096 2951 7.5 4.6 16 10
14:13:28 1 47 4096 2951 8.6 4.6 16 10
14:13:29 1 49 4096 2951 7.8 4.6 16 10
14:13:30 1 49 4096 2951 7.8 4.6 16 10
14:13:31 1 49 4096 2951 7.8 4.6 16 10
14:13:32 1 49 4096 2951 7.8 4.6 16 10
14:13:34 1 49 4096 2951 7.8 4.6 16 10
14:13:35 1 49 4096 2951 7.8 4.6 16 10
14:13:36 1 49 4096 2951 7.8 4.6 16 10
14:13:37 1 49 4096 2951 7.8 4.6 16 10
14:13:38 1 49 4096 2951 7.8 4.6 16 10
14:13:39 1 49 4096 2951 7.7 4.6 16 10
14:13:40 1 49 4096 2951 7.7 4.6 16 10
14:13:41 1 49 4096 2951 7.7 4.6 16 10
14:13:42 1 49 4096 2951 7.7 4.6 16 10
14:13:43 1 49 4096 2951 7.7 4.6 16 10
14:13:44 1 50 4096 2951 7.7 4.6 16 10
14:13:45 1 49 4096 2951 7.7 4.6 16 10
14:13:46 1 49 4096 2951 7.8 4.6 16 10
14:13:47 1 49 4096 2951 7.7 4.6 16 10
14:13:48 1 49 4096 2951 7.7 4.6 16 10
14:13:50 1 49 4096 2951 7.7 4.6 16 10
14:13:51 1 50 4096 2951 7.5 4.6 16 10
14:13:52 1 50 4096 2951 7.5 4.6 16 10
14:13:53 1 50 4096 2951 7.5 4.6 16 10
14:13:54 1 50 4096 2951 7.5 4.6 16 10
14:13:55 1 50 4096 2951 7.4 4.6 16 10
14:13:56 1 50 4096 2951 7.4 4.6 16 10
14:13:57 1 50 4096 2951 7.4 4.6 16 10
14:13:58 1 50 4096 2951 7.4 4.6 16 10
14:13:59 1 50 4096 2951 7.4 4.6 16 10
14:14:00 1 50 4096 2951 7.4 4.6 16 10
14:14:01 1 50 4096 2951 7.5 4.6 16 10
14:14:02 1 50 4096 2951 7.4 4.6 16 10
14:14:03 1 50 4096 2951 7.4 4.6 16 10
14:14:05 1 50 4096 2951 7.4 4.6 16 10
14:14:06 1 50 4096 2951 7.4 4.6 16 10
14:14:07 1 50 4096 2951 7.4 4.6 16 10
14:14:08 1 50 4096 2951 7.4 4.6 16 10
14:14:09 1 50 4096 2951 7.5 4.6 16 10
14:14:10 1 50 4096 2951 7.4 4.6 16 10
14:14:11 1 50 4096 2951 7.4 4.6 16 10
14:14:12 1 50 4096 2951 7.5 4.5 16 10
14:14:13 1 47 4096 2951 8.6 4.5 16 10
14:14:14 1 54 4096 2951 6.3 4.5 16 10
14:14:15 1 54 4096 2951 6.3 4.5 16 10
14:14:16 1 54 4096 2951 6.3 4.5 16 10
14:14:17 1 54 4096 2951 6.2 4.5 16 10
14:14:18 1 53 4096 2951 6.7 4.5 16 10
14:14:19 1 53 4096 2951 6.5 4.5 16 10
14:14:20 1 53 4096 2951 6.4 4.5 16 10
14:14:21 1 53 4096 2951 6.4 4.5 16 10
14:14:23 1 54 4096 2951 6.4 4.5 16 10
14:14:24 1 51 4096 2951 7.3 4.6 16 10
14:14:25 1 48 4096 2951 8.6 4.6 16 10
14:14:26 1 50 4096 2951 7.8 4.6 16 10
14:14:27 1 50 4096 2951 7.8 4.6 16 10
14:14:28 1 50 4096 2951 7.8 4.6 16 10
14:14:29 1 50 4096 2951 7.8 4.6 16 10
14:14:30 1 50 4096 2951 7.8 4.6 16 10
14:14:31 1 50 4096 2951 7.8 4.6 16 10
14:14:32 1 50 4096 2951 7.8 4.6 16 10
14:14:33 1 50 4096 2951 7.8 4.6 16 10
14:14:34 1 51 4096 2951 7.7 4.6 16 10
14:14:35 1 51 4096 2951 7.7 4.6 16 10
14:14:36 1 50 4096 2951 7.7 4.6 16 10
14:14:37 1 50 4096 2951 7.7 4.6 16 10
14:14:38 1 51 4096 2951 7.7 4.6 16 10
14:14:40 1 51 4096 2951 7.7 4.6 16 10
14:14:41 1 51 4096 2951 7.7 4.6 16 10
14:14:42 1 51 4096 2951 7.7 4.6 16 10
14:14:43 1 50 4096 2951 7.7 4.6 16 10
14:14:44 1 50 4096 2951 7.7 4.6 16 10
14:14:45 1 50 4096 2951 7.7 4.6 16 10
14:14:46 1 51 4096 2951 7.7 4.6 16 10
14:14:47 1 51 4096 2951 7.7 4.6 16 10
14:14:48 1 51 4096 2951 7.4 4.6 16 10
14:14:49 1 51 4096 2951 7.4 4.6 16 10
14:14:50 1 51 4096 2951 7.5 4.6 16 10
14:14:51 1 51 4096 2951 7.5 4.6 16 10
14:14:52 1 51 4096 2951 7.5 4.6 16 10
14:14:53 1 51 4096 2951 7.4 4.6 16 10
14:14:54 1 51 4096 2951 7.5 4.6 16 10
14:14:55 1 51 4096 2951 7.4 4.6 16 10
14:14:57 1 51 4096 2951 7.4 4.6 16 10
14:14:58 1 51 4096 2951 7.4 4.6 16 10
14:14:59 1 51 4096 2951 7.5 4.6 16 10
14:15:00 1 51 4096 2951 7.5 4.6 16 10
14:15:01 1 51 4096 2951 7.4 4.6 16 10
14:15:02 1 51 4096 2951 7.5 4.6 16 10
14:15:03 1 51 4096 2951 7.4 4.6 16 10
14:15:04 1 51 4096 2951 7.4 4.6 16 10
14:15:05 1 51 4096 2951 7.5 4.6 16 10
14:15:06 1 51 4096 2951 7.4 4.6 16 10
14:15:07 1 51 4096 2951 7.5 4.6 16 10
14:15:08 1 51 4096 2951 7.5 4.6 16 10
14:15:09 1 51 4096 2951 7.5 4.6 16 10
14:15:10 1 51 4096 2951 7.5 4.6 16 10
14:15:11 1 51 4096 2951 7.5 4.6 16 10
14:15:12 1 47 4096 2951 8.7 4.6 16 10
14:15:14 1 55 4096 2951 6.3 4.6 16 10
14:15:15 1 55 4096 2951 6.3 4.6 16 10
14:15:16 1 54 4096 2951 6.4 4.6 16 10
14:15:17 1 55 4096 2951 6.3 4.6 16 10
14:15:18 1 53 4096 2951 6.7 4.6 16 10
14:15:19 1 54 4096 2951 6.6 4.6 16 10
14:15:20 1 54 4096 2951 6.4 4.6 16 10
14:15:21 1 54 4096 2951 6.5 4.6 16 10
14:15:22 1 54 4096 2951 6.4 4.6 16 10
14:15:23 1 52 4096 2951 7.3 4.6 16 10
14:15:24 1 48 4096 2951 8.6 4.6 16 10
14:15:25 1 50 4096 2951 7.8 4.6 16 10
14:15:26 1 50 4096 2951 7.8 4.6 16 10
14:15:27 1 51 4096 2951 7.8 4.6 16 10
14:15:28 1 50 4096 2951 7.8 4.6 16 10
14:15:29 1 50 4096 2951 7.9 4.6 16 10
14:15:30 1 50 4096 2951 7.8 4.6 16 10
14:15:32 1 50 4096 2951 7.8 4.6 16 10
14:15:33 1 50 4096 2951 7.8 4.6 16 10
14:15:34 1 50 4096 2951 7.9 4.6 16 10
14:15:35 1 50 4096 2951 7.8 4.6 16 10
14:15:36 1 50 4096 2951 7.7 4.6 16 10
14:15:37 1 50 4096 2951 7.7 4.6 16 10
14:15:38 1 50 4096 2951 7.7 4.6 16 10
14:15:39 1 50 4096 2951 7.7 4.6 16 10
14:15:40 1 50 4096 2951 7.7 4.6 16 10
14:15:41 1 50 4096 2951 7.7 4.6 16 10
14:15:42 1 50 4096 2951 7.7 4.6 16 10
14:15:43 1 50 4096 2951 7.8 4.6 16 10
14:15:44 1 50 4096 2951 7.7 4.6 16 10
14:15:45 1 50 4096 2951 7.7 4.6 16 10
14:15:46 1 51 4096 2951 7.7 4.6 16 10
14:15:48 1 51 4096 2951 7.5 4.6 16 10
14:15:49 1 51 4096 2951 7.4 4.6 16 10
14:15:50 1 51 4096 2951 7.4 4.6 16 10
14:15:51 1 51 4096 2951 7.5 4.6 16 10
14:15:52 1 51 4096 2951 7.5 4.6 16 10
14:15:53 1 51 4096 2951 7.5 4.6 16 10
14:15:54 1 51 4096 2951 7.5 4.6 16 10
14:15:55 1 51 4096 2951 7.5 4.6 16 10
14:15:56 1 51 4096 2951 7.4 4.6 16 10
14:15:57 1 51 4096 2951 7.5 4.6 16 10
14:15:58 1 51 4096 2951 7.4 4.6 16 10
14:15:59 1 51 4096 2951 7.5 4.6 16 10
14:16:00 1 51 4096 2951 7.5 4.6 16 10
14:16:01 1 51 4096 2951 7.5 4.6 16 10
14:16:02 1 51 4096 2951 7.4 4.6 16 10
14:16:03 1 51 4096 2951 7.5 4.6 16 10
14:16:05 1 51 4096 2951 7.5 4.6 16 10
14:16:06 1 51 4096 2951 7.4 4.6 16 10
14:16:07 1 51 4096 2951 7.5 4.6 16 10
14:16:08 1 51 4096 2951 7.5 4.6 16 10
14:16:09 1 51 4096 2951 7.5 4.6 16 10
14:16:10 1 51 4096 2951 7.5 4.6 16 10
14:16:11 1 51 4096 2951 7.5 4.6 16 10
14:16:12 1 47 4096 2951 8.8 4.6 16 10
14:16:13 1 55 4096 2951 6.3 4.6 16 10
14:16:14 1 55 4096 2951 6.3 4.6 16 10
14:16:15 1 55 4096 2951 6.3 4.6 16 10
14:16:16 1 55 4096 2951 6.2 4.6 16 10
14:16:17 1 55 4096 2951 6.3 4.6 16 10
14:16:18 1 53 4096 2951 6.7 4.6 16 10
14:16:19 1 54 4096 2951 6.5 4.6 16 10
14:16:20 1 54 4096 2951 6.4 4.6 16 10
14:16:21 1 54 4096 2951 6.4 4.6 16 10
14:16:22 1 51 4096 2951 7.7 4.6 16 10
14:16:24 1 48 4096 2951 8.6 4.6 16 10
14:16:25 1 47 4096 2951 7.9 4.6 16 10
14:16:26 1 50 4096 2951 7.8 4.6 16 10
14:16:27 1 50 4096 2951 7.8 4.6 16 10
14:16:28 1 50 4096 2951 7.8 4.6 16 10
14:16:29 1 50 4096 2951 7.8 4.6 16 10
14:16:30 1 50 4096 2951 7.8 4.6 16 10
14:16:31 1 50 4096 2951 7.8 4.6 16 10
14:16:32 1 50 4096 2951 7.8 4.6 16 10
14:16:33 1 51 4096 2951 7.7 4.6 16 10
14:16:34 1 51 4096 2951 7.7 4.6 16 10
14:16:35 1 51 4096 2951 7.7 4.6 16 10
14:16:36 1 50 4096 2951 7.7 4.6 16 10
14:16:37 1 50 4096 2951 7.8 4.6 16 10
14:16:38 1 51 4096 2951 7.7 4.6 16 10
14:16:39 1 51 4096 2951 7.7 4.6 16 10
14:16:41 1 51 4096 2951 7.7 4.6 16 10
14:16:42 1 51 4096 2951 7.7 4.6 16 10
14:16:43 1 51 4096 2951 7.7 4.6 16 10
14:16:44 1 51 4096 2951 7.7 4.6 16 10
14:16:45 1 51 4096 2951 7.7 4.6 16 10
14:16:46 1 51 4096 2951 7.7 4.6 16 10
14:16:47 1 51 4096 2951 7.4 4.6 16 10
14:16:48 1 51 4096 2951 7.4 4.6 16 10
14:16:49 1 51 4096 2951 7.5 4.6 16 10
14:16:50 1 51 4096 2951 7.5 4.6 16 10
14:16:51 1 51 4096 2951 7.5 4.6 16 10
14:16:52 1 51 4096 2951 7.5 4.6 16 10
14:16:53 1 51 4096 2951 7.4 4.6 16 10
14:16:54 1 51 4096 2951 7.4 4.6 16 10
14:16:55 1 51 4096 2951 7.4 4.6 16 10
14:16:57 1 51 4096 2951 7.5 4.6 16 10
14:16:58 1 51 4096 2951 7.5 4.6 16 10
14:16:59 1 51 4096 2951 7.5 4.6 16 10
14:17:00 1 51 4096 2951 7.4 4.6 16 10
14:17:01 1 51 4096 2951 7.4 4.6 16 10
14:17:02 1 51 4096 2951 7.4 4.6 16 10
14:17:03 1 51 4096 2951 7.4 4.6 16 10
14:17:04 1 51 4096 2951 7.4 4.6 16 10
14:17:05 1 51 4096 2951 7.4 4.6 16 10
14:17:06 1 51 4096 2951 7.4 4.6 16 10
14:17:07 1 51 4096 2951 7.4 4.6 16 10
14:17:08 1 51 4096 2951 8.7 4.6 16 10
14:17:09 1 47 4096 2951 8.8 4.6 16 10
14:17:10 1 55 4096 2951 6.3 4.6 16 10
14:17:11 1 55 4096 2951 6.3 4.6 16 10
14:17:12 1 55 4096 2951 6.3 4.6 16 10
14:17:13 1 55 4096 2951 6.2 4.6 16 10
14:17:15 1 54 4096 2951 6.7 4.6 16 10
14:17:16 1 54 4096 2951 6.6 4.6 16 10
14:17:17 1 54 4096 2951 6.4 4.6 16 10
14:17:18 1 54 4096 2951 6.4 4.6 16 10
14:17:19 1 54 4096 2951 6.4 4.6 16 10
14:17:20 1 52 4096 2951 7.3 4.6 16 10
14:17:21 1 48 4096 2951 8.6 4.6 16 10
14:17:22 1 50 4096 2951 7.9 4.6 16 10
14:17:23 1 50 4096 2951 7.8 4.6 16 10
14:17:24 1 50 4096 2951 7.8 4.6 16 10
14:17:25 1 50 4096 2951 7.8 4.6 16 10
14:17:26 1 50 4096 2951 7.9 4.6 16 10
14:17:27 1 50 4096 2951 7.8 4.6 16 10
14:17:28 1 50 4096 2951 7.8 4.6 16 10
14:17:29 1 51 4096 2951 7.7 4.6 16 10
14:17:30 1 51 4096 2951 7.7 4.6 16 10
14:17:32 1 51 4096 2951 7.7 4.6 16 10
14:17:33 1 51 4096 2951 7.7 4.6 16 10
14:17:34 1 51 4096 2951 7.7 4.6 16 10
14:17:35 1 51 4096 2951 7.7 4.6 16 10
14:17:36 1 51 4096 2951 7.7 4.6 16 10
14:17:37 1 51 4096 2951 7.7 4.6 16 10
14:17:38 1 51 4096 2951 7.7 4.6 16 10
14:17:39 1 51 4096 2951 7.7 4.6 16 10
14:17:40 1 51 4096 2951 7.7 4.6 16 10
14:17:41 1 51 4096 2951 7.7 4.6 16 10
14:17:42 1 51 4096 2951 7.7 4.6 16 10
14:17:43 1 51 4096 2951 7.4 4.6 16 10
14:17:44 1 51 4096 2951 7.4 4.6 16 10
14:17:45 1 51 4096 2951 7.4 4.6 16 10
14:17:46 1 51 4096 2951 7.4 4.6 16 10
14:17:48 1 51 4096 2951 7.5 4.6 16 10
14:17:49 1 51 4096 2951 7.5 4.6 16 10
14:17:50 1 51 4096 2951 7.4 4.6 16 10
14:17:51 1 51 4096 2951 7.4 4.6 16 10
14:17:52 1 51 4096 2951 7.4 4.6 16 10
14:17:53 1 51 4096 2951 7.4 4.6 16 10
14:17:54 1 51 4096 2951 7.5 4.6 16 10
14:17:55 1 51 4096 2951 7.5 4.6 16 10
14:17:56 1 51 4096 2951 7.4 4.6 16 10
14:17:57 1 51 4096 2951 7.5 4.6 16 10
14:17:58 1 51 4096 2951 7.4 4.6 16 10
14:17:59 1 51 4096 2951 7.4 4.6 16 10
14:18:00 1 51 4096 2951 7.5 4.6 16 10
14:18:01 1 51 4096 2951 7.5 4.6 16 10
14:18:02 1 51 4096 2951 7.4 4.6 16 10
14:18:04 1 51 4096 2951 7.4 4.6 16 10
14:18:05 1 51 4096 2951 7.5 4.6 16 10
14:18:06 1 47 4096 2951 8.8 4.6 16 10
14:18:07 1 55 4096 2951 6.3 4.6 16 10
14:18:08 1 55 4096 2951 6.3 4.6 16 10
14:18:09 1 55 4096 2951 6.3 4.6 16 10
14:18:10 1 55 4096 2951 6.3 4.6 16 10
14:18:11 1 55 4096 2951 6.3 4.6 16 10
14:18:12 1 54 4096 2951 6.7 4.6 16 10
14:18:13 1 54 4096 2951 6.5 4.6 16 10
14:18:14 1 55 4096 2951 6.4 4.6 16 10
14:18:15 1 54 4096 2951 6.4 4.6 16 10
14:18:16 1 51 4096 2951 7.6 4.6 16 10
14:18:17 1 55 4096 2951 6.1 4.6 16 10
14:18:18 1 48 4096 2951 8.7 4.6 16 10
14:18:19 1 50 4096 2951 7.8 4.6 16 10
14:18:20 1 50 4096 2951 7.8 4.6 16 10
14:18:21 1 50 4096 2951 7.8 4.6 16 10
14:18:23 1 50 4096 2951 7.8 4.6 16 10
14:18:24 1 50 4096 2951 7.8 4.6 16 10
14:18:25 1 50 4096 2951 7.8 4.6 16 10
14:18:26 1 50 4096 2951 7.8 4.6 16 10
14:18:27 1 50 4096 2951 7.7 4.6 16 10
14:18:28 1 51 4096 2951 7.7 4.6 16 10
14:18:29 1 51 4096 2951 7.7 4.6 16 10
14:18:30 1 51 4096 2951 7.7 4.6 16 10
14:18:31 1 51 4096 2951 7.7 4.6 16 10
14:18:32 1 51 4096 2951 7.7 4.6 16 10
14:18:33 1 51 4096 2951 7.7 4.6 16 10
14:18:34 1 51 4096 2951 7.7 4.6 16 10
14:18:35 1 51 4096 2951 7.7 4.6 16 10
14:18:36 1 51 4096 2951 7.7 4.6 16 10
14:18:37 1 51 4096 2951 7.7 4.6 16 10
14:18:39 1 51 4096 2951 7.7 4.6 16 10
14:18:40 1 51 4096 2951 7.7 4.6 16 10
14:18:41 1 51 4096 2951 7.4 4.6 16 10
14:18:42 1 51 4096 2951 7.4 4.6 16 10
14:18:43 1 51 4096 2951 7.4 4.6 16 10
14:18:44 1 51 4096 2951 7.5 4.6 16 10
14:18:45 1 51 4096 2951 7.5 4.6 16 10
14:18:46 1 51 4096 2951 7.5 4.6 16 10
14:18:47 1 51 4096 2951 7.4 4.6 16 10
14:18:48 1 51 4096 2951 7.4 4.6 16 10
14:18:49 1 51 4096 2951 7.4 4.6 16 10
14:18:50 1 51 4096 2951 7.4 4.6 16 10
14:18:51 1 51 4096 2951 7.5 4.6 16 10
14:18:52 1 51 4096 2951 7.5 4.6 16 10
14:18:53 1 51 4096 2951 7.5 4.6 16 10
14:18:55 1 51 4096 2951 7.5 4.6 16 10
14:18:56 1 51 4096 2951 7.4 4.6 16 10
14:18:57 1 51 4096 2951 7.4 4.6 16 10
14:18:58 1 51 4096 2951 7.4 4.6 16 10
14:18:59 1 51 4096 2951 7.5 4.6 16 10
14:19:00 1 51 4096 2951 7.4 4.6 16 10
14:19:01 1 51 4096 2951 7.4 4.6 16 10
14:19:02 1 51 4096 2951 7.5 4.6 16 10
14:19:03 1 47 4096 2951 8.8 4.6 16 10
14:19:04 1 55 4096 2951 6.3 4.6 16 10
14:19:05 1 55 4096 2951 6.3 4.6 16 10
14:19:06 1 55 4096 2951 6.3 4.6 16 10
14:19:07 1 55 4096 2951 6.3 4.6 16 10
14:19:08 1 55 4096 2951 6.2 4.6 16 10
14:19:09 1 54 4096 2951 6.7 4.6 16 10
14:19:10 1 54 4096 2951 6.5 4.6 16 10
14:19:11 1 54 4096 2951 6.4 4.6 16 10
14:19:12 1 54 4096 2951 6.4 4.6 16 10
14:19:14 1 51 4096 2951 7.7 4.6 16 10
14:19:15 1 48 4096 2951 8.6 4.6 16 10
14:19:16 1 50 4096 2951 7.8 4.6 16 10
14:19:17 1 50 4096 2951 7.8 4.6 16 10
14:19:18 1 50 4096 2951 7.8 4.6 16 10
14:19:19 1 50 4096 2951 7.8 4.6 16 10
14:19:20 1 50 4096 2951 7.8 4.6 16 10
14:19:21 1 50 4096 2951 7.8 4.6 16 10
14:19:22 1 50 4096 2951 7.8 4.6 16 10
14:19:23 1 50 4096 2951 7.8 4.6 16 10
14:19:24 1 50 4096 2951 7.8 4.6 16 10
14:19:25 1 50 4096 2951 7.8 4.6 16 10
14:19:26 1 51 4096 2951 7.7 4.6 16 10
14:19:27 1 51 4096 2951 7.7 4.6 16 10
14:19:28 1 51 4096 2951 7.7 4.6 16 10
14:19:30 1 51 4096 2951 7.7 4.6 16 10
14:19:31 1 51 4096 2951 7.7 4.6 16 10
14:19:32 1 51 4096 2951 7.7 4.6 16 10
14:19:33 1 51 4096 2951 7.7 4.6 16 10
14:19:34 1 51 4096 2951 7.7 4.6 16 10
14:19:35 1 51 4096 2951 7.7 4.6 16 10
14:19:36 1 51 4096 2951 7.7 4.6 16 10
14:19:37 1 51 4096 2951 7.7 4.6 16 10
14:19:38 1 51 4096 2951 7.4 4.6 16 10
14:19:39 1 51 4096 2951 7.4 4.6 16 10
14:19:40 1 51 4096 2951 7.4 4.6 16 10
14:19:41 1 51 4096 2951 7.5 4.6 16 10
14:19:42 1 51 4096 2951 7.5 4.6 16 10
14:19:43 1 51 4096 2951 7.4 4.6 16 10
14:19:44 1 51 4096 2951 7.4 4.6 16 10
14:19:46 1 51 4096 2951 7.4 4.6 16 10
14:19:47 1 51 4096 2951 7.4 4.6 16 10
14:19:48 1 51 4096 2951 7.4 4.6 16 10
14:19:49 1 51 4096 2951 7.6 4.6 16 10
14:19:50 1 51 4096 2951 7.5 4.6 16 10
14:19:51 1 51 4096 2951 7.5 4.6 16 10
14:19:52 1 51 4096 2951 7.4 4.6 16 10
14:19:53 1 51 4096 2951 7.4 4.6 16 10
14:19:54 1 51 4096 2951 7.4 4.6 16 10
14:19:55 1 51 4096 2951 7.4 4.6 16 10
14:19:56 1 51 4096 2951 7.5 4.6 16 10
14:19:57 1 51 4096 2951 7.4 4.6 16 10
14:19:58 1 51 4096 2951 7.5 4.6 16 10
14:19:59 1 48 4096 2951 8.7 4.6 16 10
14:20:01 1 47 4096 2951 8.8 4.6 16 10
14:20:02 1 55 4096 2951 6.3 4.6 16 10
14:20:03 1 55 4096 2951 6.3 4.6 16 10
14:20:04 1 55 4096 2951 6.3 4.6 16 10
14:20:05 1 55 4096 2951 6.2 4.6 16 10
14:20:06 1 54 4096 2951 6.7 4.6 16 10
14:20:07 1 54 4096 2951 6.6 4.6 16 10
14:20:08 1 55 4096 2951 6.4 4.6 16 10
14:20:09 1 54 4096 2951 6.4 4.6 16 10
14:20:10 1 55 4096 2951 6.4 4.6 16 10
14:20:11 1 52 4096 2951 7.3 4.6 16 10
14:20:12 1 48 4096 2951 8.6 4.6 16 10
14:20:13 1 50 4096 2951 7.8 4.6 16 10
14:20:14 1 50 4096 2951 7.8 4.6 16 10
14:20:15 1 50 4096 2951 7.8 4.6 16 10
14:20:16 1 50 4096 2951 7.8 4.6 16 10
14:20:17 1 50 4096 2951 7.8 4.6 16 10
14:20:18 1 50 4096 2951 7.8 4.6 16 10
14:20:20 1 50 4096 2951 7.8 4.6 16 10
14:20:21 1 50 4096 2951 7.8 4.6 16 10
14:20:22 1 50 4096 2951 7.8 4.6 16 10
14:20:23 1 50 4096 2951 7.9 4.6 16 10
14:20:24 1 51 4096 2951 7.8 4.6 16 10
14:20:25 1 51 4096 2951 7.7 4.6 16 10
14:20:26 1 51 4096 2951 7.7 4.6 16 10
14:20:27 1 51 4096 2951 7.7 4.6 16 10
14:20:28 1 51 4096 2951 7.7 4.6 16 10
14:20:29 1 51 4096 2951 7.7 4.6 16 10
14:20:30 1 51 4096 2951 7.7 4.6 16 10
14:20:31 1 51 4096 2951 7.7 4.6 16 10
14:20:32 1 51 4096 2951 7.7 4.6 16 10
14:20:33 1 51 4096 2951 7.7 4.6 16 10
14:20:34 1 51 4096 2951 7.5 4.6 16 10
14:20:36 1 51 4096 2951 7.5 4.6 16 10
14:20:37 1 51 4096 2951 7.4 4.6 16 10
14:20:38 1 51 4096 2951 7.5 4.6 16 10
14:20:39 1 51 4096 2951 7.5 4.6 16 10
14:20:40 1 51 4096 2951 7.5 4.6 16 10
14:20:41 1 51 4096 2951 7.5 4.6 16 10
14:20:42 1 51 4096 2951 7.4 4.6 16 10
14:20:43 1 51 4096 2951 7.4 4.6 16 10
14:20:44 1 51 4096 2951 7.5 4.6 16 10
14:20:45 1 51 4096 2951 7.5 4.6 16 10
14:20:46 1 51 4096 2951 7.5 4.6 16 10
14:20:47 1 51 4096 2951 7.4 4.6 16 10
14:20:48 1 51 4096 2951 7.5 4.6 16 10
14:20:49 1 51 4096 2951 7.4 4.6 16 10
14:20:50 1 51 4096 2951 7.4 4.6 16 10
14:20:51 1 51 4096 2951 7.4 4.6 16 10
14:20:53 1 51 4096 2951 7.6 4.6 16 10
14:20:54 1 51 4096 2951 7.5 4.6 16 10
14:20:55 1 51 4096 2951 7.5 4.6 16 10
14:20:56 1 51 4096 2951 7.5 4.6 16 10
14:20:57 1 47 4096 2951 8.8 4.6 16 10
14:20:58 1 55 4096 2951 6.3 4.6 16 10
14:20:59 1 55 4096 2951 6.3 4.6 16 10
14:21:00 1 55 4096 2951 6.4 4.6 16 10
14:21:01 1 55 4096 2951 6.3 4.6 16 10
14:21:02 1 55 4096 2951 6.3 4.6 16 10
14:21:03 1 54 4096 2951 6.7 4.6 16 10
14:21:04 1 54 4096 2951 6.5 4.6 16 10
14:21:05 1 54 4096 2951 6.4 4.6 16 10
14:21:06 1 54 4096 2951 6.4 4.6 16 10
14:21:07 1 51 4096 2951 7.6 4.6 16 10
14:21:08 1 55 4096 2951 6.1 4.6 16 10
14:21:09 1 48 4096 2951 8.6 4.6 16 10
14:21:11 1 50 4096 2951 7.8 4.6 16 10
14:21:12 1 50 4096 2951 7.8 4.6 16 10
14:21:13 1 50 4096 2951 7.8 4.6 16 10
14:21:14 1 50 4096 2951 7.8 4.6 16 10
14:21:15 1 50 4096 2951 7.8 4.6 16 10
14:21:16 1 50 4096 2951 7.8 4.6 16 10
14:21:17 1 50 4096 2951 7.8 4.6 16 10
14:21:18 1 51 4096 2951 7.7 4.6 16 10
14:21:19 1 51 4096 2951 7.7 4.6 16 10
14:21:20 1 51 4096 2951 7.7 4.6 16 10
14:21:21 1 51 4096 2951 7.7 4.6 16 10
14:21:22 1 51 4096 2951 7.7 4.6 16 10
14:21:23 1 51 4096 2951 7.7 4.6 16 10
14:21:24 1 51 4096 2951 7.7 4.6 16 10
14:21:25 1 51 4096 2951 7.7 4.6 16 10
14:21:26 1 51 4096 2951 7.7 4.6 16 10
14:21:28 1 51 4096 2951 7.7 4.6 16 10
14:21:29 1 51 4096 2951 7.7 4.6 16 10
14:21:30 1 51 4096 2951 7.7 4.6 16 10
14:21:31 1 51 4096 2951 7.7 4.6 16 10
14:21:32 1 51 4096 2951 7.5 4.6 16 10
14:21:33 1 51 4096 2951 7.4 4.6 16 10
14:21:34 1 51 4096 2951 7.4 4.6 16 10
14:21:35 1 51 4096 2951 7.5 4.6 16 10
14:21:36 1 51 4096 2951 7.5 4.6 16 10
14:21:37 1 51 4096 2951 7.5 4.6 16 10
14:21:38 1 51 4096 2951 7.5 4.6 16 10
14:21:39 1 51 4096 2951 7.5 4.6 16 10
14:21:40 1 51 4096 2951 7.4 4.6 16 10
14:21:41 1 51 4096 2951 7.4 4.6 16 10
14:21:42 1 51 4096 2951 7.5 4.6 16 10
14:21:44 1 51 4096 2951 7.5 4.6 16 10
14:21:45 1 51 4096 2951 7.4 4.6 16 10
14:21:46 1 51 4096 2951 7.5 4.6 16 10
14:21:47 1 51 4096 2951 7.4 4.6 16 10
14:21:48 1 51 4096 2951 7.4 4.6 16 10
14:21:49 1 51 4096 2951 7.4 4.6 16 10
14:21:50 1 51 4096 2951 7.5 4.6 16 10
14:21:51 1 51 4096 2951 7.5 4.6 16 10
14:21:52 1 51 4096 2951 7.5 4.6 16 10
14:21:53 1 51 4096 2951 7.5 4.6 16 10
14:21:54 1 47 4096 2951 8.9 4.6 16 10
14:21:55 1 55 4096 2951 6.3 4.6 16 10
14:21:56 1 55 4096 2951 6.3 4.6 16 10
14:21:57 1 55 4096 2951 6.4 4.6 16 10
14:21:58 1 55 4096 2951 6.3 4.6 16 10
14:21:59 1 55 4096 2951 6.2 4.6 16 10
14:22:00 1 54 4096 2951 6.6 4.6 16 10
14:22:02 1 54 4096 2951 6.6 4.6 16 10
14:22:03 1 54 4096 2951 6.5 4.6 16 10
14:22:04 1 54 4096 2951 6.5 4.6 16 10
14:22:05 1 51 4096 2951 7.6 4.6 16 10
14:22:06 1 55 4096 2951 6.2 4.6 16 10
14:22:07 1 48 4096 2951 8.6 4.6 16 10
14:22:08 1 50 4096 2951 7.8 4.6 16 10
14:22:09 1 50 4096 2951 7.8 4.6 16 10
14:22:10 1 50 4096 2951 7.8 4.6 16 10
14:22:11 1 50 4096 2951 7.8 4.6 16 10
14:22:12 1 50 4096 2951 7.8 4.6 16 10
14:22:13 1 50 4096 2951 7.8 4.6 16 10
14:22:14 1 51 4096 2951 7.7 4.6 16 10
14:22:15 1 51 4096 2951 7.7 4.6 16 10
14:22:16 1 51 4096 2951 7.7 4.6 16 10
14:22:18 1 51 4096 2951 7.7 4.6 16 10
14:22:19 1 51 4096 2951 7.7 4.6 16 10
14:22:20 1 51 4096 2951 7.7 4.6 16 10
14:22:21 1 51 4096 2951 7.7 4.6 16 10
14:22:22 1 51 4096 2951 7.7 4.6 16 10
14:22:23 1 51 4096 2951 7.7 4.6 16 10
14:22:24 1 51 4096 2951 7.7 4.6 16 10
14:22:25 1 51 4096 2951 7.7 4.6 16 10
14:22:26 1 51 4096 2951 7.7 4.6 16 10
14:22:27 1 51 4096 2951 7.7 4.6 16 10
14:22:28 1 51 4096 2951 7.7 4.6 16 10
14:22:29 1 51 4096 2951 7.4 4.6 16 10
14:22:30 1 51 4096 2951 7.5 4.6 16 10
14:22:31 1 51 4096 2951 7.4 4.6 16 10
14:22:32 1 51 4096 2951 7.5 4.6 16 10
14:22:33 1 51 4096 2951 7.5 4.6 16 10
14:22:35 1 51 4096 2951 7.4 4.6 16 10
14:22:36 1 51 4096 2951 7.4 4.6 16 10
14:22:37 1 51 4096 2951 7.4 4.6 16 10
14:22:38 1 51 4096 2951 7.4 4.6 16 10
14:22:39 1 51 4096 2951 7.4 4.6 16 10
14:22:40 1 51 4096 2951 7.5 4.6 16 10
14:22:41 1 51 4096 2951 7.4 4.6 16 10
14:22:42 1 51 4096 2951 7.4 4.6 16 10
14:22:43 1 51 4096 2951 7.5 4.6 16 10
14:22:44 1 51 4096 2951 7.5 4.6 16 10
14:22:45 1 51 4096 2951 7.5 4.6 16 10
14:22:46 1 51 4096 2951 7.4 4.6 16 10
14:22:47 1 51 4096 2951 7.5 4.6 16 10
14:22:48 1 51 4096 2951 7.4 4.6 16 10
14:22:49 1 51 4096 2951 7.4 4.6 16 10
14:22:51 1 51 4096 2951 7.5 4.6 16 10
14:22:52 1 47 4096 2951 8.9 4.6 16 10
14:22:53 1 55 4096 2951 6.3 4.6 16 10
14:22:54 1 55 4096 2951 6.3 4.6 16 10
14:22:55 1 55 4096 2951 6.3 4.6 16 10
14:22:56 1 55 4096 2951 6.2 4.6 16 10
14:22:57 1 55 4096 2951 6.2 4.6 16 10
14:22:58 1 54 4096 2951 6.6 4.6 16 10
14:22:59 1 54 4096 2951 6.5 4.6 16 10
14:23:00 1 54 4096 2951 6.5 4.6 16 10
14:23:01 1 54 4096 2951 6.4 4.6 16 10
14:23:02 1 51 4096 2951 7.7 4.6 16 10
14:23:03 1 55 4096 2951 6.9 4.6 16 10
14:23:04 1 48 4096 2951 8.6 4.6 16 10
14:23:05 1 50 4096 2951 7.8 4.6 16 10
14:23:06 1 50 4096 2951 7.8 4.6 16 10
14:23:07 1 50 4096 2951 7.8 4.6 16 10
14:23:09 1 50 4096 2951 7.8 4.6 16 10
14:23:10 1 50 4096 2951 7.8 4.6 16 10
14:23:11 1 50 4096 2951 7.8 4.6 16 10
14:23:12 1 50 4096 2951 7.8 4.6 16 10
14:23:13 1 51 4096 2951 7.7 4.6 16 10
14:23:14 1 51 4096 2951 7.7 4.6 16 10
14:23:15 1 51 4096 2951 7.7 4.6 16 10
14:23:16 1 51 4096 2951 7.7 4.6 16 10
14:23:17 1 51 4096 2951 7.7 4.6 16 10
14:23:18 1 51 4096 2951 7.7 4.6 16 10
14:23:19 1 51 4096 2951 7.7 4.6 16 10
14:23:20 1 51 4096 2951 7.7 4.6 16 10
14:23:21 1 51 4096 2951 7.7 4.6 16 10
14:23:22 1 51 4096 2951 7.7 4.6 16 10
14:23:23 1 51 4096 2951 7.7 4.6 16 10
14:23:25 1 51 4096 2951 7.7 4.6 16 10
14:23:26 1 51 4096 2951 7.7 4.6 16 10
14:23:27 1 51 4096 2951 7.4 4.6 16 10
14:23:28 1 51 4096 2951 7.4 4.6 16 10
14:23:29 1 51 4096 2951 7.4 4.6 16 10
14:23:30 1 51 4096 2951 7.5 4.6 16 10
14:23:31 1 51 4096 2951 7.5 4.6 16 10
14:23:32 1 51 4096 2951 7.4 4.6 16 10
14:23:33 1 51 4096 2951 7.5 4.6 16 10
14:23:34 1 51 4096 2951 7.4 4.6 16 10
14:23:35 1 51 4096 2951 7.4 4.6 16 10
14:23:36 1 51 4096 2951 7.4 4.6 16 10
14:23:37 1 51 4096 2951 7.5 4.6 16 10
14:23:38 1 51 4096 2951 7.5 4.6 16 10
14:23:39 1 51 4096 2951 7.5 4.6 16 10
14:23:41 1 51 4096 2951 7.4 4.6 16 10
14:23:42 1 51 4096 2951 7.5 4.6 16 10
14:23:43 1 51 4096 2951 7.4 4.6 16 10
14:23:44 1 51 4096 2951 7.5 4.6 16 10
14:23:45 1 51 4096 2951 7.5 4.6 16 10
14:23:46 1 51 4096 2951 7.4 4.6 16 10
14:23:47 1 51 4096 2951 7.4 4.6 16 10
14:23:48 1 51 4096 2951 7.5 4.6 16 10
14:23:49 1 47 4096 2951 8.8 4.6 16 10
14:23:50 1 55 4096 2951 6.3 4.6 16 10
14:23:51 1 55 4096 2951 6.3 4.6 16 10
14:23:52 1 55 4096 2951 6.3 4.6 16 10
14:23:53 1 55 4096 2951 6.3 4.6 16 10
14:23:54 1 55 4096 2951 6.3 4.6 16 10
14:23:55 1 54 4096 2951 6.5 4.6 16 10
14:23:56 1 54 4096 2951 6.5 4.6 16 10
14:23:58 1 54 4096 2951 6.5 4.6 16 10
14:23:59 1 54 4096 2951 6.4 4.6 16 10
14:24:00 1 51 4096 2951 7.7 4.6 16 10
14:24:01 1 48 4096 2951 8.6 4.6 16 10
14:24:02 1 50 4096 2951 7.8 4.6 16 10
14:24:03 1 50 4096 2951 7.8 4.6 16 10
14:24:04 1 50 4096 2935 7.8 4.6 16 10
14:24:05 1 50 4096 2935 7.8 4.6 16 10
14:24:06 1 50 4096 2935 7.9 4.6 16 10
14:24:07 1 50 4096 2935 7.9 4.6 16 10
14:24:08 1 50 4096 2935 7.8 4.6 16 10
14:24:09 1 50 4096 2935 7.9 4.6 16 10
14:24:10 1 50 4096 2935 7.8 4.6 16 10
14:24:11 1 50 4096 2935 7.8 4.6 16 10
14:24:12 1 51 4096 2935 7.7 4.6 16 10
14:24:13 1 51 4096 2935 7.7 4.6 16 10
14:24:15 1 50 4096 2935 7.8 4.6 16 10
14:24:16 1 50 4096 2935 7.8 4.6 16 10
14:24:17 1 50 4096 2935 7.8 4.6 16 10
14:24:18 1 50 4096 2935 7.7 4.6 16 10
14:24:19 1 51 4096 2935 7.7 4.6 16 10
14:24:20 1 51 4096 2935 7.7 4.6 16 10
14:24:21 1 51 4096 2935 7.7 4.6 16 10
14:24:22 1 51 4096 2935 7.7 4.6 16 10
14:24:23 1 51 4096 2935 7.7 4.6 16 10
14:24:24 1 51 4096 2935 7.4 4.6 16 10
14:24:25 1 51 4096 2935 7.4 4.6 16 10
14:24:26 1 51 4096 2935 7.4 4.6 16 10
14:24:27 1 51 4096 2935 7.5 4.6 16 10
14:24:28 1 51 4096 2935 7.5 4.6 16 10
14:24:29 1 51 4096 2935 7.4 4.6 16 10
14:24:31 1 51 4096 2935 7.4 4.6 16 10
14:24:32 1 51 4096 2935 7.4 4.6 16 10
14:24:33 1 51 4096 2935 7.4 4.6 16 10
14:24:34 1 51 4096 2935 7.5 4.6 16 10
14:24:35 1 51 4096 2935 7.5 4.6 16 10
14:24:36 1 51 4096 2935 7.4 4.6 16 10
14:24:37 1 51 4096 2935 7.4 4.6 16 10
14:24:38 1 51 4096 2935 7.5 4.6 16 10
14:24:39 1 51 4096 2935 7.5 4.6 16 10
14:24:40 1 51 4096 2935 7.5 4.6 16 10
14:24:41 1 51 4096 2935 7.4 4.6 16 10
14:24:42 1 51 4096 2935 7.5 4.6 16 10
14:24:43 1 51 4096 2935 7.4 4.6 16 10
14:24:44 1 51 4096 2935 7.4 4.6 16 10
14:24:45 1 48 4096 2935 8.7 4.6 16 10
14:24:46 1 48 4096 2935 8.7 4.6 16 10
14:24:48 1 55 4096 2935 6.3 4.6 16 10
14:24:49 1 55 4096 2935 6.3 4.6 16 10
14:24:50 1 55 4096 2935 6.3 4.6 16 10
14:24:51 1 55 4096 2935 6.3 4.6 16 10
14:24:52 1 54 4096 2935 6.7 4.6 16 10
14:24:53 1 54 4096 2935 6.6 4.6 16 10
14:24:54 1 54 4096 2935 6.4 4.6 16 10
14:24:55 1 54 4096 2935 6.4 4.6 16 10
14:24:56 1 55 4096 2935 6.4 4.6 16 10
14:24:57 1 52 4096 2935 7.3 4.6 16 10
14:24:58 1 48 4096 2935 8.7 4.6 16 10
14:24:59 1 50 4096 2935 7.8 4.6 16 10
14:25:00 1 50 4096 2935 7.8 4.6 16 10
14:25:01 1 50 4096 2935 7.8 4.6 16 10
14:25:02 1 50 4096 2935 7.8 4.6 16 10
14:25:03 1 50 4096 2935 7.8 4.6 16 10
14:25:04 1 50 4096 2935 7.8 4.6 16 10
14:25:05 1 50 4096 2935 7.8 4.6 16 10
14:25:07 1 50 4096 2935 7.8 4.6 16 10
14:25:08 1 50 4096 2935 7.8 4.6 16 10
14:25:09 1 51 4096 2935 7.7 4.6 16 10
14:25:10 1 51 4096 2935 7.7 4.6 16 10
14:25:11 1 51 4096 2935 7.7 4.6 16 10
14:25:12 1 51 4096 2935 7.7 4.6 16 10
14:25:13 1 51 4096 2935 7.7 4.6 16 10
14:25:14 1 51 4096 2935 7.7 4.6 16 10
14:25:15 1 51 4096 2935 7.7 4.6 16 10
14:25:16 1 51 4096 2935 7.7 4.6 16 10
14:25:17 1 51 4096 2935 7.7 4.6 16 10
14:25:18 1 51 4096 2935 7.7 4.6 16 10
14:25:19 1 51 4096 2935 7.7 4.6 16 10
14:25:20 1 51 4096 2935 7.7 4.6 16 10
14:25:21 1 51 4096 2935 7.5 4.6 16 10
14:25:23 1 51 4096 2935 7.5 4.6 16 10
14:25:24 1 51 4096 2935 7.5 4.6 16 10
14:25:25 1 51 4096 2935 7.5 4.6 16 10
14:25:26 1 51 4096 2935 7.5 4.6 16 10
14:25:27 1 51 4096 2935 7.5 4.6 16 10
14:25:28 1 51 4096 2935 7.5 4.6 16 10
14:25:29 1 51 4096 2935 7.4 4.6 16 10
14:25:30 1 51 4096 2935 7.4 4.6 16 10
14:25:31 1 51 4096 2935 7.5 4.6 16 10
14:25:32 1 51 4096 2935 7.5 4.6 16 10
14:25:33 1 51 4096 2935 7.4 4.6 16 10
14:25:34 1 51 4096 2935 7.5 4.6 16 10
14:25:35 1 51 4096 2935 7.4 4.6 16 10
14:25:36 1 51 4096 2935 7.4 4.6 16 10
14:25:37 1 51 4096 2935 7.4 4.6 16 10
14:25:39 1 51 4096 2935 7.5 4.6 16 10
14:25:40 1 51 4096 2935 7.5 4.6 16 10
14:25:41 1 51 4096 2935 7.5 4.6 16 10
14:25:42 1 51 4096 2935 7.5 4.6 16 10
14:25:43 1 47 4096 2935 8.8 4.6 16 10
14:25:44 1 51 4096 2935 7.6 4.6 16 10
14:25:45 1 55 4096 2935 6.3 4.6 16 10
14:25:46 1 55 4096 2935 6.3 4.6 16 10
14:25:47 1 55 4096 2935 6.3 4.6 16 10
14:25:48 1 55 4096 2935 6.3 4.6 16 10
14:25:49 1 53 4096 2935 6.7 4.6 16 10
14:25:50 1 54 4096 2935 6.6 4.6 16 10
14:25:51 1 54 4096 2935 6.4 4.6 16 10
14:25:52 1 54 4096 2935 6.4 4.6 16 10
14:25:53 1 51 4096 2935 7.6 4.6 16 10
14:25:54 1 55 4096 2935 6.1 4.6 16 10
14:25:55 1 48 4096 2935 8.7 4.6 16 10
14:25:57 1 50 4096 2935 7.8 4.6 16 10
14:25:58 1 50 4096 2935 7.8 4.5 16 10
14:25:59 1 50 4096 2935 7.8 4.5 16 10
14:26:00 1 50 4096 2935 7.8 4.5 16 10
14:26:01 1 50 4096 2935 7.8 4.5 16 10
14:26:02 1 50 4096 2935 7.8 4.5 16 10
14:26:03 1 50 4096 2935 7.8 4.5 16 10
14:26:04 1 50 4096 2935 7.7 4.5 16 10
14:26:05 1 50 4096 2935 7.7 4.5 16 10
14:26:06 1 50 4096 2935 7.7 4.5 16 10
14:26:07 1 50 4096 2935 7.7 4.5 16 10
14:26:08 1 50 4096 2935 7.7 4.5 16 10
14:26:09 1 50 4096 2935 7.7 4.5 16 10
14:26:10 1 50 4096 2935 7.7 4.5 16 10
14:26:11 1 50 4096 2935 7.7 4.5 16 10
14:26:13 1 50 4096 2935 7.7 4.5 16 10
14:26:14 1 50 4096 2935 7.7 4.5 16 10
14:26:15 1 50 4096 2935 7.7 4.5 16 10
14:26:16 1 50 4096 2935 7.7 4.5 16 10
14:26:17 1 50 4096 2935 7.8 4.5 16 10
14:26:18 1 51 4096 2935 7.5 4.5 16 10
14:26:19 1 51 4096 2935 7.4 4.5 16 10
14:26:20 1 51 4096 2935 7.4 4.5 16 10
14:26:21 1 51 4096 2935 7.5 4.5 16 10
14:26:22 1 51 4096 2935 7.6 4.5 16 10
14:26:23 1 51 4096 2935 7.5 4.5 16 10
14:26:24 1 51 4096 2935 7.5 4.5 16 10
14:26:25 1 51 4096 2935 7.4 4.5 16 10
14:26:26 1 51 4096 2935 7.4 4.5 16 10
14:26:27 1 51 4096 2935 7.4 4.5 16 10
14:26:29 1 51 4096 2935 7.5 4.5 16 10
14:26:30 1 51 4096 2935 7.5 4.5 16 10
14:26:31 1 51 4096 2935 7.4 4.5 16 10
14:26:32 1 51 4096 2935 7.5 4.5 16 10
14:26:33 1 50 4096 2935 7.4 4.5 16 10
14:26:34 1 50 4096 2935 7.5 4.5 16 10
14:26:35 1 50 4096 2935 7.4 4.5 16 10
14:26:36 1 50 4096 2935 7.5 4.5 16 10
14:26:37 1 50 4096 2935 7.5 4.5 16 10
14:26:38 1 50 4096 2935 7.6 4.5 16 10
14:26:39 1 50 4096 2935 7.6 4.5 16 10
14:26:40 1 44 4096 2935 8.8 4.2 16 10
14:26:41 1 51 4096 2935 6.3 4.2 16 10
14:26:42 1 51 4096 2935 6.3 4.2 16 10
14:26:43 1 51 4096 2935 6.3 4.2 16 10
14:26:45 1 51 4096 2935 6.4 4.2 16 10
14:26:46 1 51 4096 2935 6.4 4.2 16 10
14:26:47 1 51 4096 2935 6.3 4.2 16 10
14:26:48 1 50 4096 2935 6.5 4.2 16 10
14:26:49 1 51 4096 2935 6.5 4.2 16 10
14:26:50 1 51 4096 2935 6.4 4.2 16 10
14:26:51 1 51 4096 2935 6.5 4.2 16 10
14:26:52 1 47 4096 2935 7.7 4.2 16 10
14:26:53 1 45 4096 2935 8.4 4.2 16 10
14:26:54 1 45 4096 2935 9.0 4.3 16 10
14:26:55 1 47 4096 2935 7.8 4.3 16 10
14:26:56 1 47 4096 2935 7.9 4.3 16 10
14:26:57 1 47 4096 2935 7.9 4.4 16 10
14:26:58 1 47 4096 2935 7.9 4.4 16 10
14:26:59 1 47 4096 2935 7.8 4.4 16 10
14:27:01 1 47 4096 2935 7.8 4.4 16 10
14:27:02 1 47 4096 2935 7.8 4.4 16 10
14:27:03 1 47 4096 2935 7.9 4.5 16 10
14:27:04 1 47 4096 2935 7.9 4.5 16 10
14:27:05 1 48 4096 2935 7.8 4.5 16 10
14:27:06 1 48 4096 2935 7.8 4.5 16 10
14:27:07 1 48 4096 2935 7.7 4.5 16 10
14:27:08 1 48 4096 2935 7.7 4.5 16 10
14:27:09 1 48 4096 2935 7.8 4.5 16 10
14:27:10 1 48 4096 2935 7.9 4.5 16 10
14:27:11 1 48 4096 2935 7.7 4.5 16 10
14:27:12 1 48 4096 2935 7.8 4.5 16 10
14:27:13 1 48 4096 2935 7.7 4.5 16 10
14:27:14 1 48 4096 2935 7.7 4.5 16 10
14:27:15 1 48 4096 2935 7.7 4.5 16 10
14:27:17 1 49 4096 2935 7.4 4.5 16 10
14:27:18 1 49 4096 2935 7.4 4.5 16 10
14:27:19 1 49 4096 2935 7.4 4.5 16 10
14:27:20 1 49 4096 2935 7.5 4.5 16 10
14:27:21 1 49 4096 2935 7.5 4.5 16 10
14:27:22 1 49 4096 2935 7.5 4.5 16 10
14:27:23 1 49 4096 2935 7.5 4.5 16 10
14:27:24 1 49 4096 2935 7.5 4.5 16 10
14:27:25 1 49 4096 2935 7.5 4.5 16 10
14:27:26 1 49 4096 2935 7.5 4.5 16 10
14:27:27 1 49 4096 2935 7.5 4.5 16 10
14:27:28 1 49 4096 2935 7.5 4.5 16 10
14:27:29 1 49 4096 2935 7.4 4.5 16 10
14:27:30 1 49 4096 2935 7.4 4.5 16 10
14:27:31 1 49 4096 2935 7.4 4.5 16 10
14:27:33 1 49 4096 2935 7.4 4.5 16 10
14:27:34 1 49 4096 2935 7.4 4.5 16 10
14:27:35 1 49 4096 2935 7.4 4.5 16 10
14:27:36 1 49 4096 2935 7.4 4.5 16 10
14:27:37 1 49 4096 2935 7.4 4.5 16 10
14:27:38 1 49 4096 2935 7.4 4.5 16 10
14:27:39 1 49 4096 2935 7.5 4.5 16 10
14:27:40 1 45 4096 2935 8.8 4.5 16 10
14:27:41 1 53 4096 2935 6.3 4.5 16 10
14:27:42 1 52 4096 2935 6.3 4.5 16 10
14:27:43 1 53 4096 2935 6.3 4.5 16 10
14:27:44 1 53 4096 2935 6.3 4.5 16 10
14:27:45 1 51 4096 2935 6.7 4.5 16 10
14:27:46 1 52 4096 2935 6.6 4.5 16 10
14:27:47 1 52 4096 2935 6.4 4.5 16 10
14:27:48 1 52 4096 2935 6.4 4.5 16 10
14:27:49 1 52 4096 2935 6.4 4.5 16 10
14:27:51 1 50 4096 2935 7.2 4.5 16 10
14:27:52 1 46 4096 2935 8.7 4.5 16 10
14:27:53 1 48 4096 2935 7.8 4.5 16 10
14:27:54 1 48 4096 2935 7.8 4.5 16 10
14:27:55 1 48 4096 2935 7.8 4.5 16 10
14:27:56 1 48 4096 2935 7.8 4.5 16 10
14:27:57 1 48 4096 2935 7.8 4.5 16 10
14:27:58 1 48 4096 2935 7.8 4.5 16 10
14:27:59 1 48 4096 2935 7.8 4.5 16 10
14:28:00 1 49 4096 2935 7.7 4.5 16 10
14:28:01 1 49 4096 2935 7.7 4.5 16 10
14:28:02 1 49 4096 2935 7.7 4.5 16 10
14:28:03 1 49 4096 2935 7.7 4.5 16 10
14:28:04 1 49 4096 2935 7.7 4.5 16 10
14:28:05 1 49 4096 2935 7.7 4.5 16 10
14:28:06 1 49 4096 2935 7.7 4.5 16 10
14:28:08 1 49 4096 2935 7.7 4.5 16 10
14:28:09 1 49 4096 2935 7.7 4.5 16 10
14:28:10 1 49 4096 2935 7.7 4.5 16 10
14:28:11 1 49 4096 2935 7.7 4.5 16 10
14:28:12 1 49 4096 2935 7.7 4.5 16 10
14:28:13 1 49 4096 2935 7.7 4.5 16 10
14:28:14 1 49 4096 2935 7.7 4.5 16 10
14:28:15 1 49 4096 2935 7.6 4.5 16 10
14:28:16 1 49 4096 2935 7.4 4.5 16 10
14:28:17 1 49 4096 2935 7.5 4.5 16 10
14:28:18 1 49 4096 2935 7.5 4.5 16 10
14:28:19 1 49 4096 2935 7.5 4.5 16 10
14:28:20 1 49 4096 2935 7.5 4.5 16 10
14:28:21 1 49 4096 2935 7.4 4.5 16 10
14:28:23 1 49 4096 2935 7.4 4.5 16 10
14:28:24 1 49 4096 2935 7.4 4.5 16 10
14:28:25 1 49 4096 2935 7.5 4.5 16 10
14:28:26 1 49 4096 2935 7.5 4.5 16 10
14:28:27 1 49 4096 2935 7.4 4.5 16 10
14:28:28 1 49 4096 2935 7.4 4.5 16 10
14:28:29 1 49 4096 2935 7.4 4.5 16 10
14:28:30 1 49 4096 2935 7.4 4.5 16 10
14:28:31 1 49 4096 2935 7.4 4.5 16 10
14:28:32 1 49 4096 2935 7.5 4.5 16 10
14:28:33 1 49 4096 2935 7.4 4.5 16 10
14:28:34 1 49 4096 2935 7.4 4.5 16 10
14:28:35 1 50 4096 2935 7.5 4.5 16 10
14:28:36 1 46 4096 2935 8.9 4.5 16 10
14:28:37 1 46 4096 2935 8.7 4.5 16 10
14:28:38 1 53 4096 2935 6.2 4.5 16 10
14:28:40 1 53 4096 2935 6.3 4.5 16 10
14:28:41 1 53 4096 2935 6.3 4.5 16 10
14:28:42 1 53 4096 2935 6.3 4.5 16 10
14:28:43 1 52 4096 2935 6.7 4.5 16 10
14:28:44 1 52 4096 2935 6.6 4.5 16 10
14:28:45 1 53 4096 2935 6.4 4.5 16 10
14:28:46 1 53 4096 2935 6.4 4.5 16 10
14:28:47 1 49 4096 2935 7.6 4.5 16 10
14:28:48 1 50 4096 2935 7.3 4.5 16 10
14:28:49 1 46 4096 2935 8.7 4.5 16 10
14:28:50 1 49 4096 2935 7.8 4.5 16 10
14:28:51 1 49 4096 2935 7.8 4.5 16 10
14:28:52 1 49 4096 2935 7.9 4.5 16 10
14:28:53 1 49 4096 2935 7.8 4.5 16 10
14:28:54 1 49 4096 2935 7.8 4.5 16 10
14:28:55 1 49 4096 2935 7.8 4.5 16 10
14:28:56 1 49 4096 2935 7.8 4.5 16 10
14:28:58 1 49 4096 2935 7.7 4.5 16 10
14:28:59 1 49 4096 2935 7.7 4.5 16 10
14:29:00 1 49 4096 2935 7.9 4.5 16 10
14:29:01 1 49 4096 2935 7.7 4.5 16 10
14:29:02 1 49 4096 2935 7.7 4.5 16 10
14:29:03 1 49 4096 2935 7.7 4.5 16 10
14:29:04 1 49 4096 2935 7.7 4.5 16 10
14:29:05 1 49 4096 2935 7.7 4.5 16 10
14:29:06 1 49 4096 2935 7.7 4.5 16 10
14:29:07 1 49 4096 2935 7.7 4.5 16 10
14:29:08 1 49 4096 2935 7.7 4.5 16 10
14:29:09 1 49 4096 2935 7.7 4.5 16 10
14:29:10 1 49 4096 2935 7.7 4.5 16 10
14:29:11 1 49 4096 2935 7.4 4.5 16 10
14:29:12 1 50 4096 2935 7.4 4.5 16 10
14:29:14 1 50 4096 2935 7.4 4.5 16 10
14:29:15 1 50 4096 2935 7.4 4.5 16 10
14:29:16 1 50 4096 2935 7.5 4.5 16 10
14:29:17 1 50 4096 2935 7.5 4.5 16 10
14:29:18 1 50 4096 2935 7.4 4.5 16 10
14:29:19 1 50 4096 2935 7.4 4.5 16 10
14:29:20 1 50 4096 2935 7.4 4.5 16 10
14:29:21 1 50 4096 2935 7.4 4.5 16 10
14:29:22 1 49 4096 2935 7.6 4.5 16 10
14:29:23 1 50 4096 2935 7.5 4.5 16 10
14:29:24 1 50 4096 2935 7.4 4.5 16 10
14:29:25 1 50 4096 2935 7.4 4.5 16 10
14:29:26 1 50 4096 2935 7.4 4.5 16 10
14:29:27 1 50 4096 2935 7.5 4.5 16 10
14:29:28 1 50 4096 2935 7.4 4.5 16 10
14:29:30 1 50 4096 2935 7.5 4.5 16 10
14:29:31 1 50 4096 2935 7.4 4.5 16 10
14:29:32 1 50 4096 2935 7.4 4.5 16 10
14:29:33 1 50 4096 2935 7.4 4.5 16 10
14:29:34 1 46 4096 2935 8.9 4.5 16 10
14:29:35 1 53 4096 2935 6.3 4.5 16 10
14:29:36 1 53 4096 2935 6.2 4.5 16 10
14:29:37 1 53 4096 2935 6.3 4.5 16 10
14:29:38 1 53 4096 2935 6.3 4.5 16 10
14:29:39 1 53 4096 2935 6.3 4.5 16 10
14:29:40 1 52 4096 2935 6.7 4.5 16 10
14:29:41 1 53 4096 2935 6.5 4.5 16 10
14:29:42 1 53 4096 2935 6.5 4.5 16 10
14:29:43 1 53 4096 2935 6.5 4.5 16 10
14:29:44 1 53 4096 2935 6.5 4.5 16 10
14:29:45 1 50 4096 2935 7.3 4.5 16 10
14:29:46 1 46 4096 2935 8.8 4.5 16 10
14:29:48 1 49 4096 2935 7.8 4.5 16 10
14:29:49 1 49 4096 2935 7.8 4.5 16 10
14:29:50 1 49 4096 2935 7.8 4.5 16 10
14:29:51 1 49 4096 2935 7.8 4.5 16 10
14:29:52 1 49 4096 2935 7.8 4.5 16 10
14:29:53 1 49 4096 2935 7.8 4.5 16 10
14:29:54 1 49 4096 2935 7.8 4.5 16 10
14:29:55 1 49 4096 2935 7.8 4.5 16 10
14:29:56 1 49 4096 2935 7.8 4.5 16 10
14:29:57 1 49 4096 2935 7.7 4.5 16 10
14:29:58 1 49 4096 2935 7.7 4.5 16 10
14:29:59 1 49 4096 2935 7.7 4.5 16 10
14:30:00 1 49 4096 2935 7.7 4.5 16 10
14:30:01 1 49 4096 2935 7.7 4.5 16 10
14:30:03 1 49 4096 2935 7.7 4.5 16 10
14:30:04 1 49 4096 2935 7.7 4.5 16 10
14:30:05 1 49 4096 2935 7.7 4.5 16 10
14:30:06 1 49 4096 2935 7.7 4.5 16 10
14:30:07 1 49 4096 2935 7.8 4.5 16 10
14:30:08 1 49 4096 2935 7.8 4.5 16 10
14:30:09 1 49 4096 2935 7.9 4.5 16 10
14:30:10 1 50 4096 2935 7.5 4.5 16 10
14:30:11 1 50 4096 2935 7.5 4.5 16 10
14:30:12 1 50 4096 2935 7.5 4.5 16 10
14:30:13 1 50 4096 2935 7.5 4.5 16 10
14:30:14 1 50 4096 2935 7.5 4.5 16 10
14:30:15 1 50 4096 2935 7.4 4.5 16 10
14:30:16 1 50 4096 2935 7.4 4.5 16 10
14:30:17 1 50 4096 2935 7.4 4.5 16 10
14:30:18 1 50 4096 2935 7.5 4.5 16 10
14:30:20 1 50 4096 2935 7.5 4.5 16 10
14:30:21 1 50 4096 2935 7.5 4.5 16 10
14:30:22 1 50 4096 2935 7.5 4.5 16 10
14:30:23 1 50 4096 2935 7.5 4.5 16 10
14:30:24 1 50 4096 2935 7.5 4.5 16 10
14:30:25 1 50 4096 2935 7.5 4.5 16 10
14:30:26 1 50 4096 2935 7.4 4.5 16 10
14:30:27 1 50 4096 2935 7.5 4.5 16 10
14:30:28 1 50 4096 2935 7.5 4.5 16 10
14:30:29 1 50 4096 2935 7.5 4.5 16 10
14:30:30 1 50 4096 2935 7.5 4.5 16 10
14:30:31 1 50 4096 2935 8.7 4.5 16 10
14:30:32 1 51 4096 2935 7.4 4.5 16 10
14:30:33 1 54 4096 2935 6.3 4.5 16 10
14:30:35 1 54 4096 2935 6.4 4.5 16 10
14:30:36 1 54 4096 2935 6.4 4.5 16 10
14:30:37 1 54 4096 2935 6.3 4.5 16 10
14:30:38 1 53 4096 2935 6.7 4.5 16 10
14:30:39 1 53 4096 2935 6.6 4.5 16 10
14:30:40 1 54 4096 2935 6.4 4.5 16 10
14:30:41 1 53 4096 2935 6.4 4.5 16 10
14:30:42 1 51 4096 2935 7.6 4.5 16 10
14:30:43 1 51 4096 2935 7.2 4.5 16 10
14:30:44 1 47 4096 2935 8.7 4.5 16 10
14:30:45 1 49 4096 2935 7.8 4.5 16 10
14:30:46 1 49 4096 2935 7.8 4.5 16 10
14:30:47 1 49 4096 2935 7.8 4.5 16 10
14:30:48 1 49 4096 2935 7.8 4.5 16 10
14:30:49 1 49 4096 2935 7.8 4.5 16 10
14:30:50 1 49 4096 2935 7.8 4.5 16 10
14:30:52 1 49 4096 2935 7.9 4.5 16 10
14:30:53 1 49 4096 2935 7.8 4.5 16 10
14:30:54 1 50 4096 2935 7.7 4.5 16 10
14:30:55 1 50 4096 2935 7.7 4.5 16 10
14:30:56 1 50 4096 2935 7.7 4.5 16 10
14:30:57 1 50 4096 2935 7.7 4.5 16 10
14:30:58 1 50 4096 2935 7.7 4.5 16 10
14:30:59 1 50 4096 2935 7.7 4.5 16 10
14:31:00 1 50 4096 2935 7.7 4.5 16 10
14:31:01 1 50 4096 2935 7.7 4.5 16 10
14:31:02 1 50 4096 2935 7.7 4.5 16 10
14:31:03 1 50 4096 2935 7.7 4.5 16 10
14:31:04 1 50 4096 2935 7.7 4.5 16 10
14:31:05 1 50 4096 2935 7.7 4.5 16 10
14:31:06 1 51 4096 2935 7.4 4.5 16 10
14:31:08 1 51 4096 2935 7.4 4.5 16 10
14:31:09 1 51 4096 2935 7.4 4.5 16 10
14:31:10 1 50 4096 2935 7.5 4.5 16 10
14:31:11 1 50 4096 2935 7.5 4.5 16 10
14:31:12 1 50 4096 2935 7.5 4.5 16 10
14:31:13 1 50 4096 2935 7.5 4.5 16 10
14:31:14 1 51 4096 2935 7.5 4.5 16 10
14:31:15 1 50 4096 2935 7.6 4.5 16 10
14:31:16 1 51 4096 2935 7.4 4.5 16 10
14:31:17 1 51 4096 2935 7.5 4.5 16 10
14:31:18 1 50 4096 2935 7.5 4.5 16 10
14:31:19 1 51 4096 2935 7.4 4.5 16 10
14:31:20 1 51 4096 2935 7.5 4.5 16 10
14:31:21 1 48 4096 2935 7.4 3.6 16 10
14:31:23 1 48 4096 2935 7.4 3.6 16 10
14:31:24 1 47 4096 2935 7.4 3.6 16 10
14:31:25 1 47 4096 2935 7.5 3.6 16 10
14:31:26 1 47 4096 2935 7.5 3.6 16 10
14:31:27 1 47 4096 2935 7.5 3.6 16 10
14:31:28 1 47 4096 2935 7.5 3.6 16 10
14:31:29 1 43 4096 2935 8.8 3.6 16 10
14:31:30 1 50 4096 2935 6.3 3.6 16 10
14:31:31 1 50 4096 2935 6.3 3.6 16 10
14:31:32 1 50 4096 2935 6.4 3.6 16 10
14:31:33 1 50 4096 2935 6.3 3.6 16 10
14:31:34 1 51 4096 2935 6.2 3.6 16 10
14:31:35 1 49 4096 2935 6.6 3.6 16 10
14:31:36 1 50 4096 2935 6.5 3.6 16 10
14:31:37 1 50 4096 2935 6.4 3.6 16 10
14:31:38 1 50 4096 2935 6.4 3.6 16 10
14:31:39 1 46 4096 2935 7.6 3.6 16 10
14:31:41 1 50 4096 2935 6.1 3.6 16 10
14:31:42 1 42 4096 2935 8.7 3.3 16 10
14:31:43 1 45 4096 2935 7.8 3.3 16 10
14:31:44 1 45 4096 2935 7.8 3.3 16 10
14:31:45 1 45 4096 2935 7.8 3.3 16 10
14:31:46 1 45 4096 2935 7.8 3.2 16 10
14:31:47 1 45 4096 2935 7.8 3.2 16 10
14:31:48 1 45 4096 2935 7.8 3.2 16 10
14:31:49 1 45 4096 2935 7.8 3.2 16 10
14:31:50 1 45 4096 2935 7.7 3.2 16 10
14:31:51 1 45 4096 2935 7.7 3.2 16 10
14:31:52 1 45 4096 2935 7.7 3.2 16 10
14:31:53 1 45 4096 2935 7.7 3.2 16 10
14:31:54 1 45 4096 2935 7.7 3.2 16 10
14:31:55 1 45 4096 2935 7.7 3.2 16 10
14:31:57 1 45 4096 2935 7.7 3.2 16 10
14:31:58 1 45 4096 2935 7.7 3.2 16 10
14:31:59 1 45 4096 2935 7.7 3.2 16 10
14:32:00 1 45 4096 2935 7.7 3.2 16 10
14:32:01 1 45 4096 2935 7.7 3.2 16 10
14:32:02 1 45 4096 2935 7.9 3.2 16 10
14:32:03 1 45 4096 2935 7.7 3.2 16 10
14:32:04 1 45 4096 2935 7.7 3.2 16 10
14:32:05 1 46 4096 2935 7.4 3.2 16 10
14:32:06 1 46 4096 2935 7.4 3.2 16 10
14:32:07 1 46 4096 2935 7.4 3.2 16 10
14:32:08 1 46 4096 2935 7.5 3.2 16 10
14:32:09 1 46 4096 2935 7.5 3.2 16 10
14:32:10 1 46 4096 2935 7.4 3.2 16 10
14:32:11 1 46 4096 2935 7.4 3.2 16 10
14:32:13 1 46 4096 2935 7.4 3.2 16 10
14:32:14 1 46 4096 2935 7.4 3.2 16 10
14:32:15 1 46 4096 2935 7.4 3.2 16 10
14:32:16 1 46 4096 2935 7.5 3.2 16 10
14:32:17 1 46 4096 2935 7.4 3.2 16 10
14:32:18 1 46 4096 2935 7.4 3.2 16 10
14:32:19 1 46 4096 2935 7.4 3.2 16 10
14:32:20 1 46 4096 2935 7.4 3.2 16 10
14:32:21 1 46 4096 2935 7.4 3.2 16 10
14:32:22 1 46 4096 2935 7.4 3.2 16 10
14:32:23 1 46 4096 2935 7.5 3.2 16 10
14:32:24 1 46 4096 2935 7.4 3.2 16 10
14:32:25 1 46 4096 2935 7.4 3.2 16 10
14:32:26 1 46 4096 2935 7.5 3.2 16 10
14:32:27 1 42 4096 2935 8.8 3.2 16 10
14:32:28 1 50 4096 2935 6.2 3.2 16 10
14:32:30 1 49 4096 2935 6.3 3.2 16 10
14:32:31 1 49 4096 2935 6.3 3.2 16 10
14:32:32 1 50 4096 2935 6.2 3.2 16 10
14:32:33 1 49 4096 2935 6.3 3.2 16 10
14:32:34 1 48 4096 2935 6.7 3.2 16 10
14:32:35 1 49 4096 2935 6.5 3.2 16 10
14:32:36 1 49 4096 2935 6.4 3.2 16 10
14:32:37 1 49 4096 2935 6.4 3.2 16 10
14:32:38 1 46 4096 2935 7.3 3.2 16 10
14:32:39 1 42 4096 2935 8.7 3.2 16 10
14:32:40 1 45 4096 2935 7.8 3.2 16 10
14:32:41 1 45 4096 2935 7.8 3.2 16 10
14:32:42 1 45 4096 2935 7.8 3.2 16 10
14:32:43 1 45 4096 2935 7.8 3.2 16 10
14:32:44 1 45 4096 2935 7.8 3.2 16 10
14:32:45 1 45 4096 2935 7.8 3.2 16 10
14:32:46 1 44 4096 2935 7.9 3.2 16 10
14:32:48 1 45 4096 2935 7.8 3.2 16 10
14:32:49 1 45 4096 2935 7.7 3.2 16 10
14:32:50 1 45 4096 2935 7.8 3.2 16 10
14:32:51 1 45 4096 2935 7.7 3.2 16 10
14:32:52 1 45 4096 2935 7.7 3.2 16 10
14:32:53 1 45 4096 2935 7.7 3.2 16 10
14:32:54 1 46 4096 2935 7.7 3.2 16 10
14:32:55 1 45 4096 2935 7.7 3.2 16 10
14:32:56 1 45 4096 2935 7.7 3.2 16 10
14:32:57 1 45 4096 2935 7.7 3.2 16 10
14:32:58 1 45 4096 2935 7.7 3.2 16 10
14:32:59 1 46 4096 2935 7.7 3.2 16 10
14:33:00 1 46 4096 2935 7.7 3.2 16 10
14:33:01 1 46 4096 2935 7.7 3.2 16 10
14:33:02 1 46 4096 2935 7.4 3.2 16 10
14:33:04 1 46 4096 2935 7.4 3.2 16 10
14:33:05 1 46 4096 2935 7.4 3.2 16 10
14:33:06 1 46 4096 2935 7.5 3.2 16 10
14:33:07 1 46 4096 2935 7.5 3.2 16 10
14:33:08 1 46 4096 2935 7.4 3.2 16 10
14:33:09 1 46 4096 2935 7.4 3.2 16 10
14:33:10 1 46 4096 2935 7.6 3.2 16 10
14:33:11 1 46 4096 2935 7.6 3.2 16 10
14:33:12 1 46 4096 2935 7.4 3.2 16 10
14:33:13 1 46 4096 2935 7.5 3.2 16 10
14:33:14 1 46 4096 2935 7.4 3.2 16 10
14:33:15 1 46 4096 2935 7.4 3.2 16 10
14:33:16 1 46 4096 2935 7.4 3.2 16 10
14:33:17 1 46 4096 2935 7.4 3.2 16 10
14:33:18 1 46 4096 2935 7.4 3.2 16 10
14:33:20 1 46 4096 2935 7.5 3.2 16 10
14:33:21 1 46 4096 2935 7.4 3.2 16 10
14:33:22 1 46 4096 2935 7.4 3.2 16 10
14:33:23 1 46 4096 2935 7.4 3.2 16 10
14:33:24 1 42 4096 2935 8.8 3.2 16 10
14:33:25 1 43 4096 2935 8.7 3.2 16 10
14:33:26 1 50 4096 2935 6.2 3.2 16 10
14:33:27 1 50 4096 2935 6.3 3.2 16 10
14:33:28 1 50 4096 2935 6.3 3.2 16 10
14:33:29 1 50 4096 2935 6.3 3.2 16 10
14:33:30 1 48 4096 2935 6.7 3.2 16 10
14:33:31 1 49 4096 2935 6.6 3.2 16 10
14:33:32 1 49 4096 2935 6.4 3.2 16 10
14:33:33 1 49 4096 2935 6.6 3.2 16 10
14:33:34 1 46 4096 2935 7.6 3.2 16 10
14:33:35 1 47 4096 2935 7.3 3.2 16 10
14:33:36 1 42 4096 2935 8.8 3.2 16 10
14:33:38 1 45 4096 2935 7.8 3.2 16 10
14:33:39 1 45 4096 2935 7.8 3.2 16 10
14:33:40 1 45 4096 2935 7.8 3.2 16 10
14:33:41 1 45 4096 2935 7.8 3.2 16 10
14:33:42 1 45 4096 2935 7.8 3.2 16 10
14:33:43 1 45 4096 2935 7.8 3.2 16 10
14:33:44 1 45 4096 2935 7.8 3.2 16 10
14:33:45 1 45 4096 2935 7.8 3.2 16 10
14:33:46 1 45 4096 2935 7.8 3.2 16 10
14:33:47 1 45 4096 2935 7.8 3.2 16 10
14:33:48 1 45 4096 2935 7.7 3.2 16 10
14:33:49 1 45 4096 2935 7.7 3.2 16 10
14:33:50 1 45 4096 2935 7.7 3.2 16 10
14:33:51 1 45 4096 2935 7.7 3.2 16 10
14:33:52 1 45 4096 2935 7.8 3.2 16 10
14:33:53 1 45 4096 2935 7.8 3.2 16 10
14:33:55 1 45 4096 2935 7.7 3.2 16 10
14:33:56 1 45 4096 2935 7.8 3.2 16 10
14:33:57 1 45 4096 2935 7.7 3.2 16 10
14:33:58 1 45 4096 2935 7.7 3.2 16 10
14:33:59 1 45 4096 2935 7.7 3.2 16 10
14:34:00 1 46 4096 2935 7.4 3.2 16 10
14:34:01 1 46 4096 2935 7.6 3.2 16 10
14:34:02 1 46 4096 2935 7.5 3.2 16 10
14:34:03 1 46 4096 2935 7.5 3.2 16 10
14:34:04 1 46 4096 2935 7.4 3.2 16 10
14:34:05 1 46 4096 2935 7.4 3.2 16 10
14:34:06 1 46 4096 2935 7.4 3.2 16 10
14:34:07 1 46 4096 2935 7.4 3.2 16 10
14:34:08 1 46 4096 2935 7.4 3.2 16 10
14:34:09 1 46 4096 2935 7.4 3.2 16 10
14:34:11 1 46 4096 2935 7.4 3.2 16 10
14:34:12 1 46 4096 2935 7.4 3.2 16 10
14:34:13 1 46 4096 2935 7.4 3.2 16 10
14:34:14 1 46 4096 2935 7.4 3.2 16 10
14:34:15 1 46 4096 2935 7.4 3.2 16 10
14:34:16 1 46 4096 2935 7.4 3.2 16 10
14:34:17 1 46 4096 2935 7.5 3.2 16 10
14:34:18 1 46 4096 2935 7.5 3.2 16 10
14:34:19 1 46 4096 2935 7.5 3.2 16 10
14:34:20 1 46 4096 2935 7.4 3.2 16 10
14:34:21 1 42 4096 2935 8.7 3.2 16 10
14:34:22 1 46 4096 2935 7.4 3.2 16 10
14:34:23 1 50 4096 2935 6.2 3.2 16 10
14:34:24 1 49 4096 2935 6.5 3.2 16 10
14:34:25 1 49 4096 2935 6.3 3.2 16 10
14:34:26 1 49 4096 2935 6.3 3.2 16 10
14:34:28 1 48 4096 2935 6.7 3.2 16 10
14:34:29 1 49 4096 2935 6.5 3.2 16 10
14:34:30 1 49 4096 2935 6.4 3.2 16 10
14:34:31 1 49 4096 2935 6.4 3.2 16 10
14:34:32 1 49 4096 2935 6.4 3.2 16 10
14:34:33 1 46 4096 2935 7.3 3.2 16 10
14:34:34 1 42 4096 2935 8.6 3.2 16 10
14:34:35 1 45 4096 2935 7.8 3.2 16 10
14:34:36 1 45 4096 2935 7.8 3.2 16 10
14:34:37 1 45 4096 2935 7.8 3.2 16 10
14:34:38 1 45 4096 2935 7.8 3.2 16 10
14:34:39 1 45 4096 2935 7.8 3.2 16 10
14:34:40 1 45 4096 2935 7.8 3.2 16 10
14:34:41 1 45 4096 2935 7.8 3.2 16 10
14:34:42 1 45 4096 2935 7.8 3.2 16 10
14:34:43 1 45 4096 2935 7.7 3.2 16 10
14:34:45 1 45 4096 2935 7.7 3.2 16 10
14:34:46 1 45 4096 2935 7.8 3.2 16 10
14:34:47 1 45 4096 2935 7.7 3.2 16 10
14:34:48 1 45 4096 2935 7.8 3.2 16 10
14:34:49 1 45 4096 2935 7.7 3.2 16 10
14:34:50 1 45 4096 2935 7.7 3.2 16 10
14:34:51 1 45 4096 2935 7.7 3.2 16 10
14:34:52 1 45 4096 2935 7.7 3.2 16 10
14:34:53 1 45 4096 2935 7.7 3.2 16 10
14:34:54 1 45 4096 2935 7.7 3.2 16 10
14:34:55 1 45 4096 2935 7.7 3.2 16 10
14:34:56 1 45 4096 2935 7.7 3.2 16 10
14:34:57 1 46 4096 2935 7.5 3.2 16 10
14:34:58 1 46 4096 2935 7.4 3.2 16 10
14:34:59 1 46 4096 2935 7.4 3.2 16 10
14:35:00 1 46 4096 2935 7.5 3.2 16 10
14:35:02 1 46 4096 2935 7.4 3.2 16 10
14:35:03 1 46 4096 2935 7.4 3.2 16 10
14:35:04 1 46 4096 2935 7.4 3.2 16 10
14:35:05 1 46 4096 2935 7.4 3.2 16 10
14:35:06 1 46 4096 2935 7.4 3.2 16 10
14:35:07 1 46 4096 2935 7.4 3.2 16 10
14:35:08 1 46 4096 2935 7.5 3.2 16 10
14:35:09 1 46 4096 2935 7.4 3.2 16 10
14:35:10 1 46 4096 2935 7.4 3.2 16 10
14:35:11 1 46 4096 2935 7.6 3.2 16 10
14:35:12 1 46 4096 2935 7.4 3.2 16 10
14:35:13 1 46 4096 2935 7.4 3.2 16 10
14:35:14 1 46 4096 2935 7.5 3.2 16 10
14:35:15 1 46 4096 2935 7.5 3.2 16 10
14:35:16 1 46 4096 2935 7.5 3.2 16 10
14:35:18 1 46 4096 2935 7.5 3.2 16 10
14:35:19 1 42 4096 2935 8.8 3.2 16 10
14:35:20 1 46 4096 2935 7.4 3.2 16 10
14:35:21 1 49 4096 2935 6.3 3.2 16 10
14:35:22 1 49 4096 2935 6.4 3.2 16 10
14:35:23 1 49 4096 2935 6.4 3.2 16 10
14:35:24 1 49 4096 2935 6.3 3.2 16 10
14:35:25 1 48 4096 2935 6.7 3.2 16 10
14:35:26 1 48 4096 2935 6.6 3.2 16 10
14:35:27 1 48 4096 2935 6.4 3.2 16 10
14:35:28 1 48 4096 2935 6.4 3.2 16 10
14:35:29 1 45 4096 2935 7.6 3.2 16 10
14:35:30 1 46 4096 2935 7.2 3.2 16 10
14:35:31 1 42 4096 2935 8.6 3.2 16 10
14:35:32 1 44 4096 2935 7.8 3.2 16 10
14:35:33 1 44 4096 2935 7.8 3.2 16 10
14:35:35 1 44 4096 2935 7.9 3.2 16 10
14:35:36 1 44 4096 2935 7.8 3.2 16 10
14:35:37 1 44 4096 2935 7.8 3.2 16 10
14:35:38 1 44 4096 2935 7.8 3.2 16 10
14:35:39 1 44 4096 2935 7.8 3.2 16 10
14:35:40 1 45 4096 2935 7.7 3.2 16 10
14:35:41 1 45 4096 2935 7.7 3.2 16 10
14:35:42 1 45 4096 2935 7.7 3.2 16 10
14:35:43 1 45 4096 2935 7.7 3.2 16 10
14:35:44 1 45 4096 2935 7.7 3.2 16 10
14:35:45 1 45 4096 2935 7.7 3.2 16 10
14:35:46 1 45 4096 2935 7.7 3.2 16 10
14:35:47 1 45 4096 2935 7.7 3.2 16 10
14:35:48 1 45 4096 2935 7.7 3.2 16 10
14:35:49 1 44 4096 2935 7.8 3.2 16 10
14:35:50 1 45 4096 2935 7.7 3.2 16 10
14:35:52 1 45 4096 2935 7.7 3.2 16 10
14:35:53 1 45 4096 2935 7.7 3.2 16 10
14:35:54 1 43 4096 2935 7.8 2.9 16 10
14:35:55 1 44 4096 2935 7.5 2.9 16 10
14:35:56 1 44 4096 2935 7.5 2.9 16 10
14:35:57 1 44 4096 2935 7.5 2.9 16 10
14:35:58 1 44 4096 2935 7.6 2.9 16 10
14:35:59 1 44 4096 2935 7.6 2.9 16 10
14:36:00 1 44 4096 2935 7.6 2.9 16 10
14:36:01 1 44 4096 2935 7.6 2.9 16 10
14:36:02 1 44 4096 2935 7.5 2.9 16 10
14:36:03 1 44 4096 2935 7.5 2.9 16 10
14:36:04 1 44 4096 2935 7.6 2.9 16 10
14:36:06 1 44 4096 2935 7.6 2.9 16 10
14:36:07 1 44 4096 2935 7.6 2.9 16 10
14:36:08 1 44 4096 2935 7.5 2.9 16 10
14:36:09 1 44 4096 2935 7.5 2.9 16 10
14:36:10 1 44 4096 2935 7.5 2.9 16 10
14:36:11 1 44 4096 2935 7.5 2.9 16 10
14:36:12 1 44 4096 2935 7.6 2.9 16 10
14:36:13 1 44 4096 2935 7.6 2.9 16 10
14:36:14 1 44 4096 2935 7.5 2.9 16 10
14:36:15 1 44 4096 2935 7.5 2.9 16 10
14:36:16 1 44 4096 2935 7.5 2.9 16 10
14:36:17 1 40 4096 2935 8.9 2.9 16 10
14:36:18 1 48 4096 2935 6.2 2.9 16 10
14:36:19 1 48 4096 2935 6.3 2.9 16 10
14:36:20 1 47 4096 2935 6.4 2.9 16 10
14:36:21 1 48 4096 2935 6.3 2.9 16 10
14:36:23 1 48 4096 2935 6.3 2.9 16 10
14:36:24 1 46 4096 2935 6.7 2.9 16 10
14:36:25 1 47 4096 2935 6.5 3.0 16 10
14:36:26 1 47 4096 2935 6.4 3.1 16 10
14:36:27 1 47 4096 2935 6.4 3.1 16 10
14:36:28 1 44 4096 2935 7.7 3.1 16 10
14:36:29 1 52 4096 2935 5.0 3.1 16 10
14:36:30 1 41 4096 2935 8.6 3.2 16 10
14:36:31 1 44 4096 2935 7.8 3.2 16 10
14:36:32 1 44 4096 2935 7.8 3.2 16 10
14:36:33 1 42 4096 2935 7.8 2.9 16 10
14:36:34 1 41 4096 2935 7.8 2.7 16 10
14:36:35 1 40 4096 2935 7.8 2.7 16 10
14:36:37 2 38 4096 2935 7.8 2.4 16 10
14:36:38 2 33 4096 2935 7.8 1.2 16 10
14:36:39 2 31 4096 2935 7.9 0.9 16 10
14:36:40 2 30 4096 2935 7.8 0.7 16 10
14:36:41 2 31 4096 2944 7.7 0.9 16 10
14:36:43 2 31 4096 2944 7.7 0.9 16 10
14:36:44 2 31 4096 2944 7.9 0.9 16 10
14:36:45 2 33 4096 2944 7.7 1.2 16 10
14:36:46 2 34 4096 2944 7.8 1.3 16 10
14:36:47 2 34 4096 2944 7.7 1.4 16 10
14:36:48 2 33 4096 2944 7.7 1.2 16 10
14:36:49 2 34 4096 2944 7.7 1.4 16 10
14:36:50 2 34 4096 2944 7.7 1.5 16 10
14:36:51 2 35 4096 2944 7.7 1.7 16 10
14:36:52 2 36 4096 2944 7.8 1.9 16 10
14:36:53 2 36 4096 2944 7.5 1.8 16 10
14:36:54 2 37 4096 2944 7.4 1.9 16 10
14:36:57 2 35 4096 2880 7.5 1.6 16 10
14:36:59 2 35 4096 2872 7.6 1.8 16 10
14:37:01 2 35 4096 2864 7.5 1.5 16 10
14:37:02 2 33 4096 2864 7.5 1.4 16 10
14:37:03 2 33 4096 2864 7.6 1.3 16 10
14:37:05 2 33 4096 2864 7.5 1.4 16 10
14:37:06 2 34 4096 2864 7.6 1.6 16 10
14:37:07 2 35 4096 2864 7.6 1.7 16 10
14:37:08 2 35 4096 2864 7.6 1.7 16 10
14:37:09 2 36 4096 2864 7.5 1.8 16 10
14:37:10 2 36 4096 2864 7.5 1.9 16 10
14:37:12 2 37 4096 2864 7.5 2.0 16 10
14:37:13 2 38 4096 2864 7.5 2.1 16 10
14:37:14 2 37 4096 2864 7.6 2.1 16 10
14:37:16 2 36 4096 2864 7.7 2.0 16 10
14:37:17 2 35 4096 2864 7.6 1.8 16 10
14:37:18 2 34 4096 2864 7.6 1.7 16 10
14:37:20 2 34 4096 2864 7.6 1.6 16 10
14:37:21 2 33 4096 3433 7.4 0.7 16 10
14:37:23 2 32 4096 3451 6.3 0.6 16 10
14:37:24 2 32 4096 3692 6.4 0.5 16 10
14:37:25 2 32 4096 3880 6.4 0.3 15 10
14:37:27 2 32 5120 3991 6.4 0.3 15 10
14:37:28 2 32 5120 4064 6.5 0.3 15 10
14:37:29 2 33 5120 4064 6.3 0.3 15 10
14:37:30 2 32 5120 4076 6.4 0.2 15 10
14:37:32 2 32 5120 4154 6.4 0.2 15 10
14:37:33 2 31 5120 4688 7.6 0.3 15 10
14:37:34 2 35 5120 4715 6.2 0.2 15 10
14:37:36 2 31 5120 4715 8.7 0.5 15 10
14:37:38 2 33 5120 4715 7.9 0.4 15 10
14:37:40 2 33 5120 4707 8.0 0.5 15 10
14:37:42 2 33 5120 4707 7.9 0.5 15 10
14:37:44 2 32 5120 4707 7.9 0.5 15 10
14:37:46 2 31 5120 4699 8.0 0.5 15 10
14:37:47 2 33 5120 4699 8.1 0.7 15 10
14:37:49 2 36 5120 4699 7.7 0.9 15 10
14:37:50 2 38 5120 4699 7.7 1.2 15 10
14:37:51 2 39 5120 4699 7.7 1.4 15 10
14:37:52 2 40 5120 4635 7.8 1.6 15 10
14:37:53 2 38 5120 4627 7.9 1.2 15 10
14:37:55 2 39 5120 4627 7.8 1.4 15 10
14:37:56 2 40 5120 4627 7.8 1.6 15 10
14:37:57 2 40 5120 4619 7.8 1.5 15 10
14:37:58 2 39 5120 4619 7.9 1.6 15 10
14:37:59 2 40 5120 4619 7.8 1.6 15 10
14:38:01 2 40 5120 4619 7.8 1.7 15 10
14:38:02 2 40 5120 4619 7.8 1.9 15 10
14:38:03 2 41 5120 4611 7.9 1.9 15 10
14:38:04 2 41 5120 4611 7.8 1.9 15 10
14:38:05 2 42 5120 4611 7.6 2.1 15 10
14:38:06 2 43 5120 4611 7.6 2.1 15 10
14:38:07 2 43 5120 4611 7.6 2.2 15 10
14:38:08 2 43 5120 4603 7.6 2.3 15 10
14:38:10 2 43 5120 4603 7.6 2.3 15 10
14:38:11 2 42 5120 4603 7.8 2.3 15 10
14:38:12 2 42 5120 4603 7.6 2.1 15 10
14:38:14 2 41 5120 4603 7.6 2.0 15 10
14:38:15 2 40 5120 4603 7.6 1.8 15 10
14:38:16 2 37 5120 4595 7.7 1.2 15 10
14:38:19 2 36 5120 4595 7.7 0.7 15 10
14:38:20 2 35 5120 4595 7.6 0.8 15 10
14:38:21 2 34 5120 4595 7.6 0.6 15 10
14:38:23 2 34 5120 4595 7.7 0.6 15 10
14:38:26 2 34 5120 4595 7.6 0.6 15 10
14:38:28 2 35 5120 4563 7.7 0.7 15 10
14:38:30 2 35 5120 4563 7.6 0.8 15 10
14:38:31 2 34 5120 4563 7.9 0.5 15 10
14:38:33 2 35 5120 4563 7.7 0.6 15 10
14:38:35 2 31 5120 4563 8.7 0.5 15 10
14:38:36 2 34 5120 4563 6.4 0.4 15 10
14:38:37 2 35 5120 4563 6.4 0.4 15 10
14:38:38 2 34 5120 4563 6.5 0.4 15 10
14:38:40 2 33 5120 4563 6.5 0.2 15 10
14:38:42 2 32 5120 4563 6.7 0.3 15 10
14:38:43 2 33 5120 4563 6.6 0.3 15 10
14:38:44 2 35 5120 4563 6.5 0.3 15 10
14:38:45 2 35 5120 4563 6.6 0.4 15 10
14:38:46 2 36 5120 4563 6.5 0.5 15 10
14:38:47 2 32 5120 4563 7.4 0.2 15 10
14:38:48 2 34 5120 4563 7.3 0.6 15 10
14:38:49 2 37 5120 4563 7.6 0.8 15 10
14:38:50 2 37 5120 4555 8.0 1.0 15 10
14:38:52 2 38 5120 4555 7.9 1.3 15 10
14:38:53 2 39 5120 4555 7.9 1.5 15 10
14:38:54 2 40 5120 4555 7.9 1.7 15 10
14:38:55 2 41 5120 4555 7.9 1.9 15 10
14:38:56 2 41 5120 4555 7.9 2.0 15 10
14:38:57 2 42 5120 4555 7.9 2.1 15 10
14:38:58 2 42 5120 4555 7.9 2.2 15 10
14:38:59 2 43 5120 4555 7.9 2.3 15 10
14:39:00 2 43 5120 4555 7.9 2.3 15 10
14:39:01 2 43 5120 4547 7.9 2.4 15 10
14:39:02 2 43 5120 4547 8.2 2.4 15 10
14:39:03 2 44 5120 4547 7.8 2.4 15 10
14:39:04 2 44 5120 4547 7.9 2.4 15 10
14:39:05 2 45 5120 4547 7.8 2.5 15 10
14:39:06 2 45 5120 4547 7.8 2.5 15 10
14:39:08 2 45 5120 4547 7.8 2.5 15 10
14:39:09 2 45 5120 4547 7.8 2.5 15 10
14:39:10 2 45 5120 4547 7.8 2.5 15 10
14:39:11 2 45 5120 4547 7.8 2.5 15 10
14:39:12 2 46 5120 4547 7.6 2.5 15 10
14:39:13 2 46 5120 4547 7.6 2.5 15 10
14:39:14 2 46 5120 4547 7.6 2.5 15 10
14:39:15 2 46 5120 4547 7.6 2.5 15 10
14:39:16 2 46 5120 4547 7.6 2.5 15 10
14:39:17 2 46 5120 4547 7.6 2.5 15 10
14:39:18 1 46 5120 4547 7.6 2.5 15 10
14:39:19 1 46 5120 4547 7.6 2.5 15 10
14:39:20 1 46 5120 4547 7.6 2.5 15 10
14:39:21 1 46 5120 4547 7.6 2.5 15 10
14:39:22 1 46 5120 4547 7.6 2.5 15 10
14:39:24 1 46 5120 4547 7.6 2.5 15 10
14:39:25 1 47 5120 4547 7.6 2.5 15 10
14:39:26 1 47 5120 4547 7.7 2.5 15 10
14:39:27 1 47 5120 4547 7.6 2.5 15 10
14:39:28 1 47 5120 4547 7.6 2.5 15 10
14:39:29 1 47 5120 4547 7.6 2.5 15 10
14:39:30 1 47 5120 4547 7.6 2.5 15 10
14:39:31 1 47 5120 4547 7.6 2.5 15 10
14:39:32 1 47 5120 4547 7.6 2.5 15 10
14:39:33 1 47 5120 4547 7.6 2.5 15 10
14:39:34 1 44 5120 4547 8.9 2.6 15 10
14:39:35 1 48 5120 4547 7.5 2.6 15 10
14:39:36 1 51 5120 4547 6.4 2.6 15 10
14:39:37 1 51 5120 4547 6.5 2.6 15 10
14:39:38 1 51 5120 4547 6.4 2.6 15 10
14:39:39 1 52 5120 4547 6.4 2.6 15 10
14:39:40 1 50 5120 4547 6.8 2.6 15 10
14:39:42 1 51 5120 4547 6.7 2.8 15 10
14:39:43 1 52 5120 4547 6.5 2.9 15 10
14:39:44 1 52 5120 4547 6.5 3.0 15 10
14:39:45 1 53 5120 4547 6.5 3.1 15 10
14:39:46 1 50 5120 4547 7.5 3.1 15 10
14:39:47 1 46 5120 4547 8.8 3.1 15 10
14:39:48 1 49 5120 4547 7.9 3.1 15 10
14:39:49 1 49 5120 4547 7.9 3.1 15 10
14:39:50 1 48 5120 4547 8.1 3.1 15 10
14:39:51 1 49 5120 4547 7.9 3.1 15 10
14:39:52 1 49 5120 4547 7.9 3.1 15 10
14:39:53 1 49 5120 4547 7.9 3.1 15 10
14:39:54 1 49 5120 4547 7.9 3.1 15 10
14:39:55 1 49 5120 4547 7.8 3.1 15 10
14:39:56 1 49 5120 4547 7.8 3.1 15 10
14:39:58 1 49 5120 4547 7.8 3.1 15 10
14:39:59 1 49 5120 4547 7.8 3.1 15 10
14:40:00 1 49 5120 4547 7.8 3.1 15 10
14:40:01 1 49 5120 4547 7.8 3.1 15 10
14:40:02 1 49 5120 4547 7.8 3.1 15 10
14:40:03 1 49 5120 4547 7.8 3.1 15 10
14:40:04 1 49 5120 4547 7.8 3.1 15 10
14:40:05 1 49 5120 4547 7.9 3.1 15 10
14:40:06 1 49 5120 4547 7.8 3.1 15 10
14:40:07 1 49 5120 4547 7.8 3.1 15 10
14:40:08 1 49 5120 4547 7.8 3.1 15 10
14:40:09 1 49 5120 4547 7.6 3.1 15 10
14:40:10 1 50 5120 4547 7.6 3.1 15 10
14:40:11 1 50 5120 4547 7.5 3.1 15 10
14:40:12 1 50 5120 4547 7.7 3.1 15 10
14:40:13 1 50 5120 4547 7.6 3.1 15 10
14:40:15 1 50 5120 4547 7.6 3.1 15 10
14:40:16 1 50 5120 4547 7.6 3.1 15 10
14:40:17 1 50 5120 4547 7.6 3.1 15 10
14:40:18 1 50 5120 4547 7.5 3.1 15 10
14:40:19 1 50 5120 4547 7.5 3.1 15 10
14:40:20 1 50 5120 4547 7.6 3.1 15 10
14:40:21 1 50 5120 4547 7.6 3.1 15 10
14:40:22 1 50 5120 4547 7.6 3.1 15 10
14:40:23 1 50 5120 4547 7.6 3.1 15 10
14:40:24 1 50 5120 4547 7.6 3.1 15 10
14:40:25 1 50 5120 4547 7.6 3.1 15 10
14:40:26 1 50 5120 4547 7.6 3.1 15 10
14:40:27 1 50 5120 4547 7.6 3.1 15 10
14:40:28 1 50 5120 4547 7.6 3.1 15 10
14:40:29 1 50 5120 4547 7.6 3.1 15 10
14:40:30 1 50 5120 4547 7.6 3.1 15 10
14:40:32 1 50 5120 4547 8.1 3.1 15 10
14:40:33 1 48 5120 4547 7.5 3.1 15 10
14:40:34 1 54 5120 4547 6.4 3.1 15 10
14:40:35 1 53 5120 4547 6.5 3.1 15 10
14:40:36 1 53 5120 4547 6.5 3.1 15 10
14:40:37 1 54 5120 4547 6.4 3.1 15 10
14:40:38 1 52 5120 4547 6.8 3.1 15 10
14:40:39 1 53 5120 4547 6.7 3.1 15 10
14:40:40 1 53 5120 4547 6.5 3.1 15 10
14:40:41 1 53 5120 4539 6.5 3.1 15 10
14:40:42 1 53 5120 4539 6.6 3.1 15 10
14:40:43 1 51 5120 4539 7.3 3.1 15 10
14:40:44 1 47 5120 4539 8.7 3.1 15 10
14:40:45 1 49 5120 4539 7.9 3.1 15 10
14:40:46 1 49 5120 4539 7.9 3.1 15 10
14:40:47 1 49 5120 4539 7.9 3.1 15 10
14:40:48 1 49 5120 4539 7.9 3.1 15 10
14:40:50 1 49 5120 4539 7.9 3.1 15 10
14:40:51 1 49 5120 4539 7.9 3.1 15 10
14:40:52 1 49 5120 4539 7.9 3.1 15 10
14:40:53 1 49 5120 4539 7.8 3.1 15 10
14:40:54 1 49 5120 4539 7.8 3.1 15 10
14:40:55 1 49 5120 4539 7.8 3.1 15 10
14:40:56 1 49 5120 4539 7.8 3.1 15 10
14:40:57 1 49 5120 4539 7.8 3.1 15 10
14:40:58 1 49 5120 4539 8.0 3.1 15 10
14:40:59 1 50 5120 4539 7.8 3.1 15 10
14:41:00 1 49 5120 4539 7.9 3.1 15 10
14:41:01 1 49 5120 4539 7.8 3.1 15 10
14:41:02 1 49 5120 4531 7.8 3.1 15 10
14:41:03 1 49 5120 4531 7.8 3.1 15 10
14:41:05 1 49 5120 4531 7.8 3.1 15 10
14:41:06 1 49 5120 4531 7.8 3.1 15 10
14:41:07 1 49 5120 4531 7.8 3.1 15 10
14:41:08 1 50 5120 4531 7.5 3.1 15 10
14:41:09 1 50 5120 4531 7.5 3.1 15 10
14:41:10 1 50 5120 4531 7.6 3.1 15 10
14:41:11 1 50 5120 4531 7.6 3.1 15 10
14:41:12 1 50 5120 4531 7.6 3.1 15 10
14:41:13 1 50 5120 4531 7.6 3.1 15 10
14:41:14 1 50 5120 4531 7.5 3.1 15 10
14:41:15 1 50 5120 4531 7.5 3.1 15 10
14:41:16 1 50 5120 4531 7.5 3.1 15 10
14:41:17 1 50 5120 4531 7.5 3.1 15 10
14:41:18 1 50 5120 4531 7.6 3.1 15 10
14:41:20 1 50 5120 4531 7.6 3.1 15 10
14:41:21 1 50 5120 4523 7.5 3.1 15 10
14:41:22 1 50 5120 4523 7.7 3.1 15 10
14:41:23 1 50 5120 4523 7.7 3.1 15 10
14:41:24 1 50 5120 4523 7.5 3.1 15 10
14:41:25 1 50 5120 4523 7.5 3.1 15 10
14:41:26 1 50 5120 4515 7.5 3.1 15 10
14:41:27 1 50 5120 4515 7.5 3.1 15 10
14:41:28 1 50 5120 4515 7.5 3.1 15 10
14:41:29 1 50 5120 4515 7.6 3.1 15 10
14:41:30 1 47 5120 4515 8.8 3.1 15 10
14:41:31 1 54 5120 4515 6.4 3.1 15 10
14:41:32 1 54 5120 4515 6.3 3.1 15 10
14:41:33 1 54 5120 4515 6.4 3.1 15 10
14:41:34 1 54 5120 4515 6.4 3.1 15 10
14:41:35 1 54 5120 4515 6.3 3.1 15 10
14:41:37 1 53 5120 4515 6.7 3.1 15 10
14:41:38 1 53 5120 4515 6.5 3.1 15 10
14:41:39 1 53 5120 4515 6.5 3.1 15 10
14:41:40 1 53 5120 4515 6.5 3.1 15 10
14:41:41 1 50 5120 4515 7.8 3.1 15 10
14:41:42 1 47 5120 4515 8.7 3.1 15 10
14:41:43 1 49 5120 4515 7.9 3.1 15 10
14:41:44 1 49 5120 4515 7.9 3.1 15 10
14:41:45 1 49 5120 4515 7.9 3.1 15 10
14:41:46 1 49 5120 4515 8.0 3.1 15 10
14:41:47 1 49 5120 4515 7.9 3.1 15 10
14:41:48 1 49 5120 4515 7.9 3.1 15 10
14:41:49 1 49 5120 4515 7.9 3.1 15 10
14:41:50 1 50 5120 4515 7.8 3.1 15 10
14:41:51 1 50 5120 4515 7.8 3.1 15 10
14:41:52 1 50 5120 4515 7.8 3.1 15 10
14:41:54 1 50 5120 4515 7.8 3.1 15 10
14:41:55 1 50 5120 4515 7.8 3.1 15 10
14:41:56 1 50 5120 4515 7.8 3.1 15 10
14:41:57 1 50 5120 4515 7.8 3.1 15 10
14:41:58 1 50 5120 4515 7.8 3.1 15 10
14:41:59 1 50 5120 4515 7.8 3.1 15 10
14:42:00 1 49 5120 4515 7.9 3.1 15 10
14:42:01 1 50 5120 4515 7.8 3.1 15 10
14:42:02 1 50 5120 4515 7.8 3.1 15 10
14:42:03 1 50 5120 4515 7.8 3.1 15 10
14:42:04 1 50 5120 4515 7.8 3.1 15 10
14:42:05 1 50 5120 4515 7.5 3.1 15 10
14:42:06 1 50 5120 4515 7.5 3.1 15 10
14:42:07 1 51 5120 4515 7.5 3.1 15 10
14:42:08 1 51 5120 4515 7.5 3.1 15 10
14:42:10 1 50 5120 4515 7.7 3.1 15 10
14:42:11 1 51 5120 4515 7.5 3.1 15 10
14:42:12 1 51 5120 4515 7.5 3.1 15 10
14:42:13 1 51 5120 4515 7.6 3.1 15 10
14:42:14 1 50 5120 4515 7.6 3.1 15 10
14:42:15 1 51 5120 4515 7.5 3.1 15 10
14:42:16 1 51 5120 4515 7.5 3.1 15 10
14:42:17 1 51 5120 4515 7.5 3.1 15 10
14:42:18 1 51 5120 4515 7.5 3.1 15 10
14:42:19 1 51 5120 4515 7.5 3.1 15 10
14:42:20 1 51 5120 4515 7.5 3.1 15 10
14:42:21 1 51 5120 4515 7.5 3.1 15 10
14:42:22 1 51 5120 4515 7.5 3.1 15 10
14:42:23 1 51 5120 4515 7.5 3.1 15 10
14:42:25 1 51 5120 4515 7.5 3.1 15 10
14:42:26 1 51 5120 4515 7.5 3.1 15 10
14:42:27 1 51 5120 4515 7.5 3.1 15 10
14:42:28 1 47 5120 4515 8.8 3.1 15 10
14:42:29 1 54 5120 4515 6.2 3.1 15 10
14:42:30 1 54 5120 4515 6.2 3.1 15 10
14:42:31 1 54 5120 4515 6.3 3.1 15 10
14:42:32 1 54 5120 4515 6.4 3.1 15 10
14:42:33 1 54 5120 4515 6.4 3.1 15 10
14:42:34 1 53 5120 4515 6.8 3.1 15 10
14:42:35 1 53 5120 4515 6.6 3.1 15 10
14:42:36 1 53 5120 4515 6.6 3.1 15 10
14:42:37 1 54 5120 4515 6.5 3.1 15 10
14:42:38 1 50 5120 4515 7.7 3.1 15 10
14:42:39 1 47 5120 4515 8.6 3.1 15 10
14:42:40 1 49 5120 4515 8.0 3.1 15 10
14:42:41 1 50 5120 4515 7.9 3.1 15 10
14:42:42 1 50 5120 4515 7.9 3.1 15 10
14:42:44 1 50 5120 4515 7.9 3.1 15 10
14:42:45 1 50 5120 4515 7.9 3.1 15 10
14:42:46 1 49 5120 4515 7.9 3.1 15 10
14:42:47 1 49 5120 4515 7.9 3.1 15 10
14:42:48 1 49 5120 4515 7.9 3.1 15 10
14:42:49 1 50 5120 4515 7.8 3.1 15 10
14:42:50 1 50 5120 4515 7.8 3.1 15 10
14:42:51 1 50 5120 4515 7.8 3.1 15 10
14:42:52 1 50 5120 4515 7.8 3.1 15 10
14:42:53 1 50 5120 4515 7.8 3.1 15 10
14:42:54 1 50 5120 4515 7.7 3.1 15 10
14:42:55 1 49 5120 4515 7.9 3.1 15 10
14:42:56 1 50 5120 4507 7.8 3.1 15 10
14:42:57 1 50 5120 4507 7.8 3.1 15 10
14:42:59 1 50 5120 4507 7.8 3.1 15 10
14:43:00 1 50 5120 4507 7.7 3.1 15 10
14:43:01 1 50 5120 4507 7.8 3.1 15 10
14:43:02 1 50 5120 4507 7.7 3.1 15 10
14:43:03 1 51 5120 4507 7.6 3.1 15 10
14:43:04 1 51 5120 4507 7.5 3.1 15 10
14:43:05 1 51 5120 4507 7.5 3.1 15 10
14:43:06 1 51 5120 4507 7.5 3.1 15 10
14:43:07 1 51 5120 4507 7.5 3.1 15 10
14:43:08 1 51 5120 4507 7.5 3.1 15 10
14:43:09 1 51 5120 4507 7.5 3.1 15 10
14:43:10 1 51 5120 4507 7.5 3.1 15 10
14:43:11 1 51 5120 4507 7.5 3.1 15 10
14:43:12 1 51 5120 4507 7.5 3.1 15 10
14:43:13 1 51 5120 4507 7.5 3.1 15 10
14:43:15 1 51 5120 4507 7.5 3.1 15 10
14:43:16 1 51 5120 4507 7.5 3.1 15 10
14:43:17 1 51 5120 4507 7.5 3.1 15 10
14:43:18 1 51 5120 4507 7.6 3.1 15 10
14:43:19 1 51 5120 4507 7.5 3.1 15 10
14:43:20 1 51 5120 4507 7.5 3.1 15 10
14:43:21 1 51 5120 4507 7.5 3.1 15 10
14:43:22 1 51 5120 4507 7.5 3.1 15 10
14:43:23 1 51 5120 4507 7.5 3.1 15 10
14:43:24 1 51 5120 4507 7.6 3.1 15 10
14:43:25 1 47 5120 4507 8.9 3.1 15 10
14:43:26 1 54 5120 4507 6.3 3.1 15 10
14:43:27 1 54 5120 4507 6.3 3.1 15 10
14:43:28 1 54 5120 4507 6.4 3.1 15 10
14:43:29 1 54 5120 4507 6.4 3.1 15 10
14:43:30 1 55 5120 4507 6.2 3.1 15 10
14:43:32 1 53 5120 4507 6.8 3.1 15 10
14:43:33 1 54 5120 4507 6.5 3.1 15 10
14:43:34 1 54 5120 4507 6.4 3.1 15 10
14:43:35 1 54 5120 4507 6.5 3.1 15 10
14:43:36 1 50 5120 4507 7.6 3.1 15 10
14:43:37 1 55 5120 4507 6.1 3.1 15 10
14:43:38 1 47 5120 4507 8.7 3.1 15 10
14:43:39 1 50 5120 4507 7.9 3.1 15 10
14:43:40 1 50 5120 4507 7.9 3.1 15 10
14:43:41 1 50 5120 4507 8.0 3.1 15 10
14:43:42 1 49 5120 4507 7.9 3.1 15 10
14:43:43 1 49 5120 4507 7.9 3.1 15 10
14:43:44 1 49 5120 4507 7.9 3.1 15 10
14:43:45 1 49 5120 4507 7.9 3.1 15 10
14:43:46 1 49 5120 4507 7.9 3.1 15 10
14:43:47 1 49 5120 4507 7.9 3.1 15 10
14:43:49 1 49 5120 4507 7.8 3.1 15 10
14:43:50 1 49 5120 4507 7.8 3.1 15 10
14:43:51 1 49 5120 4507 7.8 3.1 15 10
14:43:52 1 49 5120 4507 7.8 3.1 15 10
14:43:53 1 49 5120 4507 7.8 3.1 15 10
14:43:54 1 49 5120 4507 7.8 3.1 15 10
14:43:55 1 49 5120 4507 7.8 3.1 15 10
14:43:56 1 49 5120 4507 7.8 3.1 15 10
14:43:57 1 49 5120 4507 7.8 3.1 15 10
14:43:58 1 49 5120 4507 7.8 3.1 15 10
14:43:59 1 49 5120 4507 7.8 3.1 15 10
14:44:00 1 49 5120 4507 7.8 3.1 15 10
14:44:01 1 49 5120 4507 7.5 3.1 15 10
14:44:02 1 50 5120 4507 7.5 3.1 15 10
14:44:03 1 50 5120 4507 7.5 3.1 15 10
14:44:05 1 50 5120 4507 7.5 3.1 15 10
14:44:06 1 50 5120 4507 7.5 3.1 15 10
14:44:07 1 50 5120 4507 7.5 3.1 15 10
14:44:08 1 50 5120 4507 7.5 3.1 15 10
14:44:09 1 50 5120 4507 7.5 3.1 15 10
14:44:10 1 50 5120 4507 7.5 3.1 15 10
14:44:11 1 50 5120 4507 7.5 3.1 15 10
14:44:12 1 50 5120 4507 7.5 3.1 15 10
14:44:13 1 50 5120 4507 7.5 3.1 15 10
14:44:14 1 50 5120 4507 7.5 3.1 15 10
14:44:15 1 50 5120 4507 7.5 3.1 15 10
14:44:16 1 51 5120 4507 7.5 3.1 15 10
14:44:17 1 51 5120 4507 7.5 3.1 15 10
14:44:18 1 51 5120 4507 7.5 3.1 15 10
14:44:19 1 51 5120 4507 7.5 3.1 15 10
14:44:21 1 51 5120 4507 7.5 3.1 15 10
14:44:22 1 50 5120 4507 7.6 3.1 15 10
14:44:23 1 51 5120 4507 7.6 3.1 15 10
14:44:24 1 47 5120 4507 8.7 3.1 15 10
14:44:25 1 54 5120 4507 6.3 3.1 15 10
14:44:26 1 54 5120 4507 6.3 3.1 15 10
14:44:27 1 54 5120 4507 6.4 3.1 15 10
14:44:28 1 55 5120 4507 6.3 3.1 15 10
14:44:29 1 54 5120 4507 6.3 3.1 15 10
14:44:30 1 53 5120 4507 6.7 3.1 15 10
14:44:31 1 54 5120 4507 6.5 3.1 15 10
14:44:32 1 54 5120 4507 6.5 3.1 15 10
14:44:33 1 54 5120 4507 6.5 3.1 15 10
14:44:34 1 50 5120 4507 7.8 3.1 15 10
14:44:35 1 48 5120 4507 8.7 3.1 15 10
14:44:36 1 48 5120 4507 7.9 3.1 15 10
14:44:37 1 50 5120 4507 7.9 3.1 15 10
14:44:39 1 50 5120 4507 7.9 3.1 15 10
14:44:40 1 50 5120 4507 7.9 3.1 15 10
14:44:41 1 50 5120 4507 7.9 3.1 15 10
14:44:42 1 50 5120 4507 7.9 3.1 15 10
14:44:43 1 50 5120 4507 7.9 3.1 15 10
14:44:44 1 50 5120 4507 8.0 3.1 15 10
14:44:45 1 50 5120 4507 7.8 3.1 15 10
14:44:46 1 50 5120 4507 7.8 3.1 15 10
14:44:47 1 50 5120 4507 7.8 3.1 15 10
14:44:48 1 50 5120 4507 7.8 3.1 15 10
14:44:49 1 50 5120 4507 7.8 3.1 15 10
14:44:50 1 50 5120 4507 7.8 3.1 15 10
14:44:51 1 50 5120 4507 7.8 3.1 15 10
14:44:52 1 50 5120 4507 7.8 3.1 15 10
14:44:53 1 50 5120 4507 7.8 3.1 15 10
14:44:55 1 50 5120 4507 7.8 3.1 15 10
14:44:56 1 50 5120 4507 7.8 3.1 15 10
14:44:57 1 50 5120 4507 7.8 3.1 15 10
14:44:58 1 50 5120 4507 7.8 3.1 15 10
14:44:59 1 51 5120 4507 7.5 3.1 15 10
14:45:00 1 51 5120 4507 7.5 3.1 15 10
14:45:01 1 51 5120 4507 7.5 3.1 15 10
14:45:02 1 51 5120 4507 7.6 3.1 15 10
14:45:03 1 51 5120 4507 7.5 3.1 15 10
14:45:04 1 51 5120 4507 7.5 3.1 15 10
14:45:05 1 51 5120 4507 7.5 3.1 15 10
14:45:06 1 51 5120 4507 7.5 3.1 15 10
14:45:07 1 51 5120 4507 7.5 3.1 15 10
14:45:08 1 51 5120 4507 7.5 3.1 15 10
14:45:10 1 51 5120 4507 7.5 3.1 15 10
14:45:11 1 51 5120 4507 7.5 3.1 15 10
14:45:12 1 51 5120 4507 7.5 3.1 15 10
14:45:13 1 51 5120 4507 7.5 3.1 15 10
14:45:14 1 51 5120 4507 7.5 3.1 15 10
14:45:15 1 51 5120 4507 7.5 3.1 15 10
14:45:16 1 51 5120 4507 7.5 3.1 15 10
14:45:17 1 51 5120 4507 7.5 3.1 15 10
14:45:18 1 51 5120 4507 7.6 3.1 15 10
14:45:19 1 51 5120 4507 7.6 3.1 15 10
14:45:20 1 51 5120 4507 7.5 3.1 15 10
14:45:21 1 47 5120 4507 9.0 3.1 15 10
14:45:22 1 55 5120 4507 6.3 3.1 15 10
14:45:23 1 55 5120 4507 6.3 3.1 15 10
14:45:24 1 54 5120 4507 6.4 3.1 15 10
14:45:25 1 54 5120 4507 6.4 3.1 15 10
14:45:26 1 55 5120 4507 6.3 3.1 15 10
14:45:28 1 53 5120 4507 6.8 3.1 15 10
14:45:29 1 53 5120 4507 6.6 3.1 15 10
14:45:30 1 54 5120 4507 6.5 3.1 15 10
14:45:31 1 54 5120 4507 6.5 3.1 15 10
14:45:32 1 50 5120 4507 7.7 3.1 15 10
14:45:33 1 58 5120 4507 5.1 3.1 15 10
14:45:34 1 47 5120 4507 8.7 3.1 15 10
14:45:35 1 49 5120 4507 7.9 3.1 15 10
14:45:36 1 49 5120 4507 7.9 3.1 15 10
14:45:37 1 49 5120 4507 7.9 3.1 15 10
14:45:38 1 49 5120 4507 7.9 3.1 15 10
14:45:39 1 49 5120 4507 7.9 3.1 15 10
14:45:40 1 49 5120 4507 7.9 3.1 15 10
14:45:41 1 49 5120 4507 7.9 3.1 15 10
14:45:42 1 50 5120 4507 7.9 3.1 15 10
14:45:43 1 49 5120 4507 8.0 3.1 15 10
14:45:45 1 49 5120 4507 7.8 3.1 15 10
14:45:46 1 50 5120 4499 7.8 3.1 15 10
14:45:47 1 50 5120 4499 7.8 3.1 15 10
14:45:48 1 50 5120 4499 7.8 3.1 15 10
14:45:49 1 50 5120 4499 7.8 3.1 15 10
14:45:50 1 50 5120 4499 7.8 3.1 15 10
14:45:51 1 50 5120 4499 7.8 3.1 15 10
14:45:52 1 50 5120 4499 7.8 3.1 15 10
14:45:53 1 50 5120 4499 7.8 3.1 15 10
14:45:54 1 50 5120 4499 7.8 3.1 15 10
14:45:55 1 50 5120 4499 7.8 3.1 15 10
14:45:56 1 51 5120 4499 7.5 3.1 15 10
14:45:57 1 51 5120 4499 7.5 3.1 15 10
14:45:58 1 50 5120 4499 7.6 3.1 15 10
14:45:59 1 50 5120 4499 7.6 3.1 15 10
14:46:01 1 50 5120 4499 7.6 3.1 15 10
14:46:02 1 51 5120 4499 7.5 3.1 15 10
14:46:03 1 50 5120 4499 7.6 3.1 15 10
14:46:04 1 50 5120 4499 7.6 3.1 15 10
14:46:05 1 50 5120 4499 7.6 3.1 15 10
14:46:06 1 50 5120 4499 7.6 3.1 15 10
14:46:07 1 51 5120 4499 7.5 3.1 15 10
14:46:08 1 51 5120 4499 7.5 3.1 15 10
14:46:09 1 51 5120 4499 7.5 3.1 15 10
14:46:10 1 51 5120 4499 7.5 3.1 15 10
14:46:11 1 51 5120 4499 7.5 3.1 15 10
14:46:12 1 51 5120 4499 7.5 3.1 15 10
14:46:13 1 51 5120 4499 7.5 3.1 15 10
14:46:14 1 51 5120 4499 7.6 3.1 15 10
14:46:15 1 51 5120 4499 7.5 3.1 15 10
14:46:16 1 51 5120 4499 7.5 3.1 15 10
14:46:18 1 51 5120 4499 7.5 3.1 15 10
14:46:19 1 47 5120 4499 8.8 3.1 15 10
14:46:20 1 47 5120 4499 8.8 3.1 15 10
14:46:21 1 54 5120 4499 6.3 3.1 15 10
14:46:22 1 54 5120 4499 6.4 3.1 15 10
14:46:23 1 54 5120 4499 6.4 3.1 15 10
14:46:24 1 54 5120 4499 6.3 3.1 15 10
14:46:25 1 53 5120 4499 6.8 3.1 15 10
14:46:26 1 53 5120 4499 6.7 3.1 15 10
14:46:27 1 54 5120 4499 6.5 3.1 15 10
14:46:28 1 54 5120 4499 6.5 3.1 15 10
14:46:29 1 54 5120 4499 6.5 3.1 15 10
14:46:30 1 51 5120 4499 7.4 3.1 15 10
14:46:31 1 47 5120 4499 8.7 3.1 15 10
14:46:32 1 49 5120 4499 7.9 3.1 15 10
14:46:33 1 49 5120 4499 7.9 3.1 15 10
14:46:35 1 49 5120 4499 7.9 3.1 15 10
14:46:36 1 49 5120 4499 7.9 3.1 15 10
14:46:37 1 49 5120 4499 7.8 3.1 15 10
14:46:38 1 49 5120 4499 7.9 3.1 15 10
14:46:39 1 49 5120 4499 7.9 3.1 15 10
14:46:40 1 50 5120 4499 7.7 3.1 15 10
14:46:41 1 50 5120 4499 7.7 3.1 15 10
14:46:42 1 50 5120 4499 7.8 3.1 15 10
14:46:43 1 50 5120 4499 7.8 3.1 15 10
14:46:44 1 50 5120 4499 7.8 3.1 15 10
14:46:45 1 50 5120 4499 7.8 3.1 15 10
14:46:46 1 50 5120 4499 7.8 3.1 15 10
14:46:47 1 50 5120 4499 7.8 3.1 15 10
14:46:48 1 50 5120 4499 7.8 3.1 15 10
14:46:49 1 50 5120 4499 7.8 3.1 15 10
14:46:51 1 50 5120 4499 7.8 3.1 15 10
14:46:52 1 50 5120 4499 7.8 3.1 15 10
14:46:53 1 50 5120 4499 7.8 3.1 15 10
14:46:54 1 50 5120 4499 7.8 3.1 15 10
14:46:55 1 51 5120 4499 7.5 3.1 15 10
14:46:56 1 51 5120 4499 7.5 3.1 15 10
14:46:57 1 51 5120 4499 7.5 3.1 15 10
14:46:58 1 50 5120 4499 7.5 3.1 15 10
14:46:59 1 50 5120 4499 7.5 3.1 15 10
14:47:00 1 50 5120 4499 7.5 3.1 15 10
14:47:01 1 51 5120 4499 7.5 3.1 15 10
14:47:02 1 51 5120 4499 7.5 3.1 15 10
14:47:03 1 51 5120 4499 7.5 3.1 15 10
14:47:04 1 51 5120 4499 7.5 3.1 15 10
14:47:06 1 51 5120 4499 7.5 3.1 15 10
14:47:07 1 51 5120 4499 7.5 3.1 15 10
14:47:08 1 51 5120 4499 7.5 3.1 15 10
14:47:09 1 51 5120 4499 7.5 3.1 15 10
14:47:10 1 51 5120 4499 7.5 3.1 15 10
14:47:11 1 51 5120 4499 7.5 3.1 15 10
14:47:12 1 50 5120 4499 7.5 3.1 15 10
14:47:13 1 51 5120 4499 7.5 3.1 15 10
14:47:14 1 51 5120 4499 7.5 3.1 15 10
14:47:15 1 51 5120 4499 7.5 3.1 15 10
14:47:16 1 47 5120 4499 8.8 3.1 15 10
14:47:17 1 47 5120 4499 8.7 3.1 15 10
14:47:18 1 54 5120 4499 6.3 3.1 15 10
14:47:19 1 54 5120 4499 6.4 3.1 15 10
14:47:20 1 54 5120 4499 6.4 3.1 15 10
14:47:21 1 54 5120 4499 6.3 3.1 15 10
14:47:22 1 53 5120 4499 6.7 3.1 15 10
14:47:24 1 53 5120 4499 6.6 3.1 15 10
14:47:25 1 54 5120 4499 6.4 3.1 15 10
14:47:26 1 54 5120 4499 6.5 3.1 15 10
14:47:27 1 54 5120 4499 6.4 3.1 15 10
14:47:28 1 51 5120 4499 7.4 3.1 15 10
14:47:29 1 47 5120 4499 8.7 3.1 15 10
14:47:30 1 49 5120 4499 7.9 3.1 15 10
14:47:31 1 50 5120 4499 7.9 3.1 15 10
14:47:32 1 50 5120 4499 7.8 3.1 15 10
14:47:33 1 49 5120 4499 7.9 3.1 15 10
14:47:34 1 50 5120 4499 7.9 3.1 15 10
14:47:35 1 50 5120 4499 7.9 3.1 15 10
14:47:36 1 49 5120 4499 7.9 3.1 15 10
14:47:37 1 50 5120 4499 7.7 3.1 15 10
14:47:38 1 50 5120 4499 7.7 3.1 15 10
14:47:39 1 50 5120 4499 7.7 3.1 15 10
14:47:41 1 50 5120 4499 7.8 3.1 15 10
14:47:42 1 50 5120 4499 7.7 3.1 15 10
14:47:43 1 50 5120 4499 7.7 3.1 15 10
14:47:44 1 50 5120 4499 7.7 3.1 15 10
14:47:45 1 50 5120 4499 7.8 3.1 15 10
14:47:46 1 50 5120 4499 7.8 3.1 15 10
14:47:47 1 50 5120 4499 7.7 3.1 15 10
14:47:48 1 50 5120 4499 7.7 3.1 15 10
14:47:49 1 50 5120 4499 7.7 3.1 15 10
14:47:50 1 50 5120 4499 7.8 3.1 15 10
14:47:51 1 50 5120 4499 7.7 3.1 15 10
14:47:52 1 51 5120 4499 7.5 3.1 15 10
14:47:53 1 51 5120 4499 7.5 3.1 15 10
14:47:54 1 51 5120 4499 7.5 3.1 15 10
14:47:55 1 51 5120 4499 7.5 3.1 15 10
14:47:57 1 51 5120 4499 7.5 3.1 15 10
14:47:58 1 51 5120 4499 7.5 3.1 15 10
14:47:59 1 51 5120 4499 7.5 3.1 15 10
14:48:00 1 51 5120 4499 7.5 3.1 15 10
14:48:01 1 51 5120 4499 7.5 3.1 15 10
14:48:02 1 51 5120 4499 7.5 3.1 15 10
14:48:03 1 51 5120 4499 7.5 3.1 15 10
14:48:04 1 51 5120 4499 7.5 3.1 15 10
14:48:05 1 51 5120 4499 7.5 3.1 15 10
14:48:06 1 51 5120 4499 7.5 3.1 15 10
14:48:07 1 51 5120 4499 7.5 3.1 15 10
14:48:08 1 51 5120 4499 7.5 3.1 15 10
14:48:09 1 51 5120 4499 7.5 3.1 15 10
14:48:10 1 51 5120 4499 7.5 3.1 15 10
14:48:11 1 51 5120 4499 7.5 3.1 15 10
14:48:13 1 51 5120 4499 7.5 3.1 15 10
14:48:14 1 47 5120 4499 8.9 3.1 15 10
14:48:15 1 47 5120 4499 8.7 3.1 15 10
14:48:16 1 54 5120 4499 6.3 3.1 15 10
14:48:17 1 54 5120 4499 6.4 3.1 15 10
14:48:18 1 54 5120 4499 6.4 3.1 15 10
14:48:19 1 54 5120 4499 6.3 3.1 15 10
14:48:20 1 53 5120 4499 6.7 3.1 15 10
14:48:21 1 54 5120 4499 6.5 3.1 15 10
14:48:22 1 54 5120 4499 6.4 3.1 15 10
14:48:23 1 54 5120 4499 6.5 3.1 15 10
14:48:24 1 50 5120 4499 7.6 3.1 15 10
14:48:25 1 51 5120 4499 7.4 3.1 15 10
14:48:26 1 47 5120 4499 8.7 3.1 15 10
14:48:27 1 50 5120 4499 7.9 3.1 15 10
14:48:28 1 50 5120 4499 7.9 3.1 15 10
14:48:29 1 50 5120 4499 7.8 3.1 15 10
14:48:31 1 50 5120 4499 7.8 3.1 15 10
14:48:32 1 50 5120 4499 7.8 3.1 15 10
14:48:33 1 50 5120 4499 7.9 3.1 15 10
14:48:34 1 50 5120 4499 7.9 3.1 14 10
14:48:35 1 50 5120 4499 7.9 3.1 14 10
14:48:36 1 50 5120 4499 7.9 3.1 14 10
14:48:37 1 50 5120 4499 7.8 3.1 14 10
14:48:38 1 50 5120 4499 7.8 3.1 15 10
14:48:39 1 50 5120 4499 7.8 3.1 15 10
14:48:40 1 50 5120 4499 7.7 3.1 15 10
14:48:41 1 50 5120 4499 7.7 3.1 15 10
14:48:42 1 50 5120 4499 7.8 3.1 15 10
14:48:43 1 50 5120 4499 7.7 3.1 15 10
14:48:44 1 50 5120 4499 7.7 3.1 15 10
14:48:45 1 50 5120 4499 7.7 3.1 15 10
14:48:47 1 50 5120 4499 7.7 3.1 15 10
14:48:48 1 50 5120 4499 7.7 3.1 15 10
14:48:49 1 51 5120 4499 7.5 3.1 15 10
14:48:50 1 51 5120 4499 7.5 3.1 15 10
14:48:51 1 51 5120 4499 7.5 3.1 15 10
14:48:52 1 51 5120 4499 7.5 3.1 15 10
14:48:53 1 51 5120 4499 7.5 3.1 15 10
14:48:54 1 51 5120 4499 7.5 3.1 15 10
14:48:55 1 51 5120 4499 7.5 3.1 15 10
14:48:56 1 51 5120 4499 7.5 3.1 15 10
14:48:57 1 51 5120 4499 7.5 3.1 15 10
14:48:58 1 51 5120 4499 7.5 3.1 15 10
14:48:59 1 51 5120 4499 7.5 3.1 15 10
14:49:00 1 51 5120 4499 7.5 3.1 15 10
14:49:02 1 51 5120 4491 7.5 3.1 15 10
14:49:03 1 51 5120 4491 7.5 3.1 15 10
14:49:04 1 51 5120 4491 7.5 3.1 15 10
14:49:05 1 51 5120 4491 7.5 3.1 15 10
14:49:06 1 51 5120 4491 7.5 3.1 15 10
14:49:07 1 51 5120 4491 7.5 3.1 15 10
14:49:08 1 51 5120 4491 7.5 3.1 15 10
14:49:09 1 51 5120 4491 7.5 3.1 15 10
14:49:10 1 51 5120 4491 7.5 3.1 15 10
14:49:11 1 47 5120 4491 8.8 3.1 15 10
14:49:12 1 55 5120 4491 6.3 3.1 15 10
14:49:13 1 55 5120 4491 6.2 3.1 15 10
14:49:14 1 55 5120 4491 6.3 3.1 15 10
14:49:15 1 55 5120 4491 6.3 3.1 15 10
14:49:16 1 55 5120 4491 6.2 3.1 15 10
14:49:17 1 54 5120 4491 6.7 3.1 15 10
14:49:19 1 54 5120 4491 6.5 3.1 15 10
14:49:20 1 54 5120 4491 6.5 3.1 15 10
14:49:21 1 54 5120 4491 6.5 3.1 15 10
14:49:22 1 51 5120 4491 7.6 3.1 15 10
14:49:23 1 55 5120 4491 6.1 3.1 15 10
14:49:24 1 48 5120 4491 8.7 3.1 15 10
14:49:25 1 50 5120 4491 7.9 3.1 15 10
14:49:26 1 50 5120 4491 7.9 3.1 15 10
14:49:27 1 50 5120 4491 7.8 3.1 15 10
14:49:28 1 50 5120 4491 7.8 3.1 15 10
14:49:29 1 50 5120 4491 7.8 3.1 15 10
14:49:30 1 50 5120 4491 7.9 3.1 15 10
14:49:31 1 50 5120 4491 7.9 3.1 15 10
14:49:32 1 51 5120 4491 7.7 3.1 15 10
14:49:33 1 51 5120 4491 7.7 3.1 15 10
14:49:34 1 51 5120 4491 7.7 3.1 15 10
14:49:36 1 51 5120 4491 7.8 3.1 15 10
14:49:37 1 51 5120 4491 7.8 3.1 15 10
14:49:38 1 51 5120 4491 7.7 3.1 15 10
14:49:39 1 51 5120 4491 7.7 3.1 15 10
14:49:40 1 51 5120 4491 7.8 3.1 15 10
14:49:41 1 51 5120 4491 7.8 3.1 15 10
14:49:42 1 51 5120 4491 7.8 3.1 15 10
14:49:43 1 51 5120 4491 7.7 3.1 15 10
14:49:44 1 51 5120 4491 7.7 3.1 15 10
14:49:45 1 51 5120 4491 7.7 3.1 15 10
14:49:46 1 51 5120 4491 7.5 3.1 15 10
14:49:47 1 51 5120 4491 7.5 3.1 15 10
14:49:48 1 51 5120 4491 7.5 3.1 15 10
14:49:49 1 51 5120 4491 7.5 3.1 15 10
14:49:50 1 51 5120 4491 7.5 3.1 15 10
14:49:52 1 51 5120 4491 7.5 3.1 15 10
14:49:53 1 51 5120 4491 7.5 3.1 15 10
14:49:54 1 51 5120 4491 7.5 3.1 15 10
14:49:55 1 51 5120 4491 7.5 3.1 15 10
14:49:56 1 51 5120 4491 7.5 3.1 15 10
14:49:57 1 51 5120 4491 7.5 3.1 15 10
14:49:58 1 51 5120 4491 7.5 3.1 15 10
14:49:59 1 51 5120 4491 7.5 3.1 15 10
14:50:00 1 51 5120 4491 7.5 3.1 15 10
14:50:01 1 51 5120 4491 7.5 3.1 15 10
14:50:02 1 51 5120 4491 7.5 3.1 15 10
14:50:03 1 51 5120 4491 7.5 3.1 15 10
14:50:04 1 51 5120 4491 7.5 3.1 15 10
14:50:05 1 51 5120 4491 7.5 3.1 15 10
14:50:07 1 51 5120 4491 7.5 3.1 15 10
14:50:08 1 51 5120 4491 7.5 3.1 15 10
14:50:09 1 47 5120 4491 8.9 3.1 15 10
14:50:10 1 55 5120 4491 6.3 3.1 15 10
14:50:11 1 55 5120 4491 6.3 3.1 15 10
14:50:12 1 54 5120 4491 6.4 3.1 15 10
14:50:13 1 55 5120 4491 6.4 3.1 15 10
14:50:14 1 55 5120 4491 6.3 3.1 15 10
14:50:15 1 53 5120 4491 6.8 3.1 15 10
14:50:16 1 54 5120 4491 6.5 3.1 15 10
14:50:17 1 54 5120 4491 6.5 3.1 15 10
14:50:18 1 54 5120 4491 6.5 3.1 15 10
14:50:19 1 51 5120 4491 7.6 3.1 15 10
14:50:20 1 55 5120 4491 6.1 3.1 15 10
14:50:21 1 48 5120 4491 8.6 3.1 15 10
14:50:22 1 50 5120 4491 7.9 3.1 15 10
14:50:23 1 50 5120 4491 7.9 3.1 15 10
14:50:24 1 50 5120 4491 7.8 3.1 15 10
14:50:26 1 50 5120 4491 7.9 3.1 15 10
14:50:27 1 50 5120 4491 7.9 3.1 15 10
14:50:28 1 50 5120 4491 7.9 3.1 15 10
14:50:29 1 50 5120 4491 7.9 3.1 15 10
14:50:30 1 51 5120 4491 7.7 3.1 15 10
14:50:31 1 50 5120 4491 7.8 3.1 15 10
14:50:32 1 50 5120 4491 7.8 3.1 15 10
14:50:33 1 50 5120 4491 7.8 3.1 15 10
14:50:34 1 50 5120 4491 7.8 3.1 15 10
14:50:35 1 50 5120 4491 7.8 3.1 15 10
14:50:36 1 49 5120 4491 8.1 3.1 15 10
14:50:37 1 49 5120 4491 8.1 3.1 15 10
14:50:38 1 49 5120 4491 8.1 3.1 15 10
14:50:39 1 50 5120 4491 8.0 3.1 15 10
14:50:40 1 50 5120 4491 7.8 3.1 15 10
14:50:42 1 50 5120 4491 7.9 3.1 15 10
14:50:43 1 50 5120 4483 7.9 3.1 15 10
14:50:44 1 51 5120 4483 7.6 3.1 15 10
14:50:45 1 50 5120 4483 7.7 3.1 14 10
14:50:46 1 50 5120 4483 7.6 3.1 15 10
14:50:47 1 50 5120 4483 7.6 3.1 14 10
14:50:48 1 50 5120 4483 7.6 3.1 14 10
14:50:49 1 50 5120 4483 7.6 3.1 15 10
14:50:50 1 50 5120 4483 7.6 3.1 15 10
14:50:51 1 51 5120 4483 7.5 3.1 15 10
14:50:52 1 51 5120 4483 7.5 3.1 15 10
14:50:53 1 51 5120 4483 7.5 3.1 15 10
14:50:54 1 51 5120 4483 7.5 3.1 15 10
14:50:55 1 51 5120 4483 7.5 3.1 15 10
14:50:57 1 51 5120 4483 7.5 3.1 15 10
14:50:58 1 51 5120 4483 7.5 3.1 15 10
14:50:59 1 51 5120 4483 7.5 3.1 15 10
14:51:00 1 51 5120 4483 7.5 3.1 15 10
14:51:01 1 51 5120 4483 7.5 3.1 15 10
14:51:02 1 51 5120 4483 7.5 3.1 15 10
14:51:03 1 51 5120 4483 7.5 3.1 15 10
14:51:04 1 51 5120 4483 7.5 3.1 15 10
14:51:05 1 51 5120 4483 7.5 3.1 15 10
14:51:06 1 47 5120 4483 8.9 3.1 15 10
14:51:07 1 54 5120 4483 6.3 3.1 15 10
14:51:08 1 54 5120 4483 6.3 3.1 15 10
14:51:09 1 54 5120 4483 6.4 3.1 15 10
14:51:10 1 54 5120 4483 6.4 3.1 15 10
14:51:11 1 54 5120 4483 6.3 3.1 15 10
14:51:12 1 53 5120 4483 6.8 3.1 15 10
14:51:13 1 53 5120 4483 6.6 3.1 15 10
14:51:15 1 54 5120 4483 6.5 3.1 15 10
14:51:16 1 54 5120 4483 6.5 3.1 15 10
14:51:17 1 50 5120 4483 7.7 3.1 15 10
14:51:18 1 58 5120 4483 5.1 3.1 15 10
14:51:19 1 47 5120 4483 8.7 3.1 15 10
14:51:20 1 49 5120 4483 7.9 3.1 15 10
14:51:21 1 50 5120 4483 7.9 3.1 15 10
14:51:22 1 50 5120 4483 7.8 3.1 15 10
14:51:23 1 49 5120 4483 7.9 3.1 15 10
14:51:24 1 49 5120 4483 7.9 3.1 15 10
14:51:25 1 49 5120 4483 7.9 3.1 15 10
14:51:26 1 49 5120 4483 7.9 3.1 15 10
14:51:27 1 49 5120 4483 7.9 3.1 15 10
14:51:28 1 49 5120 4483 7.9 3.1 15 10
14:51:29 1 50 5120 4483 7.7 3.1 15 10
14:51:31 1 50 5120 4483 7.8 3.1 15 10
14:51:32 1 50 5120 4483 7.8 3.1 15 10
14:51:33 1 50 5120 4475 7.7 3.1 15 10
14:51:34 1 50 5120 4475 7.7 3.1 15 10
14:51:35 1 50 5120 4475 7.8 3.1 15 10
14:51:36 1 50 5120 4475 7.8 3.1 15 10
14:51:37 1 51 5120 4475 7.7 3.1 15 10
14:51:38 1 51 5120 4475 7.7 3.1 15 10
14:51:39 1 51 5120 4475 7.7 3.1 15 10
14:51:40 1 51 5120 4475 7.7 3.1 15 10
14:51:41 1 51 5120 4475 7.5 3.1 15 10
14:51:42 1 51 5120 4475 7.5 3.1 15 10
14:51:43 1 51 5120 4475 7.5 3.1 15 10
14:51:44 1 51 5120 4475 7.6 3.1 15 10
14:51:45 1 51 5120 4475 7.6 3.1 15 10
14:51:47 1 50 5120 4475 7.7 3.1 15 10
14:51:48 1 50 5120 4475 7.7 3.1 15 10
14:51:49 1 50 5120 4475 7.7 3.1 15 10
14:51:50 1 50 5120 4475 7.7 3.1 15 10
14:51:51 1 51 5120 4475 7.7 3.1 15 10
14:51:52 1 50 5120 4475 7.7 3.1 15 10
14:51:53 1 50 5120 4475 7.7 3.1 15 10
14:51:54 1 50 5120 4475 7.7 3.1 15 10
14:51:55 1 51 5120 4475 7.5 3.1 15 10
14:51:56 1 51 5120 4475 7.6 3.1 15 10
14:51:57 1 50 5120 4475 7.7 3.1 15 10
14:51:58 1 49 5120 4475 8.0 3.1 14 10
14:51:59 1 49 5120 4475 7.8 3.1 15 10
14:52:00 1 49 5120 4475 7.8 3.1 14 10
14:52:01 1 49 5120 4475 7.8 3.1 14 10
14:52:03 1 49 5120 4475 7.8 3.1 14 10
14:52:04 1 46 5120 4475 9.1 3.1 14 10
14:52:05 1 44 5120 4475 8.4 2.4 14 10
14:52:06 1 38 5120 4475 8.8 2.3 14 10
14:52:07 1 39 5120 4475 8.0 2.3 14 10
14:52:08 1 43 5120 4475 6.8 2.3 14 10
14:52:09 1 44 5120 4475 6.5 2.2 14 10
14:52:10 1 42 5120 4475 7.0 2.2 14 10
14:52:11 1 43 5120 4475 6.9 2.4 14 10
14:52:12 1 44 5120 4475 6.7 2.5 14 10
14:52:13 1 45 5120 4475 6.7 2.6 14 10
14:52:14 1 43 5120 4467 7.8 2.7 14 10
14:52:15 2 31 5120 4435 10.5 2.1 14 10
14:52:16 2 33 5120 4435 10.4 1.9 14 10
14:52:17 2 42 5120 4435 7.9 2.1 14 10
14:52:18 2 42 5120 4435 7.9 2.1 14 10
14:52:19 2 43 5120 4435 7.9 2.2 14 10
14:52:21 2 43 5120 4435 7.9 2.3 14 10
14:52:22 2 43 5120 4435 7.9 2.3 14 10
14:52:23 2 43 5120 4435 7.8 2.4 14 10
14:52:24 2 43 5120 4435 7.9 2.4 14 10
14:52:25 2 44 5120 4435 7.9 2.4 14 10
14:52:26 2 44 5120 4435 7.9 2.5 14 10
14:52:27 2 44 5120 4435 7.9 2.5 14 10
14:52:28 2 44 5120 4435 7.8 2.5 14 10
14:52:29 2 44 5120 4435 7.8 2.5 14 10
14:52:30 2 45 5120 4435 7.7 2.5 14 10
14:52:31 2 45 5120 4435 7.7 2.5 14 10
14:52:32 2 45 5120 4435 7.7 2.5 14 10
14:52:33 2 45 5120 4435 7.7 2.5 14 10
14:52:34 2 45 5120 4435 7.7 2.5 14 10
14:52:36 2 45 5120 4435 7.7 2.5 14 10
14:52:37 2 45 5120 4435 7.7 2.6 14 10
14:52:38 2 45 5120 4435 7.8 2.6 14 10
14:52:39 2 45 5120 4435 7.8 2.6 14 10
14:52:40 2 46 5120 4435 7.6 2.6 14 10
14:52:41 2 46 5120 4435 7.6 2.6 14 10
14:52:42 2 46 5120 4435 7.5 2.6 14 10
14:52:43 2 46 5120 4435 7.6 2.6 14 10
14:52:44 2 46 5120 4435 7.6 2.6 14 10
14:52:45 2 46 5120 4435 7.6 2.6 14 10
14:52:46 2 46 5120 4435 7.5 2.6 14 10
14:52:47 2 46 5120 4435 7.5 2.6 14 10
14:52:48 2 46 5120 4435 7.5 2.6 14 10
14:52:49 2 46 5120 4435 7.5 2.6 14 10
14:52:50 2 46 5120 4435 7.5 2.6 14 10
14:52:52 2 46 5120 4435 7.6 2.6 14 10
14:52:53 2 46 5120 4435 7.6 2.6 14 10
14:52:54 2 46 5120 4435 7.5 2.6 14 10
14:52:55 2 46 5120 4435 7.5 2.6 14 10
14:52:56 2 46 5120 4435 7.5 2.6 14 10
14:52:57 2 46 5120 4435 7.5 2.6 14 10
14:52:58 2 46 5120 4435 7.5 2.6 14 10
14:52:59 2 46 5120 4435 7.6 2.6 14 10
14:53:00 2 46 5120 4435 7.5 2.6 14 10
14:53:01 1 46 5120 4435 7.5 2.6 14 10
14:53:02 1 46 5120 4435 7.6 2.6 14 10
14:53:03 1 42 5120 4435 8.9 2.6 14 10
14:53:04 1 50 5120 4435 6.3 2.6 14 10
14:53:05 1 50 5120 4435 6.3 2.6 14 10
14:53:06 1 50 5120 4435 6.4 2.6 14 10
14:53:07 1 50 5120 4435 6.4 2.6 14 10
14:53:09 1 50 5120 4435 6.3 2.6 14 10
14:53:10 1 49 5120 4435 6.8 2.7 14 10
14:53:11 1 50 5120 4435 6.6 2.8 14 10
14:53:12 1 51 5120 4435 6.5 2.9 14 10
14:53:13 1 51 5120 4435 6.5 3.0 14 10
14:53:14 1 52 5120 4435 6.5 3.1 14 10
14:53:15 1 49 5120 4435 7.3 3.1 14 10
14:53:16 1 46 5120 4435 8.6 3.1 14 10
14:53:17 1 48 5120 4435 7.9 3.1 14 10
14:53:18 1 48 5120 4435 7.8 3.1 14 10
14:53:19 1 48 5120 4435 7.8 3.1 14 10
14:53:20 1 48 5120 4435 7.8 3.1 14 10
14:53:21 1 48 5120 4435 7.8 3.1 14 10
14:53:22 1 48 5120 4435 7.8 3.1 14 10
14:53:23 1 48 5120 4435 7.9 3.1 14 10
14:53:24 1 48 5120 4435 7.8 3.1 14 10
14:53:26 1 48 5120 4435 7.8 3.1 14 10
14:53:27 1 48 5120 4427 7.8 3.1 14 10
14:53:28 1 48 5120 4427 7.7 3.1 14 10
14:53:29 1 48 5120 4427 7.7 3.1 14 10
14:53:30 1 48 5120 4427 7.7 3.1 14 10
14:53:31 1 48 5120 4427 7.7 3.1 14 10
14:53:32 1 48 5120 4427 7.8 3.1 14 10
14:53:33 1 48 5120 4427 7.8 3.1 14 10
14:53:34 1 48 5120 4427 7.8 3.1 14 10
14:53:35 1 48 5120 4427 7.8 3.1 14 10
14:53:36 1 48 5120 4427 7.8 3.1 14 10
14:53:37 1 48 5120 4427 7.8 3.1 14 10
14:53:38 1 48 5120 4427 7.7 3.1 14 10
14:53:39 1 49 5120 4427 7.5 3.1 14 10
14:53:40 1 49 5120 4427 7.5 3.1 14 10
14:53:42 1 49 5120 4427 7.5 3.1 14 10
14:53:43 1 49 5120 4427 7.5 3.1 14 10
14:53:44 1 49 5120 4427 7.5 3.1 14 10
14:53:45 1 49 5120 4427 7.5 3.1 14 10
14:53:46 1 49 5120 4427 7.5 3.1 14 10
14:53:47 1 49 5120 4427 7.5 3.1 14 10
14:53:48 1 49 5120 4427 7.6 3.1 14 10
14:53:49 1 49 5120 4427 7.5 3.1 14 10
14:53:50 1 49 5120 4427 7.5 3.1 14 10
14:53:51 1 49 5120 4427 7.6 3.1 14 10
14:53:52 1 49 5120 4427 7.5 3.1 14 10
14:53:53 1 49 5120 4427 7.5 3.1 14 10
14:53:54 1 49 5120 4427 7.5 3.1 14 10
14:53:55 1 49 5120 4427 7.5 3.1 14 10
14:53:56 1 49 5120 4419 7.5 3.1 14 10
14:53:58 1 49 5120 4419 7.5 3.1 14 10
14:53:59 1 49 5120 4419 7.6 3.1 14 10
14:54:00 1 49 5120 4419 7.5 3.1 14 10
14:54:01 1 49 5120 4419 7.5 3.1 14 10
14:54:02 1 49 5120 4419 7.5 3.1 14 10
14:54:03 1 45 5120 4419 8.9 3.1 14 10
14:54:04 1 53 5120 4419 6.3 3.1 14 10
14:54:05 1 53 5120 4419 6.3 3.1 14 10
14:54:06 1 53 5120 4419 6.3 3.1 14 10
14:54:07 1 53 5120 4419 6.3 3.1 14 10
14:54:08 1 53 5120 4419 6.3 3.1 14 10
14:54:09 1 52 5120 4419 6.7 3.1 14 10
14:54:10 1 52 5120 4419 6.5 3.1 14 10
14:54:11 1 52 5120 4419 6.4 3.1 14 10
14:54:12 1 52 5120 4419 6.4 3.1 14 10
14:54:13 1 49 5120 4419 7.7 3.1 14 10
14:54:14 1 50 5120 4419 7.4 3.1 14 10
14:54:15 1 46 5120 4419 8.7 3.1 14 10
14:54:17 1 48 5120 4419 7.8 3.1 14 10
14:54:18 1 48 5120 4419 7.8 3.1 14 10
14:54:19 1 48 5120 4419 7.9 3.1 14 10
14:54:20 1 48 5120 4419 7.9 3.1 14 10
14:54:21 1 48 5120 4419 7.8 3.1 14 10
14:54:22 1 48 5120 4419 7.8 3.1 14 10
14:54:23 1 48 5120 4419 7.8 3.1 14 10
14:54:24 1 49 5120 4419 7.8 3.1 14 10
14:54:25 1 48 5120 4419 7.8 3.1 14 10
14:54:26 1 49 5120 4419 7.7 3.1 14 10
14:54:27 1 48 5120 4419 7.8 3.1 14 10
14:54:28 1 48 5120 4419 7.7 3.1 14 10
14:54:29 1 49 5120 4419 7.7 3.1 14 10
14:54:30 1 49 5120 4419 7.7 3.1 14 10
14:54:32 1 49 5120 4419 7.7 3.1 14 10
14:54:33 1 49 5120 4419 7.7 3.1 14 10
14:54:34 1 48 5120 4419 7.8 3.1 14 10
14:54:35 1 48 5120 4419 7.8 3.1 14 10
14:54:36 1 49 5120 4419 7.7 3.1 14 10
14:54:37 1 49 5120 4419 7.8 3.1 14 10
14:54:38 1 49 5120 4419 7.5 3.1 14 10
14:54:39 1 49 5120 4419 7.5 3.1 14 10
14:54:40 1 50 5120 4419 7.5 3.1 14 10
14:54:41 1 49 5120 4419 7.5 3.1 14 10
14:54:42 1 49 5120 4419 7.5 3.1 14 10
14:54:43 1 49 5120 4419 7.5 3.1 14 10
14:54:44 1 49 5120 4419 7.5 3.1 14 10
14:54:45 1 50 5120 4419 7.5 3.1 14 10
14:54:46 1 49 5120 4419 7.5 3.1 14 10
14:54:48 1 49 5120 4419 7.5 3.1 14 10
14:54:49 1 49 5120 4419 7.6 3.1 14 10
14:54:50 1 49 5120 4419 7.6 3.1 14 10
14:54:51 1 49 5120 4419 7.5 3.1 14 10
14:54:52 1 49 5120 4419 7.6 3.1 14 10
14:54:53 1 49 5120 4419 7.5 3.1 14 10
14:54:54 1 49 5120 4419 7.5 3.1 14 10
14:54:55 1 49 5120 4419 7.5 3.1 14 10
14:54:56 1 49 5120 4419 7.5 3.1 14 10
14:54:57 1 49 5120 4419 7.5 3.1 14 10
14:54:58 1 49 5120 4419 7.5 3.1 14 10
14:54:59 1 49 5120 4419 7.5 3.1 14 10
14:55:00 1 49 5120 4419 7.5 3.1 14 10
14:55:01 1 45 5120 4419 8.9 3.1 14 10
14:55:02 1 53 5120 4419 6.3 3.1 14 10
14:55:03 1 53 5120 4419 6.2 3.1 14 10
14:55:05 1 53 5120 4419 6.4 3.1 14 10
14:55:06 1 53 5120 4419 6.3 3.1 14 10
14:55:07 1 53 5120 4419 6.3 3.1 14 10
14:55:08 1 52 5120 4419 6.7 3.1 14 10
14:55:09 1 52 5120 4419 6.5 3.1 14 10
14:55:10 1 53 5120 4419 6.4 3.1 14 10
14:55:11 1 53 5120 4419 6.4 3.1 14 10
14:55:12 1 49 5120 4419 7.6 3.1 14 10
14:55:13 1 54 5120 4419 6.1 3.1 14 10
14:55:14 1 46 5120 4419 8.7 3.1 14 10
14:55:15 1 48 5120 4419 7.8 3.1 14 10
14:55:16 1 48 5120 4419 7.8 3.1 14 10
14:55:17 1 48 5120 4419 7.8 3.1 14 10
14:55:18 1 48 5120 4419 7.8 3.1 14 10
14:55:19 1 48 5120 4419 7.8 3.1 14 10
14:55:20 1 48 5120 4419 7.9 3.1 14 10
14:55:21 1 48 5120 4419 7.9 3.1 14 10
14:55:23 1 48 5120 4419 7.8 3.1 14 10
14:55:24 1 48 5120 4419 7.9 3.1 14 10
14:55:25 1 49 5120 4419 7.7 3.1 14 10
14:55:26 1 49 5120 4419 7.8 3.1 14 10
14:55:27 1 49 5120 4419 7.8 3.1 14 10
14:55:28 1 49 5120 4419 7.8 3.1 14 10
14:55:29 1 49 5120 4419 7.8 3.1 14 10
14:55:30 1 49 5120 4419 7.8 3.1 14 10
14:55:31 1 49 5120 4419 7.7 3.1 14 10
14:55:32 1 49 5120 4419 7.7 3.1 14 10
14:55:33 1 48 5120 4419 7.8 3.1 14 10
14:55:34 1 48 5120 4419 7.8 3.1 14 10
14:55:35 1 49 5120 4419 7.8 3.1 14 10
14:55:36 1 49 5120 4419 7.7 3.1 14 10
14:55:37 1 49 5120 4419 7.5 3.1 14 10
14:55:39 1 49 5120 4419 7.5 3.1 14 10
14:55:40 1 49 5120 4419 7.6 3.1 14 10
14:55:41 1 49 5120 4419 7.5 3.1 14 10
14:55:42 1 50 5120 4419 7.5 3.1 14 10
14:55:43 1 50 5120 4419 7.5 3.1 14 10
14:55:44 1 50 5120 4419 7.5 3.1 14 10
14:55:45 1 50 5120 4419 7.5 3.1 14 10
14:55:46 1 50 5120 4419 7.5 3.1 14 10
14:55:47 1 50 5120 4419 7.5 3.1 14 10
14:55:48 1 50 5120 4419 7.5 3.1 14 10
14:55:49 1 50 5120 4419 7.5 3.1 14 10
14:55:50 1 50 5120 4419 7.5 3.1 14 10
14:55:51 1 50 5120 4419 7.5 3.1 14 10
14:55:52 1 50 5120 4419 7.5 3.1 14 10
14:55:54 1 50 5120 4419 7.5 3.1 14 10
14:55:55 1 49 5120 4419 7.5 3.1 14 10
14:55:56 1 50 5120 4419 7.5 3.1 14 10
14:55:57 1 50 5120 4419 7.5 3.1 14 10
14:55:58 1 50 5120 4419 7.5 3.1 14 10
14:55:59 1 46 5120 4419 8.8 3.1 14 10
14:56:00 1 48 5120 4419 6.8 3.1 14 10
14:56:01 1 54 5120 4419 6.3 3.1 14 10
14:56:02 1 54 5120 4419 6.4 3.1 14 10
14:56:03 1 54 5120 4419 6.3 3.1 14 10
14:56:04 1 54 5120 4419 6.3 3.1 14 10
14:56:05 1 53 5120 4419 6.8 3.1 14 10
14:56:06 1 53 5120 4419 6.6 3.1 14 10
14:56:07 1 54 5120 4419 6.4 3.1 14 10
14:56:08 1 53 5120 4419 6.5 3.1 14 10
14:56:09 1 50 5120 4419 7.7 3.1 14 10
14:56:10 1 51 5120 4419 7.1 3.1 14 10
14:56:12 1 47 5120 4419 8.6 3.1 14 10
14:56:13 1 50 5120 4419 7.9 3.1 14 10
14:56:14 1 50 5120 4419 7.8 3.1 14 10
14:56:15 1 50 5120 4419 7.8 3.1 14 10
14:56:16 1 50 5120 4419 7.8 3.1 14 10
14:56:17 1 50 5120 4419 7.8 3.1 14 10
14:56:18 1 49 5120 4419 7.9 3.1 14 10
14:56:19 1 50 5120 4419 7.9 3.1 14 10
14:56:20 1 50 5120 4419 7.7 3.1 14 10
14:56:21 1 50 5120 4419 7.7 3.1 14 10
14:56:22 1 50 5120 4419 7.8 3.1 14 10
14:56:23 1 50 5120 4419 7.8 3.1 14 10
14:56:24 1 50 5120 4419 7.7 3.1 14 10
14:56:25 1 50 5120 4419 7.8 3.1 14 10
14:56:27 1 50 5120 4419 7.8 3.1 14 10
14:56:28 1 50 5120 4419 7.8 3.1 14 10
14:56:29 1 50 5120 4419 7.8 3.1 14 10
14:56:30 1 50 5120 4411 7.8 3.1 14 10
14:56:31 1 50 5120 4411 7.7 3.1 14 10
14:56:32 1 50 5120 4411 7.7 3.1 14 10
14:56:33 1 50 5120 4411 7.8 3.1 14 10
14:56:34 1 50 5120 4411 7.7 3.1 14 10
14:56:35 1 51 5120 4411 7.5 3.1 14 10
14:56:36 1 51 5120 4411 7.5 3.1 14 10
14:56:37 1 51 5120 4411 7.6 3.1 14 10
14:56:38 1 51 5120 4411 7.5 3.1 14 10
14:56:39 1 51 5120 4411 7.5 3.1 14 10
14:56:40 1 51 5120 4411 7.6 3.1 14 10
14:56:41 1 51 5120 4411 7.5 3.1 14 10
14:56:42 1 51 5120 4411 7.5 3.1 14 10
14:56:44 1 51 5120 4411 7.6 3.1 14 10
14:56:45 1 51 5120 4411 7.5 3.1 14 10
14:56:46 1 51 5120 4411 7.6 3.1 14 10
14:56:47 1 51 5120 4411 7.6 3.1 14 10
14:56:48 1 51 5120 4411 7.5 3.1 14 10
14:56:49 1 51 5120 4411 7.5 3.1 14 10
14:56:50 1 51 5120 4411 7.5 3.1 14 10
14:56:51 1 51 5120 4411 7.5 3.1 14 10
14:56:52 1 51 5120 4411 7.5 3.1 14 10
14:56:53 1 51 5120 4411 7.6 3.1 14 10
14:56:54 1 51 5120 4411 7.6 3.1 14 10
14:56:55 1 51 5120 4411 7.6 3.1 14 10
14:56:56 1 50 5120 4411 7.6 3.1 14 10
14:56:57 1 47 5120 4411 8.8 3.1 14 10
14:56:58 1 54 5120 4411 6.3 3.1 14 10
14:57:00 1 54 5120 4411 6.3 3.1 14 10
14:57:01 1 54 5120 4411 6.4 3.1 14 10
14:57:02 1 54 5120 4411 6.3 3.1 14 10
14:57:03 1 53 5120 4411 6.7 3.1 14 10
14:57:04 1 53 5120 4411 6.6 3.1 14 10
14:57:05 1 54 5120 4411 6.4 3.1 14 10
14:57:06 1 54 5120 4411 6.4 3.1 14 10
14:57:07 1 54 5120 4411 6.4 3.1 14 10
14:57:08 1 51 5120 4411 7.4 3.1 14 10
14:57:09 1 47 5120 4411 8.7 3.1 14 10
14:57:10 1 50 5120 4411 7.9 3.1 14 10
14:57:11 1 50 5120 4411 7.8 3.1 14 10
14:57:12 1 50 5120 4411 7.8 3.1 14 10
14:57:13 1 50 5120 4411 7.8 3.1 14 10
14:57:14 1 50 5120 4411 7.8 3.1 14 10
14:57:15 1 50 5120 4411 7.8 3.1 14 10
14:57:16 1 50 5120 4411 7.8 3.1 14 10
14:57:18 1 50 5120 4411 7.8 3.1 14 10
14:57:19 1 50 5120 4411 7.7 3.1 14 10
14:57:20 1 50 5120 4411 7.7 3.1 14 10
14:57:21 1 50 5120 4411 7.7 3.1 14 10
14:57:22 1 50 5120 4411 7.8 3.1 14 10
14:57:23 1 50 5120 4411 7.8 3.1 14 10
14:57:24 1 50 5120 4411 7.8 3.1 14 10
14:57:25 1 50 5120 4411 7.8 3.1 14 10
14:57:26 1 50 5120 4411 7.7 3.1 14 10
14:57:27 1 50 5120 4411 7.8 3.1 14 10
14:57:28 1 50 5120 4411 7.8 3.1 14 10
14:57:29 1 50 5120 4411 7.8 3.1 14 10
14:57:30 1 50 5120 4411 7.8 3.1 14 10
14:57:31 1 50 5120 4411 7.8 3.1 14 10
14:57:33 1 51 5120 4411 7.6 3.1 14 10
14:57:34 1 51 5120 4411 7.5 3.1 14 10
14:57:35 1 51 5120 4411 7.5 3.1 14 10
14:57:36 1 51 5120 4411 7.5 3.1 14 10
14:57:37 1 51 5120 4411 7.5 3.1 14 10
14:57:38 1 51 5120 4411 7.6 3.1 14 10
14:57:39 1 51 5120 4411 7.6 3.1 14 10
14:57:40 1 51 5120 4411 7.5 3.1 14 10
14:57:41 1 51 5120 4411 7.5 3.1 14 10
14:57:42 1 51 5120 4411 7.5 3.1 14 10
14:57:43 1 51 5120 4411 7.5 3.1 14 10
14:57:44 1 51 5120 4411 7.6 3.1 14 10
14:57:45 1 51 5120 4411 7.5 3.1 14 10
14:57:46 1 51 5120 4411 7.5 3.1 14 10
14:57:47 1 51 5120 4411 7.5 3.1 14 10
14:57:49 1 51 5120 4411 7.5 3.1 14 10
14:57:50 1 51 5120 4411 7.6 3.1 14 10
14:57:51 1 51 5120 4411 7.6 3.1 14 10
14:57:52 1 51 5120 4411 7.5 3.1 14 10
14:57:53 1 51 5120 4411 7.5 3.1 14 10
14:57:54 1 51 5120 4411 7.5 3.1 14 10
14:57:55 1 47 5120 4411 8.8 3.1 14 10
14:57:56 1 55 5120 4411 6.3 3.1 14 10
14:57:57 1 55 5120 4411 6.3 3.1 14 10
14:57:58 1 54 5120 4411 6.4 3.1 14 10
14:57:59 1 54 5120 4411 6.3 3.1 14 10
14:58:00 1 55 5120 4411 6.3 3.1 14 10
14:58:01 1 53 5120 4411 6.7 3.1 14 10
14:58:02 1 54 5120 4411 6.6 3.1 14 10
14:58:03 1 54 5120 4411 6.5 3.1 14 10
14:58:04 1 54 5120 4411 6.5 3.1 14 10
14:58:05 1 50 5120 4411 7.7 3.1 14 10
14:58:07 1 53 5120 4411 6.1 3.1 14 10
14:58:08 1 48 5120 4411 8.7 3.1 14 10
14:58:09 1 50 5120 4411 7.9 3.1 14 10
14:58:10 1 50 5120 4411 7.9 3.1 14 10
14:58:11 1 50 5120 4411 7.8 3.1 14 10
14:58:12 1 50 5120 4411 7.8 3.1 14 10
14:58:13 1 50 5120 4411 7.9 3.1 14 10
14:58:14 1 50 5120 4411 7.8 3.1 14 10
14:58:15 1 50 5120 4411 7.8 3.1 14 10
14:58:16 1 50 5120 4411 7.7 3.1 14 10
14:58:17 1 50 5120 4411 7.7 3.1 14 10
14:58:18 1 50 5120 4411 7.7 3.1 14 10
14:58:19 1 50 5120 4411 7.7 3.1 14 10
14:58:20 1 50 5120 4411 7.7 3.1 14 10
14:58:22 1 50 5120 4411 7.8 3.1 14 10
14:58:23 1 50 5120 4411 7.7 3.1 14 10
14:58:24 1 50 5120 4411 7.7 3.1 14 10
14:58:25 1 50 5120 4411 7.7 3.1 14 10
14:58:26 1 50 5120 4411 7.7 3.1 14 10
14:58:27 1 50 5120 4411 7.7 3.1 14 10
14:58:28 1 50 5120 4411 7.7 3.1 14 10
14:58:29 1 50 5120 4411 7.7 3.1 14 10
14:58:30 1 50 5120 4411 7.7 3.1 14 10
14:58:31 1 51 5120 4411 7.5 3.1 14 10
14:58:32 1 51 5120 4411 7.5 3.1 14 10
14:58:33 1 51 5120 4411 7.5 3.1 14 10
14:58:34 1 51 5120 4411 7.5 3.1 14 10
14:58:35 1 51 5120 4411 7.5 3.1 14 10
14:58:36 1 51 5120 4411 7.5 3.1 14 10
14:58:37 1 51 5120 4411 7.5 3.1 14 10
14:58:39 1 51 5120 4411 7.5 3.1 14 10
14:58:40 1 51 5120 4411 7.4 3.1 14 10
14:58:41 1 51 5120 4411 7.5 3.1 14 10
14:58:42 1 51 5120 4411 7.5 3.1 14 10
14:58:43 1 51 5120 4411 7.5 3.1 14 10
14:58:44 1 51 5120 4411 7.5 3.1 14 10
14:58:45 1 51 5120 4411 7.5 3.1 14 10
14:58:46 1 51 5120 4411 7.5 3.1 14 10
14:58:47 1 51 5120 4411 7.5 3.1 14 10
14:58:48 1 51 5120 4411 7.5 3.1 14 10
14:58:49 1 51 5120 4411 7.5 3.1 14 10
14:58:50 1 51 5120 4411 7.5 3.1 14 10
14:58:51 1 51 5120 4411 7.5 3.1 14 10
14:58:52 1 47 5120 4411 8.8 3.1 14 10
14:58:53 1 47 5120 4411 8.7 3.1 14 10
14:58:55 1 55 5120 4411 6.3 3.1 14 10
14:58:56 1 54 5120 4411 6.4 3.1 14 10
14:58:57 1 54 5120 4411 6.3 3.1 14 10
14:58:58 1 55 5120 4411 6.3 3.1 14 10
14:58:59 1 53 5120 4411 6.7 3.1 14 10
14:59:00 1 54 5120 4411 6.6 3.1 14 10
14:59:01 1 54 5120 4411 6.5 3.1 14 10
14:59:02 1 54 5120 4411 6.4 3.1 14 10
14:59:03 1 51 5120 4411 7.6 3.1 14 10
14:59:04 1 51 5120 4411 7.4 3.1 14 10
14:59:05 1 52 5120 4411 7.2 3.1 14 10
14:59:06 1 55 5120 4411 6.1 3.1 14 10
14:59:07 1 55 5120 4411 6.1 3.1 14 10
14:59:08 1 55 5120 4411 6.1 3.1 14 10
14:59:09 1 55 5120 4411 6.2 3.2 14 10
14:59:10 1 55 5120 4411 6.1 3.2 14 10
14:59:11 1 55 5120 4411 6.1 3.2 14 10
14:59:12 1 55 5120 4411 6.1 3.2 14 10
14:59:13 1 52 5120 4411 7.2 3.4 14 10
14:59:15 1 65 5120 4411 3.0 3.4 14 10
14:59:16 1 65 5120 4411 3.0 3.4 14 10
14:59:17 1 63 5120 4411 3.6 3.4 14 10
