{
    "Community": {
        "precision": 0.3865877712031558,
        "recall": 0.5948406676783005,
        "f1-score": 0.4686192468619247,
        "support": 659.0
    },
    "Entertainment": {
        "precision": 0.43243243243243246,
        "recall": 0.5333333333333333,
        "f1-score": 0.47761194029850745,
        "support": 330.0
    },
    "Food": {
        "precision": 0.5815991237677984,
        "recall": 0.29565701559020047,
        "f1-score": 0.3920265780730897,
        "support": 1796.0
    },
    "Nightlife": {
        "precision": 0.31346578366445915,
        "recall": 0.568,
        "f1-score": 0.4039829302987198,
        "support": 250.0
    },
    "Outdoors": {
        "precision": 0.4318766066838046,
        "recall": 0.5957446808510638,
        "f1-score": 0.5007451564828614,
        "support": 282.0
    },
    "Shopping": {
        "precision": 0.5668740279937792,
        "recall": 0.5252161383285303,
        "f1-score": 0.5452505609573672,
        "support": 1388.0
    },
    "Travel": {
        "precision": 0.4773561811505508,
        "recall": 0.6794425087108014,
        "f1-score": 0.5607476635514018,
        "support": 574.0
    },
    "macro avg": {
        "precision": 0.4557417038422829,
        "recall": 0.54174776349889,
        "f1-score": 0.4784262966462675,
        "support": 5279.0
    },
    "weighted avg": {
        "precision": 0.5120279064310054,
        "recall": 0.4788785754877818,
        "f1-score": 0.4719444141674488,
        "support": 5279.0
    }
}