{
    "Community": {
        "precision": 0.46945701357466063,
        "recall": 0.629742033383915,
        "f1-score": 0.5379131561892417,
        "support": 659.0
    },
    "Entertainment": {
        "precision": 0.3333333333333333,
        "recall": 0.4484848484848485,
        "f1-score": 0.38242894056847543,
        "support": 330.0
    },
    "Food": {
        "precision": 0.551594746716698,
        "recall": 0.3275766016713092,
        "f1-score": 0.4110450891296749,
        "support": 1795.0
    },
    "Nightlife": {
        "precision": 0.2974683544303797,
        "recall": 0.564,
        "f1-score": 0.38950276243093923,
        "support": 250.0
    },
    "Outdoors": {
        "precision": 0.32007233273056057,
        "recall": 0.6254416961130742,
        "f1-score": 0.423444976076555,
        "support": 283.0
    },
    "Shopping": {
        "precision": 0.5373256767842494,
        "recall": 0.4715622750179986,
        "f1-score": 0.5023006134969326,
        "support": 1389.0
    },
    "Travel": {
        "precision": 0.5078125,
        "recall": 0.5662020905923345,
        "f1-score": 0.5354200988467874,
        "support": 574.0
    },
    "macro avg": {
        "precision": 0.43100913679569736,
        "recall": 0.5190013636090686,
        "f1-score": 0.45457937667694376,
        "support": 5280.0
    },
    "weighted avg": {
        "precision": 0.4947465986980758,
        "recall": 0.46382575757575756,
        "f1-score": 0.46226317481567597,
        "support": 5280.0
    }
}