{
    "fold_number": 1,
    "duration": 34.269073486328125,
    "primary_checkpoint": {
        "selection_metric": "joint_score",
        "epoch": 26,
        "joint_score": 0.2757998891174793,
        "loss": 4.010508219401042,
        "time": 18.709269523620605,
        "task_metrics": {
            "next_region": {
                "accuracy": 0.250615656375885,
                "f1": 0.08955413848161697
            },
            "next_category": {
                "accuracy": 0.47054365277290344,
                "f1": 0.4620456397533417
            }
        }
    },
    "diagnostic_best_epochs": {
        "next_region": {
            "epoch": 9,
            "time": 7.2942163944244385,
            "metrics": {
                "accuracy": 0.26690661907196045,
                "accuracy_macro": 0.11244082504443909,
                "f1": 0.09542284160852432,
                "f1_weighted": 0.26001182198524475,
                "mrr": 0.31306612491607666,
                "top3_acc": 0.33112332224845886,
                "ndcg_3": 0.303975373506546,
                "top5_acc": 0.3587800860404968,
                "ndcg_5": 0.31535518169403076,
                "loss": 6.772202809651692,
                "n_indist": 5168.0,
                "n_ood": 111.0,
                "ood_fraction": 0.021026709604091684,
                "top1_acc_indist": 0.27263930439949036,
                "top5_acc_indist": 0.3664860725402832,
                "top10_acc_indist": 0.4142801761627197,
                "mrr_indist": 0.31977447867393494
            },
            "accuracy": 0.26690661907196045,
            "f1": 0.09542284160852432,
            "per_metric_best": {
                "top10_acc_indist": {
                    "epoch": 4,
                    "best_value": 0.41911762952804565,
                    "metrics": {
                        "accuracy": 0.24625876545906067,
                        "accuracy_macro": 0.09382004231954535,
                        "f1": 0.08155189454555511,
                        "f1_weighted": 0.23953016102313995,
                        "mrr": 0.3014071583747864,
                        "top3_acc": 0.3235461413860321,
                        "ndcg_3": 0.2916237711906433,
                        "top5_acc": 0.3540443181991577,
                        "ndcg_5": 0.3041277229785919,
                        "loss": 6.899527231852214,
                        "n_indist": 5168.0,
                        "n_ood": 111.0,
                        "ood_fraction": 0.021026709604091684,
                        "top1_acc_indist": 0.25154799222946167,
                        "top5_acc_indist": 0.3616485893726349,
                        "top10_acc_indist": 0.41911762952804565,
                        "mrr_indist": 0.3078652024269104
                    }
                },
                "top5_acc_indist": {
                    "epoch": 6,
                    "best_value": 0.373258501291275,
                    "metrics": {
                        "accuracy": 0.25478309392929077,
                        "accuracy_macro": 0.10245744204191569,
                        "f1": 0.08624844998121262,
                        "f1_weighted": 0.24645958840847015,
                        "mrr": 0.30593085289001465,
                        "top3_acc": 0.32828187942504883,
                        "ndcg_3": 0.29681533575057983,
                        "top5_acc": 0.36541011929512024,
                        "ndcg_5": 0.3119339346885681,
                        "loss": 6.840318044026692,
                        "n_indist": 5168.0,
                        "n_ood": 111.0,
                        "ood_fraction": 0.021026709604091684,
                        "top1_acc_indist": 0.2602553963661194,
                        "top5_acc_indist": 0.373258501291275,
                        "top10_acc_indist": 0.4164086580276489,
                        "mrr_indist": 0.31248605251312256
                    }
                },
                "mrr_indist": {
                    "epoch": 9,
                    "best_value": 0.31977447867393494,
                    "metrics": {
                        "accuracy": 0.26690661907196045,
                        "accuracy_macro": 0.11244082504443909,
                        "f1": 0.09542284160852432,
                        "f1_weighted": 0.26001182198524475,
                        "mrr": 0.31306612491607666,
                        "top3_acc": 0.33112332224845886,
                        "ndcg_3": 0.303975373506546,
                        "top5_acc": 0.3587800860404968,
                        "ndcg_5": 0.31535518169403076,
                        "loss": 6.772202809651692,
                        "n_indist": 5168.0,
                        "n_ood": 111.0,
                        "ood_fraction": 0.021026709604091684,
                        "top1_acc_indist": 0.27263930439949036,
                        "top5_acc_indist": 0.3664860725402832,
                        "top10_acc_indist": 0.4142801761627197,
                        "mrr_indist": 0.31977447867393494
                    }
                },
                "top5_acc": {
                    "epoch": 6,
                    "best_value": 0.36541011929512024,
                    "metrics": {
                        "accuracy": 0.25478309392929077,
                        "accuracy_macro": 0.10245744204191569,
                        "f1": 0.08624844998121262,
                        "f1_weighted": 0.24645958840847015,
                        "mrr": 0.30593085289001465,
                        "top3_acc": 0.32828187942504883,
                        "ndcg_3": 0.29681533575057983,
                        "top5_acc": 0.36541011929512024,
                        "ndcg_5": 0.3119339346885681,
                        "loss": 6.840318044026692,
                        "n_indist": 5168.0,
                        "n_ood": 111.0,
                        "ood_fraction": 0.021026709604091684,
                        "top1_acc_indist": 0.2602553963661194,
                        "top5_acc_indist": 0.373258501291275,
                        "top10_acc_indist": 0.4164086580276489,
                        "mrr_indist": 0.31248605251312256
                    }
                },
                "top3_acc": {
                    "epoch": 9,
                    "best_value": 0.33112332224845886,
                    "metrics": {
                        "accuracy": 0.26690661907196045,
                        "accuracy_macro": 0.11244082504443909,
                        "f1": 0.09542284160852432,
                        "f1_weighted": 0.26001182198524475,
                        "mrr": 0.31306612491607666,
                        "top3_acc": 0.33112332224845886,
                        "ndcg_3": 0.303975373506546,
                        "top5_acc": 0.3587800860404968,
                        "ndcg_5": 0.31535518169403076,
                        "loss": 6.772202809651692,
                        "n_indist": 5168.0,
                        "n_ood": 111.0,
                        "ood_fraction": 0.021026709604091684,
                        "top1_acc_indist": 0.27263930439949036,
                        "top5_acc_indist": 0.3664860725402832,
                        "top10_acc_indist": 0.4142801761627197,
                        "mrr_indist": 0.31977447867393494
                    }
                },
                "mrr": {
                    "epoch": 9,
                    "best_value": 0.31306612491607666,
                    "metrics": {
                        "accuracy": 0.26690661907196045,
                        "accuracy_macro": 0.11244082504443909,
                        "f1": 0.09542284160852432,
                        "f1_weighted": 0.26001182198524475,
                        "mrr": 0.31306612491607666,
                        "top3_acc": 0.33112332224845886,
                        "ndcg_3": 0.303975373506546,
                        "top5_acc": 0.3587800860404968,