{
    "Community": {
        "precision": 0.4603729603729604,
        "recall": 0.5993930197268589,
        "f1-score": 0.5207646671061306,
        "support": 659.0
    },
    "Entertainment": {
        "precision": 0.38421052631578945,
        "recall": 0.44376899696048633,
        "f1-score": 0.4118476727785614,
        "support": 329.0
    },
    "Food": {
        "precision": 0.5602901178603807,
        "recall": 0.34428969359331474,
        "f1-score": 0.42650103519668736,
        "support": 1795.0
    },
    "Nightlife": {
        "precision": 0.24253075571177504,
        "recall": 0.549800796812749,
        "f1-score": 0.33658536585365856,
        "support": 251.0
    },
    "Outdoors": {
        "precision": 0.398989898989899,
        "recall": 0.5602836879432624,
        "f1-score": 0.46607669616519176,
        "support": 282.0
    },
    "Shopping": {
        "precision": 0.5261011419249593,
        "recall": 0.46436285097192226,
        "f1-score": 0.4933078393881453,
        "support": 1389.0
    },
    "Travel": {
        "precision": 0.4779116465863454,
        "recall": 0.6219512195121951,
        "f1-score": 0.5404996214988645,
        "support": 574.0
    },
    "macro avg": {
        "precision": 0.43577243539458704,
        "recall": 0.5119786093601127,
        "f1-score": 0.45651184256960564,
        "support": 5279.0
    },
    "weighted avg": {
        "precision": 0.4951653623936724,
        "recall": 0.4654290585338132,
        "f1-score": 0.4651674720483946,
        "support": 5279.0
    }
}