{
    "fold_number": 3,
    "duration": 33.90410280227661,
    "primary_checkpoint": {
        "selection_metric": "joint_score",
        "epoch": 20,
        "joint_score": 0.27210255339741707,
        "loss": 3.9793504079182944,
        "time": 14.357293605804443,
        "task_metrics": {
            "next_region": {
                "accuracy": 0.2795984148979187,
                "f1": 0.08769325166940689
            },
            "next_category": {
                "accuracy": 0.46542906761169434,
                "f1": 0.45651185512542725
            }
        }
    },
    "diagnostic_best_epochs": {
        "next_region": {
            "epoch": 9,
            "time": 6.971179485321045,
            "metrics": {
                "accuracy": 0.2947528064250946,
                "accuracy_macro": 0.10602455546423209,
                "f1": 0.09382869303226471,
                "f1_weighted": 0.2900601625442505,
                "mrr": 0.33935877680778503,
                "top3_acc": 0.3559386432170868,
                "ndcg_3": 0.33062854409217834,
                "top5_acc": 0.3813222348690033,
                "ndcg_5": 0.34110406041145325,
                "loss": 6.7397918701171875,
                "n_indist": 5157.0,
                "n_ood": 122.0,
                "ood_fraction": 0.023110437582875544,
                "top1_acc_indist": 0.3017258048057556,
                "top5_acc_indist": 0.39034321904182434,
                "top10_acc_indist": 0.43261584639549255,
                "mrr_indist": 0.3473692536354065
            },
            "accuracy": 0.2947528064250946,
            "f1": 0.09382869303226471,
            "per_metric_best": {
                "top10_acc_indist": {
                    "epoch": 5,
                    "best_value": 0.4378514587879181,
                    "metrics": {
                        "accuracy": 0.28054556250572205,
                        "accuracy_macro": 0.0992175569409267,
                        "f1": 0.08346275985240936,
                        "f1_weighted": 0.27179574966430664,
                        "mrr": 0.3331391215324402,
                        "top3_acc": 0.3593483567237854,
                        "ndcg_3": 0.32666829228401184,
                        "top5_acc": 0.38738396763801575,
                        "ndcg_5": 0.33813658356666565,
                        "loss": 6.864198684692383,
                        "n_indist": 5157.0,
                        "n_ood": 122.0,
                        "ood_fraction": 0.023110437582875544,
                        "top1_acc_indist": 0.28718245029449463,
                        "top5_acc_indist": 0.3965483605861664,
                        "top10_acc_indist": 0.4378514587879181,
                        "mrr_indist": 0.3410024344921112
                    }
                },
                "top5_acc_indist": {
                    "epoch": 5,
                    "best_value": 0.3965483605861664,
                    "metrics": {
                        "accuracy": 0.28054556250572205,
                        "accuracy_macro": 0.0992175569409267,
                        "f1": 0.08346275985240936,
                        "f1_weighted": 0.27179574966430664,
                        "mrr": 0.3331391215324402,
                        "top3_acc": 0.3593483567237854,
                        "ndcg_3": 0.32666829228401184,
                        "top5_acc": 0.38738396763801575,
                        "ndcg_5": 0.33813658356666565,
                        "loss": 6.864198684692383,
                        "n_indist": 5157.0,
                        "n_ood": 122.0,
                        "ood_fraction": 0.023110437582875544,
                        "top1_acc_indist": 0.28718245029449463,
                        "top5_acc_indist": 0.3965483605861664,
                        "top10_acc_indist": 0.4378514587879181,
                        "mrr_indist": 0.3410024344921112
                    }
                },
                "mrr_indist": {
                    "epoch": 9,
                    "best_value": 0.3473692536354065,
                    "metrics": {
                        "accuracy": 0.2947528064250946,
                        "accuracy_macro": 0.10602455546423209,
                        "f1": 0.09382869303226471,
                        "f1_weighted": 0.2900601625442505,
                        "mrr": 0.33935877680778503,
                        "top3_acc": 0.3559386432170868,
                        "ndcg_3": 0.33062854409217834,
                        "top5_acc": 0.3813222348690033,
                        "ndcg_5": 0.34110406041145325,
                        "loss": 6.7397918701171875,
                        "n_indist": 5157.0,
                        "n_ood": 122.0,
                        "ood_fraction": 0.023110437582875544,
                        "top1_acc_indist": 0.3017258048057556,
                        "top5_acc_indist": 0.39034321904182434,
                        "top10_acc_indist": 0.43261584639549255,
                        "mrr_indist": 0.3473692536354065
                    }
                },
                "top5_acc": {
                    "epoch": 5,
                    "best_value": 0.38738396763801575,
                    "metrics": {
                        "accuracy": 0.28054556250572205,
                        "accuracy_macro": 0.0992175569409267,
                        "f1": 0.08346275985240936,
                        "f1_weighted": 0.27179574966430664,
                        "mrr": 0.3331391215324402,
                        "top3_acc": 0.3593483567237854,
                        "ndcg_3": 0.32666829228401184,
                        "top5_acc": 0.38738396763801575,
                        "ndcg_5": 0.33813658356666565,
                        "loss": 6.864198684692383,
                        "n_indist": 5157.0,
                        "n_ood": 122.0,
                        "ood_fraction": 0.023110437582875544,
                        "top1_acc_indist": 0.28718245029449463,
                        "top5_acc_indist": 0.3965483605861664,
                        "top10_acc_indist": 0.4378514587879181,
                        "mrr_indist": 0.3410024344921112
                    }
                },
                "top3_acc": {
                    "epoch": 5,
                    "best_value": 0.3593483567237854,
                    "metrics": {
                        "accuracy": 0.28054556250572205,
                        "accuracy_macro": 0.0992175569409267,
                        "f1": 0.08346275985240936,
                        "f1_weighted": 0.27179574966430664,
                        "mrr": 0.3331391215324402,
                        "top3_acc": 0.3593483567237854,
                        "ndcg_3": 0.32666829228401184,
                        "top5_acc": 0.38738396763801575,
                        "ndcg_5": 0.33813658356666565,
                        "loss": 6.864198684692383,
                        "n_indist": 5157.0,
                        "n_ood": 122.0,
                        "ood_fraction": 0.023110437582875544,
                        "top1_acc_indist": 0.28718245029449463,
                        "top5_acc_indist": 0.3965483605861664,
                        "top10_acc_indist": 0.4378514587879181,
                        "mrr_indist": 0.3410024344921112
                    }
                },
                "mrr": {
                    "epoch": 9,
                    "best_value": 0.33935877680778503,
                    "metrics": {
                        "accuracy": 0.2947528064250946,
                        "accuracy_macro": 0.10602455546423209,
                        "f1": 0.09382869303226471,
                        "f1_weighted": 0.2900601625442505,
                        "mrr": 0.33935877680778503,
                        "top3_acc": 0.3559386432170868,
                        "ndcg_3": 0.33062854409217834,
                        "top5_acc": 0.3813222348690033,