{
    "Community": {
        "precision": 0.43049792531120334,
        "recall": 0.629742033383915,
        "f1-score": 0.5113986444855206,
        "support": 659.0
    },
    "Entertainment": {
        "precision": 0.3629976580796253,
        "recall": 0.47112462006079026,
        "f1-score": 0.41005291005291006,
        "support": 329.0
    },
    "Food": {
        "precision": 0.5777537796976242,
        "recall": 0.298050139275766,
        "f1-score": 0.3932377802278574,
        "support": 1795.0
    },
    "Nightlife": {
        "precision": 0.3009950248756219,
        "recall": 0.4820717131474104,
        "f1-score": 0.37059724349157736,
        "support": 251.0
    },
    "Outdoors": {
        "precision": 0.3687374749498998,
        "recall": 0.6524822695035462,
        "f1-score": 0.471190781049936,
        "support": 282.0
    },
    "Shopping": {
        "precision": 0.5352323838080959,
        "recall": 0.5140388768898488,
        "f1-score": 0.5244215938303342,
        "support": 1389.0
    },
    "Travel": {
        "precision": 0.4951856946354883,
        "recall": 0.627177700348432,
        "f1-score": 0.5534204458109147,
        "support": 574.0
    },
    "macro avg": {
        "precision": 0.438771420193937,
        "recall": 0.5249553360871013,
        "f1-score": 0.4620456284212929,
        "support": 5279.0
    },
    "weighted avg": {
        "precision": 0.5014965875838954,
        "recall": 0.4705436635726463,
        "f1-score": 0.46405788363906736,
        "support": 5279.0
    }
}