{
    "fold_number": 1,
    "duration": 107.10975980758667,
    "primary_checkpoint": {
        "selection_metric": "joint_score",
        "epoch": 9,
        "joint_score": 0.5043235570192337,
        "loss": 1.1105751991271973,
        "time": 106.68101334571838,
        "task_metrics": {
            "category": {
                "accuracy": 0.7678260803222656,
                "f1": 0.7041730284690857
            },
            "next": {
                "accuracy": 0.4065163731575012,
                "f1": 0.3044740855693817
            }
        }
    },
    "diagnostic_best_epochs": {
        "category": {
            "epoch": 8,
            "time": 96.113032579422,
            "metrics": {
                "accuracy": 0.7660869359970093,
                "accuracy_macro": 0.7330552935600281,
                "f1": 0.7047572135925293,
                "f1_weighted": 0.7688944339752197,
                "mrr": 0.8650310635566711,
                "top3_acc": 0.9634782671928406,
                "ndcg_3": 0.8844790458679199,
                "top5_acc": 0.9930434823036194,
                "ndcg_5": 0.8968310952186584,
                "loss": 0.6785752177238464
            },
            "accuracy": 0.7660869359970093,
            "f1": 0.7047572135925293
        },
        "next": {
            "epoch": 7,
            "time": 85.666983127594,
            "metrics": {
                "accuracy": 0.4080318212509155,
                "accuracy_macro": 0.3114745616912842,
                "f1": 0.31092751026153564,
                "f1_weighted": 0.3905891180038452,
                "mrr": 0.623654842376709,
                "top3_acc": 0.7995832562446594,
                "ndcg_3": 0.6387242078781128,
                "top5_acc": 0.925554096698761,
                "ndcg_5": 0.6908185482025146,
                "loss": 1.549137830734253
            },
            "accuracy": 0.4080318212509155,
            "f1": 0.31092751026153564
        }
    }
}