{
    "Community": {
        "precision": 0.5362551629187701,
        "recall": 0.7433206106870229,
        "f1-score": 0.6230338576379633,
        "support": 3144.0
    },
    "Entertainment": {
        "precision": 0.7032258064516129,
        "recall": 0.7080476362324071,
        "f1-score": 0.7056284840855961,
        "support": 2771.0
    },
    "Food": {
        "precision": 0.7645923065498292,
        "recall": 0.6549618320610687,
        "f1-score": 0.7055437538545878,
        "support": 7860.0
    },
    "Nightlife": {
        "precision": 0.45650263620386644,
        "recall": 0.7374024130589071,
        "f1-score": 0.5639077340569878,
        "support": 1409.0
    },
    "Outdoors": {
        "precision": 0.7203082502266546,
        "recall": 0.7167343256653135,
        "f1-score": 0.7185168437711961,
        "support": 2217.0
    },
    "Shopping": {
        "precision": 0.771622934888241,
        "recall": 0.7109386658707656,
        "f1-score": 0.7400388349514563,
        "support": 6701.0
    },
    "Travel": {
        "precision": 0.8552829930108263,
        "recall": 0.8071650284531816,
        "f1-score": 0.8305276465500033,
        "support": 7732.0
    },
    "macro avg": {
        "precision": 0.6868271557499714,
        "recall": 0.7255100731469524,
        "f1-score": 0.6981710221296843,
        "support": 31834.0
    },
    "weighted avg": {
        "precision": 0.7434865070423209,
        "recall": 0.7250109945341459,
        "f1-score": 0.729654668567361,
        "support": 31834.0
    }
}