{
    "fold_number": 1,
    "duration": 304.3041388988495,
    "primary_checkpoint": {
        "selection_metric": "joint_score",
        "epoch": 13,
        "joint_score": 0.4135175049304962,
        "loss": 4.041557788848877,
        "time": 85.28159713745117,
        "task_metrics": {
            "next_region": {
                "accuracy": 0.462258517742157,
                "f1": 0.12267082929611206
            },
            "next_category": {
                "accuracy": 0.7323071956634521,
                "f1": 0.7043641805648804
            }
        }
    },
    "diagnostic_best_epochs": {
        "next_region": {
            "epoch": 9,
            "time": 61.16873097419739,
            "metrics": {
                "accuracy": 0.4842783212661743,
                "accuracy_macro": 0.15189717776623674,
                "f1": 0.13179923593997955,
                "f1_weighted": 0.47745925188064575,
                "mrr": 0.5256399512290955,
                "top3_acc": 0.5423590540885925,
                "ndcg_3": 0.5179990530014038,
                "top5_acc": 0.5685251951217651,
                "ndcg_5": 0.5287573933601379,
                "loss": 7.182673454284668,
                "n_indist": 31611.0,
                "n_ood": 224.0,
                "ood_fraction": 0.00703628082299356,
                "top1_acc_indist": 0.48770996928215027,
                "top5_acc_indist": 0.5725538730621338,
                "top10_acc_indist": 0.610198974609375,
                "mrr_indist": 0.5293630361557007
            },
            "accuracy": 0.4842783212661743,
            "f1": 0.13179923593997955,
            "per_metric_best": {
                "top10_acc_indist": {
                    "epoch": 4,
                    "best_value": 0.641643762588501,
                    "metrics": {
                        "accuracy": 0.478624165058136,
                        "accuracy_macro": 0.14113557039994362,
                        "f1": 0.11952625215053558,
                        "f1_weighted": 0.4661737084388733,
                        "mrr": 0.5312458276748657,
                        "top3_acc": 0.5569027662277222,
                        "ndcg_3": 0.5244096517562866,
                        "top5_acc": 0.5874351859092712,
                        "ndcg_5": 0.5370154976844788,
                        "loss": 7.572291374206543,
                        "n_indist": 31611.0,
                        "n_ood": 224.0,
                        "ood_fraction": 0.00703628082299356,
                        "top1_acc_indist": 0.4820157587528229,
                        "top5_acc_indist": 0.591597855091095,
                        "top10_acc_indist": 0.641643762588501,
                        "mrr_indist": 0.5350087285041809
                    }
                },
                "top5_acc_indist": {
                    "epoch": 5,
                    "best_value": 0.5931163430213928,
                    "metrics": {
                        "accuracy": 0.4820166528224945,
                        "accuracy_macro": 0.1438836397842336,
                        "f1": 0.12379124015569687,
                        "f1_weighted": 0.4720923900604248,
                        "mrr": 0.5320219397544861,
                        "top3_acc": 0.5565258264541626,
                        "ndcg_3": 0.52558434009552,
                        "top5_acc": 0.5889430046081543,
                        "ndcg_5": 0.5389261841773987,
                        "loss": 7.440369129180908,
                        "n_indist": 31611.0,
                        "n_ood": 224.0,
                        "ood_fraction": 0.00703628082299356,
                        "top1_acc_indist": 0.48543229699134827,
                        "top5_acc_indist": 0.5931163430213928,
                        "top10_acc_indist": 0.6341463327407837,
                        "mrr_indist": 0.5357903242111206
                    }
                },
                "mrr_indist": {
                    "epoch": 5,
                    "best_value": 0.5357903242111206,
                    "metrics": {
                        "accuracy": 0.4820166528224945,
                        "accuracy_macro": 0.1438836397842336,
                        "f1": 0.12379124015569687,
                        "f1_weighted": 0.4720923900604248,
                        "mrr": 0.5320219397544861,
                        "top3_acc": 0.5565258264541626,
                        "ndcg_3": 0.52558434009552,
                        "top5_acc": 0.5889430046081543,
                        "ndcg_5": 0.5389261841773987,
                        "loss": 7.440369129180908,
                        "n_indist": 31611.0,
                        "n_ood": 224.0,
                        "ood_fraction": 0.00703628082299356,
                        "top1_acc_indist": 0.48543229699134827,
                        "top5_acc_indist": 0.5931163430213928,
                        "top10_acc_indist": 0.6341463327407837,
                        "mrr_indist": 0.5357903242111206
                    }
                },
                "top5_acc": {
                    "epoch": 5,
                    "best_value": 0.5889430046081543,
                    "metrics": {
                        "accuracy": 0.4820166528224945,
                        "accuracy_macro": 0.1438836397842336,
                        "f1": 0.12379124015569687,
                        "f1_weighted": 0.4720923900604248,
                        "mrr": 0.5320219397544861,
                        "top3_acc": 0.5565258264541626,
                        "ndcg_3": 0.52558434009552,
                        "top5_acc": 0.5889430046081543,
                        "ndcg_5": 0.5389261841773987,
                        "loss": 7.440369129180908,
                        "n_indist": 31611.0,
                        "n_ood": 224.0,
                        "ood_fraction": 0.00703628082299356,
                        "top1_acc_indist": 0.48543229699134827,
                        "top5_acc_indist": 0.5931163430213928,
                        "top10_acc_indist": 0.6341463327407837,
                        "mrr_indist": 0.5357903242111206
                    }
                },
                "top3_acc": {
                    "epoch": 4,
                    "best_value": 0.5569027662277222,
                    "metrics": {
                        "accuracy": 0.478624165058136,
                        "accuracy_macro": 0.14113557039994362,
                        "f1": 0.11952625215053558,
                        "f1_weighted": 0.4661737084388733,
                        "mrr": 0.5312458276748657,
                        "top3_acc": 0.5569027662277222,
                        "ndcg_3": 0.5244096517562866,
                        "top5_acc": 0.5874351859092712,
                        "ndcg_5": 0.5370154976844788,
                        "loss": 7.572291374206543,
                        "n_indist": 31611.0,
                        "n_ood": 224.0,
                        "ood_fraction": 0.00703628082299356,
                        "top1_acc_indist": 0.4820157587528229,
                        "top5_acc_indist": 0.591597855091095,
                        "top10_acc_indist": 0.641643762588501,
                        "mrr_indist": 0.5350087285041809
                    }
                },
                "mrr": {
                    "epoch": 5,
                    "best_value": 0.5320219397544861,
                    "metrics": {
                        "accuracy": 0.4820166528224945,
                        "accuracy_macro": 0.1438836397842336,
                        "f1": 0.12379124015569687,
                        "f1_weighted": 0.4720923900604248,
                        "mrr": 0.5320219397544861,
                        "top3_acc": 0.5565258264541626,
                        "ndcg_3": 0.52558434009552,
                        "top5_acc": 0.5889430046081543,
                        "ndcg_5": 0.5389261841773987,