{
    "fold_number": 3,
    "duration": 6.269078969955444,
    "primary_checkpoint": {
        "selection_metric": "task_best_f1",
        "epoch": 34,
        "joint_score": null,
        "loss": null,
        "time": 4.3885698318481445,
        "task_metrics": {
            "category": {
                "accuracy": 0.8392404913902283,
                "f1": 0.8232402801513672
            }
        }
    },
    "diagnostic_best_epochs": {
        "category": {
            "epoch": 34,
            "time": 4.3885698318481445,
            "metrics": {
                "loss": 0.613610736830828,
                "accuracy": 0.8392404913902283,
                "accuracy_macro": 0.8222130537033081,
                "f1": 0.8232402801513672,
                "f1_weighted": 0.8392530679702759,
                "mrr": 0.9077828526496887,
                "top3_acc": 0.9780590534210205,
                "ndcg_3": 0.9224057197570801,
                "top5_acc": 0.9949367046356201,
                "ndcg_5": 0.929434061050415
            },
            "accuracy": 0.8392404913902283,
            "f1": 0.8232402801513672
        }
    },
    "best_epochs": {
        "category": {
            "epoch": 34,
            "time": 4.3885698318481445,
            "metrics": {
                "loss": 0.613610736830828,
                "accuracy": 0.8392404913902283,
                "accuracy_macro": 0.8222130537033081,
                "f1": 0.8232402801513672,
                "f1_weighted": 0.8392530679702759,
                "mrr": 0.9077828526496887,
                "top3_acc": 0.9780590534210205,
                "ndcg_3": 0.9224057197570801,
                "top5_acc": 0.9949367046356201,
                "ndcg_5": 0.929434061050415
            },
            "accuracy": 0.8392404913902283,
            "f1": 0.8232402801513672
        }
    }
}