{
    "next": {
        "accuracy": {
            "mean": 0.3238060062867083,
            "std": 0.013565872519957643,
            "min": 0.3047227926078029,
            "max": 0.338126540673788
        },
        "f1": {
            "mean": 0.2663866433614456,
            "std": 0.00726149623069336,
            "min": 0.25382186455719596,
            "max": 0.271266930090272
        }
    }
}