{
    "model": {
        "joint_score": {
            "mean": 0.35810476541519165,
            "std": 0.01366854634635346,
            "min": 0.33804725110530853,
            "max": 0.37454162538051605
        },
        "loss": {
            "mean": 1.3545965671539306,
            "std": 0.023366421610940463,
            "min": 1.3373439311981201,
            "max": 1.3944411277770996
        }
    },
    "next": {
        "accuracy": {
            "mean": 0.3771947205066681,
            "std": 0.007248541900131366,
            "min": 0.3688976466655731,
            "max": 0.38779526948928833
        },
        "accuracy_macro": {
            "mean": 0.25567837357521056,
            "std": 0.011645295774206331,
            "min": 0.24120226502418518,
            "max": 0.2731819152832031
        },
        "f1": {
            "mean": 0.26140028834342954,
            "std": 0.014141231326026519,
            "min": 0.24592354893684387,
            "max": 0.2835239768028259
        },
        "f1_weighted": {
            "mean": 0.35023754835128784,
            "std": 0.011021336285270638,
            "min": 0.3382919132709503,
            "max": 0.3679731488227844
        },
        "mrr": {
            "mean": 0.6016690969467163,
            "std": 0.004581270047357626,
            "min": 0.5970097780227661,
            "max": 0.6092022657394409
        },
        "top3_acc": {
            "mean": 0.7936855673789978,
            "std": 0.007718111060995807,
            "min": 0.787401556968689,
            "max": 0.8066167831420898
        },
        "ndcg_3": {
            "mean": 0.6194948554039001,
            "std": 0.004728499615182523,
            "min": 0.6137500405311584,
            "max": 0.6248722672462463
        },
        "top5_acc": {
            "mean": 0.9319631099700928,
            "std": 0.001793067473933976,
            "min": 0.9291338324546814,
            "max": 0.9334645867347717
        },
        "ndcg_5": {
            "mean": 0.676428472995758,
            "std": 0.003818710736146374,
            "min": 0.6730475425720215,
            "max": 0.6826842427253723
        },
        "loss": {
            "mean": 1.5790229558944702,
            "std": 0.013086636884071945,
            "min": 1.5604978799819946,
            "max": 1.5966529846191406
        }
    },
    "category": {
        "accuracy": {
            "mean": 0.5473012447357177,
            "std": 0.01753737863806471,
            "min": 0.5261932611465454,
            "max": 0.5654008388519287
        },
        "accuracy_macro": {
            "mean": 0.4446681320667267,
            "std": 0.015706933599547186,
            "min": 0.4270726442337036,
            "max": 0.4665805995464325
        },
        "f1": {
            "mean": 0.45480924248695376,
            "std": 0.014959443916042404,
            "min": 0.4301709532737732,
            "max": 0.46632856130599976
        },
        "f1_weighted": {
            "mean": 0.5436000108718873,
            "std": 0.017997304383741655,
            "min": 0.5237632393836975,
            "max": 0.5639750957489014
        },
        "mrr": {
            "mean": 0.7306833624839782,
            "std": 0.0075583133449817356,
            "min": 0.7215671539306641,
            "max": 0.7415276765823364
        },
        "top3_acc": {
            "mean": 0.9172997355461121,
            "std": 0.014439041011861383,
            "min": 0.8972392678260803,
            "max": 0.9313154816627502
        },
        "ndcg_3": {
            "mean": 0.7647889852523804,
            "std": 0.0054129469489615015,
            "min": 0.7588502764701843,
            "max": 0.773033857345581
        },
        "top5_acc": {
            "mean": 0.9882943987846374,
            "std": 0.007120749679156477,
            "min": 0.9769938588142395,
            "max": 0.9941792488098145
        },
        "ndcg_5": {
            "mean": 0.7945546269416809,
            "std": 0.005123312799940158,
            "min": 0.7900695204734802,
            "max": 0.8033100366592407
        },
        "loss": {
            "mean": 1.1301701068878174,
            "std": 0.038698505486249146,
            "min": 1.0958796739578247,
            "max": 1.1922292709350586
        }
    },
    "_selection": {
        "primary": "joint_score",
        "diagnostic_task_best": "per-task best validation f1"
    },
    "diagnostic_task_best": {
        "next": {
            "accuracy": {
                "mean": 0.37719497084617615,
                "std": 0.016028326659895075,
                "min": 0.3606299161911011,
                "max": 0.40354329347610474
            },
            "accuracy_macro": {
                "mean": 0.2576703429222107,
                "std": 0.010619488667229341,
                "min": 0.2428789734840393,
                "max": 0.2693915367126465
            },
            "f1": {
                "mean": 0.2671008765697479,
                "std": 0.013268368478976505,
                "min": 0.2521926164627075,
                "max": 0.28793564438819885
            },
            "f1_weighted": {
                "mean": 0.35681023001670836,
                "std": 0.012850558180614126,
                "min": 0.3467707633972168,
                "max": 0.3787495195865631
            },
            "mrr": {
                "mean": 0.602886438369751,
                "std": 0.009189211533078414,
                "min": 0.5945285558700562,
                "max": 0.6185452342033386
            },
            "top3_acc": {
                "mean": 0.7987245559692383,
                "std": 0.004022603616425756,
                "min": 0.7925196886062622,
                "max": 0.8023622035980225
            },
            "ndcg_3": {
                "mean": 0.622385573387146,
                "std": 0.006200741348701231,
                "min": 0.6177852749824524,
                "max": 0.6330745816230774
            },
            "top5_acc": {
                "mean": 0.9316479325294494,
                "std": 0.002158729047345293,
                "min": 0.9287120699882507,
                "max": 0.9338582754135132
            },
            "ndcg_5": {
                "mean": 0.6773342013359069,
                "std": 0.006630596867325595,
                "min": 0.6712923049926758,
                "max": 0.6885562539100647
            },
            "loss": {
                "mean": 1.5743650197982788,
                "std": 0.020888081005808704,
                "min": 1.5549637079238892,
                "max": 1.6068155765533447
            }
        },
        "category": {
            "accuracy": {
                "mean": 0.5491044282913208,
                "std": 0.02010021417724563,
                "min": 0.5261932611465454,
                "max": 0.5692307949066162
            },
            "accuracy_macro": {
                "mean": 0.4500630021095276,
                "std": 0.017350634763202328,
                "min": 0.4270726442337036,
                "max": 0.4745282828807831
            },
            "f1": {
                "mean": 0.4586029052734375,
                "std": 0.018008357803625405,
                "min": 0.4301709532737732,
                "max": 0.47720402479171753
            },
            "f1_weighted": {
                "mean": 0.5445588588714599,
                "std": 0.017573584793366157,
                "min": 0.5237632393836975,
                "max": 0.5623071789741516
            },
            "mrr": {
                "mean": 0.7309054255485534,
                "std": 0.0076342767668886044,
                "min": 0.7215671539306641,
                "max": 0.7387838959693909
            },
            "top3_acc": {
                "mean": 0.9181012153625489,
                "std": 0.017307722689274965,
                "min": 0.89570552110672,
                "max": 0.9375
            },
            "ndcg_3": {
                "mean": 0.7653377532958985,
                "std": 0.004973367337380171,