{
    "fold_number": 5,
    "duration": 32.31044149398804,
    "primary_checkpoint": {
        "selection_metric": "joint_score",
        "epoch": 44,
        "joint_score": 0.2803819291293621,
        "loss": 4.61642328898112,
        "time": 29.006335973739624,
        "task_metrics": {
            "next_region": {
                "accuracy": 0.27353665232658386,
                "f1": 0.08533918112516403
            },
            "next_category": {
                "accuracy": 0.5110816359519958,
                "f1": 0.4754246771335602
            }
        }
    },
    "diagnostic_best_epochs": {
        "next_region": {
            "epoch": 26,
            "time": 17.614133596420288,
            "metrics": {
                "accuracy": 0.27372607588768005,
                "accuracy_macro": 0.10349013100207692,
                "f1": 0.08652940392494202,
                "f1_weighted": 0.2653599977493286,
                "mrr": 0.32137513160705566,
                "top3_acc": 0.33794280886650085,
                "ndcg_3": 0.31039801239967346,
                "top5_acc": 0.3724190294742584,
                "ndcg_5": 0.3245238959789276,
                "loss": 6.847109476725261,
                "n_indist": 5202.0,
                "n_ood": 77.0,
                "ood_fraction": 0.014586095851487024,
                "top1_acc_indist": 0.277777761220932,
                "top5_acc_indist": 0.3779315650463104,
                "top10_acc_indist": 0.4254133105278015,
                "mrr_indist": 0.32612118124961853
            },
            "accuracy": 0.27372607588768005,
            "f1": 0.08652940392494202,
            "per_metric_best": {
                "top10_acc_indist": {
                    "epoch": 5,
                    "best_value": 0.42618224024772644,
                    "metrics": {
                        "accuracy": 0.27334722876548767,
                        "accuracy_macro": 0.10212080691342063,
                        "f1": 0.08532799780368805,
                        "f1_weighted": 0.26511281728744507,
                        "mrr": 0.32122546434402466,
                        "top3_acc": 0.3394582271575928,
                        "ndcg_3": 0.31094151735305786,
                        "top5_acc": 0.37222960591316223,
                        "ndcg_5": 0.32434141635894775,
                        "loss": 6.847052892049153,
                        "n_indist": 5202.0,
                        "n_ood": 77.0,
                        "ood_fraction": 0.014586095851487024,
                        "top1_acc_indist": 0.27739331126213074,
                        "top5_acc_indist": 0.3777393400669098,
                        "top10_acc_indist": 0.42618224024772644,
                        "mrr_indist": 0.32596930861473083
                    }
                },
                "top5_acc_indist": {
                    "epoch": 20,
                    "best_value": 0.37812379002571106,
                    "metrics": {
                        "accuracy": 0.27334722876548767,
                        "accuracy_macro": 0.10212080691342063,
                        "f1": 0.08524584025144577,
                        "f1_weighted": 0.26506587862968445,
                        "mrr": 0.32113340497016907,
                        "top3_acc": 0.3371850848197937,
                        "ndcg_3": 0.309879332780838,
                        "top5_acc": 0.3726084530353546,
                        "ndcg_5": 0.3244048058986664,
                        "loss": 6.847075780232747,
                        "n_indist": 5202.0,
                        "n_ood": 77.0,
                        "ood_fraction": 0.014586095851487024,
                        "top1_acc_indist": 0.27739331126213074,
                        "top5_acc_indist": 0.37812379002571106,
                        "top10_acc_indist": 0.4254133105278015,
                        "mrr_indist": 0.325875848531723
                    }
                },
                "mrr_indist": {
                    "epoch": 26,
                    "best_value": 0.32612118124961853,
                    "metrics": {
                        "accuracy": 0.27372607588768005,
                        "accuracy_macro": 0.10349013100207692,
                        "f1": 0.08652940392494202,
                        "f1_weighted": 0.2653599977493286,
                        "mrr": 0.32137513160705566,
                        "top3_acc": 0.33794280886650085,
                        "ndcg_3": 0.31039801239967346,
                        "top5_acc": 0.3724190294742584,
                        "ndcg_5": 0.3245238959789276,
                        "loss": 6.847109476725261,
                        "n_indist": 5202.0,
                        "n_ood": 77.0,
                        "ood_fraction": 0.014586095851487024,
                        "top1_acc_indist": 0.277777761220932,
                        "top5_acc_indist": 0.3779315650463104,
                        "top10_acc_indist": 0.4254133105278015,
                        "mrr_indist": 0.32612118124961853
                    }
                },
                "top5_acc": {
                    "epoch": 20,
                    "best_value": 0.3726084530353546,
                    "metrics": {
                        "accuracy": 0.27334722876548767,
                        "accuracy_macro": 0.10212080691342063,
                        "f1": 0.08524584025144577,
                        "f1_weighted": 0.26506587862968445,
                        "mrr": 0.32113340497016907,
                        "top3_acc": 0.3371850848197937,
                        "ndcg_3": 0.309879332780838,
                        "top5_acc": 0.3726084530353546,
                        "ndcg_5": 0.3244048058986664,
                        "loss": 6.847075780232747,
                        "n_indist": 5202.0,
                        "n_ood": 77.0,
                        "ood_fraction": 0.014586095851487024,
                        "top1_acc_indist": 0.27739331126213074,
                        "top5_acc_indist": 0.37812379002571106,
                        "top10_acc_indist": 0.4254133105278015,
                        "mrr_indist": 0.325875848531723
                    }
                },
                "top3_acc": {
                    "epoch": 5,
                    "best_value": 0.3394582271575928,
                    "metrics": {
                        "accuracy": 0.27334722876548767,
                        "accuracy_macro": 0.10212080691342063,
                        "f1": 0.08532799780368805,
                        "f1_weighted": 0.26511281728744507,
                        "mrr": 0.32122546434402466,
                        "top3_acc": 0.3394582271575928,
                        "ndcg_3": 0.31094151735305786,
                        "top5_acc": 0.37222960591316223,
                        "ndcg_5": 0.32434141635894775,
                        "loss": 6.847052892049153,
                        "n_indist": 5202.0,
                        "n_ood": 77.0,
                        "ood_fraction": 0.014586095851487024,
                        "top1_acc_indist": 0.27739331126213074,
                        "top5_acc_indist": 0.3777393400669098,
                        "top10_acc_indist": 0.42618224024772644,
                        "mrr_indist": 0.32596930861473083
                    }
                },
                "mrr": {
                    "epoch": 26,
                    "best_value": 0.32137513160705566,
                    "metrics": {
                        "accuracy": 0.27372607588768005,
                        "accuracy_macro": 0.10349013100207692,
                        "f1": 0.08652940392494202,
                        "f1_weighted": 0.2653599977493286,
                        "mrr": 0.32137513160705566,
                        "top3_acc": 0.33794280886650085,
                        "ndcg_3": 0.31039801239967346,
                        "top5_acc": 0.3724190294742584,