{
    "fold_number": 3,
    "duration": 44.902843713760376,
    "primary_checkpoint": {
        "selection_metric": "joint_score",
        "epoch": 45,
        "joint_score": 0.28770896419882774,
        "loss": 4.642443339029948,
        "time": 42.17383432388306,
        "task_metrics": {
            "next_region": {
                "accuracy": 0.29039591550827026,
                "f1": 0.09162532538175583
            },
            "next_category": {
                "accuracy": 0.5228263139724731,
                "f1": 0.48379260301589966
            }
        }
    },
    "diagnostic_best_epochs": {
        "next_region": {
            "epoch": 5,
            "time": 7.735012531280518,
            "metrics": {
                "accuracy": 0.29039591550827026,
                "accuracy_macro": 0.10768686808072604,
                "f1": 0.09165394306182861,
                "f1_weighted": 0.2833672761917114,
                "mrr": 0.33800533413887024,
                "top3_acc": 0.3580223619937897,
                "ndcg_3": 0.3298639953136444,
                "top5_acc": 0.3862473964691162,
                "ndcg_5": 0.3414304554462433,
                "loss": 6.866797765096028,
                "n_indist": 5157.0,
                "n_ood": 122.0,
                "ood_fraction": 0.023110437582875544,
                "top1_acc_indist": 0.2972658574581146,
                "top5_acc_indist": 0.39538490772247314,
                "top10_acc_indist": 0.43804535269737244,
                "mrr_indist": 0.3459836542606354
            },
            "accuracy": 0.29039591550827026,
            "f1": 0.09165394306182861,
            "per_metric_best": {
                "top10_acc_indist": {
                    "epoch": 4,
                    "best_value": 0.4384331703186035,
                    "metrics": {
                        "accuracy": 0.27012690901756287,
                        "accuracy_macro": 0.08792046318559153,
                        "f1": 0.07451078295707703,
                        "f1_weighted": 0.2616061568260193,
                        "mrr": 0.3243233561515808,
                        "top3_acc": 0.34798258543014526,
                        "ndcg_3": 0.31523045897483826,
                        "top5_acc": 0.3813222348690033,
                        "ndcg_5": 0.3290245532989502,
                        "loss": 6.903584162394206,
                        "n_indist": 5157.0,
                        "n_ood": 122.0,
                        "ood_fraction": 0.023110437582875544,
                        "top1_acc_indist": 0.2765173316001892,
                        "top5_acc_indist": 0.39034321904182434,
                        "top10_acc_indist": 0.4384331703186035,
                        "mrr_indist": 0.3319781720638275
                    }
                },
                "top5_acc_indist": {
                    "epoch": 9,
                    "best_value": 0.3957727253437042,
                    "metrics": {
                        "accuracy": 0.29039591550827026,
                        "accuracy_macro": 0.10768686808072604,
                        "f1": 0.09163853526115417,
                        "f1_weighted": 0.28335756063461304,
                        "mrr": 0.33801785111427307,
                        "top3_acc": 0.35821178555488586,
                        "ndcg_3": 0.3299587070941925,
                        "top5_acc": 0.386626273393631,
                        "ndcg_5": 0.3415818512439728,
                        "loss": 6.866797129313151,
                        "n_indist": 5157.0,
                        "n_ood": 122.0,
                        "ood_fraction": 0.023110437582875544,
                        "top1_acc_indist": 0.2972658574581146,
                        "top5_acc_indist": 0.3957727253437042,
                        "top10_acc_indist": 0.43804535269737244,
                        "mrr_indist": 0.3459964990615845
                    }
                },
                "mrr_indist": {
                    "epoch": 22,
                    "best_value": 0.34605103731155396,
                    "metrics": {
                        "accuracy": 0.29039591550827026,
                        "accuracy_macro": 0.10768686808072604,
                        "f1": 0.09163853526115417,
                        "f1_weighted": 0.28335756063461304,
                        "mrr": 0.33807113766670227,
                        "top3_acc": 0.3587800860404968,
                        "ndcg_3": 0.3302428722381592,
                        "top5_acc": 0.3864368200302124,
                        "ndcg_5": 0.34154796600341797,
                        "loss": 6.866804122924805,
                        "n_indist": 5157.0,
                        "n_ood": 122.0,
                        "ood_fraction": 0.023110437582875544,
                        "top1_acc_indist": 0.2972658574581146,
                        "top5_acc_indist": 0.3955788016319275,
                        "top10_acc_indist": 0.43765753507614136,
                        "mrr_indist": 0.34605103731155396
                    }
                },
                "top5_acc": {
                    "epoch": 9,
                    "best_value": 0.386626273393631,
                    "metrics": {
                        "accuracy": 0.29039591550827026,
                        "accuracy_macro": 0.10768686808072604,
                        "f1": 0.09163853526115417,
                        "f1_weighted": 0.28335756063461304,
                        "mrr": 0.33801785111427307,
                        "top3_acc": 0.35821178555488586,
                        "ndcg_3": 0.3299587070941925,
                        "top5_acc": 0.386626273393631,
                        "ndcg_5": 0.3415818512439728,
                        "loss": 6.866797129313151,
                        "n_indist": 5157.0,
                        "n_ood": 122.0,
                        "ood_fraction": 0.023110437582875544,
                        "top1_acc_indist": 0.2972658574581146,
                        "top5_acc_indist": 0.3957727253437042,
                        "top10_acc_indist": 0.43804535269737244,
                        "mrr_indist": 0.3459964990615845
                    }
                },
                "top3_acc": {
                    "epoch": 22,
                    "best_value": 0.3587800860404968,
                    "metrics": {
                        "accuracy": 0.29039591550827026,
                        "accuracy_macro": 0.10768686808072604,
                        "f1": 0.09163853526115417,
                        "f1_weighted": 0.28335756063461304,
                        "mrr": 0.33807113766670227,
                        "top3_acc": 0.3587800860404968,
                        "ndcg_3": 0.3302428722381592,
                        "top5_acc": 0.3864368200302124,
                        "ndcg_5": 0.34154796600341797,
                        "loss": 6.866804122924805,
                        "n_indist": 5157.0,
                        "n_ood": 122.0,
                        "ood_fraction": 0.023110437582875544,
                        "top1_acc_indist": 0.2972658574581146,
                        "top5_acc_indist": 0.3955788016319275,
                        "top10_acc_indist": 0.43765753507614136,
                        "mrr_indist": 0.34605103731155396
                    }
                },
                "mrr": {
                    "epoch": 22,
                    "best_value": 0.33807113766670227,
                    "metrics": {
                        "accuracy": 0.29039591550827026,
                        "accuracy_macro": 0.10768686808072604,
                        "f1": 0.09163853526115417,
                        "f1_weighted": 0.28335756063461304,
                        "mrr": 0.33807113766670227,
                        "top3_acc": 0.3587800860404968,
                        "ndcg_3": 0.3302428722381592,
                        "top5_acc": 0.3864368200302124,