{
    "Community": {
        "precision": 0.473474801061008,
        "recall": 0.5417298937784522,
        "f1-score": 0.505307855626327,
        "support": 659.0
    },
    "Entertainment": {
        "precision": 0.3880208333333333,
        "recall": 0.45288753799392095,
        "f1-score": 0.4179523141654979,
        "support": 329.0
    },
    "Food": {
        "precision": 0.5754446356855996,
        "recall": 0.5587743732590529,
        "f1-score": 0.5669869983041266,
        "support": 1795.0
    },
    "Nightlife": {
        "precision": 0.4099099099099099,
        "recall": 0.36254980079681276,
        "f1-score": 0.38477801268498946,
        "support": 251.0
    },
    "Outdoors": {
        "precision": 0.49673202614379086,
        "recall": 0.5390070921985816,
        "f1-score": 0.5170068027210885,
        "support": 282.0
    },
    "Shopping": {
        "precision": 0.6305676855895197,
        "recall": 0.5197984161267099,
        "f1-score": 0.5698500394632992,
        "support": 1389.0
    },
    "Travel": {
        "precision": 0.4910344827586207,
        "recall": 0.6202090592334495,
        "f1-score": 0.5481139337952271,
        "support": 574.0
    },
    "macro avg": {
        "precision": 0.4950263392116832,
        "recall": 0.5135651676267113,
        "f1-score": 0.5014279938229366,
        "support": 5279.0
    },
    "weighted avg": {
        "precision": 0.5442849017368345,
        "recall": 0.5360863799962114,
        "f1-score": 0.5373669544493972,
        "support": 5279.0
    }
}