{
    "Community": {
        "precision": 0.5124244459368704,
        "recall": 0.7280534351145038,
        "f1-score": 0.60149783208514,
        "support": 3144.0
    },
    "Entertainment": {
        "precision": 0.6508097165991903,
        "recall": 0.6961385781306387,
        "f1-score": 0.6727114210985179,
        "support": 2771.0
    },
    "Food": {
        "precision": 0.7545098039215686,
        "recall": 0.6119592875318066,
        "f1-score": 0.6757990867579908,
        "support": 7860.0
    },
    "Nightlife": {
        "precision": 0.4480035103115402,
        "recall": 0.7246273953158269,
        "f1-score": 0.5536876355748374,
        "support": 1409.0
    },
    "Outdoors": {
        "precision": 0.6521915584415584,
        "recall": 0.7248534055029319,
        "f1-score": 0.6866054261909849,
        "support": 2217.0
    },
    "Shopping": {
        "precision": 0.7681620354871108,
        "recall": 0.6848231607222802,
        "f1-score": 0.7241025641025641,
        "support": 6701.0
    },
    "Travel": {
        "precision": 0.8334017234304473,
        "recall": 0.7880237972064149,
        "f1-score": 0.8100777770391544,
        "support": 7732.0
    },
    "macro avg": {
        "precision": 0.6599289705897551,
        "recall": 0.708354151360629,
        "f1-score": 0.6749259632641699,
        "support": 31834.0
    },
    "weighted avg": {
        "precision": 0.7229177859522098,
        "recall": 0.7017025821448766,
        "f1-score": 0.7063220492670058,
        "support": 31834.0
    }
}