{
    "fold_number": 2,
    "duration": 53.47416043281555,
    "primary_checkpoint": {
        "selection_metric": "joint_score",
        "epoch": 14,
        "joint_score": 0.4119057208299637,
        "loss": 3.013906717300415,
        "time": 52.392611265182495,
        "task_metrics": {
            "next_region": {
                "accuracy": 0.4960263967514038,
                "f1": 0.1612357795238495
            },
            "next_category": {
                "accuracy": 0.6915658712387085,
                "f1": 0.6625756621360779
            }
        }
    },
    "diagnostic_best_epochs": {
        "next_region": {
            "epoch": 9,
            "time": 35.10363054275513,
            "metrics": {
                "accuracy": 0.49659180641174316,
                "accuracy_macro": 0.18508845883171224,
                "f1": 0.16185623407363892,
                "f1_weighted": 0.4863402247428894,
                "mrr": 0.5725868940353394,
                "top3_acc": 0.5997487306594849,
                "ndcg_3": 0.556399941444397,
                "top5_acc": 0.6521124839782715,
                "ndcg_5": 0.5779633522033691,
                "loss": 5.296523094177246,
                "n_indist": 31611.0,
                "n_ood": 224.0,
                "ood_fraction": 0.00703628082299356,
                "top1_acc_indist": 0.49976274371147156,
                "top5_acc_indist": 0.6554996967315674,
                "top10_acc_indist": 0.7410078644752502,
                "mrr_indist": 0.5757518410682678
            },
            "accuracy": 0.49659180641174316,
            "f1": 0.16185623407363892,
            "per_metric_best": {
                "top10_acc_indist": {
                    "epoch": 3,
                    "best_value": 0.7578058242797852,
                    "metrics": {
                        "accuracy": 0.48748233914375305,
                        "accuracy_macro": 0.16481430086153437,
                        "f1": 0.13664378225803375,
                        "f1_weighted": 0.4704442024230957,
                        "mrr": 0.5740781426429749,
                        "top3_acc": 0.6100518107414246,
                        "ndcg_3": 0.5592628717422485,
                        "top5_acc": 0.6697345972061157,
                        "ndcg_5": 0.5838311314582825,
                        "loss": 6.5830607414245605,
                        "n_indist": 31611.0,
                        "n_ood": 224.0,
                        "ood_fraction": 0.00703628082299356,
                        "top1_acc_indist": 0.4909366965293884,
                        "top5_acc_indist": 0.6744803786277771,
                        "top10_acc_indist": 0.7578058242797852,
                        "mrr_indist": 0.5781423449516296
                    }
                },
                "top5_acc_indist": {
                    "epoch": 3,
                    "best_value": 0.6744803786277771,
                    "metrics": {
                        "accuracy": 0.48748233914375305,
                        "accuracy_macro": 0.16481430086153437,
                        "f1": 0.13664378225803375,
                        "f1_weighted": 0.4704442024230957,
                        "mrr": 0.5740781426429749,
                        "top3_acc": 0.6100518107414246,
                        "ndcg_3": 0.5592628717422485,
                        "top5_acc": 0.6697345972061157,
                        "ndcg_5": 0.5838311314582825,
                        "loss": 6.5830607414245605,
                        "n_indist": 31611.0,
                        "n_ood": 224.0,
                        "ood_fraction": 0.00703628082299356,
                        "top1_acc_indist": 0.4909366965293884,
                        "top5_acc_indist": 0.6744803786277771,
                        "top10_acc_indist": 0.7578058242797852,
                        "mrr_indist": 0.5781423449516296
                    }
                },
                "mrr_indist": {
                    "epoch": 4,
                    "best_value": 0.5809802412986755,
                    "metrics": {
                        "accuracy": 0.49420449137687683,
                        "accuracy_macro": 0.17352101676449663,
                        "f1": 0.1466422975063324,
                        "f1_weighted": 0.47855591773986816,
                        "mrr": 0.5769355297088623,
                        "top3_acc": 0.6081357002258301,
                        "ndcg_3": 0.5608227849006653,
                        "top5_acc": 0.6656824350357056,
                        "ndcg_5": 0.5845027565956116,
                        "loss": 6.25587797164917,
                        "n_indist": 31611.0,
                        "n_ood": 224.0,
                        "ood_fraction": 0.00703628082299356,
                        "top1_acc_indist": 0.49770650267601013,
                        "top5_acc_indist": 0.67039954662323,
                        "top10_acc_indist": 0.7563506364822388,
                        "mrr_indist": 0.5809802412986755
                    }
                },
                "top5_acc": {
                    "epoch": 3,
                    "best_value": 0.6697345972061157,
                    "metrics": {
                        "accuracy": 0.48748233914375305,
                        "accuracy_macro": 0.16481430086153437,
                        "f1": 0.13664378225803375,
                        "f1_weighted": 0.4704442024230957,
                        "mrr": 0.5740781426429749,
                        "top3_acc": 0.6100518107414246,
                        "ndcg_3": 0.5592628717422485,
                        "top5_acc": 0.6697345972061157,
                        "ndcg_5": 0.5838311314582825,
                        "loss": 6.5830607414245605,
                        "n_indist": 31611.0,
                        "n_ood": 224.0,
                        "ood_fraction": 0.00703628082299356,
                        "top1_acc_indist": 0.4909366965293884,
                        "top5_acc_indist": 0.6744803786277771,
                        "top10_acc_indist": 0.7578058242797852,
                        "mrr_indist": 0.5781423449516296
                    }
                },
                "top3_acc": {
                    "epoch": 3,
                    "best_value": 0.6100518107414246,
                    "metrics": {
                        "accuracy": 0.48748233914375305,
                        "accuracy_macro": 0.16481430086153437,
                        "f1": 0.13664378225803375,
                        "f1_weighted": 0.4704442024230957,
                        "mrr": 0.5740781426429749,
                        "top3_acc": 0.6100518107414246,
                        "ndcg_3": 0.5592628717422485,
                        "top5_acc": 0.6697345972061157,
                        "ndcg_5": 0.5838311314582825,
                        "loss": 6.5830607414245605,
                        "n_indist": 31611.0,
                        "n_ood": 224.0,
                        "ood_fraction": 0.00703628082299356,
                        "top1_acc_indist": 0.4909366965293884,
                        "top5_acc_indist": 0.6744803786277771,
                        "top10_acc_indist": 0.7578058242797852,
                        "mrr_indist": 0.5781423449516296
                    }
                },
                "mrr": {
                    "epoch": 4,
                    "best_value": 0.5769355297088623,
                    "metrics": {
                        "accuracy": 0.49420449137687683,
                        "accuracy_macro": 0.17352101676449663,
                        "f1": 0.1466422975063324,
                        "f1_weighted": 0.47855591773986816,
                        "mrr": 0.5769355297088623,
                        "top3_acc": 0.6081357002258301,
                        "ndcg_3": 0.5608227849006653,
                        "top5_acc": 0.6656824350357056,
                        "ndcg_5": 0.5845027565956116,