{
    "fold_number": 4,
    "duration": 35.08746123313904,
    "primary_checkpoint": {
        "selection_metric": "joint_score",
        "epoch": 31,
        "joint_score": 0.27636922523379326,
        "loss": 4.36984380086263,
        "time": 22.61870288848877,
        "task_metrics": {
            "next_category": {
                "accuracy": 0.4984842836856842,
                "f1": 0.46740490198135376
            },
            "next_region": {
                "accuracy": 0.21883288025856018,
                "f1": 0.08533354848623276
            }
        }
    },
    "diagnostic_best_epochs": {
        "next_category": {
            "epoch": 31,
            "time": 22.62711262702942,
            "metrics": {
                "accuracy": 0.4984842836856842,
                "accuracy_macro": 0.4942536950111389,
                "f1": 0.46740490198135376,
                "f1_weighted": 0.49614259600639343,
                "mrr": 0.6886280179023743,
                "top3_acc": 0.8590375185012817,
                "ndcg_3": 0.7106037139892578,
                "top5_acc": 0.9579386115074158,
                "ndcg_5": 0.7515623569488525,
                "loss": 1.8271705309549968
            },
            "accuracy": 0.4984842836856842,
            "f1": 0.46740490198135376,
            "per_metric_best": {
                "top5_acc": {
                    "epoch": 26,
                    "best_value": 0.9617279171943665,
                    "metrics": {
                        "accuracy": 0.4598332643508911,
                        "accuracy_macro": 0.5202317237854004,
                        "f1": 0.4473963975906372,
                        "f1_weighted": 0.4581020474433899,
                        "mrr": 0.6632120609283447,
                        "top3_acc": 0.8476695418357849,
                        "ndcg_3": 0.68662029504776,
                        "top5_acc": 0.9617279171943665,
                        "ndcg_5": 0.7337663769721985,
                        "loss": 1.476682980855306
                    }
                },
                "top3_acc": {
                    "epoch": 37,
                    "best_value": 0.8618794679641724,
                    "metrics": {
                        "accuracy": 0.4818112850189209,
                        "accuracy_macro": 0.49032264947891235,
                        "f1": 0.45104342699050903,
                        "f1_weighted": 0.4860674738883972,
                        "mrr": 0.6795439720153809,
                        "top3_acc": 0.8618794679641724,
                        "ndcg_3": 0.7053547501564026,
                        "top5_acc": 0.9537703394889832,
                        "ndcg_5": 0.7433205842971802,
                        "loss": 2.0446338653564453
                    }
                },
                "mrr": {
                    "epoch": 47,
                    "best_value": 0.6935180425643921,
                    "metrics": {
                        "accuracy": 0.5089048743247986,
                        "accuracy_macro": 0.4663006067276001,
                        "f1": 0.462166428565979,
                        "f1_weighted": 0.5091341733932495,
                        "mrr": 0.6935180425643921,
                        "top3_acc": 0.8524062037467957,
                        "ndcg_3": 0.7118488550186157,
                        "top5_acc": 0.953201949596405,
                        "ndcg_5": 0.753374457359314,
                        "loss": 2.7264429728190103
                    }
                },
                "accuracy": {
                    "epoch": 47,
                    "best_value": 0.5089048743247986,
                    "metrics": {
                        "accuracy": 0.5089048743247986,
                        "accuracy_macro": 0.4663006067276001,
                        "f1": 0.462166428565979,
                        "f1_weighted": 0.5091341733932495,
                        "mrr": 0.6935180425643921,
                        "top3_acc": 0.8524062037467957,
                        "ndcg_3": 0.7118488550186157,
                        "top5_acc": 0.953201949596405,
                        "ndcg_5": 0.753374457359314,
                        "loss": 2.7264429728190103
                    }
                },
                "accuracy_macro": {
                    "epoch": 18,
                    "best_value": 0.5274287462234497,
                    "metrics": {
                        "accuracy": 0.4541493058204651,
                        "accuracy_macro": 0.5274287462234497,
                        "f1": 0.4447316527366638,
                        "f1_weighted": 0.4567289650440216,
                        "mrr": 0.6591331362724304,
                        "top3_acc": 0.8372489213943481,
                        "ndcg_3": 0.6796594858169556,
                        "top5_acc": 0.9516862034797668,
                        "ndcg_5": 0.7271182537078857,
                        "loss": 1.3492662111918132
                    }
                },
                "f1_weighted": {
                    "epoch": 47,
                    "best_value": 0.5091341733932495,
                    "metrics": {
                        "accuracy": 0.5089048743247986,
                        "accuracy_macro": 0.4663006067276001,
                        "f1": 0.462166428565979,
                        "f1_weighted": 0.5091341733932495,
                        "mrr": 0.6935180425643921,
                        "top3_acc": 0.8524062037467957,
                        "ndcg_3": 0.7118488550186157,
                        "top5_acc": 0.953201949596405,
                        "ndcg_5": 0.753374457359314,
                        "loss": 2.7264429728190103
                    }
                }
            }
        },
        "next_region": {
            "epoch": 15,
            "time": 11.59497880935669,
            "metrics": {
                "accuracy": 0.22830617427825928,
                "accuracy_macro": 0.10559355703879668,
                "f1": 0.09001203626394272,
                "f1_weighted": 0.21881982684135437,
                "mrr": 0.27520301938056946,
                "top3_acc": 0.2915877103805542,
                "ndcg_3": 0.2649330794811249,
                "top5_acc": 0.3200075626373291,
                "ndcg_5": 0.2766912877559662,
                "loss": 6.769252777099609,
                "n_indist": 5185.0,
                "n_ood": 93.0,
                "ood_fraction": 0.017620310723759,
                "top1_acc_indist": 0.23240114748477936,
                "top5_acc_indist": 0.3257473409175873,
                "top10_acc_indist": 0.37974926829338074,
                "mrr_indist": 0.28012579679489136
            },
            "accuracy": 0.22830617427825928,
            "f1": 0.09001203626394272,
            "per_metric_best": {
                "top10_acc_indist": {
                    "epoch": 8,
                    "best_value": 0.4092574715614319,
                    "metrics": {
                        "accuracy": 0.19439181685447693,
                        "accuracy_macro": 0.08712464664243476,
                        "f1": 0.07398836314678192,
                        "f1_weighted": 0.1521289348602295,
                        "mrr": 0.26550939679145813,
                        "top3_acc": 0.2982190251350403,
                        "ndcg_3": 0.2555786371231079,
                        "top5_acc": 0.34009093046188354,
                        "ndcg_5": 0.2727414667606354,
                        "loss": 6.828503926595052,
                        "n_indist": 5185.0,
                        "n_ood": 93.0,
                        "ood_fraction": 0.017620310723759,
                        "top1_acc_indist": 0.19787849485874176,
                        "top5_acc_indist": 0.3461909294128418,
                        "top10_acc_indist": 0.4092574715614319,
                        "mrr_indist": 0.2702583372592926
                    }
                },