{
    "fold_number": 1,
    "duration": 35.3710618019104,
    "primary_checkpoint": {
        "selection_metric": "joint_score",
        "epoch": 47,
        "joint_score": 0.29429901763796806,
        "loss": 4.7305037180582685,
        "time": 33.7746901512146,
        "task_metrics": {
            "next_category": {
                "accuracy": 0.5376893877983093,
                "f1": 0.5045443177223206
            },
            "next_region": {
                "accuracy": 0.2507575750350952,
                "f1": 0.08405371755361557
            }
        }
    },
    "diagnostic_best_epochs": {
        "next_category": {
            "epoch": 47,
            "time": 33.78108882904053,
            "metrics": {
                "accuracy": 0.5376893877983093,
                "accuracy_macro": 0.5206343531608582,
                "f1": 0.5045443177223206,
                "f1_weighted": 0.5388202667236328,
                "mrr": 0.7146396636962891,
                "top3_acc": 0.871780276298523,
                "ndcg_3": 0.7356683611869812,
                "top5_acc": 0.9528408646583557,
                "ndcg_5": 0.7692928314208984,
                "loss": 2.3672269185384116
            },
            "accuracy": 0.5376893877983093,
            "f1": 0.5045443177223206,
            "per_metric_best": {
                "top5_acc": {
                    "epoch": 29,
                    "best_value": 0.9617424011230469,
                    "metrics": {
                        "accuracy": 0.49299243092536926,
                        "accuracy_macro": 0.5512038469314575,
                        "f1": 0.48362594842910767,
                        "f1_weighted": 0.49764811992645264,
                        "mrr": 0.6863856911659241,
                        "top3_acc": 0.8592802882194519,
                        "ndcg_3": 0.7086703777313232,
                        "top5_acc": 0.9617424011230469,
                        "ndcg_5": 0.751294732093811,
                        "loss": 1.3899586995442708
                    }
                },
                "top3_acc": {
                    "epoch": 42,
                    "best_value": 0.8753787875175476,
                    "metrics": {
                        "accuracy": 0.5272727012634277,
                        "accuracy_macro": 0.5214800834655762,
                        "f1": 0.5007925033569336,
                        "f1_weighted": 0.5286979675292969,
                        "mrr": 0.7104455232620239,
                        "top3_acc": 0.8753787875175476,
                        "ndcg_3": 0.7339048981666565,
                        "top5_acc": 0.9575757384300232,
                        "ndcg_5": 0.7679274082183838,
                        "loss": 2.0918213526407876
                    }
                },
                "mrr": {
                    "epoch": 47,
                    "best_value": 0.7146396636962891,
                    "metrics": {
                        "accuracy": 0.5376893877983093,
                        "accuracy_macro": 0.5206343531608582,
                        "f1": 0.5045443177223206,
                        "f1_weighted": 0.5388202667236328,
                        "mrr": 0.7146396636962891,
                        "top3_acc": 0.871780276298523,
                        "ndcg_3": 0.7356683611869812,
                        "top5_acc": 0.9528408646583557,
                        "ndcg_5": 0.7692928314208984,
                        "loss": 2.3672269185384116
                    }
                },
                "accuracy": {
                    "epoch": 47,
                    "best_value": 0.5376893877983093,
                    "metrics": {
                        "accuracy": 0.5376893877983093,
                        "accuracy_macro": 0.5206343531608582,
                        "f1": 0.5045443177223206,
                        "f1_weighted": 0.5388202667236328,
                        "mrr": 0.7146396636962891,
                        "top3_acc": 0.871780276298523,
                        "ndcg_3": 0.7356683611869812,
                        "top5_acc": 0.9528408646583557,
                        "ndcg_5": 0.7692928314208984,
                        "loss": 2.3672269185384116
                    }
                },
                "accuracy_macro": {
                    "epoch": 26,
                    "best_value": 0.5527607202529907,
                    "metrics": {
                        "accuracy": 0.5089015364646912,
                        "accuracy_macro": 0.5527607202529907,
                        "f1": 0.4918670356273651,
                        "f1_weighted": 0.511035680770874,
                        "mrr": 0.6943100690841675,
                        "top3_acc": 0.8606060147285461,
                        "ndcg_3": 0.7153784036636353,
                        "top5_acc": 0.9594696760177612,
                        "ndcg_5": 0.7563132643699646,
                        "loss": 1.330744743347168
                    }
                },
                "f1_weighted": {
                    "epoch": 47,
                    "best_value": 0.5388202667236328,
                    "metrics": {
                        "accuracy": 0.5376893877983093,
                        "accuracy_macro": 0.5206343531608582,
                        "f1": 0.5045443177223206,
                        "f1_weighted": 0.5388202667236328,
                        "mrr": 0.7146396636962891,
                        "top3_acc": 0.871780276298523,
                        "ndcg_3": 0.7356683611869812,
                        "top5_acc": 0.9528408646583557,
                        "ndcg_5": 0.7692928314208984,
                        "loss": 2.3672269185384116
                    }
                }
            }
        },
        "next_region": {
            "epoch": 13,
            "time": 10.450639009475708,
            "metrics": {
                "accuracy": 0.27196967601776123,
                "accuracy_macro": 0.11035427362880837,
                "f1": 0.09527008980512619,
                "f1_weighted": 0.255998820066452,
                "mrr": 0.32507437467575073,
                "top3_acc": 0.3498106002807617,
                "ndcg_3": 0.31666791439056396,
                "top5_acc": 0.3844696879386902,
                "ndcg_5": 0.3309473693370819,
                "loss": 6.718036651611328,
                "n_indist": 5148.0,
                "n_ood": 132.0,
                "ood_fraction": 0.025,
                "top1_acc_indist": 0.27894327044487,
                "top5_acc_indist": 0.39432790875434875,
                "top10_acc_indist": 0.4436674416065216,
                "mrr_indist": 0.33339059352874756
            },
            "accuracy": 0.27196967601776123,
            "f1": 0.09527008980512619,
            "per_metric_best": {
                "top10_acc_indist": {
                    "epoch": 7,
                    "best_value": 0.46328672766685486,
                    "metrics": {
                        "accuracy": 0.23011362552642822,
                        "accuracy_macro": 0.07732141781186336,
                        "f1": 0.0664183720946312,
                        "f1_weighted": 0.17770656943321228,
                        "mrr": 0.3076688051223755,
                        "top3_acc": 0.35246211290359497,
                        "ndcg_3": 0.3018019199371338,
                        "top5_acc": 0.3948863446712494,
                        "ndcg_5": 0.31927624344825745,
                        "loss": 6.8402099609375,
                        "n_indist": 5148.0,
                        "n_ood": 132.0,
                        "ood_fraction": 0.025,
                        "top1_acc_indist": 0.2360139936208725,
                        "top5_acc_indist": 0.4050116539001465,
                        "top10_acc_indist": 0.46328672766685486,
                        "mrr_indist": 0.31553858518600464
                    }
                },