{
    "fold_number": 4,
    "duration": 58.13222908973694,
    "primary_checkpoint": {
        "selection_metric": "joint_score",
        "epoch": 36,
        "joint_score": 0.26646481826901436,
        "loss": 3.888216018676758,
        "time": 42.220276832580566,
        "task_metrics": {
            "next_region": {
                "accuracy": 0.2734067738056183,
                "f1": 0.09975210577249527
            },
            "next_category": {
                "accuracy": 0.4531864821910858,
                "f1": 0.43317753076553345
            }
        }
    },
    "diagnostic_best_epochs": {
        "next_region": {
            "epoch": 21,
            "time": 25.330215454101562,
            "metrics": {
                "accuracy": 0.2840283215045929,
                "accuracy_macro": 0.1115643405734028,
                "f1": 0.09895351529121399,
                "f1_weighted": 0.2723192274570465,
                "mrr": 0.3518397808074951,
                "top3_acc": 0.3788355588912964,
                "ndcg_3": 0.34023958444595337,
                "top5_acc": 0.428402841091156,
                "ndcg_5": 0.36065608263015747,
                "loss": 6.285191059112549,
                "n_indist": 2459.0,
                "n_ood": 83.0,
                "ood_fraction": 0.032651455546813535,
                "top1_acc_indist": 0.29361528158187866,
                "top5_acc_indist": 0.44286292791366577,
                "top10_acc_indist": 0.496543288230896,
                "mrr_indist": 0.36367955803871155
            },
            "accuracy": 0.2840283215045929,
            "f1": 0.09895351529121399,
            "per_metric_best": {
                "top10_acc_indist": {
                    "epoch": 10,
                    "best_value": 0.517690122127533,
                    "metrics": {
                        "accuracy": 0.2549173831939697,
                        "accuracy_macro": 0.09995584580504778,
                        "f1": 0.08283299952745438,
                        "f1_weighted": 0.226854145526886,
                        "mrr": 0.3378344476222992,
                        "top3_acc": 0.38158929347991943,
                        "ndcg_3": 0.32922425866127014,
                        "top5_acc": 0.43312352895736694,
                        "ndcg_5": 0.35031548142433167,
                        "loss": 6.463308811187744,
                        "n_indist": 2459.0,
                        "n_ood": 83.0,
                        "ood_fraction": 0.032651455546813535,
                        "top1_acc_indist": 0.2635217607021332,
                        "top5_acc_indist": 0.4477429687976837,
                        "top10_acc_indist": 0.517690122127533,
                        "mrr_indist": 0.349201500415802
                    }
                },
                "top5_acc_indist": {
                    "epoch": 10,
                    "best_value": 0.4477429687976837,
                    "metrics": {
                        "accuracy": 0.2549173831939697,
                        "accuracy_macro": 0.09995584580504778,
                        "f1": 0.08283299952745438,
                        "f1_weighted": 0.226854145526886,
                        "mrr": 0.3378344476222992,
                        "top3_acc": 0.38158929347991943,
                        "ndcg_3": 0.32922425866127014,
                        "top5_acc": 0.43312352895736694,
                        "ndcg_5": 0.35031548142433167,
                        "loss": 6.463308811187744,
                        "n_indist": 2459.0,
                        "n_ood": 83.0,
                        "ood_fraction": 0.032651455546813535,
                        "top1_acc_indist": 0.2635217607021332,
                        "top5_acc_indist": 0.4477429687976837,
                        "top10_acc_indist": 0.517690122127533,
                        "mrr_indist": 0.349201500415802
                    }
                },
                "mrr_indist": {
                    "epoch": 15,
                    "best_value": 0.3658217787742615,
                    "metrics": {
                        "accuracy": 0.282061368227005,
                        "accuracy_macro": 0.11330954050053062,
                        "f1": 0.0986642837524414,
                        "f1_weighted": 0.26847928762435913,
                        "mrr": 0.35391223430633545,
                        "top3_acc": 0.3855232000350952,
                        "ndcg_3": 0.3432694971561432,
                        "top5_acc": 0.4307631850242615,
                        "ndcg_5": 0.36208096146583557,
                        "loss": 6.360952377319336,
                        "n_indist": 2459.0,
                        "n_ood": 83.0,
                        "ood_fraction": 0.032651455546813535,
                        "top1_acc_indist": 0.291581928730011,
                        "top5_acc_indist": 0.44530296325683594,
                        "top10_acc_indist": 0.5075233578681946,
                        "mrr_indist": 0.3658217787742615
                    }
                },
                "top5_acc": {
                    "epoch": 10,
                    "best_value": 0.43312352895736694,
                    "metrics": {
                        "accuracy": 0.2549173831939697,
                        "accuracy_macro": 0.09995584580504778,
                        "f1": 0.08283299952745438,
                        "f1_weighted": 0.226854145526886,
                        "mrr": 0.3378344476222992,
                        "top3_acc": 0.38158929347991943,
                        "ndcg_3": 0.32922425866127014,
                        "top5_acc": 0.43312352895736694,
                        "ndcg_5": 0.35031548142433167,
                        "loss": 6.463308811187744,
                        "n_indist": 2459.0,
                        "n_ood": 83.0,
                        "ood_fraction": 0.032651455546813535,
                        "top1_acc_indist": 0.2635217607021332,
                        "top5_acc_indist": 0.4477429687976837,
                        "top10_acc_indist": 0.517690122127533,
                        "mrr_indist": 0.349201500415802
                    }
                },
                "top3_acc": {
                    "epoch": 16,
                    "best_value": 0.3874901831150055,
                    "metrics": {
                        "accuracy": 0.2800944149494171,
                        "accuracy_macro": 0.10636982241809596,
                        "f1": 0.09285419434309006,
                        "f1_weighted": 0.26397913694381714,
                        "mrr": 0.349712610244751,
                        "top3_acc": 0.3874901831150055,
                        "ndcg_3": 0.3415182828903198,
                        "top5_acc": 0.4303697943687439,
                        "ndcg_5": 0.3592441976070404,
                        "loss": 6.346623420715332,
                        "n_indist": 2459.0,
                        "n_ood": 83.0,
                        "ood_fraction": 0.032651455546813535,
                        "top1_acc_indist": 0.2895485758781433,
                        "top5_acc_indist": 0.44489628076553345,
                        "top10_acc_indist": 0.5014232993125916,
                        "mrr_indist": 0.3614805340766907
                    }
                },
                "mrr": {
                    "epoch": 15,
                    "best_value": 0.35391223430633545,
                    "metrics": {
                        "accuracy": 0.282061368227005,
                        "accuracy_macro": 0.11330954050053062,
                        "f1": 0.0986642837524414,
                        "f1_weighted": 0.26847928762435913,
                        "mrr": 0.35391223430633545,
                        "top3_acc": 0.3855232000350952,
                        "ndcg_3": 0.3432694971561432,
                        "top5_acc": 0.4307631850242615,