{
    "Community": {
        "precision": 0.4672131147540984,
        "recall": 0.5193621867881549,
        "f1-score": 0.4919093851132686,
        "support": 439.0
    },
    "Entertainment": {
        "precision": 0.32669322709163345,
        "recall": 0.49101796407185627,
        "f1-score": 0.3923444976076555,
        "support": 167.0
    },
    "Food": {
        "precision": 0.5608782435129741,
        "recall": 0.3233601841196778,
        "f1-score": 0.41021897810218977,
        "support": 869.0
    },
    "Nightlife": {
        "precision": 0.3741496598639456,
        "recall": 0.6111111111111112,
        "f1-score": 0.4641350210970464,
        "support": 90.0
    },
    "Outdoors": {
        "precision": 0.2903225806451613,
        "recall": 0.5034965034965035,
        "f1-score": 0.36828644501278773,
        "support": 143.0
    },
    "Shopping": {
        "precision": 0.49926578560939794,
        "recall": 0.5167173252279635,
        "f1-score": 0.5078416728902165,
        "support": 658.0
    },
    "Travel": {
        "precision": 0.42035398230088494,
        "recall": 0.5397727272727273,
        "f1-score": 0.472636815920398,
        "support": 176.0
    },
    "macro avg": {
        "precision": 0.4198395133968708,
        "recall": 0.5006911431554278,
        "f1-score": 0.4439104022490804,
        "support": 2542.0
    },
    "weighted avg": {
        "precision": 0.48180814561372115,
        "recall": 0.45357985837922893,
        "f1-score": 0.45229388553710526,
        "support": 2542.0
    }
}