{
    "Community": {
        "precision": 0.4425612052730697,
        "recall": 0.5353075170842825,
        "f1-score": 0.4845360824742268,
        "support": 439.0
    },
    "Entertainment": {
        "precision": 0.40454545454545454,
        "recall": 0.5329341317365269,
        "f1-score": 0.4599483204134367,
        "support": 167.0
    },
    "Food": {
        "precision": 0.5799522673031027,
        "recall": 0.27963176064441886,
        "f1-score": 0.37732919254658387,
        "support": 869.0
    },
    "Nightlife": {
        "precision": 0.2765957446808511,
        "recall": 0.5714285714285714,
        "f1-score": 0.3727598566308244,
        "support": 91.0
    },
    "Outdoors": {
        "precision": 0.3412322274881517,
        "recall": 0.5070422535211268,
        "f1-score": 0.40793201133144474,
        "support": 142.0
    },
    "Shopping": {
        "precision": 0.48660084626234135,
        "recall": 0.5243161094224924,
        "f1-score": 0.5047549378200439,
        "support": 658.0
    },
    "Travel": {
        "precision": 0.4015151515151515,
        "recall": 0.6022727272727273,
        "f1-score": 0.4818181818181818,
        "support": 176.0
    },
    "macro avg": {
        "precision": 0.4190004138668746,
        "recall": 0.5075618673014495,
        "f1-score": 0.4412969404335346,
        "support": 2542.0
    },
    "weighted avg": {
        "precision": 0.4839878807580359,
        "recall": 0.4492525570416995,
        "f1-score": 0.443036199719225,
        "support": 2542.0
    }
}