{
    "fold_number": 5,
    "duration": 58.72371220588684,
    "primary_checkpoint": {
        "selection_metric": "joint_score",
        "epoch": 47,
        "joint_score": 0.25478170439600945,
        "loss": 4.205414772033691,
        "time": 56.01498818397522,
        "task_metrics": {
            "next_region": {
                "accuracy": 0.2239275872707367,
                "f1": 0.091009221971035
            },
            "next_category": {
                "accuracy": 0.4285714328289032,
                "f1": 0.4185541868209839
            }
        }
    },
    "diagnostic_best_epochs": {
        "next_region": {
            "epoch": 16,
            "time": 20.359454870224,
            "metrics": {
                "accuracy": 0.24754032492637634,
                "accuracy_macro": 0.1164154400901189,
                "f1": 0.09351114183664322,
                "f1_weighted": 0.22887450456619263,
                "mrr": 0.3040870130062103,
                "top3_acc": 0.325068861246109,
                "ndcg_3": 0.29264241456985474,
                "top5_acc": 0.3612750768661499,
                "ndcg_5": 0.3074077367782593,
                "loss": 6.517969131469727,
                "n_indist": 2459.0,
                "n_ood": 82.0,
                "ood_fraction": 0.032270759543486814,
                "top1_acc_indist": 0.25579503178596497,
                "top5_acc_indist": 0.3733224868774414,
                "top10_acc_indist": 0.4326961934566498,
                "mrr_indist": 0.3141912519931793
            },
            "accuracy": 0.24754032492637634,
            "f1": 0.09351114183664322,
            "per_metric_best": {
                "top10_acc_indist": {
                    "epoch": 10,
                    "best_value": 0.4392029047012329,
                    "metrics": {
                        "accuracy": 0.23888231813907623,
                        "accuracy_macro": 0.10978345210009283,
                        "f1": 0.08758516609668732,
                        "f1_weighted": 0.21563097834587097,
                        "mrr": 0.30340713262557983,
                        "top3_acc": 0.3301849663257599,
                        "ndcg_3": 0.29272642731666565,
                        "top5_acc": 0.3746556341648102,
                        "ndcg_5": 0.3111027777194977,
                        "loss": 6.584930419921875,
                        "n_indist": 2459.0,
                        "n_ood": 82.0,
                        "ood_fraction": 0.032270759543486814,
                        "top1_acc_indist": 0.24684830009937286,
                        "top5_acc_indist": 0.38714924454689026,
                        "top10_acc_indist": 0.4392029047012329,
                        "mrr_indist": 0.3134888708591461
                    }
                },
                "top5_acc_indist": {
                    "epoch": 10,
                    "best_value": 0.38714924454689026,
                    "metrics": {
                        "accuracy": 0.23888231813907623,
                        "accuracy_macro": 0.10978345210009283,
                        "f1": 0.08758516609668732,
                        "f1_weighted": 0.21563097834587097,
                        "mrr": 0.30340713262557983,
                        "top3_acc": 0.3301849663257599,
                        "ndcg_3": 0.29272642731666565,
                        "top5_acc": 0.3746556341648102,
                        "ndcg_5": 0.3111027777194977,
                        "loss": 6.584930419921875,
                        "n_indist": 2459.0,
                        "n_ood": 82.0,
                        "ood_fraction": 0.032270759543486814,
                        "top1_acc_indist": 0.24684830009937286,
                        "top5_acc_indist": 0.38714924454689026,
                        "top10_acc_indist": 0.4392029047012329,
                        "mrr_indist": 0.3134888708591461
                    }
                },
                "mrr_indist": {
                    "epoch": 16,
                    "best_value": 0.3141912519931793,
                    "metrics": {
                        "accuracy": 0.24754032492637634,
                        "accuracy_macro": 0.1164154400901189,
                        "f1": 0.09351114183664322,
                        "f1_weighted": 0.22887450456619263,
                        "mrr": 0.3040870130062103,
                        "top3_acc": 0.325068861246109,
                        "ndcg_3": 0.29264241456985474,
                        "top5_acc": 0.3612750768661499,
                        "ndcg_5": 0.3074077367782593,
                        "loss": 6.517969131469727,
                        "n_indist": 2459.0,
                        "n_ood": 82.0,
                        "ood_fraction": 0.032270759543486814,
                        "top1_acc_indist": 0.25579503178596497,
                        "top5_acc_indist": 0.3733224868774414,
                        "top10_acc_indist": 0.4326961934566498,
                        "mrr_indist": 0.3141912519931793
                    }
                },
                "top5_acc": {
                    "epoch": 10,
                    "best_value": 0.3746556341648102,
                    "metrics": {
                        "accuracy": 0.23888231813907623,
                        "accuracy_macro": 0.10978345210009283,
                        "f1": 0.08758516609668732,
                        "f1_weighted": 0.21563097834587097,
                        "mrr": 0.30340713262557983,
                        "top3_acc": 0.3301849663257599,
                        "ndcg_3": 0.29272642731666565,
                        "top5_acc": 0.3746556341648102,
                        "ndcg_5": 0.3111027777194977,
                        "loss": 6.584930419921875,
                        "n_indist": 2459.0,
                        "n_ood": 82.0,
                        "ood_fraction": 0.032270759543486814,
                        "top1_acc_indist": 0.24684830009937286,
                        "top5_acc_indist": 0.38714924454689026,
                        "top10_acc_indist": 0.4392029047012329,
                        "mrr_indist": 0.3134888708591461
                    }
                },
                "top3_acc": {
                    "epoch": 13,
                    "best_value": 0.33412042260169983,
                    "metrics": {
                        "accuracy": 0.2408500462770462,
                        "accuracy_macro": 0.108366882990277,
                        "f1": 0.09063638001680374,
                        "f1_weighted": 0.22329780459403992,
                        "mrr": 0.302782267332077,
                        "top3_acc": 0.33412042260169983,
                        "ndcg_3": 0.2950596809387207,
                        "top5_acc": 0.36521053314208984,
                        "ndcg_5": 0.3078975975513458,
                        "loss": 6.530358791351318,
                        "n_indist": 2459.0,
                        "n_ood": 82.0,
                        "ood_fraction": 0.032270759543486814,
                        "top1_acc_indist": 0.24888165295124054,
                        "top5_acc_indist": 0.37738916277885437,
                        "top10_acc_indist": 0.43594956398010254,
                        "mrr_indist": 0.31284260749816895
                    }
                },
                "mrr": {
                    "epoch": 16,
                    "best_value": 0.3040870130062103,
                    "metrics": {
                        "accuracy": 0.24754032492637634,
                        "accuracy_macro": 0.1164154400901189,
                        "f1": 0.09351114183664322,
                        "f1_weighted": 0.22887450456619263,
                        "mrr": 0.3040870130062103,
                        "top3_acc": 0.325068861246109,
                        "ndcg_3": 0.29264241456985474,
                        "top5_acc": 0.3612750768661499,