{
    "Community": {
        "precision": 0.4701195219123506,
        "recall": 0.5388127853881278,
        "f1-score": 0.502127659574468,
        "support": 438.0
    },
    "Entertainment": {
        "precision": 0.30743243243243246,
        "recall": 0.5449101796407185,
        "f1-score": 0.3930885529157667,
        "support": 167.0
    },
    "Food": {
        "precision": 0.5623987034035657,
        "recall": 0.3993095512082854,
        "f1-score": 0.4670255720053836,
        "support": 869.0
    },
    "Nightlife": {
        "precision": 0.3548387096774194,
        "recall": 0.4888888888888889,
        "f1-score": 0.411214953271028,
        "support": 90.0
    },
    "Outdoors": {
        "precision": 0.27335640138408307,
        "recall": 0.5524475524475524,
        "f1-score": 0.36574074074074076,
        "support": 143.0
    },
    "Shopping": {
        "precision": 0.5265151515151515,
        "recall": 0.42249240121580545,
        "f1-score": 0.4688026981450253,
        "support": 658.0
    },
    "Travel": {
        "precision": 0.41397849462365593,
        "recall": 0.4350282485875706,
        "f1-score": 0.42424242424242425,
        "support": 177.0
    },
    "macro avg": {
        "precision": 0.4155199164212369,
        "recall": 0.4831270867681356,
        "f1-score": 0.43317751441354807,
        "support": 2542.0
    },
    "weighted avg": {
        "precision": 0.4865163857536478,
        "recall": 0.45318646734854445,
        "f1-score": 0.45802371419900956,
        "support": 2542.0
    }
}