{
    "fold_number": 5,
    "duration": 294.3976368904114,
    "primary_checkpoint": {
        "selection_metric": "joint_score",
        "epoch": 21,
        "joint_score": 0.5430480241775513,
        "loss": 1.1982769966125488,
        "time": 130.28723907470703,
        "task_metrics": {
            "next": {
                "accuracy": 0.36245572566986084,
                "f1": 0.264132022857666
            },
            "category": {
                "accuracy": 0.8205128312110901,
                "f1": 0.8219640254974365
            }
        }
    },
    "diagnostic_best_epochs": {
        "next": {
            "epoch": 13,
            "time": 83.29649996757507,
            "metrics": {
                "accuracy": 0.3467139005661011,
                "accuracy_macro": 0.295401394367218,
                "f1": 0.2816980481147766,
                "f1_weighted": 0.3431081771850586,
                "mrr": 0.5772643089294434,
                "top3_acc": 0.7595434784889221,
                "ndcg_3": 0.5864149928092957,
                "top5_acc": 0.9342778325080872,
                "ndcg_5": 0.6585301756858826,
                "loss": 1.6662158966064453
            },
            "accuracy": 0.3467139005661011,
            "f1": 0.2816980481147766
        },
        "category": {
            "epoch": 32,
            "time": 194.81195616722107,
            "metrics": {
                "accuracy": 0.8400488495826721,
                "accuracy_macro": 0.8162344694137573,
                "f1": 0.8323512077331543,
                "f1_weighted": 0.8400344848632812,
                "mrr": 0.9055904746055603,
                "top3_acc": 0.9658119678497314,
                "ndcg_3": 0.9158795475959778,
                "top5_acc": 0.9914529919624329,
                "ndcg_5": 0.9263874292373657,
                "loss": 0.6526620388031006
            },
            "accuracy": 0.8400488495826721,
            "f1": 0.8323512077331543
        }
    }
}