{
    "fold_number": 2,
    "duration": 172.75068926811218,
    "primary_checkpoint": {
        "selection_metric": "joint_score",
        "epoch": 40,
        "joint_score": 0.41912276297807693,
        "loss": 2.3632709980010986,
        "time": 141.20486092567444,
        "task_metrics": {
            "next_category": {
                "accuracy": 0.7242029309272766,
                "f1": 0.6920068264007568
            },
            "next_region": {
                "accuracy": 0.24579864740371704,
                "f1": 0.14623869955539703
            }
        }
    },
    "diagnostic_best_epochs": {
        "next_category": {
            "epoch": 40,
            "time": 141.23795366287231,
            "metrics": {
                "accuracy": 0.7242029309272766,
                "accuracy_macro": 0.7208125591278076,
                "f1": 0.6920068264007568,
                "f1_weighted": 0.7295594215393066,
                "mrr": 0.8235156536102295,
                "top3_acc": 0.904319167137146,
                "ndcg_3": 0.8297302722930908,
                "top5_acc": 0.9683367609977722,
                "ndcg_5": 0.8561190962791443,
                "loss": 0.8120802044868469
            },
            "accuracy": 0.7242029309272766,
            "f1": 0.6920068264007568,
            "per_metric_best": {
                "top5_acc": {
                    "epoch": 43,
                    "best_value": 0.969122052192688,
                    "metrics": {
                        "accuracy": 0.722977876663208,
                        "accuracy_macro": 0.7214752435684204,
                        "f1": 0.6899189949035645,
                        "f1_weighted": 0.7281028628349304,
                        "mrr": 0.8228970170021057,
                        "top3_acc": 0.9042563438415527,
                        "ndcg_3": 0.8291700482368469,
                        "top5_acc": 0.969122052192688,
                        "ndcg_5": 0.8559140563011169,
                        "loss": 0.807561993598938
                    }
                },
                "top3_acc": {
                    "epoch": 22,
                    "best_value": 0.9057326912879944,
                    "metrics": {
                        "accuracy": 0.7161928415298462,
                        "accuracy_macro": 0.7118701338768005,
                        "f1": 0.6840519309043884,
                        "f1_weighted": 0.7206716537475586,
                        "mrr": 0.8194442987442017,
                        "top3_acc": 0.9057326912879944,
                        "ndcg_3": 0.8272601962089539,
                        "top5_acc": 0.9682425260543823,
                        "ndcg_5": 0.8531063199043274,
                        "loss": 0.832653820514679
                    }
                },
                "mrr": {
                    "epoch": 42,
                    "best_value": 0.8239681720733643,
                    "metrics": {
                        "accuracy": 0.7243914008140564,
                        "accuracy_macro": 0.721405029296875,
                        "f1": 0.6912960410118103,
                        "f1_weighted": 0.7292762994766235,
                        "mrr": 0.8239681720733643,
                        "top3_acc": 0.9050416350364685,
                        "ndcg_3": 0.8303065299987793,
                        "top5_acc": 0.9690278172492981,
                        "ndcg_5": 0.8567020297050476,
                        "loss": 0.8081516027450562
                    }
                },
                "accuracy": {
                    "epoch": 42,
                    "best_value": 0.7243914008140564,
                    "metrics": {
                        "accuracy": 0.7243914008140564,
                        "accuracy_macro": 0.721405029296875,
                        "f1": 0.6912960410118103,
                        "f1_weighted": 0.7292762994766235,
                        "mrr": 0.8239681720733643,
                        "top3_acc": 0.9050416350364685,
                        "ndcg_3": 0.8303065299987793,
                        "top5_acc": 0.9690278172492981,
                        "ndcg_5": 0.8567020297050476,
                        "loss": 0.8081516027450562
                    }
                },
                "accuracy_macro": {
                    "epoch": 46,
                    "best_value": 0.721533477306366,
                    "metrics": {
                        "accuracy": 0.7233548164367676,
                        "accuracy_macro": 0.721533477306366,
                        "f1": 0.6894832849502563,
                        "f1_weighted": 0.7286826372146606,
                        "mrr": 0.8229129314422607,
                        "top3_acc": 0.9038165807723999,
                        "ndcg_3": 0.8290193676948547,
                        "top5_acc": 0.9683681726455688,
                        "ndcg_5": 0.8556597828865051,
                        "loss": 0.8068452477455139
                    }
                },
                "f1_weighted": {
                    "epoch": 40,
                    "best_value": 0.7295594215393066,
                    "metrics": {
                        "accuracy": 0.7242029309272766,
                        "accuracy_macro": 0.7208125591278076,
                        "f1": 0.6920068264007568,
                        "f1_weighted": 0.7295594215393066,
                        "mrr": 0.8235156536102295,
                        "top3_acc": 0.904319167137146,
                        "ndcg_3": 0.8297302722930908,
                        "top5_acc": 0.9683367609977722,
                        "ndcg_5": 0.8561190962791443,
                        "loss": 0.8120802044868469
                    }
                }
            }
        },
        "next_region": {
            "epoch": 5,
            "time": 21.150432586669922,
            "metrics": {
                "accuracy": 0.49678027629852295,
                "accuracy_macro": 0.18122069108141736,
                "f1": 0.15806980431079865,
                "f1_weighted": 0.48413652181625366,
                "mrr": 0.5781199336051941,
                "top3_acc": 0.6101146340370178,
                "ndcg_3": 0.5631042122840881,
                "top5_acc": 0.6664677262306213,
                "ndcg_5": 0.5862178802490234,
                "loss": 5.732541084289551,
                "n_indist": 31611.0,
                "n_ood": 224.0,
                "ood_fraction": 0.00703628082299356,
                "top1_acc_indist": 0.4999525547027588,
                "top5_acc_indist": 0.6700199246406555,
                "top10_acc_indist": 0.7463541030883789,
                "mrr_indist": 0.5813297629356384
            },
            "accuracy": 0.49678027629852295,
            "f1": 0.15806980431079865,
            "per_metric_best": {
                "top10_acc_indist": {
                    "epoch": 4,
                    "best_value": 0.7611590623855591,
                    "metrics": {
                        "accuracy": 0.4951154291629791,
                        "accuracy_macro": 0.17269766933296882,
                        "f1": 0.148385152220726,
                        "f1_weighted": 0.479954332113266,
                        "mrr": 0.5782855153083801,
                        "top3_acc": 0.6103345155715942,
                        "ndcg_3": 0.5624269843101501,
                        "top5_acc": 0.6662164330482483,
                        "ndcg_5": 0.5853996276855469,
                        "loss": 6.111863613128662,
                        "n_indist": 31611.0,
                        "n_ood": 224.0,
                        "ood_fraction": 0.00703628082299356,
                        "top1_acc_indist": 0.4985922574996948,
                        "top5_acc_indist": 0.6708740592002869,
                        "top10_acc_indist": 0.7611590623855591,
                        "mrr_indist": 0.5822227597236633
                    }
                },