{
    "fold_number": 3,
    "duration": 172.1043984889984,
    "primary_checkpoint": {
        "selection_metric": "joint_score",
        "epoch": 12,
        "joint_score": 0.40220141410827637,
        "loss": 4.0754265785217285,
        "time": 45.0836124420166,
        "task_metrics": {
            "next_category": {
                "accuracy": 0.714348554611206,
                "f1": 0.6838449239730835
            },
            "next_region": {
                "accuracy": 0.4819386899471283,
                "f1": 0.12055790424346924
            }
        }
    },
    "diagnostic_best_epochs": {
        "next_category": {
            "epoch": 33,
            "time": 116.72676491737366,
            "metrics": {
                "accuracy": 0.7314361333847046,
                "accuracy_macro": 0.7289053797721863,
                "f1": 0.7006978988647461,
                "f1_weighted": 0.7353796362876892,
                "mrr": 0.8285874724388123,
                "top3_acc": 0.9087511301040649,
                "ndcg_3": 0.8354125022888184,
                "top5_acc": 0.9673326015472412,
                "ndcg_5": 0.859606921672821,
                "loss": 0.801334798336029
            },
            "accuracy": 0.7314361333847046,
            "f1": 0.7006978988647461,
            "per_metric_best": {
                "top5_acc": {
                    "epoch": 44,
                    "best_value": 0.9688717126846313,
                    "metrics": {
                        "accuracy": 0.730807900428772,
                        "accuracy_macro": 0.7313620448112488,
                        "f1": 0.6997895240783691,
                        "f1_weighted": 0.734814465045929,
                        "mrr": 0.8282947540283203,
                        "top3_acc": 0.9087511301040649,
                        "ndcg_3": 0.8351312875747681,
                        "top5_acc": 0.9688717126846313,
                        "ndcg_5": 0.8599282503128052,
                        "loss": 0.8026235103607178
                    }
                },
                "top3_acc": {
                    "epoch": 38,
                    "best_value": 0.9092851281166077,
                    "metrics": {
                        "accuracy": 0.7300540208816528,
                        "accuracy_macro": 0.728060245513916,
                        "f1": 0.6990349292755127,
                        "f1_weighted": 0.7335925698280334,
                        "mrr": 0.8282502293586731,
                        "top3_acc": 0.9092851281166077,
                        "ndcg_3": 0.8353077173233032,
                        "top5_acc": 0.9686833024024963,
                        "ndcg_5": 0.8598401546478271,
                        "loss": 0.8031846284866333
                    }
                },
                "mrr": {
                    "epoch": 33,
                    "best_value": 0.8285874724388123,
                    "metrics": {
                        "accuracy": 0.7314361333847046,
                        "accuracy_macro": 0.7289053797721863,
                        "f1": 0.7006978988647461,
                        "f1_weighted": 0.7353796362876892,
                        "mrr": 0.8285874724388123,
                        "top3_acc": 0.9087511301040649,
                        "ndcg_3": 0.8354125022888184,
                        "top5_acc": 0.9673326015472412,
                        "ndcg_5": 0.859606921672821,
                        "loss": 0.801334798336029
                    }
                },
                "accuracy": {
                    "epoch": 33,
                    "best_value": 0.7314361333847046,
                    "metrics": {
                        "accuracy": 0.7314361333847046,
                        "accuracy_macro": 0.7289053797721863,
                        "f1": 0.7006978988647461,
                        "f1_weighted": 0.7353796362876892,
                        "mrr": 0.8285874724388123,
                        "top3_acc": 0.9087511301040649,
                        "ndcg_3": 0.8354125022888184,
                        "top5_acc": 0.9673326015472412,
                        "ndcg_5": 0.859606921672821,
                        "loss": 0.801334798336029
                    }
                },
                "accuracy_macro": {
                    "epoch": 49,
                    "best_value": 0.7317886352539062,
                    "metrics": {
                        "accuracy": 0.7297713160514832,
                        "accuracy_macro": 0.7317886352539062,
                        "f1": 0.6980106830596924,
                        "f1_weighted": 0.7344101667404175,
                        "mrr": 0.8274420499801636,
                        "top3_acc": 0.9077773690223694,
                        "ndcg_3": 0.8340917825698853,
                        "top5_acc": 0.9682749509811401,
                        "ndcg_5": 0.8590620756149292,
                        "loss": 0.8014818429946899
                    }
                },
                "f1_weighted": {
                    "epoch": 33,
                    "best_value": 0.7353796362876892,
                    "metrics": {
                        "accuracy": 0.7314361333847046,
                        "accuracy_macro": 0.7289053797721863,
                        "f1": 0.7006978988647461,
                        "f1_weighted": 0.7353796362876892,
                        "mrr": 0.8285874724388123,
                        "top3_acc": 0.9087511301040649,
                        "ndcg_3": 0.8354125022888184,
                        "top5_acc": 0.9673326015472412,
                        "ndcg_5": 0.859606921672821,
                        "loss": 0.801334798336029
                    }
                }
            }
        },
        "next_region": {
            "epoch": 9,
            "time": 34.68534970283508,
            "metrics": {
                "accuracy": 0.48520544171333313,
                "accuracy_macro": 0.1402505611854709,
                "f1": 0.1217077299952507,
                "f1_weighted": 0.4796876311302185,
                "mrr": 0.5260279774665833,
                "top3_acc": 0.5433785915374756,
                "ndcg_3": 0.5191860198974609,
                "top5_acc": 0.5681304335594177,
                "ndcg_5": 0.529349148273468,
                "loss": 7.2439284324646,
                "n_indist": 31551.0,
                "n_ood": 285.0,
                "ood_fraction": 0.00895212966453072,
                "top1_acc_indist": 0.48958826065063477,
                "top5_acc_indist": 0.5732623338699341,
                "top10_acc_indist": 0.6109790205955505,
                "mrr_indist": 0.5307773947715759
            },
            "accuracy": 0.48520544171333313,
            "f1": 0.1217077299952507,
            "per_metric_best": {
                "top10_acc_indist": {
                    "epoch": 3,
                    "best_value": 0.6468891501426697,
                    "metrics": {
                        "accuracy": 0.4764103591442108,
                        "accuracy_macro": 0.12841292877248695,
                        "f1": 0.10638003796339035,
                        "f1_weighted": 0.4649564325809479,
                        "mrr": 0.5319579839706421,
                        "top3_acc": 0.5588327646255493,
                        "ndcg_3": 0.5251970291137695,
                        "top5_acc": 0.5933534502983093,
                        "ndcg_5": 0.5393251180648804,
                        "loss": 7.746615886688232,
                        "n_indist": 31551.0,
                        "n_ood": 285.0,
                        "ood_fraction": 0.00895212966453072,
                        "top1_acc_indist": 0.48071375489234924,
                        "top5_acc_indist": 0.5987131595611572,
                        "top10_acc_indist": 0.6468891501426697,
                        "mrr_indist": 0.5367610454559326
                    }
                },