{
    "fold_number": 4,
    "duration": 170.63961482048035,
    "primary_checkpoint": {
        "selection_metric": "joint_score",
        "epoch": 36,
        "joint_score": 0.43512847274541855,
        "loss": 2.3213603496551514,
        "time": 126.37161469459534,
        "task_metrics": {
            "next_region": {
                "accuracy": 0.24316003918647766,
                "f1": 0.16158460080623627
            },
            "next_category": {
                "accuracy": 0.7393120527267456,
                "f1": 0.7086723446846008
            }
        }
    },
    "diagnostic_best_epochs": {
        "next_region": {
            "epoch": 7,
            "time": 28.162384271621704,
            "metrics": {
                "accuracy": 0.5016491413116455,
                "accuracy_macro": 0.20285258981221618,
                "f1": 0.1769552379846573,
                "f1_weighted": 0.49170058965682983,
                "mrr": 0.580175518989563,
                "top3_acc": 0.61111980676651,
                "ndcg_3": 0.5654078722000122,
                "top5_acc": 0.6713994145393372,
                "ndcg_5": 0.5903984308242798,
                "loss": 5.1035943031311035,
                "n_indist": 31660.0,
                "n_ood": 175.0,
                "ood_fraction": 0.005497094392963719,
                "top1_acc_indist": 0.5040745735168457,
                "top5_acc_indist": 0.6737523674964905,
                "top10_acc_indist": 0.7443146109580994,
                "mrr_indist": 0.5825045704841614
            },
            "accuracy": 0.5016491413116455,
            "f1": 0.1769552379846573,
            "per_metric_best": {
                "top10_acc_indist": {
                    "epoch": 3,
                    "best_value": 0.7650347352027893,
                    "metrics": {
                        "accuracy": 0.4939846098423004,
                        "accuracy_macro": 0.18177397825622044,
                        "f1": 0.1521030217409134,
                        "f1_weighted": 0.4772224426269531,
                        "mrr": 0.5815860033035278,
                        "top3_acc": 0.6209203600883484,
                        "ndcg_3": 0.5684952735900879,
                        "top5_acc": 0.6805402636528015,
                        "ndcg_5": 0.5929621458053589,
                        "loss": 6.513398170471191,
                        "n_indist": 31660.0,
                        "n_ood": 175.0,
                        "ood_fraction": 0.005497094392963719,
                        "top1_acc_indist": 0.49671509861946106,
                        "top5_acc_indist": 0.6843019723892212,
                        "top10_acc_indist": 0.7650347352027893,
                        "mrr_indist": 0.5847970843315125
                    }
                },
                "top5_acc_indist": {
                    "epoch": 3,
                    "best_value": 0.6843019723892212,
                    "metrics": {
                        "accuracy": 0.4939846098423004,
                        "accuracy_macro": 0.18177397825622044,
                        "f1": 0.1521030217409134,
                        "f1_weighted": 0.4772224426269531,
                        "mrr": 0.5815860033035278,
                        "top3_acc": 0.6209203600883484,
                        "ndcg_3": 0.5684952735900879,
                        "top5_acc": 0.6805402636528015,
                        "ndcg_5": 0.5929621458053589,
                        "loss": 6.513398170471191,
                        "n_indist": 31660.0,
                        "n_ood": 175.0,
                        "ood_fraction": 0.005497094392963719,
                        "top1_acc_indist": 0.49671509861946106,
                        "top5_acc_indist": 0.6843019723892212,
                        "top10_acc_indist": 0.7650347352027893,
                        "mrr_indist": 0.5847970843315125
                    }
                },
                "mrr_indist": {
                    "epoch": 4,
                    "best_value": 0.5870206952095032,
                    "metrics": {
                        "accuracy": 0.5008952617645264,
                        "accuracy_macro": 0.18823331274795274,
                        "f1": 0.1623704582452774,
                        "f1_weighted": 0.4860471785068512,
                        "mrr": 0.5839773416519165,
                        "top3_acc": 0.6246269941329956,
                        "ndcg_3": 0.5719696283340454,
                        "top5_acc": 0.6803832054138184,
                        "ndcg_5": 0.5948219895362854,
                        "loss": 6.102560997009277,
                        "n_indist": 31660.0,
                        "n_ood": 175.0,
                        "ood_fraction": 0.005497094392963719,
                        "top1_acc_indist": 0.503663957118988,
                        "top5_acc_indist": 0.6838913559913635,
                        "top10_acc_indist": 0.7647820711135864,
                        "mrr_indist": 0.5870206952095032
                    }
                },
                "top5_acc": {
                    "epoch": 3,
                    "best_value": 0.6805402636528015,
                    "metrics": {
                        "accuracy": 0.4939846098423004,
                        "accuracy_macro": 0.18177397825622044,
                        "f1": 0.1521030217409134,
                        "f1_weighted": 0.4772224426269531,
                        "mrr": 0.5815860033035278,
                        "top3_acc": 0.6209203600883484,
                        "ndcg_3": 0.5684952735900879,
                        "top5_acc": 0.6805402636528015,
                        "ndcg_5": 0.5929621458053589,
                        "loss": 6.513398170471191,
                        "n_indist": 31660.0,
                        "n_ood": 175.0,
                        "ood_fraction": 0.005497094392963719,
                        "top1_acc_indist": 0.49671509861946106,
                        "top5_acc_indist": 0.6843019723892212,
                        "top10_acc_indist": 0.7650347352027893,
                        "mrr_indist": 0.5847970843315125
                    }
                },
                "top3_acc": {
                    "epoch": 5,
                    "best_value": 0.6246584057807922,
                    "metrics": {
                        "accuracy": 0.5010837316513062,
                        "accuracy_macro": 0.1974323200729658,
                        "f1": 0.1715775728225708,
                        "f1_weighted": 0.4893294870853424,
                        "mrr": 0.5844239592552185,
                        "top3_acc": 0.6246584057807922,
                        "ndcg_3": 0.5730254650115967,
                        "top5_acc": 0.6793152093887329,
                        "ndcg_5": 0.5954388976097107,
                        "loss": 5.740227222442627,
                        "n_indist": 31660.0,
                        "n_ood": 175.0,
                        "ood_fraction": 0.005497094392963719,
                        "top1_acc_indist": 0.5035375952720642,
                        "top5_acc_indist": 0.6817119717597961,
                        "top10_acc_indist": 0.7531269788742065,
                        "mrr_indist": 0.5868331789970398
                    }
                },
                "mrr": {
                    "epoch": 5,
                    "best_value": 0.5844239592552185,
                    "metrics": {
                        "accuracy": 0.5010837316513062,
                        "accuracy_macro": 0.1974323200729658,
                        "f1": 0.1715775728225708,
                        "f1_weighted": 0.4893294870853424,
                        "mrr": 0.5844239592552185,
                        "top3_acc": 0.6246584057807922,
                        "ndcg_3": 0.5730254650115967,
                        "top5_acc": 0.6793152093887329,
                        "ndcg_5": 0.5954388976097107,