{
    "fold_number": 1,
    "duration": 169.8598508834839,
    "primary_checkpoint": {
        "selection_metric": "joint_score",
        "epoch": 14,
        "joint_score": 0.44155192375183105,
        "loss": 2.5409958362579346,
        "time": 52.12680411338806,
        "task_metrics": {
            "next_region": {
                "accuracy": 0.29354482889175415,
                "f1": 0.17447715997695923
            },
            "next_category": {
                "accuracy": 0.7335008382797241,
                "f1": 0.7086266875267029
            }
        }
    },
    "diagnostic_best_epochs": {
        "next_region": {
            "epoch": 7,
            "time": 28.04363512992859,
            "metrics": {
                "accuracy": 0.5076174139976501,
                "accuracy_macro": 0.2112844474864359,
                "f1": 0.18106453120708466,
                "f1_weighted": 0.49663716554641724,
                "mrr": 0.5816383361816406,
                "top3_acc": 0.610271692276001,
                "ndcg_3": 0.5670549869537354,
                "top5_acc": 0.6669389009475708,
                "ndcg_5": 0.5902528166770935,
                "loss": 5.299383640289307,
                "n_indist": 31611.0,
                "n_ood": 224.0,
                "ood_fraction": 0.00703628082299356,
                "top1_acc_indist": 0.5107715725898743,
                "top5_acc_indist": 0.6701148152351379,
                "top10_acc_indist": 0.7421467304229736,
                "mrr_indist": 0.5847144722938538
            },
            "accuracy": 0.5076174139976501,
            "f1": 0.18106453120708466,
            "per_metric_best": {
                "top10_acc_indist": {
                    "epoch": 4,
                    "best_value": 0.7608743906021118,
                    "metrics": {
                        "accuracy": 0.5052300691604614,
                        "accuracy_macro": 0.19918488066075213,
                        "f1": 0.16856703162193298,
                        "f1_weighted": 0.48974093794822693,
                        "mrr": 0.5857864618301392,
                        "top3_acc": 0.6207633018493652,
                        "ndcg_3": 0.5725293755531311,
                        "top5_acc": 0.6744463443756104,
                        "ndcg_5": 0.5946100354194641,
                        "loss": 6.214282989501953,
                        "n_indist": 31611.0,
                        "n_ood": 224.0,
                        "ood_fraction": 0.00703628082299356,
                        "top1_acc_indist": 0.5088102221488953,
                        "top5_acc_indist": 0.6792255640029907,
                        "top10_acc_indist": 0.7608743906021118,
                        "mrr_indist": 0.5898992419242859
                    }
                },
                "top5_acc_indist": {
                    "epoch": 4,
                    "best_value": 0.6792255640029907,
                    "metrics": {
                        "accuracy": 0.5052300691604614,
                        "accuracy_macro": 0.19918488066075213,
                        "f1": 0.16856703162193298,
                        "f1_weighted": 0.48974093794822693,
                        "mrr": 0.5857864618301392,
                        "top3_acc": 0.6207633018493652,
                        "ndcg_3": 0.5725293755531311,
                        "top5_acc": 0.6744463443756104,
                        "ndcg_5": 0.5946100354194641,
                        "loss": 6.214282989501953,
                        "n_indist": 31611.0,
                        "n_ood": 224.0,
                        "ood_fraction": 0.00703628082299356,
                        "top1_acc_indist": 0.5088102221488953,
                        "top5_acc_indist": 0.6792255640029907,
                        "top10_acc_indist": 0.7608743906021118,
                        "mrr_indist": 0.5898992419242859
                    }
                },
                "mrr_indist": {
                    "epoch": 5,
                    "best_value": 0.5899389982223511,
                    "metrics": {
                        "accuracy": 0.5075860023498535,
                        "accuracy_macro": 0.20210032913895715,
                        "f1": 0.17336662113666534,
                        "f1_weighted": 0.4946727156639099,
                        "mrr": 0.5866272449493408,
                        "top3_acc": 0.6213601231575012,
                        "ndcg_3": 0.5736116170883179,
                        "top5_acc": 0.6747918725013733,
                        "ndcg_5": 0.5956157445907593,
                        "loss": 5.886866092681885,
                        "n_indist": 31611.0,
                        "n_ood": 224.0,
                        "ood_fraction": 0.00703628082299356,
                        "top1_acc_indist": 0.510834813117981,
                        "top5_acc_indist": 0.6783714294433594,
                        "top10_acc_indist": 0.7558444738388062,
                        "mrr_indist": 0.5899389982223511
                    }
                },
                "top5_acc": {
                    "epoch": 5,
                    "best_value": 0.6747918725013733,
                    "metrics": {
                        "accuracy": 0.5075860023498535,
                        "accuracy_macro": 0.20210032913895715,
                        "f1": 0.17336662113666534,
                        "f1_weighted": 0.4946727156639099,
                        "mrr": 0.5866272449493408,
                        "top3_acc": 0.6213601231575012,
                        "ndcg_3": 0.5736116170883179,
                        "top5_acc": 0.6747918725013733,
                        "ndcg_5": 0.5956157445907593,
                        "loss": 5.886866092681885,
                        "n_indist": 31611.0,
                        "n_ood": 224.0,
                        "ood_fraction": 0.00703628082299356,
                        "top1_acc_indist": 0.510834813117981,
                        "top5_acc_indist": 0.6783714294433594,
                        "top10_acc_indist": 0.7558444738388062,
                        "mrr_indist": 0.5899389982223511
                    }
                },
                "top3_acc": {
                    "epoch": 5,
                    "best_value": 0.6213601231575012,
                    "metrics": {
                        "accuracy": 0.5075860023498535,
                        "accuracy_macro": 0.20210032913895715,
                        "f1": 0.17336662113666534,
                        "f1_weighted": 0.4946727156639099,
                        "mrr": 0.5866272449493408,
                        "top3_acc": 0.6213601231575012,
                        "ndcg_3": 0.5736116170883179,
                        "top5_acc": 0.6747918725013733,
                        "ndcg_5": 0.5956157445907593,
                        "loss": 5.886866092681885,
                        "n_indist": 31611.0,
                        "n_ood": 224.0,
                        "ood_fraction": 0.00703628082299356,
                        "top1_acc_indist": 0.510834813117981,
                        "top5_acc_indist": 0.6783714294433594,
                        "top10_acc_indist": 0.7558444738388062,
                        "mrr_indist": 0.5899389982223511
                    }
                },
                "mrr": {
                    "epoch": 5,
                    "best_value": 0.5866272449493408,
                    "metrics": {
                        "accuracy": 0.5075860023498535,
                        "accuracy_macro": 0.20210032913895715,
                        "f1": 0.17336662113666534,
                        "f1_weighted": 0.4946727156639099,
                        "mrr": 0.5866272449493408,
                        "top3_acc": 0.6213601231575012,
                        "ndcg_3": 0.5736116170883179,
                        "top5_acc": 0.6747918725013733,
                        "ndcg_5": 0.5956157445907593,