{
    "fold_number": 1,
    "duration": 73.04894280433655,
    "primary_checkpoint": {
        "selection_metric": "joint_score",
        "epoch": 9,
        "joint_score": 0.45404335856437683,
        "loss": 1.0976651906967163,
        "time": 72.53933072090149,
        "task_metrics": {
            "next": {
                "accuracy": 0.3772619962692261,
                "f1": 0.2688494324684143
            },
            "category": {
                "accuracy": 0.7978436946868896,
                "f1": 0.6392372846603394
            }
        }
    },
    "diagnostic_best_epochs": {
        "next": {
            "epoch": 8,
            "time": 65.41679167747498,
            "metrics": {
                "accuracy": 0.37765538692474365,
                "accuracy_macro": 0.2586223781108856,
                "f1": 0.26985985040664673,
                "f1_weighted": 0.3539257347583771,
                "mrr": 0.6045979857444763,
                "top3_acc": 0.7977970242500305,
                "ndcg_3": 0.6229566931724548,
                "top5_acc": 0.938630998134613,
                "ndcg_5": 0.6810763478279114,
                "loss": 1.5532314777374268
            },
            "accuracy": 0.37765538692474365,
            "f1": 0.26985985040664673
        },
        "category": {
            "epoch": 9,
            "time": 72.59139680862427,
            "metrics": {
                "accuracy": 0.7978436946868896,
                "accuracy_macro": 0.6662251353263855,
                "f1": 0.6392372846603394,
                "f1_weighted": 0.7897937893867493,
                "mrr": 0.8784431219100952,
                "top3_acc": 0.9541779160499573,
                "ndcg_3": 0.8908330202102661,
                "top5_acc": 0.9851751923561096,
                "ndcg_5": 0.9037694334983826,
                "loss": 0.6424868702888489
            },
            "accuracy": 0.7978436946868896,
            "f1": 0.6392372846603394
        }
    }
}