{
    "model": {
        "joint_score": {
            "mean": 0.516442209482193,
            "std": 0.0037465387312546478,
            "min": 0.5137930065393448,
            "max": 0.5190914124250412
        },
        "loss": {
            "mean": 1.1712707877159119,
            "std": 0.029116813118963053,
            "min": 1.1506820917129517,
            "max": 1.191859483718872
        }
    },
    "next": {
        "accuracy": {
            "mean": 0.3898465633392334,
            "std": 0.007501043216877854,
            "min": 0.3845425248146057,
            "max": 0.3951506018638611
        },
        "accuracy_macro": {
            "mean": 0.3151971250772476,
            "std": 0.005645844312549576,
            "min": 0.3112049102783203,
            "max": 0.3191893398761749
        },
        "f1": {
            "mean": 0.3191283047199249,
            "std": 0.004054105358262897,
            "min": 0.3162616193294525,
            "max": 0.32199499011039734
        },
        "f1_weighted": {
            "mean": 0.38157838582992554,
            "std": 0.004324098069823684,
            "min": 0.37852078676223755,
            "max": 0.3846359848976135
        },
        "mrr": {
            "mean": 0.6113712191581726,
            "std": 0.003631203880304586,
            "min": 0.6088035702705383,
            "max": 0.6139388680458069
        },
        "top3_acc": {
            "mean": 0.7950369417667389,
            "std": 0.00401840697757417,
            "min": 0.7921954989433289,
            "max": 0.7978783845901489
        },
        "ndcg_3": {
            "mean": 0.6276853680610657,
            "std": 0.0010398470464607775,
            "min": 0.6269500851631165,
            "max": 0.6284206509590149
        },
        "top5_acc": {
            "mean": 0.9265959560871124,
            "std": 0.001205526307957102,
            "min": 0.9257435202598572,
            "max": 0.9274483919143677
        },
        "ndcg_5": {
            "mean": 0.6819165945053101,
            "std": 0.002257132325152419,
            "min": 0.6803205609321594,
            "max": 0.6835126280784607
        },
        "loss": {
            "mean": 1.618552565574646,
            "std": 0.014479128337432536,
            "min": 1.6083142757415771,
            "max": 1.6287908554077148
        }
    },
    "category": {
        "accuracy": {
            "mean": 0.7642173767089844,
            "std": 0.006627844809429152,
            "min": 0.759530782699585,
            "max": 0.7689039707183838
        },
        "accuracy_macro": {
            "mean": 0.7198295593261719,
            "std": 0.009895068505993657,
            "min": 0.7128326892852783,
            "max": 0.7268264293670654
        },
        "f1": {
            "mean": 0.7137561142444611,
            "std": 0.0034389721042463986,
            "min": 0.7113243937492371,
            "max": 0.7161878347396851
        },
        "f1_weighted": {
            "mean": 0.7652693092823029,
            "std": 0.007741069519147396,
            "min": 0.7597955465316772,
            "max": 0.7707430720329285
        },
        "mrr": {
            "mean": 0.8636738657951355,
            "std": 0.003703274991258215,
            "min": 0.8610552549362183,
            "max": 0.8662924766540527
        },
        "top3_acc": {
            "mean": 0.9649464190006256,
            "std": 0.008100750724339365,
            "min": 0.9592183232307434,
            "max": 0.9706745147705078
        },
        "ndcg_3": {
            "mean": 0.8841703832149506,
            "std": 0.0009081381448642337,
            "min": 0.8835282325744629,
            "max": 0.8848125338554382
        },
        "top5_acc": {
            "mean": 0.9936050176620483,
            "std": 0.0006330456646336283,
            "min": 0.9931573867797852,
            "max": 0.9940526485443115
        },
        "ndcg_5": {
            "mean": 0.8959896862506866,
            "std": 0.002961448310617969,
            "min": 0.8938956260681152,
            "max": 0.8980837464332581
        },
        "loss": {
            "mean": 0.7239890694618225,
            "std": 0.043754582194190594,
            "min": 0.6930499076843262,
            "max": 0.7549282312393188
        }
    },
    "_selection": {
        "primary": "joint_score",
        "diagnostic_task_best": "per-task best validation f1"
    },
    "diagnostic_task_best": {
        "next": {
            "accuracy": {
                "mean": 0.3898465633392334,
                "std": 0.007501043216877854,
                "min": 0.3845425248146057,
                "max": 0.3951506018638611
            },
            "accuracy_macro": {
                "mean": 0.3151971250772476,
                "std": 0.005645844312549576,
                "min": 0.3112049102783203,
                "max": 0.3191893398761749
            },
            "f1": {
                "mean": 0.3191283047199249,
                "std": 0.004054105358262897,
                "min": 0.3162616193294525,
                "max": 0.32199499011039734
            },
            "f1_weighted": {
                "mean": 0.38157838582992554,
                "std": 0.004324098069823684,
                "min": 0.37852078676223755,
                "max": 0.3846359848976135
            },
            "mrr": {
                "mean": 0.6113712191581726,
                "std": 0.003631203880304586,
                "min": 0.6088035702705383,
                "max": 0.6139388680458069
            },
            "top3_acc": {
                "mean": 0.7950369417667389,
                "std": 0.00401840697757417,
                "min": 0.7921954989433289,
                "max": 0.7978783845901489
            },
            "ndcg_3": {
                "mean": 0.6276853680610657,
                "std": 0.0010398470464607775,
                "min": 0.6269500851631165,
                "max": 0.6284206509590149
            },
            "top5_acc": {
                "mean": 0.9265959560871124,
                "std": 0.001205526307957102,
                "min": 0.9257435202598572,
                "max": 0.9274483919143677
            },
            "ndcg_5": {
                "mean": 0.6819165945053101,
                "std": 0.002257132325152419,
                "min": 0.6803205609321594,
                "max": 0.6835126280784607
            },
            "loss": {
                "mean": 1.618552565574646,
                "std": 0.014479128337432536,
                "min": 1.6083142757415771,
                "max": 1.6287908554077148
            }
        },
        "category": {
            "accuracy": {
                "mean": 0.7650670111179352,
                "std": 0.00782940931362623,
                "min": 0.759530782699585,
                "max": 0.7706032395362854
            },
            "accuracy_macro": {
                "mean": 0.7285323441028595,
                "std": 0.022177376658492863,
                "min": 0.7128505706787109,
                "max": 0.7442141175270081
            },
            "f1": {
                "mean": 0.7167671322822571,
                "std": 0.00021014418667531765,
                "min": 0.716618537902832,
                "max": 0.7169157266616821
            },
            "f1_weighted": {
                "mean": 0.7666230499744415,
                "std": 0.009058158535112834,
                "min": 0.7602179646492004,
                "max": 0.7730281352996826
            },
            "mrr": {
                "mean": 0.8635921776294708,
                "std": 0.003910258164295215,
                "min": 0.8608272075653076,
                "max": 0.866357147693634
            },
            "top3_acc": {
                "mean": 0.9664126932621002,
                "std": 0.010174375671075353,
                "min": 0.9592183232307434,
                "max": 0.973607063293457
            },
            "ndcg_3": {
                "mean": 0.8848026394844055,
                "std": 0.0015445977042272444,