{
    "fold_number": 5,
    "duration": 306.40453910827637,
    "primary_checkpoint": {
        "selection_metric": "joint_score",
        "epoch": 28,
        "joint_score": 0.35386955738067627,
        "loss": 4.554314136505127,
        "time": 190.80951476097107,
        "task_metrics": {
            "next_category": {
                "accuracy": 0.7350945472717285,
                "f1": 0.7077391147613525
            },
            "next_region": {
                "accuracy": 0.0,
                "f1": 0.0
            }
        }
    },
    "diagnostic_best_epochs": {
        "next_category": {
            "epoch": 28,
            "time": 190.8918240070343,
            "metrics": {
                "accuracy": 0.7350945472717285,
                "accuracy_macro": 0.7314145565032959,
                "f1": 0.7077391147613525,
                "f1_weighted": 0.7391209006309509,
                "mrr": 0.8311163187026978,
                "top3_acc": 0.9105358719825745,
                "ndcg_3": 0.8379656076431274,
                "top5_acc": 0.9683356881141663,
                "ndcg_5": 0.8618509769439697,
                "loss": 0.7811225652694702
            },
            "accuracy": 0.7350945472717285,
            "f1": 0.7077391147613525,
            "per_metric_best": {
                "top5_acc": {
                    "epoch": 27,
                    "best_value": 0.9687440991401672,
                    "metrics": {
                        "accuracy": 0.7357542514801025,
                        "accuracy_macro": 0.7298614978790283,
                        "f1": 0.7047631740570068,
                        "f1_weighted": 0.7396155595779419,
                        "mrr": 0.8314594030380249,
                        "top3_acc": 0.9097819924354553,
                        "ndcg_3": 0.8379020094871521,
                        "top5_acc": 0.9687440991401672,
                        "ndcg_5": 0.8622702956199646,
                        "loss": 0.7809333205223083
                    }
                },
                "top3_acc": {
                    "epoch": 28,
                    "best_value": 0.9105358719825745,
                    "metrics": {
                        "accuracy": 0.7350945472717285,
                        "accuracy_macro": 0.7314145565032959,
                        "f1": 0.7077391147613525,
                        "f1_weighted": 0.7391209006309509,
                        "mrr": 0.8311163187026978,
                        "top3_acc": 0.9105358719825745,
                        "ndcg_3": 0.8379656076431274,
                        "top5_acc": 0.9683356881141663,
                        "ndcg_5": 0.8618509769439697,
                        "loss": 0.7811225652694702
                    }
                },
                "mrr": {
                    "epoch": 27,
                    "best_value": 0.8314594030380249,
                    "metrics": {
                        "accuracy": 0.7357542514801025,
                        "accuracy_macro": 0.7298614978790283,
                        "f1": 0.7047631740570068,
                        "f1_weighted": 0.7396155595779419,
                        "mrr": 0.8314594030380249,
                        "top3_acc": 0.9097819924354553,
                        "ndcg_3": 0.8379020094871521,
                        "top5_acc": 0.9687440991401672,
                        "ndcg_5": 0.8622702956199646,
                        "loss": 0.7809333205223083
                    }
                },
                "accuracy": {
                    "epoch": 27,
                    "best_value": 0.7357542514801025,
                    "metrics": {
                        "accuracy": 0.7357542514801025,
                        "accuracy_macro": 0.7298614978790283,
                        "f1": 0.7047631740570068,
                        "f1_weighted": 0.7396155595779419,
                        "mrr": 0.8314594030380249,
                        "top3_acc": 0.9097819924354553,
                        "ndcg_3": 0.8379020094871521,
                        "top5_acc": 0.9687440991401672,
                        "ndcg_5": 0.8622702956199646,
                        "loss": 0.7809333205223083
                    }
                },
                "accuracy_macro": {
                    "epoch": 43,
                    "best_value": 0.7353470325469971,
                    "metrics": {
                        "accuracy": 0.7353772521018982,
                        "accuracy_macro": 0.7353470325469971,
                        "f1": 0.7037014961242676,
                        "f1_weighted": 0.740027666091919,
                        "mrr": 0.8297064304351807,
                        "top3_acc": 0.9048501253128052,
                        "ndcg_3": 0.8345451354980469,
                        "top5_acc": 0.967079222202301,
                        "ndcg_5": 0.8602622747421265,
                        "loss": 0.7729336619377136
                    }
                },
                "f1_weighted": {
                    "epoch": 48,
                    "best_value": 0.7400454878807068,
                    "metrics": {
                        "accuracy": 0.7346547842025757,
                        "accuracy_macro": 0.7351352572441101,
                        "f1": 0.7024123668670654,
                        "f1_weighted": 0.7400454878807068,
                        "mrr": 0.8295955061912537,
                        "top3_acc": 0.9052584767341614,
                        "ndcg_3": 0.8346011638641357,
                        "top5_acc": 0.9678331017494202,
                        "ndcg_5": 0.8604561686515808,
                        "loss": 0.7731055021286011
                    }
                }
            }
        },
        "next_region": {
            "epoch": 6,
            "time": 46.45163059234619,
            "metrics": {
                "accuracy": 0.00015706477279309183,
                "accuracy_macro": 0.0003599712023038157,
                "f1": 1.1305981928444453e-07,
                "f1_weighted": 4.933093222803109e-08,
                "mrr": 0.0011994469678029418,
                "top3_acc": 0.00015706477279309183,
                "ndcg_3": 0.00015706477279309183,
                "top5_acc": 0.00031412954558618367,
                "ndcg_5": 0.00022470888507086784,
                "loss": 8.381473541259766,
                "n_indist": 31514.0,
                "n_ood": 320.0,
                "ood_fraction": 0.010052145504806181,
                "top1_acc_indist": 0.0001586596481502056,
                "top5_acc_indist": 0.0003173192963004112,
                "top10_acc_indist": 0.0005077108507975936,
                "mrr_indist": 0.0012092672986909747
            },
            "accuracy": 0.00015706477279309183,
            "f1": 1.1305981928444453e-07,
            "per_metric_best": {
                "top10_acc_indist": {
                    "epoch": 0,
                    "best_value": 0.0008250301470980048,
                    "metrics": {
                        "accuracy": 6.282590766204521e-05,
                        "accuracy_macro": 0.0003599712023038157,
                        "f1": 4.522819452290605e-08,
                        "f1_weighted": 7.89369369869064e-09,
                        "mrr": 0.0012753548799082637,
                        "top3_acc": 0.00015706477279309183,
                        "ndcg_3": 0.00011817111953860149,
                        "top5_acc": 0.0006596720195375383,
                        "ndcg_5": 0.0003139828040730208,
                        "loss": 8.54318618774414,
                        "n_indist": 31514.0,
                        "n_ood": 320.0,
                        "ood_fraction": 0.010052145504806181,
                        "top1_acc_indist": 6.34638563496992e-05,
                        "top5_acc_indist": 0.0006663704989477992,
                        "top10_acc_indist": 0.0008250301470980048,