{
    "fold_number": 2,
    "duration": 249.16028475761414,
    "primary_checkpoint": {
        "selection_metric": "joint_score",
        "epoch": 23,
        "joint_score": 0.5510515868663788,
        "loss": 1.2149765491485596,
        "time": 112.76006078720093,
        "task_metrics": {
            "category": {
                "accuracy": 0.8578553795814514,
                "f1": 0.8287421464920044
            },
            "next": {
                "accuracy": 0.35090479254722595,
                "f1": 0.2733610272407532
            }
        }
    },
    "diagnostic_best_epochs": {
        "category": {
            "epoch": 40,
            "time": 199.82347679138184,
            "metrics": {
                "accuracy": 0.8541147112846375,
                "accuracy_macro": 0.8389606475830078,
                "f1": 0.8330771923065186,
                "f1_weighted": 0.854375422000885,
                "mrr": 0.913965106010437,
                "top3_acc": 0.9738154411315918,
                "ndcg_3": 0.925066351890564,
                "top5_acc": 0.9950124621391296,
                "ndcg_5": 0.9339222311973572,
                "loss": 0.576596200466156
            },
            "accuracy": 0.8541147112846375,
            "f1": 0.8330771923065186
        },
        "next": {
            "epoch": 13,
            "time": 62.71408176422119,
            "metrics": {
                "accuracy": 0.3878835439682007,
                "accuracy_macro": 0.2854861617088318,
                "f1": 0.293390154838562,
                "f1_weighted": 0.37357112765312195,
                "mrr": 0.6078556776046753,
                "top3_acc": 0.7962234616279602,
                "ndcg_3": 0.6249147057533264,
                "top5_acc": 0.9343037009239197,
                "ndcg_5": 0.6819000840187073,
                "loss": 1.6046462059020996
            },
            "accuracy": 0.3878835439682007,
            "f1": 0.293390154838562
        }
    }
}