{
    "fold_number": 5,
    "duration": 415.87568616867065,
    "primary_checkpoint": {
        "selection_metric": "joint_score",
        "epoch": 29,
        "joint_score": 0.5278078764677048,
        "loss": 1.4516725540161133,
        "time": 246.2470781803131,
        "task_metrics": {
            "category": {
                "accuracy": 0.8241758346557617,
                "f1": 0.8148608207702637
            },
            "next": {
                "accuracy": 0.32624951004981995,
                "f1": 0.24075493216514587
            }
        }
    },
    "diagnostic_best_epochs": {
        "category": {
            "epoch": 38,
            "time": 321.16482400894165,
            "metrics": {
                "accuracy": 0.8266178369522095,
                "accuracy_macro": 0.8162389397621155,
                "f1": 0.8197375535964966,
                "f1_weighted": 0.826004147529602,
                "mrr": 0.9009826183319092,
                "top3_acc": 0.9755799770355225,
                "ndcg_3": 0.9166058301925659,
                "top5_acc": 0.9914529919624329,
                "ndcg_5": 0.9231743812561035,
                "loss": 0.7086768746376038
            },
            "accuracy": 0.8266178369522095,
            "f1": 0.8197375535964966
        },
        "next": {
            "epoch": 13,
            "time": 114.80320715904236,
            "metrics": {
                "accuracy": 0.3785911202430725,
                "accuracy_macro": 0.2668840289115906,
                "f1": 0.2770737111568451,
                "f1_weighted": 0.3609231114387512,
                "mrr": 0.599848210811615,
                "top3_acc": 0.7811884880065918,
                "ndcg_3": 0.6130731105804443,
                "top5_acc": 0.9295552968978882,
                "ndcg_5": 0.6739530563354492,
                "loss": 1.628292441368103
            },
            "accuracy": 0.3785911202430725,
            "f1": 0.2770737111568451
        }
    }
}