{
    "fold_number": 3,
    "duration": 549.5744249820709,
    "primary_checkpoint": {
        "selection_metric": "joint_score",
        "epoch": 18,
        "joint_score": 0.5169732570648193,
        "loss": 1.1965582370758057,
        "time": 209.27919578552246,
        "task_metrics": {
            "category": {
                "accuracy": 0.7740345001220703,
                "f1": 0.7440533638000488
            },
            "next": {
                "accuracy": 0.3970448970794678,
                "f1": 0.28989315032958984
            }
        }
    },
    "diagnostic_best_epochs": {
        "category": {
            "epoch": 22,
            "time": 253.26459097862244,
            "metrics": {
                "accuracy": 0.7674609422683716,
                "accuracy_macro": 0.7801361680030823,
                "f1": 0.745187520980835,
                "f1_weighted": 0.7695878744125366,
                "mrr": 0.8668486475944519,
                "top3_acc": 0.9663106203079224,
                "ndcg_3": 0.887004017829895,
                "top5_acc": 0.9942481517791748,
                "ndcg_5": 0.8987119197845459,
                "loss": 0.7334754467010498
            },
            "accuracy": 0.7674609422683716,
            "f1": 0.745187520980835
        },
        "next": {
            "epoch": 21,
            "time": 242.26391196250916,
            "metrics": {
                "accuracy": 0.37582874298095703,
                "accuracy_macro": 0.28727200627326965,
                "f1": 0.29071342945098877,
                "f1_weighted": 0.36735931038856506,
                "mrr": 0.5965257883071899,
                "top3_acc": 0.7681379318237305,
                "ndcg_3": 0.6052675843238831,
                "top5_acc": 0.9219549298286438,
                "ndcg_5": 0.668815016746521,
                "loss": 1.7647677659988403
            },
            "accuracy": 0.37582874298095703,
            "f1": 0.29071342945098877
        }
    }
}