{
    "fold_number": 4,
    "duration": 462.1962060928345,
    "best_epochs": {
        "next": {
            "epoch": 70,
            "accuracy": 0.40536083807553025,
            "f1": 0.33967784603273804,
            "time": 329.44450426101685
        }
    }
}