{
    "Community": {
        "precision": 0.5503789567543469,
        "recall": 0.7850556438791733,
        "f1-score": 0.6470973660070763,
        "support": 3145.0
    },
    "Entertainment": {
        "precision": 0.7426253687315634,
        "recall": 0.7265512265512265,
        "f1-score": 0.7345003646973013,
        "support": 2772.0
    },
    "Food": {
        "precision": 0.8017107309486781,
        "recall": 0.6559358697035246,
        "f1-score": 0.7215340471691511,
        "support": 7859.0
    },
    "Nightlife": {
        "precision": 0.41656662665066024,
        "recall": 0.7388218594748048,
        "f1-score": 0.5327533265097236,
        "support": 1409.0
    },
    "Outdoors": {
        "precision": 0.6930251419302514,
        "recall": 0.7712093862815884,
        "f1-score": 0.7300299017513883,
        "support": 2216.0
    },
    "Shopping": {
        "precision": 0.8251517779705118,
        "recall": 0.7097881229483736,
        "f1-score": 0.7631346755434346,
        "support": 6702.0
    },
    "Travel": {
        "precision": 0.8544870937541795,
        "recall": 0.8263062596999483,
        "f1-score": 0.8401604313235584,
        "support": 7732.0
    },
    "macro avg": {
        "precision": 0.6977065281057416,
        "recall": 0.7448097669340914,
        "f1-score": 0.7098871590002334,
        "support": 31835.0
    },
    "weighted avg": {
        "precision": 0.7648780113703747,
        "recall": 0.7392492539657609,
        "f1-score": 0.7451150323089262,
        "support": 31835.0
    }
}