{
    "Shopping": {
        "precision": 0.4247882145430154,
        "recall": 0.5362541554287148,
        "f1-score": 0.47405702879163836,
        "support": 31886.0
    },
    "Community": {
        "precision": 0.38199309840008366,
        "recall": 0.28412537917087965,
        "f1-score": 0.32586975914362176,
        "support": 12857.0
    },
    "Food": {
        "precision": 0.4058255070096638,
        "recall": 0.4596127759279813,
        "f1-score": 0.4310476933975221,
        "support": 32436.0
    },
    "Entertainment": {
        "precision": 0.4182091045522761,
        "recall": 0.17734408145948238,
        "f1-score": 0.249068970653955,
        "support": 9428.0
    },
    "Travel": {
        "precision": 0.5481466626558374,
        "recall": 0.7172534441285808,
        "f1-score": 0.6214004243710215,
        "support": 22865.0
    },
    "Outdoors": {
        "precision": 0.409903011740684,
        "recall": 0.09312304302446944,
        "f1-score": 0.15176715176715178,
        "support": 8623.0
    },
    "Nightlife": {
        "precision": 0.3588516746411483,
        "recall": 0.06974149153803236,
        "f1-score": 0.11678604796013703,
        "support": 5377.0
    },
    "accuracy": 0.4447162109628094,
    "macro avg": {
        "precision": 0.42110246764895837,
        "recall": 0.33392205295402017,
        "f1-score": 0.3385710108692925,
        "support": 123472.0
    },
    "weighted avg": {
        "precision": 0.4337811522008543,
        "recall": 0.4447162109628094,
        "f1-score": 0.4193674888601501,
        "support": 123472.0
    }
}