{
    "Shopping": {
        "precision": 0.40341799473699774,
        "recall": 0.4980107311019455,
        "f1-score": 0.44575124963246104,
        "support": 27397.0
    },
    "Community": {
        "precision": 0.3669657121789357,
        "recall": 0.2542358450404427,
        "f1-score": 0.30037219595614123,
        "support": 11745.0
    },
    "Food": {
        "precision": 0.40436688268036247,
        "recall": 0.48355252580468827,
        "f1-score": 0.44042877225866917,
        "support": 31099.0
    },
    "Entertainment": {
        "precision": 0.3830753353973168,
        "recall": 0.16769063968196604,
        "f1-score": 0.23326839690818826,
        "support": 11068.0
    },
    "Travel": {
        "precision": 0.5418638458445455,
        "recall": 0.6978847149743058,
        "f1-score": 0.6100567608037051,
        "support": 25103.0
    },
    "Outdoors": {
        "precision": 0.39973291787224574,
        "recall": 0.1736943907156673,
        "f1-score": 0.2421627452302299,
        "support": 10340.0
    },
    "Nightlife": {
        "precision": 0.37711577522004064,
        "recall": 0.10052337123262949,
        "f1-score": 0.15873468224565404,
        "support": 5541.0
    },
    "accuracy": 0.4366235189258584,
    "macro avg": {
        "precision": 0.41093406627577783,
        "recall": 0.33937031693594927,
        "f1-score": 0.3472535432907213,
        "support": 122293.0
    },
    "weighted avg": {
        "precision": 0.42523270826240356,
        "recall": 0.4366235189258584,
        "f1-score": 0.41471379359077587,
        "support": 122293.0
    }
}