{
    "fold_number": 2,
    "duration": 34.302605867385864,
    "primary_checkpoint": {
        "selection_metric": "joint_score",
        "epoch": 38,
        "joint_score": 0.2933228127658367,
        "loss": 4.235908508300781,
        "time": 26.880744695663452,
        "task_metrics": {
            "next_category": {
                "accuracy": 0.5227272510528564,
                "f1": 0.4966455399990082
            },
            "next_region": {
                "accuracy": 0.2344696968793869,
                "f1": 0.09000008553266525
            }
        }
    },
    "diagnostic_best_epochs": {
        "next_category": {
            "epoch": 38,
            "time": 26.88669228553772,
            "metrics": {
                "accuracy": 0.5227272510528564,
                "accuracy_macro": 0.5319384932518005,
                "f1": 0.4966455399990082,
                "f1_weighted": 0.5259631872177124,
                "mrr": 0.7056159377098083,
                "top3_acc": 0.873106062412262,
                "ndcg_3": 0.7290327548980713,
                "top5_acc": 0.9628787636756897,
                "ndcg_5": 0.7661519646644592,
                "loss": 1.6843986511230469
            },
            "accuracy": 0.5227272510528564,
            "f1": 0.4966455399990082,
            "per_metric_best": {
                "top5_acc": {
                    "epoch": 29,
                    "best_value": 0.9666666388511658,
                    "metrics": {
                        "accuracy": 0.46534091234207153,
                        "accuracy_macro": 0.5540612936019897,
                        "f1": 0.4650464653968811,
                        "f1_weighted": 0.4566771686077118,
                        "mrr": 0.670033872127533,
                        "top3_acc": 0.8615530133247375,
                        "ndcg_3": 0.6970720291137695,
                        "top5_acc": 0.9666666388511658,
                        "ndcg_5": 0.7408646941184998,
                        "loss": 1.3294730981190999
                    }
                },
                "top3_acc": {
                    "epoch": 41,
                    "best_value": 0.8753787875175476,
                    "metrics": {
                        "accuracy": 0.501325786113739,
                        "accuracy_macro": 0.5233598351478577,
                        "f1": 0.4771556258201599,
                        "f1_weighted": 0.5042881965637207,
                        "mrr": 0.6936629414558411,
                        "top3_acc": 0.8753787875175476,
                        "ndcg_3": 0.721030592918396,
                        "top5_acc": 0.9626893401145935,
                        "ndcg_5": 0.7572388648986816,
                        "loss": 1.7907284100850422
                    }
                },
                "mrr": {
                    "epoch": 38,
                    "best_value": 0.7056159377098083,
                    "metrics": {
                        "accuracy": 0.5227272510528564,
                        "accuracy_macro": 0.5319384932518005,
                        "f1": 0.4966455399990082,
                        "f1_weighted": 0.5259631872177124,
                        "mrr": 0.7056159377098083,
                        "top3_acc": 0.873106062412262,
                        "ndcg_3": 0.7290327548980713,
                        "top5_acc": 0.9628787636756897,
                        "ndcg_5": 0.7661519646644592,
                        "loss": 1.6843986511230469
                    }
                },
                "accuracy": {
                    "epoch": 38,
                    "best_value": 0.5227272510528564,
                    "metrics": {
                        "accuracy": 0.5227272510528564,
                        "accuracy_macro": 0.5319384932518005,
                        "f1": 0.4966455399990082,
                        "f1_weighted": 0.5259631872177124,
                        "mrr": 0.7056159377098083,
                        "top3_acc": 0.873106062412262,
                        "ndcg_3": 0.7290327548980713,
                        "top5_acc": 0.9628787636756897,
                        "ndcg_5": 0.7661519646644592,
                        "loss": 1.6843986511230469
                    }
                },
                "accuracy_macro": {
                    "epoch": 25,
                    "best_value": 0.562789797782898,
                    "metrics": {
                        "accuracy": 0.48238635063171387,
                        "accuracy_macro": 0.562789797782898,
                        "f1": 0.4783966839313507,
                        "f1_weighted": 0.46545833349227905,
                        "mrr": 0.6818655133247375,
                        "top3_acc": 0.8681817650794983,
                        "ndcg_3": 0.7089588046073914,
                        "top5_acc": 0.9647727012634277,
                        "ndcg_5": 0.7491458654403687,
                        "loss": 1.2494614919026692
                    }
                },
                "f1_weighted": {
                    "epoch": 38,
                    "best_value": 0.5259631872177124,
                    "metrics": {
                        "accuracy": 0.5227272510528564,
                        "accuracy_macro": 0.5319384932518005,
                        "f1": 0.4966455399990082,
                        "f1_weighted": 0.5259631872177124,
                        "mrr": 0.7056159377098083,
                        "top3_acc": 0.873106062412262,
                        "ndcg_3": 0.7290327548980713,
                        "top5_acc": 0.9628787636756897,
                        "ndcg_5": 0.7661519646644592,
                        "loss": 1.6843986511230469
                    }
                }
            }
        },
        "next_region": {
            "epoch": 10,
            "time": 7.7933642864227295,
            "metrics": {
                "accuracy": 0.2767045497894287,
                "accuracy_macro": 0.11467988657396894,
                "f1": 0.09784315526485443,
                "f1_weighted": 0.2703096568584442,
                "mrr": 0.3176138401031494,
                "top3_acc": 0.3291666507720947,
                "ndcg_3": 0.30720072984695435,
                "top5_acc": 0.35700756311416626,
                "ndcg_5": 0.31873467564582825,
                "loss": 6.670860290527344,
                "n_indist": 5178.0,
                "n_ood": 102.0,
                "ood_fraction": 0.019318181818181818,
                "top1_acc_indist": 0.28215527534484863,
                "top5_acc_indist": 0.36404016613960266,
                "top10_acc_indist": 0.40787947177886963,
                "mrr_indist": 0.32385581731796265
            },
            "accuracy": 0.2767045497894287,
            "f1": 0.09784315526485443,
            "per_metric_best": {
                "top10_acc_indist": {
                    "epoch": 4,
                    "best_value": 0.41405946016311646,
                    "metrics": {
                        "accuracy": 0.2704545259475708,
                        "accuracy_macro": 0.09750330307904412,
                        "f1": 0.08171849697828293,
                        "f1_weighted": 0.2593807578086853,
                        "mrr": 0.316509485244751,
                        "top3_acc": 0.3323863446712494,
                        "ndcg_3": 0.3064790964126587,
                        "top5_acc": 0.3647727072238922,
                        "ndcg_5": 0.3197714388370514,
                        "loss": 6.864645004272461,
                        "n_indist": 5178.0,
                        "n_ood": 102.0,
                        "ood_fraction": 0.019318181818181818,
                        "top1_acc_indist": 0.27578213810920715,
                        "top5_acc_indist": 0.37195828557014465,
                        "top10_acc_indist": 0.41405946016311646,
                        "mrr_indist": 0.3227296471595764
                    }
                },