{
    "fold_number": 1,
    "duration": 34.46600103378296,
    "primary_checkpoint": {
        "selection_metric": "joint_score",
        "epoch": 24,
        "joint_score": 0.28546367585659027,
        "loss": 4.0382944742838545,
        "time": 17.55013108253479,
        "task_metrics": {
            "next_category": {
                "accuracy": 0.5027467608451843,
                "f1": 0.4832492768764496
            },
            "next_region": {
                "accuracy": 0.2491002082824707,
                "f1": 0.08767807483673096
            }
        }
    },
    "diagnostic_best_epochs": {
        "next_category": {
            "epoch": 46,
            "time": 32.23352122306824,
            "metrics": {
                "accuracy": 0.5347603559494019,
                "accuracy_macro": 0.5008069276809692,
                "f1": 0.490651935338974,
                "f1_weighted": 0.5346747040748596,
                "mrr": 0.7110536694526672,
                "top3_acc": 0.8632316589355469,
                "ndcg_3": 0.7293402552604675,
                "top5_acc": 0.9528319835662842,
                "ndcg_5": 0.7665094137191772,
                "loss": 2.551805019378662
            },
            "accuracy": 0.5347603559494019,
            "f1": 0.490651935338974,
            "per_metric_best": {
                "top5_acc": {
                    "epoch": 12,
                    "best_value": 0.9602197408676147,
                    "metrics": {
                        "accuracy": 0.436825156211853,
                        "accuracy_macro": 0.5109772086143494,
                        "f1": 0.43062418699264526,
                        "f1_weighted": 0.4302923083305359,
                        "mrr": 0.64963698387146,
                        "top3_acc": 0.8399317860603333,
                        "ndcg_3": 0.6731261014938354,
                        "top5_acc": 0.9602197408676147,
                        "ndcg_5": 0.7231630682945251,
                        "loss": 1.333509922027588
                    }
                },
                "top3_acc": {
                    "epoch": 41,
                    "best_value": 0.871377170085907,
                    "metrics": {
                        "accuracy": 0.5328660607337952,
                        "accuracy_macro": 0.5045666098594666,
                        "f1": 0.4903705418109894,
                        "f1_weighted": 0.5335399508476257,
                        "mrr": 0.710632860660553,
                        "top3_acc": 0.871377170085907,
                        "ndcg_3": 0.7326033115386963,
                        "top5_acc": 0.9528319835662842,
                        "ndcg_5": 0.766281008720398,
                        "loss": 2.3640384674072266
                    }
                },
                "mrr": {
                    "epoch": 46,
                    "best_value": 0.7110536694526672,
                    "metrics": {
                        "accuracy": 0.5347603559494019,
                        "accuracy_macro": 0.5008069276809692,
                        "f1": 0.490651935338974,
                        "f1_weighted": 0.5346747040748596,
                        "mrr": 0.7110536694526672,
                        "top3_acc": 0.8632316589355469,
                        "ndcg_3": 0.7293402552604675,
                        "top5_acc": 0.9528319835662842,
                        "ndcg_5": 0.7665094137191772,
                        "loss": 2.551805019378662
                    }
                },
                "accuracy": {
                    "epoch": 46,
                    "best_value": 0.5347603559494019,
                    "metrics": {
                        "accuracy": 0.5347603559494019,
                        "accuracy_macro": 0.5008069276809692,
                        "f1": 0.490651935338974,
                        "f1_weighted": 0.5346747040748596,
                        "mrr": 0.7110536694526672,
                        "top3_acc": 0.8632316589355469,
                        "ndcg_3": 0.7293402552604675,
                        "top5_acc": 0.9528319835662842,
                        "ndcg_5": 0.7665094137191772,
                        "loss": 2.551805019378662
                    }
                },
                "accuracy_macro": {
                    "epoch": 21,
                    "best_value": 0.5384373664855957,
                    "metrics": {
                        "accuracy": 0.46391361951828003,
                        "accuracy_macro": 0.5384373664855957,
                        "f1": 0.4548441767692566,
                        "f1_weighted": 0.4648672044277191,
                        "mrr": 0.6671907901763916,
                        "top3_acc": 0.8530024886131287,
                        "ndcg_3": 0.6919272541999817,
                        "top5_acc": 0.9566205739974976,
                        "ndcg_5": 0.7350339889526367,
                        "loss": 1.3180042902628581
                    }
                },
                "f1_weighted": {
                    "epoch": 46,
                    "best_value": 0.5346747040748596,
                    "metrics": {
                        "accuracy": 0.5347603559494019,
                        "accuracy_macro": 0.5008069276809692,
                        "f1": 0.490651935338974,
                        "f1_weighted": 0.5346747040748596,
                        "mrr": 0.7110536694526672,
                        "top3_acc": 0.8632316589355469,
                        "ndcg_3": 0.7293402552604675,
                        "top5_acc": 0.9528319835662842,
                        "ndcg_5": 0.7665094137191772,
                        "loss": 2.551805019378662
                    }
                }
            }
        },
        "next_region": {
            "epoch": 11,
            "time": 8.777754306793213,
            "metrics": {
                "accuracy": 0.25307825207710266,
                "accuracy_macro": 0.10632935615435038,
                "f1": 0.09035877138376236,
                "f1_weighted": 0.2469433844089508,
                "mrr": 0.29835858941078186,
                "top3_acc": 0.3172949552536011,
                "ndcg_3": 0.2904942035675049,
                "top5_acc": 0.3424891233444214,
                "ndcg_5": 0.30070555210113525,
                "loss": 6.738852818806966,
                "n_indist": 5164.0,
                "n_ood": 115.0,
                "ood_fraction": 0.021784428869104,
                "top1_acc_indist": 0.2587141692638397,
                "top5_acc_indist": 0.35011619329452515,
                "top10_acc_indist": 0.39155691862106323,
                "mrr_indist": 0.3049863874912262
            },
            "accuracy": 0.25307825207710266,
            "f1": 0.09035877138376236,
            "per_metric_best": {
                "top10_acc_indist": {
                    "epoch": 6,
                    "best_value": 0.40278851985931396,
                    "metrics": {
                        "accuracy": 0.24663762748241425,
                        "accuracy_macro": 0.09906849200236702,
                        "f1": 0.08213774859905243,
                        "f1_weighted": 0.2409081608057022,
                        "mrr": 0.29399850964546204,
                        "top3_acc": 0.3119909167289734,
                        "ndcg_3": 0.283902645111084,
                        "top5_acc": 0.3460882902145386,
                        "ndcg_5": 0.2978736162185669,
                        "loss": 6.8628997802734375,
                        "n_indist": 5164.0,
                        "n_ood": 115.0,
                        "ood_fraction": 0.021784428869104,
                        "top1_acc_indist": 0.2521301209926605,
                        "top5_acc_indist": 0.35379549860954285,
                        "top10_acc_indist": 0.40278851985931396,
                        "mrr_indist": 0.3005291819572449
                    }
                },