{
    "model": {
        "joint_score": {
            "mean": 0.5185125499963761,
            "std": 0.007135419495219222,
            "min": 0.5103654861450195,
            "max": 0.5290473103523254
        },
        "loss": {
            "mean": 1.1968163967132568,
            "std": 0.021806597383100493,
            "min": 1.1642839908599854,
            "max": 1.2246325016021729
        }
    },
    "next": {
        "accuracy": {
            "mean": 0.38017120361328127,
            "std": 0.0036759949902370084,
            "min": 0.37563931941986084,
            "max": 0.38548967242240906
        },
        "accuracy_macro": {
            "mean": 0.29729869961738586,
            "std": 0.017647352897173868,
            "min": 0.28259968757629395,
            "max": 0.32411229610443115
        },
        "f1": {
            "mean": 0.3039701998233795,
            "std": 0.013942579847508026,
            "min": 0.2903434634208679,
            "max": 0.3217407464981079
        },
        "f1_weighted": {
            "mean": 0.3703523576259613,
            "std": 0.004989879163209247,
            "min": 0.3658730387687683,
            "max": 0.37797343730926514
        },
        "mrr": {
            "mean": 0.6035319685935974,
            "std": 0.0033962174211005463,
            "min": 0.599348783493042,
            "max": 0.6079452037811279
        },
        "top3_acc": {
            "mean": 0.7861037611961365,
            "std": 0.00992536976860007,
            "min": 0.7728736400604248,
            "max": 0.7969312071800232
        },
        "ndcg_3": {
            "mean": 0.6180821299552918,
            "std": 0.006027846474212607,
            "min": 0.6113178730010986,
            "max": 0.6232946515083313
        },
        "top5_acc": {
            "mean": 0.9247613191604614,
            "std": 0.004694973883809019,
            "min": 0.9168403148651123,
            "max": 0.928963840007782
        },
        "ndcg_5": {
            "mean": 0.6752900719642639,
            "std": 0.003784839424998937,
            "min": 0.6704319715499878,
            "max": 0.6796602010726929
        },
        "loss": {
            "mean": 1.6636187314987183,
            "std": 0.027898851757001537,
            "min": 1.6334598064422607,
            "max": 1.6939926147460938
        }
    },
    "category": {
        "accuracy": {
            "mean": 0.7709185600280761,
            "std": 0.008383994119235965,
            "min": 0.7575757503509521,
            "max": 0.7781429886817932
        },
        "accuracy_macro": {
            "mean": 0.7493819236755371,
            "std": 0.016087196063196016,
            "min": 0.7241672277450562,
            "max": 0.7645654678344727
        },
        "f1": {
            "mean": 0.7330549001693726,
            "std": 0.011856257212116151,
            "min": 0.7187983989715576,
            "max": 0.7468586564064026
        },
        "f1_weighted": {
            "mean": 0.771378469467163,
            "std": 0.008246099462392064,
            "min": 0.7583414316177368,
            "max": 0.7793238162994385
        },
        "mrr": {
            "mean": 0.8669101119041442,
            "std": 0.005488548882912286,
            "min": 0.8585719466209412,
            "max": 0.8710126280784607
        },
        "top3_acc": {
            "mean": 0.9613229155540466,
            "std": 0.00895400149936935,
            "min": 0.9524214267730713,
            "max": 0.9716714024543762
        },
        "ndcg_3": {
            "mean": 0.8851545691490174,
            "std": 0.006541028814680095,
            "min": 0.8782026767730713,
            "max": 0.8924041986465454
        },
        "top5_acc": {
            "mean": 0.9908364415168762,
            "std": 0.004512235802148911,
            "min": 0.9852095246315002,
            "max": 0.9962228536605835
        },
        "ndcg_5": {
            "mean": 0.8974029779434204,
            "std": 0.004631360124142969,
            "min": 0.8916242718696594,
            "max": 0.902522623538971
        },
        "loss": {
            "mean": 0.7300141096115113,
            "std": 0.025205461150135992,
            "min": 0.6951083540916443,
            "max": 0.755272388458252
        }
    },
    "_selection": {
        "primary": "joint_score",
        "diagnostic_task_best": "per-task best validation f1"
    },
    "diagnostic_task_best": {
        "next": {
            "accuracy": {
                "mean": 0.38236803412437437,
                "std": 0.009034632044162078,
                "min": 0.37166130542755127,
                "max": 0.3958333432674408
            },
            "accuracy_macro": {
                "mean": 0.3086915135383606,
                "std": 0.008793173693495339,
                "min": 0.30193030834198,
                "max": 0.32411229610443115
            },
            "f1": {
                "mean": 0.311139851808548,
                "std": 0.007206018717659862,
                "min": 0.3034020960330963,
                "max": 0.3217407464981079
            },
            "f1_weighted": {
                "mean": 0.374566513299942,
                "std": 0.005865292930604413,
                "min": 0.366117388010025,
                "max": 0.3816762864589691
            },
            "mrr": {
                "mean": 0.6039666771888733,
                "std": 0.007103658851039129,
                "min": 0.59305340051651,
                "max": 0.6120747923851013
            },
            "top3_acc": {
                "mean": 0.7862175464630127,
                "std": 0.009826841917715582,
                "min": 0.7706004977226257,
                "max": 0.7969312071800232
            },
            "ndcg_3": {
                "mean": 0.6182900786399841,
                "std": 0.008877859160965113,
                "min": 0.603299081325531,
                "max": 0.6249400973320007
            },
            "top5_acc": {
                "mean": 0.9261251568794251,
                "std": 0.002932046722604729,
                "min": 0.9211971759796143,
                "max": 0.928963840007782
            },
            "ndcg_5": {
                "mean": 0.6761144280433655,
                "std": 0.005633795379256214,
                "min": 0.6678767204284668,
                "max": 0.6823387145996094
            },
            "loss": {
                "mean": 1.6604198932647705,
                "std": 0.040179860277764844,
                "min": 1.6044026613235474,
                "max": 1.698468565940857
            }
        },
        "category": {
            "accuracy": {
                "mean": 0.7722779512405396,
                "std": 0.008354470637473245,
                "min": 0.7575757503509521,
                "max": 0.7781429886817932
            },
            "accuracy_macro": {
                "mean": 0.7497600197792054,
                "std": 0.01596246537924215,
                "min": 0.7241672277450562,
                "max": 0.7645654678344727
            },
            "f1": {
                "mean": 0.7336270928382873,
                "std": 0.01147977487086994,
                "min": 0.7187983989715576,
                "max": 0.7468586564064026
            },
            "f1_weighted": {
                "mean": 0.7727926731109619,
                "std": 0.00836060551144785,
                "min": 0.7583414316177368,
                "max": 0.7793238162994385
            },
            "mrr": {
                "mean": 0.8673757791519165,
                "std": 0.005273454674512921,
                "min": 0.8585719466209412,
                "max": 0.8710126280784607
            },
            "top3_acc": {
                "mean": 0.9614928364753723,
                "std": 0.008748550480573653,
                "min": 0.9531635046005249,
                "max": 0.9716714024543762
            },
            "ndcg_3": {
                "mean": 0.8855632901191711,
                "std": 0.006131648953975948,