{
    "fold_number": 1,
    "duration": 89.55621027946472,
    "primary_checkpoint": {
        "selection_metric": "joint_score",
        "epoch": 7,
        "joint_score": 0.504139706492424,
        "loss": 1.1220810413360596,
        "time": 71.92742156982422,
        "task_metrics": {
            "category": {
                "accuracy": 0.7556521892547607,
                "f1": 0.6956559419631958
            },
            "next": {
                "accuracy": 0.39079371094703674,
                "f1": 0.3126234710216522
            }
        }
    },
    "diagnostic_best_epochs": {
        "category": {
            "epoch": 6,
            "time": 63.25747728347778,
            "metrics": {
                "accuracy": 0.7591304183006287,
                "accuracy_macro": 0.7204886674880981,
                "f1": 0.6960906982421875,
                "f1_weighted": 0.7628867626190186,
                "mrr": 0.8577640056610107,
                "top3_acc": 0.9504348039627075,
                "ndcg_3": 0.8734543323516846,
                "top5_acc": 0.9930434823036194,
                "ndcg_5": 0.8912332653999329,
                "loss": 0.6951314210891724
            },
            "accuracy": 0.7591304183006287,
            "f1": 0.6960906982421875
        },
        "next": {
            "epoch": 7,
            "time": 71.95955085754395,
            "metrics": {
                "accuracy": 0.39079371094703674,
                "accuracy_macro": 0.3043370842933655,
                "f1": 0.3126234710216522,
                "f1_weighted": 0.380374014377594,
                "mrr": 0.614669144153595,
                "top3_acc": 0.8052661418914795,
                "ndcg_3": 0.6341416835784912,
                "top5_acc": 0.9301003813743591,
                "ndcg_5": 0.6858875155448914,
                "loss": 1.5521769523620605
            },
            "accuracy": 0.39079371094703674,
            "f1": 0.3126234710216522
        }
    }
}