{
    "model": {
        "joint_score": {
            "mean": 0.22243396639823915,
            "std": 0.012228152207002222,
            "min": 0.21322130784392357,
            "max": 0.24361131340265274
        },
        "loss": {
            "mean": 4.840602397918701,
            "std": 0.3571246969664598,
            "min": 4.278830051422119,
            "max": 5.130805015563965
        }
    },
    "next_region": {
        "accuracy": {
            "mean": 0.1636623114347458,
            "std": 0.02853114202836665,
            "min": 0.12155783176422119,
            "max": 0.19079464673995972
        },
        "accuracy_macro": {
            "mean": 0.08874814170874226,
            "std": 0.015241724657339664,
            "min": 0.07715858747055156,
            "max": 0.11213604783072774
        },
        "f1": {
            "mean": 0.0770166575908661,
            "std": 0.01019748159429615,
            "min": 0.06839673221111298,
            "max": 0.09225548803806305
        },
        "f1_weighted": {
            "mean": 0.1722942590713501,
            "std": 0.027278666736697054,
            "min": 0.13462156057357788,
            "max": 0.19887661933898926
        },
        "mrr": {
            "mean": 0.27770221829414365,
            "std": 0.033726459913648754,
            "min": 0.23434358835220337,
            "max": 0.3139958083629608
        },
        "top3_acc": {
            "mean": 0.31615119576454165,
            "std": 0.045018748632990956,
            "min": 0.26003146171569824,
            "max": 0.3682140111923218
        },
        "ndcg_3": {
            "mean": 0.251970449090004,
            "std": 0.037809569280979005,
            "min": 0.20094144344329834,
            "max": 0.293668657541275
        },
        "top5_acc": {
            "mean": 0.3993984043598175,
            "std": 0.046505359495645555,
            "min": 0.3516915738582611,
            "max": 0.4500393271446228
        },
        "ndcg_5": {
            "mean": 0.28624723553657533,
            "std": 0.0378837861310445,
            "min": 0.23877951502799988,
            "max": 0.32744351029396057
        },
        "loss": {
            "mean": 7.410716533660889,
            "std": 0.459196601407992,
            "min": 6.750982284545898,
            "max": 7.910215377807617
        },
        "n_indist": {
            "mean": 2466.6,
            "std": 17.586926962946084,
            "min": 2445.0,
            "max": 2492.0
        },
        "n_ood": {
            "mean": 75.2,
            "std": 17.484278652549552,
            "min": 50.0,
            "max": 97.0
        },
        "ood_fraction": {
            "mean": 0.029585544512945986,
            "std": 0.0068793949719817985,
            "min": 0.01966955153422502,
            "max": 0.03815892997639654
        },
        "top1_acc_indist": {
            "mean": 0.16876025646924972,
            "std": 0.03000044271479599,
            "min": 0.1239967867732048,
            "max": 0.19603879749774933
        },
        "top5_acc_indist": {
            "mean": 0.41164974570274354,
            "std": 0.048500806208506,
            "min": 0.3587479889392853,
            "max": 0.46240904927253723
        },
        "top10_acc_indist": {
            "mean": 0.5280300915241242,
            "std": 0.05164830854105756,
            "min": 0.47051647305488586,
            "max": 0.5858708620071411
        },
        "mrr_indist": {
            "mean": 0.28620688021183016,
            "std": 0.035470439153347404,
            "min": 0.23900838196277618,
            "max": 0.32257845997810364
        }
    },
    "next_category": {
        "accuracy": {
            "mean": 0.39924383759498594,
            "std": 0.012262883536742604,
            "min": 0.3890637159347534,
            "max": 0.417781263589859
        },
        "accuracy_macro": {
            "mean": 0.4092982649803162,
            "std": 0.01856675038222954,
            "min": 0.3977857530117035,
            "max": 0.4420141279697418
        },
        "f1": {
            "mean": 0.36785127520561217,
            "std": 0.016200838106981988,
            "min": 0.3549940884113312,
            "max": 0.39496713876724243
        },
        "f1_weighted": {
            "mean": 0.40324279069900515,
            "std": 0.012569160496991272,
            "min": 0.39090561866760254,
            "max": 0.4219343066215515
        },
        "mrr": {
            "mean": 0.6274246573448181,
            "std": 0.009828100934001893,
            "min": 0.615084707736969,
            "max": 0.6412639021873474
        },
        "top3_acc": {
            "mean": 0.8383826732635498,
            "std": 0.017619913619568824,
            "min": 0.8084185719490051,
            "max": 0.8516916036605835
        },
        "ndcg_3": {
            "mean": 0.6564881801605225,
            "std": 0.013736411308592997,
            "min": 0.6346412301063538,
            "max": 0.6718211770057678
        },
        "top5_acc": {
            "mean": 0.9526319980621338,
            "std": 0.006279370352526997,
            "min": 0.9468922019004822,
            "max": 0.9626278281211853
        },
        "ndcg_5": {
            "mean": 0.7037858128547668,
            "std": 0.009282433571920528,
            "min": 0.6923589706420898,
            "max": 0.7178575992584229
        },
        "loss": {
            "mean": 2.2704885005950928,
            "std": 0.2821400162269832,
            "min": 1.8066778182983398,
            "max": 2.5407967567443848
        }
    },
    "_selection": {
        "primary": "joint_score",
        "diagnostic_task_best": "per-task best validation f1"
    },
    "diagnostic_task_best": {
        "next_region": {
            "accuracy": {
                "mean": 0.16688876748085021,
                "std": 0.014675016527876394,
                "min": 0.14791502058506012,
                "max": 0.18332022428512573
            },
            "accuracy_macro": {
                "mean": 0.09321232129784668,
                "std": 0.013536438942007966,
                "min": 0.0812820130071196,
                "max": 0.11430736182815919
            },
            "f1": {
                "mean": 0.0805553525686264,
                "std": 0.008898618851085862,
                "min": 0.07315173745155334,
                "max": 0.0941852480173111
            },
            "f1_weighted": {
                "mean": 0.1748443365097046,
                "std": 0.01765178399777986,
                "min": 0.1527913212776184,
                "max": 0.19530442357063293
            },
            "mrr": {
                "mean": 0.27961387634277346,
                "std": 0.022194741194378365,
                "min": 0.25659289956092834,
                "max": 0.3066924512386322
            },
            "top3_acc": {
                "mean": 0.31866918206214906,
                "std": 0.030000777577309054,
                "min": 0.2853207290172577,
                "max": 0.35601887106895447
            },
            "ndcg_3": {
                "mean": 0.25428633391857147,
                "std": 0.022819808196654117,
                "min": 0.23077544569969177,
                "max": 0.28378236293792725
            },
            "top5_acc": {
                "mean": 0.3987691342830658,
                "std": 0.038066211120338776,
                "min": 0.3557654321193695,
                "max": 0.4445318579673767
            },
            "ndcg_5": {
                "mean": 0.2872042179107666,
                "std": 0.02613707435057469,
                "min": 0.25963109731674194,
                "max": 0.3203684687614441
            },
            "loss": {
                "mean": 7.468109226226806,
                "std": 0.42139853686168066,
                "min": 7.055112838745117,
                "max": 8.01795482635498
            },
            "n_indist": {
                "mean": 2466.6,
                "std": 17.586926962946084,