{
  "metric": "mrr",
  "task": "reg",
  "state": "arizona",
  "check2hgi_per_fold": [
    0.23783738911151886,
    0.2893517017364502,
    0.23018698394298553,
    0.22349542379379272,
    0.16031301021575928
  ],
  "hgi_per_fold": [
    0.2179017812013626,
    0.19739606976509094,
    0.2003685086965561,
    0.20308683812618256,
    0.1871185451745987
  ],
  "deltas": [
    0.01993560791015625,
    0.09195563197135925,
    0.029818475246429443,
    0.02040858566761017,
    -0.026805534958839417
  ],
  "superiority": {
    "n": 5,
    "mean": 0.02706255316734314,
    "std": 0.042472185997799936,
    "median": 0.02040858566761017,
    "min": -0.026805534958839417,
    "max": 0.09195563197135925,
    "n_positive": 4,
    "n_negative": 1,
    "n_zero": 0,
    "shapiro_w": 0.9164551496505737,
    "shapiro_p": 0.5073345899581909,
    "normality_assumed": true,
    "paired_t_stat": 1.424784411379629,
    "paired_t_p_two_sided": 0.22734048162439474,
    "paired_t_p_greater": 0.11367024081219737,
    "wilcoxon_stat": 12.0,
    "wilcoxon_p_greater": 0.15625
  }
}