{
  "metric": "acc10",
  "task": "reg",
  "state": "florida",
  "check2hgi_per_fold": [
    0.6301036477088928,
    0.6027843356132507,
    0.5973955988883972,
    0.5913265943527222,
    0.6168866753578186
  ],
  "hgi_per_fold": [
    0.6311755180358887,
    0.6166765093803406,
    0.6137487292289734,
    0.614500105381012,
    0.6123257875442505
  ],
  "deltas": [
    -0.0010718703269958496,
    -0.013892173767089844,
    -0.016353130340576172,
    -0.023173511028289795,
    0.004560887813568115
  ],
  "superiority": {
    "n": 5,
    "mean": -0.00998595952987671,
    "std": 0.01141033130843855,
    "median": -0.013892173767089844,
    "min": -0.023173511028289795,
    "max": 0.004560887813568115,
    "n_positive": 1,
    "n_negative": 4,
    "n_zero": 0,
    "shapiro_w": 0.9396772384643555,
    "shapiro_p": 0.6636573076248169,
    "normality_assumed": true,
    "paired_t_stat": -1.95693566871739,
    "paired_t_p_two_sided": 0.12198256429327792,
    "paired_t_p_greater": 0.939008717853361,
    "wilcoxon_stat": 2.0,
    "wilcoxon_p_greater": 0.9375
  }
}