{
  "metric": "acc10",
  "task": "reg",
  "state": "texas",
  "check2hgi_per_fold": [
    0.6021972298622131,
    0.5755268931388855,
    0.5943925976753235,
    0.5749464631080627,
    0.5973621606826782
  ],
  "hgi_per_fold": [
    0.6185777187347412,
    0.5920299887657166,
    0.6109253168106079,
    0.5907964110374451,
    0.6114099621772766
  ],
  "deltas": [
    -0.016380488872528076,
    -0.016503095626831055,
    -0.016532719135284424,
    -0.015849947929382324,
    -0.014047801494598389
  ],
  "superiority": {
    "n": 5,
    "mean": -0.015862810611724853,
    "std": 0.0010513273343807812,
    "median": -0.016380488872528076,
    "min": -0.016532719135284424,
    "max": -0.014047801494598389,
    "n_positive": 0,
    "n_negative": 5,
    "n_zero": 0,
    "shapiro_w": 0.740364670753479,
    "shapiro_p": 0.024176420643925667,
    "normality_assumed": false,
    "paired_t_stat": -33.73860992867019,
    "paired_t_p_two_sided": 4.603660004765236e-06,
    "paired_t_p_greater": 0.9999976981699976,
    "wilcoxon_stat": 0.0,
    "wilcoxon_p_greater": 1.0
  },
  "non_inferiority_tost": {
    "margin": 0.02,
    "p_lower_one_sided": 0.0004600596406596375,
    "non_inferior_at_alpha_0.05": true,
    "shifted_mean": 0.004137189388275147
  }
}