{
    "Community": {
        "precision": 0.4222222222222222,
        "recall": 0.6492027334851936,
        "f1-score": 0.5116696588868941,
        "support": 439.0
    },
    "Entertainment": {
        "precision": 0.3795918367346939,
        "recall": 0.5535714285714286,
        "f1-score": 0.45036319612590797,
        "support": 168.0
    },
    "Food": {
        "precision": 0.5948051948051948,
        "recall": 0.26352128883774456,
        "f1-score": 0.3652312599681021,
        "support": 869.0
    },
    "Nightlife": {
        "precision": 0.3393939393939394,
        "recall": 0.6153846153846154,
        "f1-score": 0.4375,
        "support": 91.0
    },
    "Outdoors": {
        "precision": 0.3160621761658031,
        "recall": 0.4295774647887324,
        "f1-score": 0.3641791044776119,
        "support": 142.0
    },
    "Shopping": {
        "precision": 0.524390243902439,
        "recall": 0.5235920852359208,
        "f1-score": 0.523990860624524,
        "support": 657.0
    },
    "Travel": {
        "precision": 0.4080717488789238,
        "recall": 0.5170454545454546,
        "f1-score": 0.45614035087719296,
        "support": 176.0
    },
    "macro avg": {
        "precision": 0.4263624803004595,
        "recall": 0.5074135815498699,
        "f1-score": 0.44415349013717614,
        "support": 2542.0
    },
    "weighted avg": {
        "precision": 0.4949344586780818,
        "recall": 0.45594020456333595,
        "f1-score": 0.44600259328611286,
        "support": 2542.0
    }
}