{
    "fold_number": 3,
    "duration": 18.072770833969116,
    "primary_checkpoint": {
        "selection_metric": "joint_score",
        "epoch": 44,
        "joint_score": 0.2885822169482708,
        "loss": 4.226833343505859,
        "time": 16.27579951286316,
        "task_metrics": {
            "next_region": {
                "accuracy": 0.2714398205280304,
                "f1": 0.10588388890028
            },
            "next_category": {
                "accuracy": 0.4874114990234375,
                "f1": 0.4712805449962616
            }
        }
    },
    "diagnostic_best_epochs": {
        "next_region": {
            "epoch": 13,
            "time": 5.156174421310425,
            "metrics": {
                "accuracy": 0.28127458691596985,
                "accuracy_macro": 0.12826393338531372,
                "f1": 0.10579553991556168,
                "f1_weighted": 0.258978933095932,
                "mrr": 0.35483023524284363,
                "top3_acc": 0.3839496374130249,
                "ndcg_3": 0.3406986892223358,
                "top5_acc": 0.443351686000824,
                "ndcg_5": 0.3652128577232361,
                "loss": 6.433172225952148,
                "n_indist": 2467.0,
                "n_ood": 75.0,
                "ood_fraction": 0.029504327301337528,
                "top1_acc_indist": 0.2898257076740265,
                "top5_acc_indist": 0.4568301737308502,
                "top10_acc_indist": 0.5188488364219666,
                "mrr_indist": 0.36558449268341064
            },
            "accuracy": 0.28127458691596985,
            "f1": 0.10579553991556168,
            "per_metric_best": {
                "top10_acc_indist": {
                    "epoch": 9,
                    "best_value": 0.5237130522727966,
                    "metrics": {
                        "accuracy": 0.2698662579059601,
                        "accuracy_macro": 0.12634569370674945,
                        "f1": 0.10163307934999466,
                        "f1_weighted": 0.24809333682060242,
                        "mrr": 0.3490079641342163,
                        "top3_acc": 0.38630998134613037,
                        "ndcg_3": 0.33689576387405396,
                        "top5_acc": 0.44531863927841187,
                        "ndcg_5": 0.3612060248851776,
                        "loss": 6.492284297943115,
                        "n_indist": 2467.0,
                        "n_ood": 75.0,
                        "ood_fraction": 0.029504327301337528,
                        "top1_acc_indist": 0.2780705392360687,
                        "top5_acc_indist": 0.4588569402694702,
                        "top10_acc_indist": 0.5237130522727966,
                        "mrr_indist": 0.3595854640007019
                    }
                },
                "top5_acc_indist": {
                    "epoch": 16,
                    "best_value": 0.4616943895816803,
                    "metrics": {
                        "accuracy": 0.2765538990497589,
                        "accuracy_macro": 0.12879934710656812,
                        "f1": 0.10679071396589279,
                        "f1_weighted": 0.2556039094924927,
                        "mrr": 0.35405611991882324,
                        "top3_acc": 0.38827696442604065,
                        "ndcg_3": 0.3420986533164978,
                        "top5_acc": 0.4480723738670349,
                        "ndcg_5": 0.36666160821914673,
                        "loss": 6.384143352508545,
                        "n_indist": 2467.0,
                        "n_ood": 75.0,
                        "ood_fraction": 0.029504327301337528,
                        "top1_acc_indist": 0.2849614918231964,
                        "top5_acc_indist": 0.4616943895816803,
                        "top10_acc_indist": 0.5216862559318542,
                        "mrr_indist": 0.364786833524704
                    }
                },
                "mrr_indist": {
                    "epoch": 14,
                    "best_value": 0.3662662208080292,
                    "metrics": {
                        "accuracy": 0.27773407101631165,
                        "accuracy_macro": 0.1286418348255724,
                        "f1": 0.1039532721042633,
                        "f1_weighted": 0.25448092818260193,
                        "mrr": 0.35549211502075195,
                        "top3_acc": 0.3929976522922516,
                        "ndcg_3": 0.3451521396636963,
                        "top5_acc": 0.4445318579673767,
                        "ndcg_5": 0.36643296480178833,
                        "loss": 6.41685676574707,
                        "n_indist": 2467.0,
                        "n_ood": 75.0,
                        "ood_fraction": 0.029504327301337528,
                        "top1_acc_indist": 0.28617754578590393,
                        "top5_acc_indist": 0.45804622769355774,
                        "top10_acc_indist": 0.5229023098945618,
                        "mrr_indist": 0.3662662208080292
                    }
                },
                "top5_acc": {
                    "epoch": 16,
                    "best_value": 0.4480723738670349,
                    "metrics": {
                        "accuracy": 0.2765538990497589,
                        "accuracy_macro": 0.12879934710656812,
                        "f1": 0.10679071396589279,
                        "f1_weighted": 0.2556039094924927,
                        "mrr": 0.35405611991882324,
                        "top3_acc": 0.38827696442604065,
                        "ndcg_3": 0.3420986533164978,
                        "top5_acc": 0.4480723738670349,
                        "ndcg_5": 0.36666160821914673,
                        "loss": 6.384143352508545,
                        "n_indist": 2467.0,
                        "n_ood": 75.0,
                        "ood_fraction": 0.029504327301337528,
                        "top1_acc_indist": 0.2849614918231964,
                        "top5_acc_indist": 0.4616943895816803,
                        "top10_acc_indist": 0.5216862559318542,
                        "mrr_indist": 0.364786833524704
                    }
                },
                "top3_acc": {
                    "epoch": 15,
                    "best_value": 0.3949646055698395,
                    "metrics": {
                        "accuracy": 0.2678993046283722,
                        "accuracy_macro": 0.12205239475363552,
                        "f1": 0.0974615141749382,
                        "f1_weighted": 0.24561025202274323,
                        "mrr": 0.3494662642478943,
                        "top3_acc": 0.3949646055698395,
                        "ndcg_3": 0.34199079871177673,
                        "top5_acc": 0.44217151403427124,
                        "ndcg_5": 0.361767053604126,
                        "loss": 6.39205265045166,
                        "n_indist": 2467.0,
                        "n_ood": 75.0,
                        "ood_fraction": 0.029504327301337528,
                        "top1_acc_indist": 0.27604377269744873,
                        "top5_acc_indist": 0.4556141197681427,
                        "top10_acc_indist": 0.5143899917602539,
                        "mrr_indist": 0.3600570559501648
                    }
                },
                "mrr": {
                    "epoch": 14,
                    "best_value": 0.35549211502075195,
                    "metrics": {
                        "accuracy": 0.27773407101631165,
                        "accuracy_macro": 0.1286418348255724,
                        "f1": 0.1039532721042633,
                        "f1_weighted": 0.25448092818260193,
                        "mrr": 0.35549211502075195,
                        "top3_acc": 0.3929976522922516,
                        "ndcg_3": 0.3451521396636963,
                        "top5_acc": 0.4445318579673767,