{
    "Community": {
        "precision": 0.47983014861995754,
        "recall": 0.5159817351598174,
        "f1-score": 0.49724972497249725,
        "support": 438.0
    },
    "Entertainment": {
        "precision": 0.4573170731707317,
        "recall": 0.4491017964071856,
        "f1-score": 0.45317220543806647,
        "support": 167.0
    },
    "Food": {
        "precision": 0.553020134228188,
        "recall": 0.47410817031070196,
        "f1-score": 0.5105328376703842,
        "support": 869.0
    },
    "Nightlife": {
        "precision": 0.3723404255319149,
        "recall": 0.3888888888888889,
        "f1-score": 0.3804347826086957,
        "support": 90.0
    },
    "Outdoors": {
        "precision": 0.436241610738255,
        "recall": 0.45454545454545453,
        "f1-score": 0.4452054794520548,
        "support": 143.0
    },
    "Shopping": {
        "precision": 0.5065123010130246,
        "recall": 0.5319148936170213,
        "f1-score": 0.5189028910303929,
        "support": 658.0
    },
    "Travel": {
        "precision": 0.40789473684210525,
        "recall": 0.5254237288135594,
        "f1-score": 0.45925925925925926,
        "support": 177.0
    },
    "macro avg": {
        "precision": 0.4590223471634539,
        "recall": 0.4771378096775184,
        "f1-score": 0.4663938829187643,
        "support": 2542.0
    },
    "weighted avg": {
        "precision": 0.49901168531880985,
        "recall": 0.4940991345397325,
        "f1-score": 0.4947909830704125,
        "support": 2542.0
    }
}