{
    "model": {
        "joint_score": {
            "mean": 0.459180012345314,
            "std": 0,
            "min": 0.459180012345314,
            "max": 0.459180012345314
        },
        "loss": {
            "mean": 1.0997483730316162,
            "std": 0,
            "min": 1.0997483730316162,
            "max": 1.0997483730316162
        }
    },
    "category": {
        "accuracy": {
            "mean": 0.8059298992156982,
            "std": 0,
            "min": 0.8059298992156982,
            "max": 0.8059298992156982
        },
        "accuracy_macro": {
            "mean": 0.6816234588623047,
            "std": 0,
            "min": 0.6816234588623047,
            "max": 0.6816234588623047
        },
        "f1": {
            "mean": 0.6514495015144348,
            "std": 0,
            "min": 0.6514495015144348,
            "max": 0.6514495015144348
        },
        "f1_weighted": {
            "mean": 0.7976436614990234,
            "std": 0,
            "min": 0.7976436614990234,
            "max": 0.7976436614990234
        },
        "mrr": {
            "mean": 0.8837890028953552,
            "std": 0,
            "min": 0.8837890028953552,
            "max": 0.8837890028953552
        },
        "top3_acc": {
            "mean": 0.9582210183143616,
            "std": 0,
            "min": 0.9582210183143616,
            "max": 0.9582210183143616
        },
        "ndcg_3": {
            "mean": 0.8965447545051575,
            "std": 0,
            "min": 0.8965447545051575,
            "max": 0.8965447545051575
        },
        "top5_acc": {
            "mean": 0.9851751923561096,
            "std": 0,
            "min": 0.9851751923561096,
            "max": 0.9851751923561096
        },
        "ndcg_5": {
            "mean": 0.9077990055084229,
            "std": 0,
            "min": 0.9077990055084229,
            "max": 0.9077990055084229
        },
        "loss": {
            "mean": 0.6403470635414124,
            "std": 0,
            "min": 0.6403470635414124,
            "max": 0.6403470635414124
        }
    },
    "next": {
        "accuracy": {
            "mean": 0.38276946544647217,
            "std": 0,
            "min": 0.38276946544647217,
            "max": 0.38276946544647217
        },
        "accuracy_macro": {
            "mean": 0.2555864155292511,
            "std": 0,
            "min": 0.2555864155292511,
            "max": 0.2555864155292511
        },
        "f1": {
            "mean": 0.26691052317619324,
            "std": 0,
            "min": 0.26691052317619324,
            "max": 0.26691052317619324
        },
        "f1_weighted": {
            "mean": 0.35116225481033325,
            "std": 0,
            "min": 0.35116225481033325,
            "max": 0.35116225481033325
        },
        "mrr": {
            "mean": 0.6082856059074402,
            "std": 0,
            "min": 0.6082856059074402,
            "max": 0.6082856059074402
        },
        "top3_acc": {
            "mean": 0.7958300709724426,
            "std": 0,
            "min": 0.7958300709724426,
            "max": 0.7958300709724426
        },
        "ndcg_3": {
            "mean": 0.6248908638954163,
            "std": 0,
            "min": 0.6248908638954163,
            "max": 0.6248908638954163
        },
        "top5_acc": {
            "mean": 0.9354838728904724,
            "std": 0,
            "min": 0.9354838728904724,
            "max": 0.9354838728904724
        },
        "ndcg_5": {
            "mean": 0.6827090978622437,
            "std": 0,
            "min": 0.6827090978622437,
            "max": 0.6827090978622437
        },
        "loss": {
            "mean": 1.5591497421264648,
            "std": 0,
            "min": 1.5591497421264648,
            "max": 1.5591497421264648
        }
    },
    "_selection": {
        "primary": "joint_score",
        "diagnostic_task_best": "per-task best validation f1"
    },
    "diagnostic_task_best": {
        "category": {
            "accuracy": {
                "mean": 0.8059298992156982,
                "std": 0,
                "min": 0.8059298992156982,
                "max": 0.8059298992156982
            },
            "accuracy_macro": {
                "mean": 0.6816234588623047,
                "std": 0,
                "min": 0.6816234588623047,
                "max": 0.6816234588623047
            },
            "f1": {
                "mean": 0.6514495015144348,
                "std": 0,
                "min": 0.6514495015144348,
                "max": 0.6514495015144348
            },
            "f1_weighted": {
                "mean": 0.7976436614990234,
                "std": 0,
                "min": 0.7976436614990234,
                "max": 0.7976436614990234
            },
            "mrr": {
                "mean": 0.8837890028953552,
                "std": 0,
                "min": 0.8837890028953552,
                "max": 0.8837890028953552
            },
            "top3_acc": {
                "mean": 0.9582210183143616,
                "std": 0,
                "min": 0.9582210183143616,
                "max": 0.9582210183143616
            },
            "ndcg_3": {
                "mean": 0.8965447545051575,
                "std": 0,
                "min": 0.8965447545051575,
                "max": 0.8965447545051575
            },
            "top5_acc": {
                "mean": 0.9851751923561096,
                "std": 0,
                "min": 0.9851751923561096,
                "max": 0.9851751923561096
            },
            "ndcg_5": {
                "mean": 0.9077990055084229,
                "std": 0,
                "min": 0.9077990055084229,
                "max": 0.9077990055084229
            },
            "loss": {
                "mean": 0.6403470635414124,
                "std": 0,
                "min": 0.6403470635414124,
                "max": 0.6403470635414124
            }
        },
        "next": {
            "accuracy": {
                "mean": 0.37765538692474365,
                "std": 0,
                "min": 0.37765538692474365,
                "max": 0.37765538692474365
            },
            "accuracy_macro": {
                "mean": 0.2594751715660095,
                "std": 0,
                "min": 0.2594751715660095,
                "max": 0.2594751715660095
            },
            "f1": {
                "mean": 0.27253279089927673,
                "std": 0,
                "min": 0.27253279089927673,
                "max": 0.27253279089927673
            },
            "f1_weighted": {
                "mean": 0.3551512062549591,
                "std": 0,
                "min": 0.3551512062549591,
                "max": 0.3551512062549591
            },
            "mrr": {
                "mean": 0.6064000725746155,
                "std": 0,
                "min": 0.6064000725746155,
                "max": 0.6064000725746155
            },
            "top3_acc": {
                "mean": 0.800157368183136,
                "std": 0,
                "min": 0.800157368183136,
                "max": 0.800157368183136
            },
            "ndcg_3": {
                "mean": 0.6251670122146606,
                "std": 0,
                "min": 0.6251670122146606,
                "max": 0.6251670122146606
            },
            "top5_acc": {
                "mean": 0.9409913420677185,
                "std": 0,
                "min": 0.9409913420677185,
                "max": 0.9409913420677185
            },
            "ndcg_5": {
                "mean": 0.6833556294441223,
                "std": 0,
                "min": 0.6833556294441223,
                "max": 0.6833556294441223
            },
            "loss": {
                "mean": 1.5550405979156494,
                "std": 0,
                "min": 1.5550405979156494,
                "max": 1.5550405979156494
            }
        }
    }
}