{
    "fold_number": 2,
    "duration": 77.86909294128418,
    "primary_checkpoint": {
        "selection_metric": "task_best_f1",
        "epoch": 34,
        "joint_score": null,
        "loss": null,
        "time": 54.29404902458191,
        "task_metrics": {
            "next": {
                "accuracy": 0.3218412697315216,
                "f1": 0.29130661487579346
            }
        }
    },
    "diagnostic_best_epochs": {
        "next": {
            "epoch": 34,
            "time": 54.29404902458191,
            "metrics": {
                "loss": 2.114319414188293,
                "accuracy": 0.3218412697315216,
                "accuracy_macro": 0.33310118317604065,
                "f1": 0.29130661487579346,
                "f1_weighted": 0.3216542601585388,
                "mrr": 0.5630630254745483,
                "top3_acc": 0.7709793448448181,
                "ndcg_3": 0.5811330676078796,
                "top5_acc": 0.9238492250442505,
                "ndcg_5": 0.6444551944732666
            },
            "accuracy": 0.3218412697315216,
            "f1": 0.29130661487579346
        }
    },
    "best_epochs": {
        "next": {
            "epoch": 34,
            "time": 54.29404902458191,
            "metrics": {
                "loss": 2.114319414188293,
                "accuracy": 0.3218412697315216,
                "accuracy_macro": 0.33310118317604065,
                "f1": 0.29130661487579346,
                "f1_weighted": 0.3216542601585388,
                "mrr": 0.5630630254745483,
                "top3_acc": 0.7709793448448181,
                "ndcg_3": 0.5811330676078796,
                "top5_acc": 0.9238492250442505,
                "ndcg_5": 0.6444551944732666
            },
            "accuracy": 0.3218412697315216,
            "f1": 0.29130661487579346
        }
    }
}