{
    "Community": {
        "precision": 0.4366028708133971,
        "recall": 0.5538694992412747,
        "f1-score": 0.4882943143812709,
        "support": 659.0
    },
    "Entertainment": {
        "precision": 0.5173501577287066,
        "recall": 0.49696969696969695,
        "f1-score": 0.5069551777434312,
        "support": 330.0
    },
    "Food": {
        "precision": 0.5929203539823009,
        "recall": 0.4849665924276169,
        "f1-score": 0.5335375191424196,
        "support": 1796.0
    },
    "Nightlife": {
        "precision": 0.4342629482071713,
        "recall": 0.436,
        "f1-score": 0.4351297405189621,
        "support": 250.0
    },
    "Outdoors": {
        "precision": 0.44785276073619634,
        "recall": 0.5177304964539007,
        "f1-score": 0.48026315789473684,
        "support": 282.0
    },
    "Shopping": {
        "precision": 0.6354810238305384,
        "recall": 0.5187319884726225,
        "f1-score": 0.5712019040063467,
        "support": 1388.0
    },
    "Travel": {
        "precision": 0.4160506863780359,
        "recall": 0.686411149825784,
        "f1-score": 0.5180802103879028,
        "support": 574.0
    },
    "macro avg": {
        "precision": 0.4972172573823353,
        "recall": 0.5278113461986994,
        "f1-score": 0.5047802891535814,
        "support": 5279.0
    },
    "weighted avg": {
        "precision": 0.5453784372619614,
        "recall": 0.5245311612047736,
        "f1-score": 0.5269440188277889,
        "support": 5279.0
    }
}