{
    "fold_number": 5,
    "duration": 54.85052418708801,
    "primary_checkpoint": {
        "selection_metric": "joint_score",
        "epoch": 47,
        "joint_score": 0.27638985589146614,
        "loss": 4.821977615356445,
        "time": 52.310311794281006,
        "task_metrics": {
            "next_category": {
                "accuracy": 0.5194165706634521,
                "f1": 0.47827160358428955
            },
            "next_region": {
                "accuracy": 0.2578139901161194,
                "f1": 0.07450810819864273
            }
        }
    },
    "diagnostic_best_epochs": {
        "next_category": {
            "epoch": 47,
            "time": 52.31740689277649,
            "metrics": {
                "accuracy": 0.5194165706634521,
                "accuracy_macro": 0.48871856927871704,
                "f1": 0.47827160358428955,
                "f1_weighted": 0.5201846361160278,
                "mrr": 0.7024838328361511,
                "top3_acc": 0.864557683467865,
                "ndcg_3": 0.7234767079353333,
                "top5_acc": 0.9543474316596985,
                "ndcg_5": 0.7606776356697083,
                "loss": 2.6866916020711265
            },
            "accuracy": 0.5194165706634521,
            "f1": 0.47827160358428955,
            "per_metric_best": {
                "top5_acc": {
                    "epoch": 18,
                    "best_value": 0.96514493227005,
                    "metrics": {
                        "accuracy": 0.47035422921180725,
                        "accuracy_macro": 0.5369088053703308,
                        "f1": 0.46264538168907166,
                        "f1_weighted": 0.47036951780319214,
                        "mrr": 0.6727631688117981,
                        "top3_acc": 0.8539496064186096,
                        "ndcg_3": 0.6961916089057922,
                        "top5_acc": 0.96514493227005,
                        "ndcg_5": 0.7422710657119751,
                        "loss": 1.3231876691182454
                    }
                },
                "top3_acc": {
                    "epoch": 35,
                    "best_value": 0.8711877465248108,
                    "metrics": {
                        "accuracy": 0.49763211607933044,
                        "accuracy_macro": 0.510057806968689,
                        "f1": 0.47127264738082886,
                        "f1_weighted": 0.4967970848083496,
                        "mrr": 0.6927786469459534,
                        "top3_acc": 0.8711877465248108,
                        "ndcg_3": 0.71900874376297,
                        "top5_acc": 0.9587042927742004,
                        "ndcg_5": 0.7551642656326294,
                        "loss": 2.0046099026997886
                    }
                },
                "mrr": {
                    "epoch": 47,
                    "best_value": 0.7024838328361511,
                    "metrics": {
                        "accuracy": 0.5194165706634521,
                        "accuracy_macro": 0.48871856927871704,
                        "f1": 0.47827160358428955,
                        "f1_weighted": 0.5201846361160278,
                        "mrr": 0.7024838328361511,
                        "top3_acc": 0.864557683467865,
                        "ndcg_3": 0.7234767079353333,
                        "top5_acc": 0.9543474316596985,
                        "ndcg_5": 0.7606776356697083,
                        "loss": 2.6866916020711265
                    }
                },
                "accuracy": {
                    "epoch": 48,
                    "best_value": 0.5201742649078369,
                    "metrics": {
                        "accuracy": 0.5201742649078369,
                        "accuracy_macro": 0.4930700361728668,
                        "f1": 0.47816213965415955,
                        "f1_weighted": 0.5230505466461182,
                        "mrr": 0.7007112503051758,
                        "top3_acc": 0.8564122319221497,
                        "ndcg_3": 0.7186464071273804,
                        "top5_acc": 0.9554840326309204,
                        "ndcg_5": 0.7596374154090881,
                        "loss": 2.6682443618774414
                    }
                },
                "accuracy_macro": {
                    "epoch": 14,
                    "best_value": 0.54090416431427,
                    "metrics": {
                        "accuracy": 0.46182990074157715,
                        "accuracy_macro": 0.54090416431427,
                        "f1": 0.45789429545402527,
                        "f1_weighted": 0.45799189805984497,
                        "mrr": 0.6678361892700195,
                        "top3_acc": 0.8579276204109192,
                        "ndcg_3": 0.6945271492004395,
                        "top5_acc": 0.9598408937454224,
                        "ndcg_5": 0.7367833852767944,
                        "loss": 1.2978375752766926
                    }
                },
                "f1_weighted": {
                    "epoch": 48,
                    "best_value": 0.5230505466461182,
                    "metrics": {
                        "accuracy": 0.5201742649078369,
                        "accuracy_macro": 0.4930700361728668,
                        "f1": 0.47816213965415955,
                        "f1_weighted": 0.5230505466461182,
                        "mrr": 0.7007112503051758,
                        "top3_acc": 0.8564122319221497,
                        "ndcg_3": 0.7186464071273804,
                        "top5_acc": 0.9554840326309204,
                        "ndcg_5": 0.7596374154090881,
                        "loss": 2.6682443618774414
                    }
                }
            }
        },
        "next_region": {
            "epoch": 3,
            "time": 5.358598947525024,
            "metrics": {
                "accuracy": 0.2612237334251404,
                "accuracy_macro": 0.09159511494859357,
                "f1": 0.07500576227903366,
                "f1_weighted": 0.25396159291267395,
                "mrr": 0.30954834818840027,
                "top3_acc": 0.32487213611602783,
                "ndcg_3": 0.29800835251808167,
                "top5_acc": 0.3559386432170868,
                "ndcg_5": 0.310757040977478,
                "loss": 6.957661310831706,
                "n_indist": 5202.0,
                "n_ood": 77.0,
                "ood_fraction": 0.014586095851487024,
                "top1_acc_indist": 0.26509034633636475,
                "top5_acc_indist": 0.3612072169780731,
                "top10_acc_indist": 0.41080352663993835,
                "mrr_indist": 0.3141193985939026
            },
            "accuracy": 0.2612237334251404,
            "f1": 0.07500576227903366,
            "per_metric_best": {
                "top10_acc_indist": {
                    "epoch": 6,
                    "best_value": 0.4117647111415863,
                    "metrics": {
                        "accuracy": 0.25648796558380127,
                        "accuracy_macro": 0.09053408542526102,
                        "f1": 0.07433450222015381,
                        "f1_weighted": 0.2503851652145386,
                        "mrr": 0.3071543574333191,
                        "top3_acc": 0.32449328899383545,
                        "ndcg_3": 0.2960958778858185,
                        "top5_acc": 0.356128066778183,
                        "ndcg_5": 0.30907270312309265,
                        "loss": 6.957235336303711,
                        "n_indist": 5202.0,
                        "n_ood": 77.0,
                        "ood_fraction": 0.014586095851487024,
                        "top1_acc_indist": 0.26028451323509216,
                        "top5_acc_indist": 0.36139947175979614,
                        "top10_acc_indist": 0.4117647111415863,
                        "mrr_indist": 0.31169000267982483
                    }
                },