{
    "Community": {
        "precision": 0.42995169082125606,
        "recall": 0.6752655538694993,
        "f1-score": 0.525383707201889,
        "support": 659.0
    },
    "Entertainment": {
        "precision": 0.49642857142857144,
        "recall": 0.42249240121580545,
        "f1-score": 0.45648604269293924,
        "support": 329.0
    },
    "Food": {
        "precision": 0.6222990492653414,
        "recall": 0.4011142061281337,
        "f1-score": 0.4878048780487805,
        "support": 1795.0
    },
    "Nightlife": {
        "precision": 0.2892768079800499,
        "recall": 0.46215139442231074,
        "f1-score": 0.3558282208588957,
        "support": 251.0
    },
    "Outdoors": {
        "precision": 0.4697802197802198,
        "recall": 0.6063829787234043,
        "f1-score": 0.5294117647058824,
        "support": 282.0
    },
    "Shopping": {
        "precision": 0.6001552795031055,
        "recall": 0.556515478761699,
        "f1-score": 0.5775121404557341,
        "support": 1389.0
    },
    "Travel": {
        "precision": 0.5092838196286472,
        "recall": 0.6689895470383276,
        "f1-score": 0.5783132530120482,
        "support": 574.0
    },
    "macro avg": {
        "precision": 0.4881679197724559,
        "recall": 0.5418445085941686,
        "f1-score": 0.5015342867108813,
        "support": 5279.0
    },
    "weighted avg": {
        "precision": 0.5483464773934774,
        "recall": 0.520553135063459,
        "f1-score": 0.5199364839163012,
        "support": 5279.0
    }
}