{
    "fold_number": 4,
    "duration": 58.63954162597656,
    "primary_checkpoint": {
        "selection_metric": "joint_score",
        "epoch": 42,
        "joint_score": 0.2735435664653778,
        "loss": 4.736288070678711,
        "time": 50.26139998435974,
        "task_metrics": {
            "next_category": {
                "accuracy": 0.5238636136054993,
                "f1": 0.4782629907131195
            },
            "next_region": {
                "accuracy": 0.19090908765792847,
                "f1": 0.06882414221763611
            }
        }
    },
    "diagnostic_best_epochs": {
        "next_category": {
            "epoch": 42,
            "time": 50.26806449890137,
            "metrics": {
                "accuracy": 0.5238636136054993,
                "accuracy_macro": 0.4798937439918518,
                "f1": 0.4782629907131195,
                "f1_weighted": 0.5233964323997498,
                "mrr": 0.7034681439399719,
                "top3_acc": 0.8602272272109985,
                "ndcg_3": 0.7226115465164185,
                "top5_acc": 0.9522727131843567,
                "ndcg_5": 0.7606016397476196,
                "loss": 2.495833396911621
            },
            "accuracy": 0.5238636136054993,
            "f1": 0.4782629907131195,
            "per_metric_best": {
                "top5_acc": {
                    "epoch": 36,
                    "best_value": 0.9558711647987366,
                    "metrics": {
                        "accuracy": 0.49128788709640503,
                        "accuracy_macro": 0.4910072088241577,
                        "f1": 0.4572559595108032,
                        "f1_weighted": 0.4931090474128723,
                        "mrr": 0.6855790019035339,
                        "top3_acc": 0.8606060147285461,
                        "ndcg_3": 0.7092903852462769,
                        "top5_acc": 0.9558711647987366,
                        "ndcg_5": 0.7486172914505005,
                        "loss": 2.0275774002075195
                    }
                },
                "top3_acc": {
                    "epoch": 16,
                    "best_value": 0.8624999523162842,
                    "metrics": {
                        "accuracy": 0.49147728085517883,
                        "accuracy_macro": 0.5284967422485352,
                        "f1": 0.4778393805027008,
                        "f1_weighted": 0.48936083912849426,
                        "mrr": 0.6856186985969543,
                        "top3_acc": 0.8624999523162842,
                        "ndcg_3": 0.7100434303283691,
                        "top5_acc": 0.9556818008422852,
                        "ndcg_5": 0.748581051826477,
                        "loss": 1.3395446141560872
                    }
                },
                "mrr": {
                    "epoch": 42,
                    "best_value": 0.7034681439399719,
                    "metrics": {
                        "accuracy": 0.5238636136054993,
                        "accuracy_macro": 0.4798937439918518,
                        "f1": 0.4782629907131195,
                        "f1_weighted": 0.5233964323997498,
                        "mrr": 0.7034681439399719,
                        "top3_acc": 0.8602272272109985,
                        "ndcg_3": 0.7226115465164185,
                        "top5_acc": 0.9522727131843567,
                        "ndcg_5": 0.7606016397476196,
                        "loss": 2.495833396911621
                    }
                },
                "accuracy": {
                    "epoch": 42,
                    "best_value": 0.5238636136054993,
                    "metrics": {
                        "accuracy": 0.5238636136054993,
                        "accuracy_macro": 0.4798937439918518,
                        "f1": 0.4782629907131195,
                        "f1_weighted": 0.5233964323997498,
                        "mrr": 0.7034681439399719,
                        "top3_acc": 0.8602272272109985,
                        "ndcg_3": 0.7226115465164185,
                        "top5_acc": 0.9522727131843567,
                        "ndcg_5": 0.7606016397476196,
                        "loss": 2.495833396911621
                    }
                },
                "accuracy_macro": {
                    "epoch": 20,
                    "best_value": 0.5302207469940186,
                    "metrics": {
                        "accuracy": 0.4625000059604645,
                        "accuracy_macro": 0.5302207469940186,
                        "f1": 0.45195281505584717,
                        "f1_weighted": 0.4513342082500458,
                        "mrr": 0.6647136211395264,
                        "top3_acc": 0.8458333015441895,
                        "ndcg_3": 0.6874942183494568,
                        "top5_acc": 0.9522727131843567,
                        "ndcg_5": 0.7315008640289307,
                        "loss": 1.3616312344868977
                    }
                },
                "f1_weighted": {
                    "epoch": 42,
                    "best_value": 0.5233964323997498,
                    "metrics": {
                        "accuracy": 0.5238636136054993,
                        "accuracy_macro": 0.4798937439918518,
                        "f1": 0.4782629907131195,
                        "f1_weighted": 0.5233964323997498,
                        "mrr": 0.7034681439399719,
                        "top3_acc": 0.8602272272109985,
                        "ndcg_3": 0.7226115465164185,
                        "top5_acc": 0.9522727131843567,
                        "ndcg_5": 0.7606016397476196,
                        "loss": 2.495833396911621
                    }
                }
            }
        },
        "next_region": {
            "epoch": 3,
            "time": 5.1872358322143555,
            "metrics": {
                "accuracy": 0.1926136314868927,
                "accuracy_macro": 0.08658061872209821,
                "f1": 0.07100405544042587,
                "f1_weighted": 0.18409013748168945,
                "mrr": 0.2432754635810852,
                "top3_acc": 0.2590909004211426,
                "ndcg_3": 0.23098532855510712,
                "top5_acc": 0.2969696819782257,
                "ndcg_5": 0.24655182659626007,
                "loss": 6.977091471354167,
                "n_indist": 5189.0,
                "n_ood": 91.0,
                "ood_fraction": 0.017234848484848485,
                "top1_acc_indist": 0.19599153101444244,
                "top5_acc_indist": 0.30217769742012024,
                "top10_acc_indist": 0.34997111558914185,
                "mrr_indist": 0.24752900004386902
            },
            "accuracy": 0.1926136314868927,
            "f1": 0.07100405544042587,
            "per_metric_best": {
                "top10_acc_indist": {
                    "epoch": 2,
                    "best_value": 0.35459625720977783,
                    "metrics": {
                        "accuracy": 0.16874998807907104,
                        "accuracy_macro": 0.0658763796784157,
                        "f1": 0.05103198066353798,
                        "f1_weighted": 0.15915223956108093,
                        "mrr": 0.2280370444059372,
                        "top3_acc": 0.24791665375232697,
                        "ndcg_3": 0.21485503017902374,
                        "top5_acc": 0.2924242317676544,
                        "ndcg_5": 0.23309381306171417,
                        "loss": 7.059592564900716,
                        "n_indist": 5189.0,
                        "n_ood": 91.0,
                        "ood_fraction": 0.017234848484848485,
                        "top1_acc_indist": 0.17170938849449158,
                        "top5_acc_indist": 0.29755252599716187,
                        "top10_acc_indist": 0.35459625720977783,
                        "mrr_indist": 0.23202329874038696
                    }
                },