{
    "fold_number": 4,
    "duration": 376.72257590293884,
    "best_epochs": {
        "next": {
            "epoch": 12,
            "accuracy": 0.2780287474332649,
            "f1": 0.23653368228413488,
            "time": 55.49342584609985
        }
    }
}