{
    "Community": {
        "precision": 0.3202247191011236,
        "recall": 0.5205479452054794,
        "f1-score": 0.39652173913043476,
        "support": 438.0
    },
    "Entertainment": {
        "precision": 0.15789473684210525,
        "recall": 0.10067114093959731,
        "f1-score": 0.12295081967213115,
        "support": 149.0
    },
    "Food": {
        "precision": 0.46353322528363045,
        "recall": 0.34210526315789475,
        "f1-score": 0.3936682725395733,
        "support": 836.0
    },
    "Nightlife": {
        "precision": 0.2692307692307692,
        "recall": 0.16091954022988506,
        "f1-score": 0.2014388489208633,
        "support": 87.0
    },
    "Outdoors": {
        "precision": 0.19230769230769232,
        "recall": 0.038461538461538464,
        "f1-score": 0.0641025641025641,
        "support": 130.0
    },
    "Shopping": {
        "precision": 0.3968926553672316,
        "recall": 0.43837753510140404,
        "f1-score": 0.41660489251297256,
        "support": 641.0
    },
    "Travel": {
        "precision": 0.24107142857142858,
        "recall": 0.35294117647058826,
        "f1-score": 0.2864721485411141,
        "support": 153.0
    },
    "macro avg": {
        "precision": 0.2915936038148544,
        "recall": 0.27914630565234105,
        "f1-score": 0.2688227550599505,
        "support": 2434.0
    },
    "weighted avg": {
        "precision": 0.36606972747649213,
        "recall": 0.3627773212818406,
        "f1-score": 0.3524385200207131,
        "support": 2434.0
    }
}