{
    "fold_number": 2,
    "duration": 35.25627779960632,
    "primary_checkpoint": {
        "selection_metric": "joint_score",
        "epoch": 47,
        "joint_score": 0.2529534734785557,
        "loss": 4.682965278625488,
        "time": 33.566402435302734,
        "task_metrics": {
            "next_category": {
                "accuracy": 0.49213218688964844,
                "f1": 0.46347278356552124
            },
            "next_region": {
                "accuracy": 0.14673484861850739,
                "f1": 0.04243416339159012
            }
        }
    },
    "diagnostic_best_epochs": {
        "next_category": {
            "epoch": 46,
            "time": 32.76990556716919,
            "metrics": {
                "accuracy": 0.49567270278930664,
                "accuracy_macro": 0.46460264921188354,
                "f1": 0.464284211397171,
                "f1_weighted": 0.49471428990364075,
                "mrr": 0.6888267397880554,
                "top3_acc": 0.8619197607040405,
                "ndcg_3": 0.7121209502220154,
                "top5_acc": 0.9551534056663513,
                "ndcg_5": 0.7508751153945923,
                "loss": 2.524911403656006
            },
            "accuracy": 0.49567270278930664,
            "f1": 0.464284211397171,
            "per_metric_best": {
                "top5_acc": {
                    "epoch": 19,
                    "best_value": 0.9653816223144531,
                    "metrics": {
                        "accuracy": 0.45436665415763855,
                        "accuracy_macro": 0.5015318393707275,
                        "f1": 0.44627436995506287,
                        "f1_weighted": 0.44975754618644714,
                        "mrr": 0.6617633104324341,
                        "top3_acc": 0.8599528074264526,
                        "ndcg_3": 0.6904330253601074,
                        "top5_acc": 0.9653816223144531,
                        "ndcg_5": 0.7342008948326111,
                        "loss": 1.4885889291763306
                    }
                },
                "top3_acc": {
                    "epoch": 47,
                    "best_value": 0.8721479177474976,
                    "metrics": {
                        "accuracy": 0.49213218688964844,
                        "accuracy_macro": 0.47162628173828125,
                        "f1": 0.46347278356552124,
                        "f1_weighted": 0.48989376425743103,
                        "mrr": 0.6872803568840027,
                        "top3_acc": 0.8721479177474976,
                        "ndcg_3": 0.7151886224746704,
                        "top5_acc": 0.9579071402549744,
                        "ndcg_5": 0.7507094740867615,
                        "loss": 2.5563249588012695
                    }
                },
                "mrr": {
                    "epoch": 46,
                    "best_value": 0.6888267397880554,
                    "metrics": {
                        "accuracy": 0.49567270278930664,
                        "accuracy_macro": 0.46460264921188354,
                        "f1": 0.464284211397171,
                        "f1_weighted": 0.49471428990364075,
                        "mrr": 0.6888267397880554,
                        "top3_acc": 0.8619197607040405,
                        "ndcg_3": 0.7121209502220154,
                        "top5_acc": 0.9551534056663513,
                        "ndcg_5": 0.7508751153945923,
                        "loss": 2.524911403656006
                    }
                },
                "accuracy": {
                    "epoch": 46,
                    "best_value": 0.49567270278930664,
                    "metrics": {
                        "accuracy": 0.49567270278930664,
                        "accuracy_macro": 0.46460264921188354,
                        "f1": 0.464284211397171,
                        "f1_weighted": 0.49471428990364075,
                        "mrr": 0.6888267397880554,
                        "top3_acc": 0.8619197607040405,
                        "ndcg_3": 0.7121209502220154,
                        "top5_acc": 0.9551534056663513,
                        "ndcg_5": 0.7508751153945923,
                        "loss": 2.524911403656006
                    }
                },
                "accuracy_macro": {
                    "epoch": 26,
                    "best_value": 0.5103017091751099,
                    "metrics": {
                        "accuracy": 0.45279306173324585,
                        "accuracy_macro": 0.5103017091751099,
                        "f1": 0.44137969613075256,
                        "f1_weighted": 0.44185730814933777,
                        "mrr": 0.6602862477302551,
                        "top3_acc": 0.8509048223495483,
                        "ndcg_3": 0.6855857968330383,
                        "top5_acc": 0.9606609344482422,
                        "ndcg_5": 0.7313552498817444,
                        "loss": 1.5883662700653076
                    }
                },
                "f1_weighted": {
                    "epoch": 46,
                    "best_value": 0.49471428990364075,
                    "metrics": {
                        "accuracy": 0.49567270278930664,
                        "accuracy_macro": 0.46460264921188354,
                        "f1": 0.464284211397171,
                        "f1_weighted": 0.49471428990364075,
                        "mrr": 0.6888267397880554,
                        "top3_acc": 0.8619197607040405,
                        "ndcg_3": 0.7121209502220154,
                        "top5_acc": 0.9551534056663513,
                        "ndcg_5": 0.7508751153945923,
                        "loss": 2.524911403656006
                    }
                }
            }
        },
        "next_region": {
            "epoch": 1,
            "time": 1.8280858993530273,
            "metrics": {
                "accuracy": 0.1483084261417389,
                "accuracy_macro": 0.059470602806578295,
                "f1": 0.042712002992630005,
                "f1_weighted": 0.11813787370920181,
                "mrr": 0.23472723364830017,
                "top3_acc": 0.2517702579498291,
                "ndcg_3": 0.20868313312530518,
                "top5_acc": 0.32966169714927673,
                "ndcg_5": 0.2401116043329239,
                "loss": 6.808887481689453,
                "n_indist": 2462.0,
                "n_ood": 80.0,
                "ood_fraction": 0.03147128245476003,
                "top1_acc_indist": 0.1531275361776352,
                "top5_acc_indist": 0.340373694896698,
                "top10_acc_indist": 0.4500406086444855,
                "mrr_indist": 0.242320254445076
            },
            "accuracy": 0.1483084261417389,
            "f1": 0.042712002992630005,
            "per_metric_best": {
                "top10_acc_indist": {
                    "epoch": 1,
                    "best_value": 0.4500406086444855,
                    "metrics": {
                        "accuracy": 0.1483084261417389,
                        "accuracy_macro": 0.059470602806578295,
                        "f1": 0.042712002992630005,
                        "f1_weighted": 0.11813787370920181,
                        "mrr": 0.23472723364830017,
                        "top3_acc": 0.2517702579498291,
                        "ndcg_3": 0.20868313312530518,
                        "top5_acc": 0.32966169714927673,
                        "ndcg_5": 0.2401116043329239,
                        "loss": 6.808887481689453,
                        "n_indist": 2462.0,
                        "n_ood": 80.0,
                        "ood_fraction": 0.03147128245476003,
                        "top1_acc_indist": 0.1531275361776352,
                        "top5_acc_indist": 0.340373694896698,
                        "top10_acc_indist": 0.4500406086444855,