{
    "Community": {
        "precision": 0.4357262103505843,
        "recall": 0.5945330296127562,
        "f1-score": 0.5028901734104047,
        "support": 439.0
    },
    "Entertainment": {
        "precision": 0.44375,
        "recall": 0.4251497005988024,
        "f1-score": 0.43425076452599387,
        "support": 167.0
    },
    "Food": {
        "precision": 0.5575221238938053,
        "recall": 0.43498273878020716,
        "f1-score": 0.48868778280542985,
        "support": 869.0
    },
    "Nightlife": {
        "precision": 0.3185840707964602,
        "recall": 0.3956043956043956,
        "f1-score": 0.35294117647058826,
        "support": 91.0
    },
    "Outdoors": {
        "precision": 0.5363636363636364,
        "recall": 0.4154929577464789,
        "f1-score": 0.46825396825396826,
        "support": 142.0
    },
    "Shopping": {
        "precision": 0.5288888888888889,
        "recall": 0.5425531914893617,
        "f1-score": 0.5356339084771192,
        "support": 658.0
    },
    "Travel": {
        "precision": 0.4106280193236715,
        "recall": 0.48295454545454547,
        "f1-score": 0.44386422976501305,
        "support": 176.0
    },
    "macro avg": {
        "precision": 0.4616375642310067,
        "recall": 0.47018150846950674,
        "f1-score": 0.46093171481550244,
        "support": 2542.0
    },
    "weighted avg": {
        "precision": 0.5016959044467318,
        "recall": 0.490558615263572,
        "f1-score": 0.49061183077435133,
        "support": 2542.0
    }
}