{
    "fold_number": 3,
    "duration": 37.71361541748047,
    "primary_checkpoint": {
        "selection_metric": "joint_score",
        "epoch": 38,
        "joint_score": 0.2871406748890877,
        "loss": 3.845832109451294,
        "time": 29.206199645996094,
        "task_metrics": {
            "next_region": {
                "accuracy": 0.2568843364715576,
                "f1": 0.10852377116680145
            },
            "next_category": {
                "accuracy": 0.47560974955558777,
                "f1": 0.4657575786113739
            }
        }
    },
    "diagnostic_best_epochs": {
        "next_region": {
            "epoch": 16,
            "time": 12.953014373779297,
            "metrics": {
                "accuracy": 0.2824547588825226,
                "accuracy_macro": 0.1355650308768884,
                "f1": 0.11435118317604065,
                "f1_weighted": 0.2633812427520752,
                "mrr": 0.3535720109939575,
                "top3_acc": 0.3890637457370758,
                "ndcg_3": 0.34446385502815247,
                "top5_acc": 0.43509048223495483,
                "ndcg_5": 0.36354517936706543,
                "loss": 6.318406105041504,
                "n_indist": 2454.0,
                "n_ood": 88.0,
                "ood_fraction": 0.03461841070023604,
                "top1_acc_indist": 0.29258352518081665,
                "top5_acc_indist": 0.450692743062973,
                "top10_acc_indist": 0.5052974820137024,
                "mrr_indist": 0.3662126958370209
            },
            "accuracy": 0.2824547588825226,
            "f1": 0.11435118317604065,
            "per_metric_best": {
                "top10_acc_indist": {
                    "epoch": 9,
                    "best_value": 0.5211898684501648,
                    "metrics": {
                        "accuracy": 0.2734067738056183,
                        "accuracy_macro": 0.13005082213762895,
                        "f1": 0.11060921847820282,
                        "f1_weighted": 0.2519131302833557,
                        "mrr": 0.3524833023548126,
                        "top3_acc": 0.39339104294776917,
                        "ndcg_3": 0.3436487317085266,
                        "top5_acc": 0.44374507665634155,
                        "ndcg_5": 0.3645247519016266,
                        "loss": 6.439395904541016,
                        "n_indist": 2454.0,
                        "n_ood": 88.0,
                        "ood_fraction": 0.03461841070023604,
                        "top1_acc_indist": 0.2832110822200775,
                        "top5_acc_indist": 0.4596576988697052,
                        "top10_acc_indist": 0.5211898684501648,
                        "mrr_indist": 0.36508479714393616
                    }
                },
                "top5_acc_indist": {
                    "epoch": 9,
                    "best_value": 0.4596576988697052,
                    "metrics": {
                        "accuracy": 0.2734067738056183,
                        "accuracy_macro": 0.13005082213762895,
                        "f1": 0.11060921847820282,
                        "f1_weighted": 0.2519131302833557,
                        "mrr": 0.3524833023548126,
                        "top3_acc": 0.39339104294776917,
                        "ndcg_3": 0.3436487317085266,
                        "top5_acc": 0.44374507665634155,
                        "ndcg_5": 0.3645247519016266,
                        "loss": 6.439395904541016,
                        "n_indist": 2454.0,
                        "n_ood": 88.0,
                        "ood_fraction": 0.03461841070023604,
                        "top1_acc_indist": 0.2832110822200775,
                        "top5_acc_indist": 0.4596576988697052,
                        "top10_acc_indist": 0.5211898684501648,
                        "mrr_indist": 0.36508479714393616
                    }
                },
                "mrr_indist": {
                    "epoch": 16,
                    "best_value": 0.3662126958370209,
                    "metrics": {
                        "accuracy": 0.2824547588825226,
                        "accuracy_macro": 0.1355650308768884,
                        "f1": 0.11435118317604065,
                        "f1_weighted": 0.2633812427520752,
                        "mrr": 0.3535720109939575,
                        "top3_acc": 0.3890637457370758,
                        "ndcg_3": 0.34446385502815247,
                        "top5_acc": 0.43509048223495483,
                        "ndcg_5": 0.36354517936706543,
                        "loss": 6.318406105041504,
                        "n_indist": 2454.0,
                        "n_ood": 88.0,
                        "ood_fraction": 0.03461841070023604,
                        "top1_acc_indist": 0.29258352518081665,
                        "top5_acc_indist": 0.450692743062973,
                        "top10_acc_indist": 0.5052974820137024,
                        "mrr_indist": 0.3662126958370209
                    }
                },
                "top5_acc": {
                    "epoch": 9,
                    "best_value": 0.44374507665634155,
                    "metrics": {
                        "accuracy": 0.2734067738056183,
                        "accuracy_macro": 0.13005082213762895,
                        "f1": 0.11060921847820282,
                        "f1_weighted": 0.2519131302833557,
                        "mrr": 0.3524833023548126,
                        "top3_acc": 0.39339104294776917,
                        "ndcg_3": 0.3436487317085266,
                        "top5_acc": 0.44374507665634155,
                        "ndcg_5": 0.3645247519016266,
                        "loss": 6.439395904541016,
                        "n_indist": 2454.0,
                        "n_ood": 88.0,
                        "ood_fraction": 0.03461841070023604,
                        "top1_acc_indist": 0.2832110822200775,
                        "top5_acc_indist": 0.4596576988697052,
                        "top10_acc_indist": 0.5211898684501648,
                        "mrr_indist": 0.36508479714393616
                    }
                },
                "top3_acc": {
                    "epoch": 13,
                    "best_value": 0.3949646055698395,
                    "metrics": {
                        "accuracy": 0.26868608593940735,
                        "accuracy_macro": 0.11990453094072397,
                        "f1": 0.10366993397474289,
                        "f1_weighted": 0.25300538539886475,
                        "mrr": 0.34654921293258667,
                        "top3_acc": 0.3949646055698395,
                        "ndcg_3": 0.3420143127441406,
                        "top5_acc": 0.4354838728904724,
                        "ndcg_5": 0.3585025370121002,
                        "loss": 6.373157501220703,
                        "n_indist": 2454.0,
                        "n_ood": 88.0,
                        "ood_fraction": 0.03461841070023604,
                        "top1_acc_indist": 0.2783210873603821,
                        "top5_acc_indist": 0.45110023021698,
                        "top10_acc_indist": 0.5052974820137024,
                        "mrr_indist": 0.3589385747909546
                    }
                },
                "mrr": {
                    "epoch": 16,
                    "best_value": 0.3535720109939575,
                    "metrics": {
                        "accuracy": 0.2824547588825226,
                        "accuracy_macro": 0.1355650308768884,
                        "f1": 0.11435118317604065,
                        "f1_weighted": 0.2633812427520752,
                        "mrr": 0.3535720109939575,
                        "top3_acc": 0.3890637457370758,
                        "ndcg_3": 0.34446385502815247,
                        "top5_acc": 0.43509048223495483,