{
    "fold_number": 4,
    "duration": 35.0561900138855,
    "primary_checkpoint": {
        "selection_metric": "joint_score",
        "epoch": 31,
        "joint_score": 0.29149915650486946,
        "loss": 3.926032066345215,
        "time": 24.52826762199402,
        "task_metrics": {
            "next_region": {
                "accuracy": 0.3036978840827942,
                "f1": 0.11027906090021133
            },
            "next_category": {
                "accuracy": 0.48151060938835144,
                "f1": 0.4727192521095276
            }
        }
    },
    "diagnostic_best_epochs": {
        "next_region": {
            "epoch": 11,
            "time": 9.5323166847229,
            "metrics": {
                "accuracy": 0.3162863850593567,
                "accuracy_macro": 0.13151556433326522,
                "f1": 0.11332344263792038,
                "f1_weighted": 0.30012452602386475,
                "mrr": 0.3864475190639496,
                "top3_acc": 0.4197482466697693,
                "ndcg_3": 0.376309871673584,
                "top5_acc": 0.46656176447868347,
                "ndcg_5": 0.39564383029937744,
                "loss": 6.423086166381836,
                "n_indist": 2478.0,
                "n_ood": 64.0,
                "ood_fraction": 0.025177025963808025,
                "top1_acc_indist": 0.324455201625824,
                "top5_acc_indist": 0.4786117672920227,
                "top10_acc_indist": 0.5415657758712769,
                "mrr_indist": 0.3964003324508667
            },
            "accuracy": 0.3162863850593567,
            "f1": 0.11332344263792038,
            "per_metric_best": {
                "top10_acc_indist": {
                    "epoch": 5,
                    "best_value": 0.5427764058113098,
                    "metrics": {
                        "accuracy": 0.26199841499328613,
                        "accuracy_macro": 0.09835728058298185,
                        "f1": 0.0790247991681099,
                        "f1_weighted": 0.2247658520936966,
                        "mrr": 0.3474385142326355,
                        "top3_acc": 0.39221087098121643,
                        "ndcg_3": 0.3358607590198517,
                        "top5_acc": 0.45397326350212097,
                        "ndcg_5": 0.3613225519657135,
                        "loss": 6.52391242980957,
                        "n_indist": 2478.0,
                        "n_ood": 64.0,
                        "ood_fraction": 0.025177025963808025,
                        "top1_acc_indist": 0.2687651216983795,
                        "top5_acc_indist": 0.46569812297821045,
                        "top10_acc_indist": 0.5427764058113098,
                        "mrr_indist": 0.3563838303089142
                    }
                },
                "top5_acc_indist": {
                    "epoch": 12,
                    "best_value": 0.48022598028182983,
                    "metrics": {
                        "accuracy": 0.3056648373603821,
                        "accuracy_macro": 0.12232807266664314,
                        "f1": 0.10416862368583679,
                        "f1_weighted": 0.28329771757125854,
                        "mrr": 0.38073763251304626,
                        "top3_acc": 0.417781263589859,
                        "ndcg_3": 0.3713032603263855,
                        "top5_acc": 0.4681353271007538,
                        "ndcg_5": 0.3921620845794678,
                        "loss": 6.398308753967285,
                        "n_indist": 2478.0,
                        "n_ood": 64.0,
                        "ood_fraction": 0.025177025963808025,
                        "top1_acc_indist": 0.31355932354927063,
                        "top5_acc_indist": 0.48022598028182983,
                        "top10_acc_indist": 0.5367231369018555,
                        "mrr_indist": 0.39054301381111145
                    }
                },
                "mrr_indist": {
                    "epoch": 11,
                    "best_value": 0.3964003324508667,
                    "metrics": {
                        "accuracy": 0.3162863850593567,
                        "accuracy_macro": 0.13151556433326522,
                        "f1": 0.11332344263792038,
                        "f1_weighted": 0.30012452602386475,
                        "mrr": 0.3864475190639496,
                        "top3_acc": 0.4197482466697693,
                        "ndcg_3": 0.376309871673584,
                        "top5_acc": 0.46656176447868347,
                        "ndcg_5": 0.39564383029937744,
                        "loss": 6.423086166381836,
                        "n_indist": 2478.0,
                        "n_ood": 64.0,
                        "ood_fraction": 0.025177025963808025,
                        "top1_acc_indist": 0.324455201625824,
                        "top5_acc_indist": 0.4786117672920227,
                        "top10_acc_indist": 0.5415657758712769,
                        "mrr_indist": 0.3964003324508667
                    }
                },
                "top5_acc": {
                    "epoch": 12,
                    "best_value": 0.4681353271007538,
                    "metrics": {
                        "accuracy": 0.3056648373603821,
                        "accuracy_macro": 0.12232807266664314,
                        "f1": 0.10416862368583679,
                        "f1_weighted": 0.28329771757125854,
                        "mrr": 0.38073763251304626,
                        "top3_acc": 0.417781263589859,
                        "ndcg_3": 0.3713032603263855,
                        "top5_acc": 0.4681353271007538,
                        "ndcg_5": 0.3921620845794678,
                        "loss": 6.398308753967285,
                        "n_indist": 2478.0,
                        "n_ood": 64.0,
                        "ood_fraction": 0.025177025963808025,
                        "top1_acc_indist": 0.31355932354927063,
                        "top5_acc_indist": 0.48022598028182983,
                        "top10_acc_indist": 0.5367231369018555,
                        "mrr_indist": 0.39054301381111145
                    }
                },
                "top3_acc": {
                    "epoch": 7,
                    "best_value": 0.420928418636322,
                    "metrics": {
                        "accuracy": 0.29346969723701477,
                        "accuracy_macro": 0.11206622601530547,
                        "f1": 0.08923732489347458,
                        "f1_weighted": 0.2719882130622864,
                        "mrr": 0.3737771809101105,
                        "top3_acc": 0.420928418636322,
                        "ndcg_3": 0.3682214617729187,
                        "top5_acc": 0.4602675139904022,
                        "ndcg_5": 0.38431915640830994,
                        "loss": 6.475289344787598,
                        "n_indist": 2478.0,
                        "n_ood": 64.0,
                        "ood_fraction": 0.025177025963808025,
                        "top1_acc_indist": 0.30104923248291016,
                        "top5_acc_indist": 0.4721549451351166,
                        "top10_acc_indist": 0.5322840809822083,
                        "mrr_indist": 0.38340258598327637
                    }
                },
                "mrr": {
                    "epoch": 11,
                    "best_value": 0.3864475190639496,
                    "metrics": {
                        "accuracy": 0.3162863850593567,
                        "accuracy_macro": 0.13151556433326522,
                        "f1": 0.11332344263792038,
                        "f1_weighted": 0.30012452602386475,
                        "mrr": 0.3864475190639496,
                        "top3_acc": 0.4197482466697693,
                        "ndcg_3": 0.376309871673584,
                        "top5_acc": 0.46656176447868347,