{
    "model": {
        "joint_score": {
            "mean": 0.515483133494854,
            "std": 0.007175975111025456,
            "min": 0.510408952832222,
            "max": 0.520557314157486
        },
        "loss": {
            "mean": 1.169369637966156,
            "std": 0.024389959764769268,
            "min": 1.1521233320236206,
            "max": 1.1866159439086914
        }
    },
    "next": {
        "accuracy": {
            "mean": 0.3917408585548401,
            "std": 0.004286292346709412,
            "min": 0.38870999217033386,
            "max": 0.3947717249393463
        },
        "accuracy_macro": {
            "mean": 0.31348568201065063,
            "std": 0.017910050393613354,
            "min": 0.30082136392593384,
            "max": 0.32615000009536743
        },
        "f1": {
            "mean": 0.3182172626256943,
            "std": 0.012825391368986331,
            "min": 0.3091483414173126,
            "max": 0.3272861838340759
        },
        "f1_weighted": {
            "mean": 0.3789503574371338,
            "std": 0.003974869283062416,
            "min": 0.37613970041275024,
            "max": 0.38176101446151733
        },
        "mrr": {
            "mean": 0.6132363677024841,
            "std": 0.0042917292901673175,
            "min": 0.6102016568183899,
            "max": 0.6162710785865784
        },
        "top3_acc": {
            "mean": 0.7965523898601532,
            "std": 0.0069652303317588584,
            "min": 0.7916272282600403,
            "max": 0.8014775514602661
        },
        "ndcg_3": {
            "mean": 0.6297374367713928,
            "std": 0.006046639768463923,
            "min": 0.6254618167877197,
            "max": 0.6340130567550659
        },
        "top5_acc": {
            "mean": 0.9268800914287567,
            "std": 0.004822063084979897,
            "min": 0.9234703779220581,
            "max": 0.9302898049354553
        },
        "ndcg_5": {
            "mean": 0.6834632754325867,
            "std": 0.004930001164016297,
            "min": 0.6799772381782532,
            "max": 0.6869493126869202
        },
        "loss": {
            "mean": 1.6246309280395508,
            "std": 0.020143664777296694,
            "min": 1.6103872060775757,
            "max": 1.6388746500015259
        }
    },
    "category": {
        "accuracy": {
            "mean": 0.7590968608856201,
            "std": 0.009063258303782653,
            "min": 0.7526881694793701,
            "max": 0.7655055522918701
        },
        "accuracy_macro": {
            "mean": 0.7290204763412476,
            "std": 0.014035069141521757,
            "min": 0.7190961837768555,
            "max": 0.7389447689056396
        },
        "f1": {
            "mean": 0.7127490043640137,
            "std": 0.0015265588530645818,
            "min": 0.7116695642471313,
            "max": 0.713828444480896
        },
        "f1_weighted": {
            "mean": 0.7612461447715759,
            "std": 0.010340392107359764,
            "min": 0.753934383392334,
            "max": 0.7685579061508179
        },
        "mrr": {
            "mean": 0.8599354922771454,
            "std": 0.008781253740396261,
            "min": 0.8537262082099915,
            "max": 0.8661447763442993
        },
        "top3_acc": {
            "mean": 0.9603968560695648,
            "std": 0.010348779330213432,
            "min": 0.9530791640281677,
            "max": 0.9677145481109619
        },
        "ndcg_3": {
            "mean": 0.8795159161090851,
            "std": 0.01069472066279085,
            "min": 0.8719536066055298,
            "max": 0.8870782256126404
        },
        "top5_acc": {
            "mean": 0.9925635755062103,
            "std": 0.003307473936892409,
            "min": 0.9902248382568359,
            "max": 0.9949023127555847
        },
        "ndcg_5": {
            "mean": 0.8927976489067078,
            "std": 0.007944090888424373,
            "min": 0.8871803283691406,
            "max": 0.8984149694442749
        },
        "loss": {
            "mean": 0.7141083478927612,
            "std": 0.06892366860053226,
            "min": 0.6653719544410706,
            "max": 0.7628447413444519
        }
    },
    "_selection": {
        "primary": "joint_score",
        "diagnostic_task_best": "per-task best validation f1"
    },
    "diagnostic_task_best": {
        "next": {
            "accuracy": {
                "mean": 0.3886152654886246,
                "std": 0.007902892344004974,
                "min": 0.3830270767211914,
                "max": 0.39420345425605774
            },
            "accuracy_macro": {
                "mean": 0.31900084018707275,
                "std": 0.021661794260659097,
                "min": 0.30368363857269287,
                "max": 0.33431804180145264
            },
            "f1": {
                "mean": 0.32217611372470856,
                "std": 0.01690373116514299,
                "min": 0.31022337079048157,
                "max": 0.33412885665893555
            },
            "f1_weighted": {
                "mean": 0.3801209628582001,
                "std": 0.007518955627494985,
                "min": 0.3748042583465576,
                "max": 0.38543766736984253
            },
            "mrr": {
                "mean": 0.6120378375053406,
                "std": 0.0062878040356432584,
                "min": 0.6075916886329651,
                "max": 0.6164839863777161
            },
            "top3_acc": {
                "mean": 0.7958893775939941,
                "std": 0.0030807660387523104,
                "min": 0.7937109470367432,
                "max": 0.7980678081512451
            },
            "ndcg_3": {
                "mean": 0.6283763945102692,
                "std": 0.0061056875032276855,
                "min": 0.6240590214729309,
                "max": 0.6326937675476074
            },
            "top5_acc": {
                "mean": 0.9287743866443634,
                "std": 0.0024110104690656933,
                "min": 0.9270695447921753,
                "max": 0.9304792284965515
            },
            "ndcg_5": {
                "mean": 0.6832866370677948,
                "std": 0.00558829279090795,
                "min": 0.6793351173400879,
                "max": 0.6872381567955017
            },
            "loss": {
                "mean": 1.5999289751052856,
                "std": 0.015955953909254264,
                "min": 1.588646411895752,
                "max": 1.6112115383148193
            }
        },
        "category": {
            "accuracy": {
                "mean": 0.7590968608856201,
                "std": 0.009063258303782653,
                "min": 0.7526881694793701,
                "max": 0.7655055522918701
            },
            "accuracy_macro": {
                "mean": 0.7180123627185822,
                "std": 0.0015327544397956833,
                "min": 0.7169285416603088,
                "max": 0.7190961837768555
            },
            "f1": {
                "mean": 0.7158998847007751,
                "std": 0.0029294588525982006,
                "min": 0.713828444480896,
                "max": 0.7179713249206543
            },
            "f1_weighted": {
                "mean": 0.7597433030605316,
                "std": 0.00821505297750091,
                "min": 0.753934383392334,
                "max": 0.7655522227287292
            },
            "mrr": {
                "mean": 0.8586610555648804,
                "std": 0.0069789280575248995,
                "min": 0.8537262082099915,
                "max": 0.8635959029197693
            },
            "top3_acc": {
                "mean": 0.9591224193572998,
                "std": 0.00854645364734207,
                "min": 0.9530791640281677,
                "max": 0.9651656746864319
            },
            "ndcg_3": {
                "mean": 0.8780444264411926,
                "std": 0.008613720017565456,