state,engine,perstep,perstep_sd,perstep_raw,delta_std,delta_raw,verdict
florida,check2hgi_resln,0.4196859144977155,0.00736317629686147,0.41815720719390814,0.0,0.0,clean
florida,check2hgi_resln_v3c,0.4195106950795096,0.008239264328610016,0.41844646012492437,-0.00017521941820586306,0.0002892529310162262,clean
florida,check2hgi_resln_dropedge,0.4198671409315892,0.008480398505473451,0.4185441741729707,0.00018122643387374904,0.00038696697906254185,clean
florida,check2hgi_resln_sidefeat,0.42103540845720755,0.007079550766902796,0.4197321822055513,0.0013494939594920763,0.0015749750116431649,clean
florida,check2hgi_resln_p2p,0.4196511428046975,0.00844769557545686,0.4180905822188721,-3.4771693017965344e-05,-6.662497503606701e-05,clean
