state,engine,perstep,perstep_sd,perstep_raw,delta_std,delta_raw,verdict
florida,check2hgi_gcn_ctrl,0.4089797540123382,0.007695586348319208,0.40744232906432776,0.0,0.0,clean
florida,check2hgi_v3c_wd05,0.4086908729403714,0.007511119741886711,0.4074983279442259,-0.00028888107196684,5.5998879898155884e-05,clean
florida,check2hgi_t24_dropedge,0.4090257128524225,0.007276794874200288,0.40753915026763526,4.595884008429252e-05,9.682120330750665e-05,clean
florida,check2hgi_t43_sidefeat,0.40875968548433583,0.007229443748716405,0.40664672671267593,-0.00022006852800238175,-0.0007956023516518251,clean
florida,check2hgi_t61_p2p,0.40725026875759707,0.007115246393725845,0.40576293262152363,-0.0017294852547411477,-0.0016793964428041264,clean
florida,check2hgi_gat,0.49761650037538024,0.005629088154290047,0.48631035868799294,0.08863674636304203,0.07886802962366518,LEAK
florida,check2hgi_rgcn,0.3328098159387623,0.0032637181890538837,0.4141676223058579,-0.07616993807357592,0.00672529324153015,clean
