{
    "fold_number": 1,
    "duration": 44.242351055145264,
    "primary_checkpoint": {
        "selection_metric": "joint_score",
        "epoch": 9,
        "joint_score": 0.45503756403923035,
        "loss": 1.0966734886169434,
        "time": 43.73882079124451,
        "task_metrics": {
            "category": {
                "accuracy": 0.7978436946868896,
                "f1": 0.6404716968536377
            },
            "next": {
                "accuracy": 0.37765538692474365,
                "f1": 0.269603431224823
            }
        }
    },
    "diagnostic_best_epochs": {
        "category": {
            "epoch": 8,
            "time": 39.53380298614502,
            "metrics": {
                "accuracy": 0.7978436946868896,
                "accuracy_macro": 0.666008472442627,
                "f1": 0.6404716968536377,
                "f1_weighted": 0.7898612022399902,
                "mrr": 0.8781863451004028,
                "top3_acc": 0.9514824748039246,
                "ndcg_3": 0.8894852995872498,
                "top5_acc": 0.9851751923561096,
                "ndcg_5": 0.9035825729370117,
                "loss": 0.64167320728302
            },
            "accuracy": 0.7978436946868896,
            "f1": 0.6404716968536377
        },
        "next": {
            "epoch": 9,
            "time": 43.79107189178467,
            "metrics": {
                "accuracy": 0.37765538692474365,
                "accuracy_macro": 0.25824761390686035,
                "f1": 0.269603431224823,
                "f1_weighted": 0.35365575551986694,
                "mrr": 0.6044209599494934,
                "top3_acc": 0.7970102429389954,
                "ndcg_3": 0.6225118041038513,
                "top5_acc": 0.9378442168235779,
                "ndcg_5": 0.680648684501648,
                "loss": 1.55317223072052
            },
            "accuracy": 0.37765538692474365,
            "f1": 0.269603431224823
        }
    }
}