{
    "model": {
        "aggregation_basis": "joint_best",
        "joint_score": {
            "mean": 0.4027392968535423,
            "std": 0.0075499075241013645,
            "min": 0.39118705689907074,
            "max": 0.41220493242144585
        },
        "loss": {
            "mean": 4.341582489013672,
            "std": 0.16304416248220716,
            "min": 4.07028865814209,
            "max": 4.506314754486084
        }
    },
    "next_region": {
        "aggregation_basis": "joint_best",
        "accuracy": {
            "mean": 0.28345983326435087,
            "std": 0.11054974537853383,
            "min": 0.19444619119167328,
            "max": 0.47593921422958374
        },
        "accuracy_macro": {
            "mean": 0.12279264096658668,
            "std": 0.012303256047970074,
            "min": 0.10569153129376928,
            "max": 0.13806890544569755
        },
        "f1": {
            "mean": 0.10868746936321258,
            "std": 0.00945978373541155,
            "min": 0.0959150493144989,
            "max": 0.12006022036075592
        },
        "f1_weighted": {
            "mean": 0.28100247085094454,
            "std": 0.1100078937196697,
            "min": 0.18986931443214417,
            "max": 0.4719405770301819
        },
        "mrr": {
            "mean": 0.359246826171875,
            "std": 0.09284867294783383,
            "min": 0.2642539143562317,
            "max": 0.513454020023346
        },
        "top3_acc": {
            "mean": 0.3840663254261017,
            "std": 0.12327675008386065,
            "min": 0.28321918845176697,
            "max": 0.5265737175941467
        },
        "ndcg_3": {
            "mean": 0.33940731883049013,
            "std": 0.10671235133369326,
            "min": 0.2477741241455078,
            "max": 0.5057433247566223
        },
        "top5_acc": {
            "mean": 0.46394712328910825,
            "std": 0.1014779877299996,
            "min": 0.33272600173950195,
            "max": 0.5505716800689697
        },
        "ndcg_5": {
            "mean": 0.372965407371521,
            "std": 0.09334653498967534,
            "min": 0.2685655355453491,
            "max": 0.5156230330467224
        },
        "loss": {
            "mean": 7.879437732696533,
            "std": 0.34714568867276147,
            "min": 7.290824890136719,
            "max": 8.187832832336426
        },
        "n_indist": {
            "mean": 31589.4,
            "std": 57.177792891996106,
            "min": 31514.0,
            "max": 31660.0
        },
        "n_ood": {
            "mean": 245.6,
            "std": 57.020171869260444,
            "min": 175.0,
            "max": 320.0
        },
        "ood_fraction": {
            "mean": 0.0077147862416575485,
            "std": 0.0017911702468798199,
            "min": 0.005497094392963719,
            "max": 0.010052145504806181
        },
        "top1_acc_indist": {
            "mean": 0.28569631576538085,
            "std": 0.1116493715539632,
            "min": 0.19642063975334167,
            "max": 0.48023831844329834
        },
        "top5_acc_indist": {
            "mean": 0.4674861073493958,
            "std": 0.10194996186532528,
            "min": 0.3361045718193054,
            "max": 0.5555449724197388
        },
        "top10_acc_indist": {
            "mean": 0.537327891588211,
            "std": 0.09215256548044108,
            "min": 0.3732626736164093,
            "max": 0.5912015438079834
        },
        "mrr_indist": {
            "mean": 0.3620411217212677,
            "std": 0.09371857378541701,
            "min": 0.2669346332550049,
            "max": 0.5180899500846863
        }
    },
    "next_category": {
        "aggregation_basis": "joint_best",
        "accuracy": {
            "mean": 0.727168345451355,
            "std": 0.011184456024065976,
            "min": 0.7123696208000183,
            "max": 0.7392492294311523
        },
        "accuracy_macro": {
            "mean": 0.724995231628418,
            "std": 0.01545382472386326,
            "min": 0.7063029408454895,
            "max": 0.7448097467422485
        },
        "f1": {
            "mean": 0.696791124343872,
            "std": 0.010759950238712365,
            "min": 0.6849325895309448,
            "max": 0.7098871469497681
        },
        "f1_weighted": {
            "mean": 0.7314606428146362,
            "std": 0.011953295357304803,
            "min": 0.7154264450073242,
            "max": 0.7451150417327881
        },
        "mrr": {
            "mean": 0.8259080529212952,
            "std": 0.0061777870768176,
            "min": 0.8180984258651733,
            "max": 0.8327161073684692
        },
        "top3_acc": {
            "mean": 0.9072341680526733,
            "std": 0.0005941104779771115,
            "min": 0.906360924243927,
            "max": 0.9078372716903687
        },
        "ndcg_3": {
            "mean": 0.8327760934829712,
            "std": 0.004632720171800329,
            "min": 0.8270803689956665,
            "max": 0.8379555344581604
        },
        "top5_acc": {
            "mean": 0.9672436118125916,
            "std": 0.0018081318393154838,
            "min": 0.9645370244979858,
            "max": 0.9691848754882812
        },
        "ndcg_5": {
            "mean": 0.8575645804405212,
            "std": 0.004972821046023302,
            "min": 0.85085529088974,
            "max": 0.8633055686950684
        },
        "loss": {
            "mean": 0.8037271976470948,
            "std": 0.03688187852002252,
            "min": 0.7565577626228333,
            "max": 0.8497516512870789
        }
    },
    "_selection": {
        "primary": "joint_score",
        "primary_basis": "joint_best",
        "diagnostic_task_best": "per-task best validation f1",
        "diagnostic_basis": "per_task_f1_best",
        "per_metric_best": "each (task,metric) aggregated at its own best epoch",
        "per_metric_basis": "per_metric_best"
    },
    "diagnostic_task_best": {
        "next_region": {
            "aggregation_basis": "per_task_f1_best",
            "accuracy": {
                "mean": 0.4791267096996307,
                "std": 0.006403769716492437,
                "min": 0.4705826938152313,
                "max": 0.4856766164302826
            },
            "accuracy_macro": {
                "mean": 0.13997026962701017,
                "std": 0.010778735696973792,
                "min": 0.12265803115702613,
                "max": 0.15145898013672515
            },
            "f1": {
                "mean": 0.12143623381853104,
                "std": 0.008986847711950633,
                "min": 0.10701601952314377,
                "max": 0.13138173520565033
            },
            "f1_weighted": {
                "mean": 0.4714770793914795,
                "std": 0.007183946519674074,
                "min": 0.4621094763278961,
                "max": 0.479591965675354
            },
            "mrr": {
                "mean": 0.5248928427696228,
                "std": 0.00490463719086494,
                "min": 0.5175448060035706,
                "max": 0.5287444591522217
            },
            "top3_acc": {
                "mean": 0.5461033940315246,
                "std": 0.005708561294222884,
                "min": 0.5400031208992004,
                "max": 0.5532135367393494
            },
            "ndcg_3": {
                "mean": 0.5180436134338379,
                "std": 0.005455912987440771,
                "min": 0.5112408399581909,
                "max": 0.5228469371795654
            },
            "top5_acc": {
                "mean": 0.578068208694458,
                "std": 0.004527591086708448,
                "min": 0.5713523030281067,
                "max": 0.5838725566864014
            },
            "ndcg_5": {
                "mean": 0.5311975717544556,
                "std": 0.004775760466419623,
                "min": 0.5237599611282349,