{
    "category": {
        "loss": {
            "mean": 0.6568713876990468,
            "std": 0.05448386413143906,
            "min": 0.6018829732001583,
            "max": 0.7241989528644734
        },
        "accuracy": {
            "mean": 0.8271437525749207,
            "std": 0.00942110094537726,
            "min": 0.8151898980140686,
            "max": 0.8392404913902283
        },
        "accuracy_macro": {
            "mean": 0.8085916757583618,
            "std": 0.011636125406040376,
            "min": 0.7920033931732178,
            "max": 0.8222130537033081
        },
        "f1": {
            "mean": 0.8081502199172974,
            "std": 0.010245215072903708,
            "min": 0.7961677312850952,
            "max": 0.8232402801513672
        },
        "f1_weighted": {
            "mean": 0.827127730846405,
            "std": 0.009464715206645356,
            "min": 0.8153284788131714,
            "max": 0.8392530679702759
        },
        "mrr": {
            "mean": 0.9011993408203125,
            "std": 0.004939759485261422,
            "min": 0.8954581618309021,
            "max": 0.9077828526496887
        },
        "top3_acc": {
            "mean": 0.9766200065612793,
            "std": 0.0029076428709378386,
            "min": 0.9734064936637878,
            "max": 0.9801687598228455
        },
        "ndcg_3": {
            "mean": 0.9169440269470215,
            "std": 0.004190818876602487,
            "min": 0.912789523601532,
            "max": 0.9224057197570801
        },
        "top5_acc": {
            "mean": 0.9945981502532959,
            "std": 0.0008125876727581775,
            "min": 0.9932460784912109,
            "max": 0.9953586459159851
        },
        "ndcg_5": {
            "mean": 0.9244204878807067,
            "std": 0.0035790792311616777,
            "min": 0.9204709529876709,
            "max": 0.929434061050415
        }
    }
}