{
    "Community": {
        "precision": 0.43666666666666665,
        "recall": 0.5968109339407744,
        "f1-score": 0.5043310875842156,
        "support": 439.0
    },
    "Entertainment": {
        "precision": 0.43478260869565216,
        "recall": 0.41916167664670656,
        "f1-score": 0.4268292682926829,
        "support": 167.0
    },
    "Food": {
        "precision": 0.5892547660311959,
        "recall": 0.3912543153049482,
        "f1-score": 0.4702627939142462,
        "support": 869.0
    },
    "Nightlife": {
        "precision": 0.44954128440366975,
        "recall": 0.5444444444444444,
        "f1-score": 0.49246231155778897,
        "support": 90.0
    },
    "Outdoors": {
        "precision": 0.3741935483870968,
        "recall": 0.40559440559440557,
        "f1-score": 0.38926174496644295,
        "support": 143.0
    },
    "Shopping": {
        "precision": 0.5312934631432545,
        "recall": 0.5805471124620061,
        "f1-score": 0.5548293391430646,
        "support": 658.0
    },
    "Travel": {
        "precision": 0.416289592760181,
        "recall": 0.5227272727272727,
        "f1-score": 0.4634760705289673,
        "support": 176.0
    },
    "macro avg": {
        "precision": 0.46171741858395954,
        "recall": 0.4943628801600797,
        "f1-score": 0.4716360879982012,
        "support": 2542.0
    },
    "weighted avg": {
        "precision": 0.508731004755975,
        "recall": 0.492918961447679,
        "f1-score": 0.49094246038767336,
        "support": 2542.0
    }
}