{
    "fold_number": 1,
    "duration": 18.265810251235962,
    "primary_checkpoint": {
        "selection_metric": "joint_score",
        "epoch": 48,
        "joint_score": 0.2879629135131836,
        "loss": 4.393465042114258,
        "time": 17.85434651374817,
        "task_metrics": {
            "next_region": {
                "accuracy": 0.2785208523273468,
                "f1": 0.10358002781867981
            },
            "next_category": {
                "accuracy": 0.4980330467224121,
                "f1": 0.4723457992076874
            }
        }
    },
    "diagnostic_best_epochs": {
        "next_region": {
            "epoch": 16,
            "time": 6.481726408004761,
            "metrics": {
                "accuracy": 0.3033044934272766,
                "accuracy_macro": 0.1219563269568516,
                "f1": 0.10967814177274704,
                "f1_weighted": 0.29082179069519043,
                "mrr": 0.37095344066619873,
                "top3_acc": 0.40440598130226135,
                "ndcg_3": 0.3612721860408783,
                "top5_acc": 0.4468922019004822,
                "ndcg_5": 0.37888041138648987,
                "loss": 6.412248611450195,
                "n_indist": 2466.0,
                "n_ood": 76.0,
                "ood_fraction": 0.02989771833202203,
                "top1_acc_indist": 0.312652051448822,
                "top5_acc_indist": 0.4606650173664093,
                "top10_acc_indist": 0.5239253640174866,
                "mrr_indist": 0.38235315680503845
            },
            "accuracy": 0.3033044934272766,
            "f1": 0.10967814177274704,
            "per_metric_best": {
                "top10_acc_indist": {
                    "epoch": 12,
                    "best_value": 0.5324411988258362,
                    "metrics": {
                        "accuracy": 0.29701024293899536,
                        "accuracy_macro": 0.11969760095649086,
                        "f1": 0.10569983720779419,
                        "f1_weighted": 0.28058478236198425,
                        "mrr": 0.36921823024749756,
                        "top3_acc": 0.4055861532688141,
                        "ndcg_3": 0.3598997890949249,
                        "top5_acc": 0.45397326350212097,
                        "ndcg_5": 0.3797735571861267,
                        "loss": 6.4970855712890625,
                        "n_indist": 2466.0,
                        "n_ood": 76.0,
                        "ood_fraction": 0.02989771833202203,
                        "top1_acc_indist": 0.30616381764411926,
                        "top5_acc_indist": 0.4679642915725708,
                        "top10_acc_indist": 0.5324411988258362,
                        "mrr_indist": 0.3805651366710663
                    }
                },
                "top5_acc_indist": {
                    "epoch": 13,
                    "best_value": 0.4691808521747589,
                    "metrics": {
                        "accuracy": 0.30094414949417114,
                        "accuracy_macro": 0.12092254006651026,
                        "f1": 0.10946684330701828,
                        "f1_weighted": 0.2889060378074646,
                        "mrr": 0.3688950538635254,
                        "top3_acc": 0.40479937195777893,
                        "ndcg_3": 0.3601857125759125,
                        "top5_acc": 0.4551534354686737,
                        "ndcg_5": 0.3809238374233246,
                        "loss": 6.463344097137451,
                        "n_indist": 2466.0,
                        "n_ood": 76.0,
                        "ood_fraction": 0.02989771833202203,
                        "top1_acc_indist": 0.3102189600467682,
                        "top5_acc_indist": 0.4691808521747589,
                        "top10_acc_indist": 0.51500403881073,
                        "mrr_indist": 0.3802318871021271
                    }
                },
                "mrr_indist": {
                    "epoch": 9,
                    "best_value": 0.38320058584213257,
                    "metrics": {
                        "accuracy": 0.3013375401496887,
                        "accuracy_macro": 0.12227839110833913,
                        "f1": 0.11013002693653107,
                        "f1_weighted": 0.2850123941898346,
                        "mrr": 0.3717746436595917,
                        "top3_acc": 0.4032258093357086,
                        "ndcg_3": 0.3615013360977173,
                        "top5_acc": 0.4500393569469452,
                        "ndcg_5": 0.3807835876941681,
                        "loss": 6.517250061035156,
                        "n_indist": 2466.0,
                        "n_ood": 76.0,
                        "ood_fraction": 0.02989771833202203,
                        "top1_acc_indist": 0.31062448024749756,
                        "top5_acc_indist": 0.4639091491699219,
                        "top10_acc_indist": 0.5235198736190796,
                        "mrr_indist": 0.38320058584213257
                    }
                },
                "top5_acc": {
                    "epoch": 13,
                    "best_value": 0.4551534354686737,
                    "metrics": {
                        "accuracy": 0.30094414949417114,
                        "accuracy_macro": 0.12092254006651026,
                        "f1": 0.10946684330701828,
                        "f1_weighted": 0.2889060378074646,
                        "mrr": 0.3688950538635254,
                        "top3_acc": 0.40479937195777893,
                        "ndcg_3": 0.3601857125759125,
                        "top5_acc": 0.4551534354686737,
                        "ndcg_5": 0.3809238374233246,
                        "loss": 6.463344097137451,
                        "n_indist": 2466.0,
                        "n_ood": 76.0,
                        "ood_fraction": 0.02989771833202203,
                        "top1_acc_indist": 0.3102189600467682,
                        "top5_acc_indist": 0.4691808521747589,
                        "top10_acc_indist": 0.51500403881073,
                        "mrr_indist": 0.3802318871021271
                    }
                },
                "top3_acc": {
                    "epoch": 17,
                    "best_value": 0.40597954392433167,
                    "metrics": {
                        "accuracy": 0.30251771211624146,
                        "accuracy_macro": 0.12792531291566017,
                        "f1": 0.11234427988529205,
                        "f1_weighted": 0.29154255986213684,
                        "mrr": 0.3698611259460449,
                        "top3_acc": 0.40597954392433167,
                        "ndcg_3": 0.3616655766963959,
                        "top5_acc": 0.44728559255599976,
                        "ndcg_5": 0.3786448836326599,
                        "loss": 6.411896705627441,
                        "n_indist": 2466.0,
                        "n_ood": 76.0,
                        "ood_fraction": 0.02989771833202203,
                        "top1_acc_indist": 0.31184104084968567,
                        "top5_acc_indist": 0.46107053756713867,
                        "top10_acc_indist": 0.5210867524147034,
                        "mrr_indist": 0.3812273144721985
                    }
                },
                "mrr": {
                    "epoch": 9,
                    "best_value": 0.3717746436595917,
                    "metrics": {
                        "accuracy": 0.3013375401496887,
                        "accuracy_macro": 0.12227839110833913,
                        "f1": 0.11013002693653107,
                        "f1_weighted": 0.2850123941898346,
                        "mrr": 0.3717746436595917,
                        "top3_acc": 0.4032258093357086,
                        "ndcg_3": 0.3615013360977173,
                        "top5_acc": 0.4500393569469452,