{
    "Community": {
        "precision": 0.4329073482428115,
        "recall": 0.6187214611872146,
        "f1-score": 0.5093984962406015,
        "support": 438.0
    },
    "Entertainment": {
        "precision": 0.5228758169934641,
        "recall": 0.47904191616766467,
        "f1-score": 0.5,
        "support": 167.0
    },
    "Food": {
        "precision": 0.5776699029126213,
        "recall": 0.4108170310701956,
        "f1-score": 0.4801613987895091,
        "support": 869.0
    },
    "Nightlife": {
        "precision": 0.3282442748091603,
        "recall": 0.4777777777777778,
        "f1-score": 0.3891402714932127,
        "support": 90.0
    },
    "Outdoors": {
        "precision": 0.4011299435028249,
        "recall": 0.4965034965034965,
        "f1-score": 0.44375,
        "support": 143.0
    },
    "Shopping": {
        "precision": 0.538878842676311,
        "recall": 0.45288753799392095,
        "f1-score": 0.4921552436003303,
        "support": 658.0
    },
    "Travel": {
        "precision": 0.36971830985915494,
        "recall": 0.5932203389830508,
        "f1-score": 0.455531453362256,
        "support": 177.0
    },
    "macro avg": {
        "precision": 0.45306063414233544,
        "recall": 0.5041385085261887,
        "f1-score": 0.46716240906941564,
        "support": 2542.0
    },
    "weighted avg": {
        "precision": 0.5058437496377417,
        "recall": 0.481904012588513,
        "f1-score": 0.48262112071990265,
        "support": 2542.0
    }
}