{
    "fold_number": 1,
    "duration": 36.2734169960022,
    "primary_checkpoint": {
        "selection_metric": "joint_score",
        "epoch": 7,
        "joint_score": 0.51398566365242,
        "loss": 1.1067160367965698,
        "time": 29.20521116256714,
        "task_metrics": {
            "category": {
                "accuracy": 0.7643478512763977,
                "f1": 0.7085891962051392
            },
            "next": {
                "accuracy": 0.4014017879962921,
                "f1": 0.3193821310997009
            }
        }
    },
    "diagnostic_best_epochs": {
        "category": {
            "epoch": 5,
            "time": 22.63385248184204,
            "metrics": {
                "accuracy": 0.7669565081596375,
                "accuracy_macro": 0.7371814846992493,
                "f1": 0.72028648853302,
                "f1_weighted": 0.7681222558021545,
                "mrr": 0.8630807399749756,
                "top3_acc": 0.9504348039627075,
                "ndcg_3": 0.877253532409668,
                "top5_acc": 0.9939130544662476,
                "ndcg_5": 0.8955212831497192,
                "loss": 0.6834090352058411
            },
            "accuracy": 0.7669565081596375,
            "f1": 0.72028648853302
        },
        "next": {
            "epoch": 7,
            "time": 29.229902267456055,
            "metrics": {
                "accuracy": 0.4014017879962921,
                "accuracy_macro": 0.31950509548187256,
                "f1": 0.3193821310997009,
                "f1_weighted": 0.3891538083553314,
                "mrr": 0.6209139227867126,
                "top3_acc": 0.8046978712081909,
                "ndcg_3": 0.638566255569458,
                "top5_acc": 0.9319947361946106,
                "ndcg_5": 0.6912150979042053,
                "loss": 1.5423706769943237
            },
            "accuracy": 0.4014017879962921,
            "f1": 0.3193821310997009
        }
    }
}