{
    "Shopping": {
        "precision": 0.4432569097282078,
        "recall": 0.230062630480167,
        "f1-score": 0.30290774154281114,
        "support": 33530.0
    },
    "Community": {
        "precision": 0.42990654205607476,
        "recall": 0.02007856831078132,
        "f1-score": 0.03836530442035029,
        "support": 9164.0
    },
    "Food": {
        "precision": 0.3895843073915076,
        "recall": 0.82154301207789,
        "f1-score": 0.528532814358309,
        "support": 44627.0
    },
    "Entertainment": {
        "precision": 0.8025144794462494,
        "recall": 0.3714771464068528,
        "f1-score": 0.5078669765778652,
        "support": 15293.0
    },
    "Travel": {
        "precision": 0.8242083313127394,
        "recall": 0.761401308126512,
        "f1-score": 0.791560906317677,
        "support": 44644.0
    },
    "Outdoors": {
        "precision": 0.7567323332730888,
        "recall": 0.3409331487663871,
        "f1-score": 0.4700797125856068,
        "support": 12281.0
    },
    "Nightlife": {
        "precision": 0.46886184681460275,
        "recall": 0.08560972421905633,
        "f1-score": 0.14478337754199824,
        "support": 7651.0
    },
    "accuracy": 0.5327830611878701,
    "macro avg": {
        "precision": 0.5878663928603529,
        "recall": 0.37587221976966373,
        "f1-score": 0.3977281190492311,
        "support": 167190.0
    },
    "weighted avg": {
        "precision": 0.5869821704213902,
        "recall": 0.5327830611878701,
        "f1-score": 0.5029065821897012,
        "support": 167190.0
    }
}