{
  "state": "florida",
  "task": "next_region",
  "n_classes": 4702,
  "n_folds": 5,
  "seed": 42,
  "majority_fraction": 0.2224532746976598,
  "best_simple_baseline": "markov_1step_region",
  "best_simple_acc10_mean": 0.6505103044253686,
  "per_fold": [
    {
      "fold": 0,
      "n_train": 127340,
      "n_val": 31835,
      "random": {
        "acc1": 0.0002126754572522331,
        "acc5": 0.0010633772862611655,
        "acc10": 0.002126754572522331,
        "mrr": 0.0019211112777458392
      },
      "majority": {
        "acc1": 0.22494110256007538,
        "acc5": 0.22494110256007538,
        "acc10": 0.22494110256007538,
        "mrr": 0.22494110256007538
      },
      "top_k_popular": {
        "acc1": 0.22494110256007538,
        "acc5": 0.30937647243599814,
        "acc10": 0.3495837914245327,
        "mrr": 0.26125131818079833
      },
      "markov_1step": {
        "acc1": 0.3722004083555835,
        "acc5": 0.4466781843882519,
        "acc10": 0.46389194283021834,
        "mrr": 0.40403193799377246
      },
      "user_history": {
        "acc1": 0.22494110256007538,
        "acc5": 0.30937647243599814,
        "acc10": 0.3495837914245327,
        "mrr": 0.26125131818079833
      },
      "markov_1step_region": {
        "acc1": 0.47359824092979425,
        "acc5": 0.6120621956965604,
        "acc10": 0.6590859117323701,
        "mrr": 0.5333524796757089
      },
      "markov_2step_region": {
        "acc1": 0.45261504633265276,
        "acc5": 0.5694989791110413,
        "acc10": 0.5995602324485629,
        "mrr": 0.5031813966359278
      },
      "markov_3step_region": {
        "acc1": 0.44231192084184073,
        "acc5": 0.5468823621799905,
        "acc10": 0.573645358881734,
        "mrr": 0.4876804006771024
      }
    },
    {
      "fold": 1,
      "n_train": 127340,
      "n_val": 31835,
      "random": {
        "acc1": 0.0002126754572522331,
        "acc5": 0.0010633772862611655,
        "acc10": 0.002126754572522331,
        "mrr": 0.0019211112777458392
      },
      "majority": {
        "acc1": 0.22164284592429714,
        "acc5": 0.22164284592429714,
        "acc10": 0.22164284592429714,
        "mrr": 0.22164284592429714
      },
      "top_k_popular": {
        "acc1": 0.22164284592429714,
        "acc5": 0.29938746662478405,
        "acc10": 0.33576252552222396,
        "mrr": 0.25505406099406414
      },
      "markov_1step": {
        "acc1": 0.3670802575781373,
        "acc5": 0.4394848437254594,
        "acc10": 0.45720119365478246,
        "mrr": 0.39819545723110983
      },
      "user_history": {
        "acc1": 0.22164284592429714,
        "acc5": 0.29938746662478405,
        "acc10": 0.33576252552222396,
        "mrr": 0.25505406099406414
      },
      "markov_1step_region": {
        "acc1": 0.45500235589759697,
        "acc5": 0.5942201978953982,
        "acc10": 0.6405842626040521,
        "mrr": 0.5146479865177839
      },
      "markov_2step_region": {
        "acc1": 0.43794565729542956,
        "acc5": 0.5537301711952254,
        "acc10": 0.5841997801162243,
        "mrr": 0.4880483569795648
      },
      "markov_3step_region": {
        "acc1": 0.4309407884403958,
        "acc5": 0.5326213287262447,
        "acc10": 0.559698445107586,
        "mrr": 0.4754122945445389
      }
    },
    {
      "fold": 2,
      "n_train": 127339,
      "n_val": 31836,
      "random": {
        "acc1": 0.0002126754572522331,
        "acc5": 0.0010633772862611655,
        "acc10": 0.002126754572522331,
        "mrr": 0.0019211112777458392
      },
      "majority": {
        "acc1": 0.2265359969845458,
        "acc5": 0.2265359969845458,
        "acc10": 0.2265359969845458,
        "mrr": 0.2265359969845458
      },
      "top_k_popular": {
        "acc1": 0.2265359969845458,
        "acc5": 0.3099949742429953,
        "acc10": 0.3426309837919337,
        "mrr": 0.26153572026875826
      },
      "markov_1step": {
        "acc1": 0.37366503329564016,
        "acc5": 0.4465070988817691,
        "acc10": 0.4640030154542028,
        "mrr": 0.40537751013627377
      },
      "user_history": {
        "acc1": 0.2265359969845458,
        "acc5": 0.3099949742429953,
        "acc10": 0.3426309837919337,
        "mrr": 0.26153572026875826
      },
      "markov_1step_region": {
        "acc1": 0.47468274908908153,
        "acc5": 0.6151526573690163,
        "acc10": 0.6608556351300414,
        "mrr": 0.5349667043598441
      },
      "markov_2step_region": {
        "acc1": 0.4554592285462998,
        "acc5": 0.5724651338107802,
        "acc10": 0.6029651966327428,
        "mrr": 0.5057928580403138
      },
      "markov_3step_region": {
        "acc1": 0.44798341500188466,
        "acc5": 0.5528018595300918,
        "acc10": 0.5793127277296143,
        "mrr": 0.49346149262988687
      }
    },
    {
      "fold": 3,
      "n_train": 127341,
      "n_val": 31834,
      "random": {
        "acc1": 0.0002126754572522331,
        "acc5": 0.0010633772862611655,
        "acc10": 0.002126754572522331,
        "mrr": 0.0019211112777458392
      },
      "majority": {
        "acc1": 0.221932524973299,
        "acc5": 0.221932524973299,
        "acc10": 0.221932524973299,
        "mrr": 0.221932524973299
      },
      "top_k_popular": {
        "acc1": 0.221932524973299,
        "acc5": 0.2986429603568512,
        "acc10": 0.33253753848086953,
        "mrr": 0.25437950190023445
      },
      "markov_1step": {
        "acc1": 0.36237984544826285,
        "acc5": 0.4355720299051329,
        "acc10": 0.4530690456744361,
        "mrr": 0.39396464895773814
      },
      "user_history": {
        "acc1": 0.221932524973299,
        "acc5": 0.2986429603568512,
        "acc10": 0.33253753848086953,
        "mrr": 0.25437950190023445
      },
      "markov_1step_region": {
        "acc1": 0.45451404159075204,
        "acc5": 0.5928881070553497,
        "acc10": 0.6385625431928127,
        "mrr": 0.513889188059886
      },
      "markov_2step_region": {
        "acc1": 0.43711126468555633,
        "acc5": 0.5506062700257586,
        "acc10": 0.5805428158572595,
        "mrr": 0.48618313652867906
      },
      "markov_3step_region": {
        "acc1": 0.4282842244141484,
        "acc5": 0.530062197650311,
        "acc10": 0.5558522334610794,
        "mrr": 0.47245568778913627
      }
    },
    {
      "fold": 4,
      "n_train": 127340,
      "n_val": 31835,
      "random": {
        "acc1": 0.0002126754572522331,
        "acc5": 0.0010633772862611655,
        "acc10": 0.002126754572522331,
        "mrr": 0.0019211112777458392
      },
      "majority": {
        "acc1": 0.2172137584419664,
        "acc5": 0.2172137584419664,
        "acc10": 0.2172137584419664,
        "mrr": 0.2172137584419664
      },
      "top_k_popular": {
        "acc1": 0.2172137584419664,
        "acc5": 0.2952724988220512,
        "acc10": 0.33039107900109943,
        "mrr": 0.250200774828543
      },
      "markov_1step": {
        "acc1": 0.36252552222396733,
        "acc5": 0.4374116538401131,
        "acc10": 0.4553478875451547,
        "mrr": 0.3949012392769264
      },
      "user_history": {
        "acc1": 0.2172137584419664,
        "acc5": 0.2952724988220512,
        "acc10": 0.33039107900109943,
        "mrr": 0.250200774828543
      },
      "markov_1step_region": {
        "acc1": 0.4600596827391236,
        "acc5": 0.6044919114182503,
        "acc10": 0.6534631694675671,
        "mrr": 0.5216342450283081
      },
      "markov_2step_region": {
        "acc1": 0.4403957907962934,
        "acc5": 0.5606408041463797,
        "acc10": 0.5912360609392179,
        "mrr": 0.4918974199805046
      },
      "markov_3step_region": {
        "acc1": 0.4321972671587875,
        "acc5": 0.5380555991832888,
        "acc10": 0.5642217684937961,
        "mrr": 0.47764516193368084
      }
    }
  ],
  "aggregate": {
    "random": {
      "acc1_mean": 0.0002126754572522331,
      "acc1_std": 0.0,
      "acc5_mean": 0.0010633772862611655,
      "acc5_std": 0.0,