{
  "state": "florida",
  "task": "next_category",
  "n_classes": 7,
  "n_folds": 5,
  "seed": 42,
  "majority_fraction": 0.24687293858960263,
  "best_simple_baseline": "random",
  "best_simple_acc10_mean": 1.0,
  "per_fold": [
    {
      "fold": 0,
      "n_train": 127340,
      "n_val": 31835,
      "random": {
        "acc1": 0.14285714285714285,
        "acc5": 0.7142857142857143,
        "acc10": 1.0,
        "mrr": 0.3704081632653061
      },
      "majority": {
        "acc1": 0.24686665619601067,
        "acc5": 0.24686665619601067,
        "acc10": 0.24686665619601067,
        "mrr": 0.24686665619601067
      },
      "top_k_popular": {
        "acc1": 0.24686665619601067,
        "acc5": 0.8827077116381341,
        "acc10": 1.0,
        "mrr": 0.4904212943226608
      },
      "markov_1step": {
        "acc1": 0.37235746819538246,
        "acc5": 0.748798492225538,
        "acc10": 0.7899795822208261,
        "mrr": 0.5140522186572131
      },
      "user_history": {
        "acc1": 0.24686665619601067,
        "acc5": 0.8827077116381341,
        "acc10": 1.0,
        "mrr": 0.4904212943226608
      }
    },
    {
      "fold": 1,
      "n_train": 127340,
      "n_val": 31835,
      "random": {
        "acc1": 0.14285714285714285,
        "acc5": 0.7142857142857143,
        "acc10": 1.0,
        "mrr": 0.3704081632653061
      },
      "majority": {
        "acc1": 0.24686665619601067,
        "acc5": 0.24686665619601067,
        "acc10": 0.24686665619601067,
        "mrr": 0.24686665619601067
      },
      "top_k_popular": {
        "acc1": 0.24686665619601067,
        "acc5": 0.882739123606094,
        "acc10": 1.0,
        "mrr": 0.4904275767162527
      },
      "markov_1step": {
        "acc1": 0.3726087639390608,
        "acc5": 0.7494895555206533,
        "acc10": 0.7914245327469766,
        "mrr": 0.5141332166603095
      },
      "user_history": {
        "acc1": 0.24686665619601067,
        "acc5": 0.882739123606094,
        "acc10": 1.0,
        "mrr": 0.4904275767162527
      }
    },
    {
      "fold": 2,
      "n_train": 127339,
      "n_val": 31836,
      "random": {
        "acc1": 0.14285714285714285,
        "acc5": 0.7142857142857143,
        "acc10": 1.0,
        "mrr": 0.3704081632653061
      },
      "majority": {
        "acc1": 0.24689031285337354,
        "acc5": 0.24689031285337354,
        "acc10": 0.24689031285337354,
        "mrr": 0.24689031285337354
      },
      "top_k_popular": {
        "acc1": 0.24689031285337354,
        "acc5": 0.8827742178665662,
        "acc10": 1.0,
        "mrr": 0.49044956593015393
      },
      "markov_1step": {
        "acc1": 0.3693617288604096,
        "acc5": 0.7463877371529086,
        "acc10": 0.7869079030028898,
        "mrr": 0.5112570973860081
      },
      "user_history": {
        "acc1": 0.24689031285337354,
        "acc5": 0.8827742178665662,
        "acc10": 1.0,
        "mrr": 0.49044956593015393
      }
    },
    {
      "fold": 3,
      "n_train": 127341,
      "n_val": 31834,
      "random": {
        "acc1": 0.14285714285714285,
        "acc5": 0.7142857142857143,
        "acc10": 1.0,
        "mrr": 0.3704081632653061
      },
      "majority": {
        "acc1": 0.24687441100709934,
        "acc5": 0.24687441100709934,
        "acc10": 0.24687441100709934,
        "mrr": 0.24687441100709934
      },
      "top_k_popular": {
        "acc1": 0.24687441100709934,
        "acc5": 0.8827354400954954,
        "acc10": 1.0,
        "mrr": 0.49043146441211405
      },
      "markov_1step": {
        "acc1": 0.3694163473016272,
        "acc5": 0.7368536784569957,
        "acc10": 0.7804548595840924,
        "mrr": 0.5070566211029238
      },
      "user_history": {
        "acc1": 0.24687441100709934,
        "acc5": 0.8827354400954954,
        "acc10": 1.0,
        "mrr": 0.49043146441211405
      }
    },
    {
      "fold": 4,
      "n_train": 127340,
      "n_val": 31835,
      "random": {
        "acc1": 0.14285714285714285,
        "acc5": 0.7142857142857143,
        "acc10": 1.0,
        "mrr": 0.3704081632653061
      },
      "majority": {
        "acc1": 0.24686665619601067,
        "acc5": 0.24686665619601067,
        "acc10": 0.24686665619601067,
        "mrr": 0.24686665619601067
      },
      "top_k_popular": {
        "acc1": 0.24686665619601067,
        "acc5": 0.882739123606094,
        "acc10": 1.0,
        "mrr": 0.4904230892922585
      },
      "markov_1step": {
        "acc1": 0.36038950840270145,
        "acc5": 0.7384011308308466,
        "acc10": 0.7804617559290089,
        "mrr": 0.5021736333924178
      },
      "user_history": {
        "acc1": 0.24686665619601067,
        "acc5": 0.882739123606094,
        "acc10": 1.0,
        "mrr": 0.4904230892922585
      }
    }
  ],
  "aggregate": {
    "random": {
      "acc1_mean": 0.14285714285714285,
      "acc1_std": 0.0,
      "acc5_mean": 0.7142857142857143,
      "acc5_std": 0.0,
      "acc10_mean": 1.0,
      "acc10_std": 0.0,
      "mrr_mean": 0.3704081632653061,
      "mrr_std": 0.0
    },
    "majority": {
      "acc1_mean": 0.24687293848970096,
      "acc1_std": 9.191718691830617e-06,
      "acc5_mean": 0.24687293848970096,
      "acc5_std": 9.191718691830617e-06,
      "acc10_mean": 0.24687293848970096,
      "acc10_std": 9.191718691830617e-06,
      "mrr_mean": 0.24687293848970096,
      "mrr_std": 9.191718691830617e-06
    },
    "top_k_popular": {
      "acc1_mean": 0.24687293848970096,
      "acc1_std": 9.191718691830617e-06,
      "acc5_mean": 0.8827391233624768,
      "acc5_std": 2.1127645866189618e-05,
      "acc10_mean": 1.0,
      "acc10_std": 0.0,
      "mrr_mean": 0.4904305981346879,
      "mrr_std": 1.0125219045990402e-05
    },
    "markov_1step": {
      "acc1_mean": 0.36882676333983627,
      "acc1_std": 0.0044405061319611125,
      "acc5_mean": 0.7439861188373885,
      "acc5_std": 0.0053156057096099794,
      "acc10_mean": 0.7858457266967588,
      "acc10_std": 0.004634407112016101,
      "mrr_mean": 0.5097345574397745,
      "mrr_std": 0.00457487583851124
    },
    "user_history": {
      "acc1_mean": 0.24687293848970096,
      "acc1_std": 9.191718691830617e-06,
      "acc5_mean": 0.8827391233624768,
      "acc5_std": 2.1127645866189618e-05,
      "acc10_mean": 1.0,
      "acc10_std": 0.0,
      "mrr_mean": 0.4904305981346879,
      "mrr_std": 1.0125219045990402e-05
    }
  }
}