{
    "model": {
        "joint_score": {
            "mean": 0.5091621726751328,
            "std": 0,
            "min": 0.5091621726751328,
            "max": 0.5091621726751328
        },
        "loss": {
            "mean": 1.131246566772461,
            "std": 0,
            "min": 1.131246566772461,
            "max": 1.131246566772461
        }
    },
    "category": {
        "accuracy": {
            "mean": 0.7634782791137695,
            "std": 0,
            "min": 0.7634782791137695,
            "max": 0.7634782791137695
        },
        "accuracy_macro": {
            "mean": 0.7166687250137329,
            "std": 0,
            "min": 0.7166687250137329,
            "max": 0.7166687250137329
        },
        "f1": {
            "mean": 0.7029104828834534,
            "std": 0,
            "min": 0.7029104828834534,
            "max": 0.7029104828834534
        },
        "f1_weighted": {
            "mean": 0.7645002603530884,
            "std": 0,
            "min": 0.7645002603530884,
            "max": 0.7645002603530884
        },
        "mrr": {
            "mean": 0.8617764115333557,
            "std": 0,
            "min": 0.8617764115333557,
            "max": 0.8617764115333557
        },
        "top3_acc": {
            "mean": 0.9608696103096008,
            "std": 0,
            "min": 0.9608696103096008,
            "max": 0.9608696103096008
        },
        "ndcg_3": {
            "mean": 0.8809595704078674,
            "std": 0,
            "min": 0.8809595704078674,
            "max": 0.8809595704078674
        },
        "top5_acc": {
            "mean": 0.9947826266288757,
            "std": 0,
            "min": 0.9947826266288757,
            "max": 0.9947826266288757
        },
        "ndcg_5": {
            "mean": 0.8949172496795654,
            "std": 0,
            "min": 0.8949172496795654,
            "max": 0.8949172496795654
        },
        "loss": {
            "mean": 0.696304440498352,
            "std": 0,
            "min": 0.696304440498352,
            "max": 0.696304440498352
        }
    },
    "next": {
        "accuracy": {
            "mean": 0.39401403069496155,
            "std": 0,
            "min": 0.39401403069496155,
            "max": 0.39401403069496155
        },
        "accuracy_macro": {
            "mean": 0.3226035535335541,
            "std": 0,
            "min": 0.3226035535335541,
            "max": 0.3226035535335541
        },
        "f1": {
            "mean": 0.31541386246681213,
            "std": 0,
            "min": 0.31541386246681213,
            "max": 0.31541386246681213
        },
        "f1_weighted": {
            "mean": 0.38125327229499817,
            "std": 0,
            "min": 0.38125327229499817,
            "max": 0.38125327229499817
        },
        "mrr": {
            "mean": 0.6159757375717163,
            "std": 0,
            "min": 0.6159757375717163,
            "max": 0.6159757375717163
        },
        "top3_acc": {
            "mean": 0.8020458221435547,
            "std": 0,
            "min": 0.8020458221435547,
            "max": 0.8020458221435547
        },
        "ndcg_3": {
            "mean": 0.6340334415435791,
            "std": 0,
            "min": 0.6340334415435791,
            "max": 0.6340334415435791
        },
        "top5_acc": {
            "mean": 0.9265012145042419,
            "std": 0,
            "min": 0.9265012145042419,
            "max": 0.9265012145042419
        },
        "ndcg_5": {
            "mean": 0.6855483651161194,
            "std": 0,
            "min": 0.6855483651161194,
            "max": 0.6855483651161194
        },
        "loss": {
            "mean": 1.5661885738372803,
            "std": 0,
            "min": 1.5661885738372803,
            "max": 1.5661885738372803
        }
    },
    "_selection": {
        "primary": "joint_score",
        "diagnostic_task_best": "per-task best validation f1"
    },
    "diagnostic_task_best": {
        "category": {
            "accuracy": {
                "mean": 0.7660869359970093,
                "std": 0,
                "min": 0.7660869359970093,
                "max": 0.7660869359970093
            },
            "accuracy_macro": {
                "mean": 0.7269886136054993,
                "std": 0,
                "min": 0.7269886136054993,
                "max": 0.7269886136054993
            },
            "f1": {
                "mean": 0.7040665149688721,
                "std": 0,
                "min": 0.7040665149688721,
                "max": 0.7040665149688721
            },
            "f1_weighted": {
                "mean": 0.7682353854179382,
                "std": 0,
                "min": 0.7682353854179382,
                "max": 0.7682353854179382
            },
            "mrr": {
                "mean": 0.8646832704544067,
                "std": 0,
                "min": 0.8646832704544067,
                "max": 0.8646832704544067
            },
            "top3_acc": {
                "mean": 0.9608696103096008,
                "std": 0,
                "min": 0.9608696103096008,
                "max": 0.9608696103096008
            },
            "ndcg_3": {
                "mean": 0.8831747174263,
                "std": 0,
                "min": 0.8831747174263,
                "max": 0.8831747174263
            },
            "top5_acc": {
                "mean": 0.9930434823036194,
                "std": 0,
                "min": 0.9930434823036194,
                "max": 0.9930434823036194
            },
            "ndcg_5": {
                "mean": 0.8965357542037964,
                "std": 0,
                "min": 0.8965357542037964,
                "max": 0.8965357542037964
            },
            "loss": {
                "mean": 0.674388587474823,
                "std": 0,
                "min": 0.674388587474823,
                "max": 0.674388587474823
            }
        },
        "next": {
            "accuracy": {
                "mean": 0.39401403069496155,
                "std": 0,
                "min": 0.39401403069496155,
                "max": 0.39401403069496155
            },
            "accuracy_macro": {
                "mean": 0.3226035535335541,
                "std": 0,
                "min": 0.3226035535335541,
                "max": 0.3226035535335541
            },
            "f1": {
                "mean": 0.31541386246681213,
                "std": 0,
                "min": 0.31541386246681213,
                "max": 0.31541386246681213
            },
            "f1_weighted": {
                "mean": 0.38125327229499817,
                "std": 0,
                "min": 0.38125327229499817,
                "max": 0.38125327229499817
            },
            "mrr": {
                "mean": 0.6159757375717163,
                "std": 0,
                "min": 0.6159757375717163,
                "max": 0.6159757375717163
            },
            "top3_acc": {
                "mean": 0.8020458221435547,
                "std": 0,
                "min": 0.8020458221435547,
                "max": 0.8020458221435547
            },
            "ndcg_3": {
                "mean": 0.6340334415435791,
                "std": 0,
                "min": 0.6340334415435791,
                "max": 0.6340334415435791
            },
            "top5_acc": {
                "mean": 0.9265012145042419,
                "std": 0,
                "min": 0.9265012145042419,
                "max": 0.9265012145042419
            },
            "ndcg_5": {
                "mean": 0.6855483651161194,
                "std": 0,
                "min": 0.6855483651161194,
                "max": 0.6855483651161194
            },
            "loss": {
                "mean": 1.5661885738372803,
                "std": 0,
                "min": 1.5661885738372803,
                "max": 1.5661885738372803
            }
        }
    }
}