{
    "fold_number": 5,
    "duration": 294.3483111858368,
    "primary_checkpoint": {
        "selection_metric": "joint_score",
        "epoch": 22,
        "joint_score": 0.5432601869106293,
        "loss": 1.2916710376739502,
        "time": 136.36104607582092,
        "task_metrics": {
            "next": {
                "accuracy": 0.3301849663257599,
                "f1": 0.2619546055793762
            },
            "category": {
                "accuracy": 0.8388278484344482,
                "f1": 0.8245657682418823
            }
        }
    },
    "diagnostic_best_epochs": {
        "next": {
            "epoch": 14,
            "time": 89.31945776939392,
            "metrics": {
                "accuracy": 0.3561590015888214,
                "accuracy_macro": 0.2591485381126404,
                "f1": 0.2658284902572632,
                "f1_weighted": 0.34769266843795776,
                "mrr": 0.5872135162353516,
                "top3_acc": 0.7835497856140137,
                "ndcg_3": 0.6045319437980652,
                "top5_acc": 0.9311294555664062,
                "ndcg_5": 0.6651763319969177,
                "loss": 1.6621204614639282
            },
            "accuracy": 0.3561590015888214,
            "f1": 0.2658284902572632
        },
        "category": {
            "epoch": 47,
            "time": 282.20852994918823,
            "metrics": {
                "accuracy": 0.8400488495826721,
                "accuracy_macro": 0.8417022824287415,
                "f1": 0.833950400352478,
                "f1_weighted": 0.8399872779846191,
                "mrr": 0.9062939882278442,
                "top3_acc": 0.9731379747390747,
                "ndcg_3": 0.919382631778717,
                "top5_acc": 0.990231990814209,
                "ndcg_5": 0.9265841841697693,
                "loss": 0.667214572429657
            },
            "accuracy": 0.8400488495826721,
            "f1": 0.833950400352478
        }
    }
}