{
    "fold_number": 2,
    "duration": 61.89741110801697,
    "primary_checkpoint": {
        "selection_metric": "joint_score",
        "epoch": 18,
        "joint_score": 0.2900925911962986,
        "loss": 3.951972325642904,
        "time": 24.2521333694458,
        "task_metrics": {
            "next_region": {
                "accuracy": 0.2600378692150116,
                "f1": 0.09290654212236404
            },
            "next_category": {
                "accuracy": 0.4905303120613098,
                "f1": 0.48727864027023315
            }
        }
    },
    "diagnostic_best_epochs": {
        "next_region": {
            "epoch": 9,
            "time": 13.28522515296936,
            "metrics": {
                "accuracy": 0.2664772570133209,
                "accuracy_macro": 0.10539918219906161,
                "f1": 0.0944279134273529,
                "f1_weighted": 0.2630472779273987,
                "mrr": 0.30934980511665344,
                "top3_acc": 0.3272727131843567,
                "ndcg_3": 0.30118972063064575,
                "top5_acc": 0.35132575035095215,
                "ndcg_5": 0.3110674023628235,
                "loss": 6.746273040771484,
                "n_indist": 5178.0,
                "n_ood": 102.0,
                "ood_fraction": 0.019318181818181818,
                "top1_acc_indist": 0.2717265188694,
                "top5_acc_indist": 0.35824641585350037,
                "top10_acc_indist": 0.40247198939323425,
                "mrr_indist": 0.3154289424419403
            },
            "accuracy": 0.2664772570133209,
            "f1": 0.0944279134273529,
            "per_metric_best": {
                "top10_acc_indist": {
                    "epoch": 5,
                    "best_value": 0.40768635272979736,
                    "metrics": {
                        "accuracy": 0.2598484754562378,
                        "accuracy_macro": 0.10257176369394101,
                        "f1": 0.08660510182380676,
                        "f1_weighted": 0.25340092182159424,
                        "mrr": 0.3062218427658081,
                        "top3_acc": 0.32064393162727356,
                        "ndcg_3": 0.2948833107948303,
                        "top5_acc": 0.3530302941799164,
                        "ndcg_5": 0.3083997666835785,
                        "loss": 6.878506978352864,
                        "n_indist": 5178.0,
                        "n_ood": 102.0,
                        "ood_fraction": 0.019318181818181818,
                        "top1_acc_indist": 0.2649671733379364,
                        "top5_acc_indist": 0.35998454689979553,
                        "top10_acc_indist": 0.40768635272979736,
                        "mrr_indist": 0.312239408493042
                    }
                },
                "top5_acc_indist": {
                    "epoch": 7,
                    "best_value": 0.3638470470905304,
                    "metrics": {
                        "accuracy": 0.26268938183784485,
                        "accuracy_macro": 0.11164605452717724,
                        "f1": 0.09423714876174927,
                        "f1_weighted": 0.25632473826408386,
                        "mrr": 0.30944859981536865,
                        "top3_acc": 0.3291666507720947,
                        "ndcg_3": 0.30125942826271057,
                        "top5_acc": 0.35681816935539246,
                        "ndcg_5": 0.3125458061695099,
                        "loss": 6.806219100952148,
                        "n_indist": 5178.0,
                        "n_ood": 102.0,
                        "ood_fraction": 0.019318181818181818,
                        "top1_acc_indist": 0.26786401867866516,
                        "top5_acc_indist": 0.3638470470905304,
                        "top10_acc_indist": 0.4065276086330414,
                        "mrr_indist": 0.3155297040939331
                    }
                },
                "mrr_indist": {
                    "epoch": 7,
                    "best_value": 0.3155297040939331,
                    "metrics": {
                        "accuracy": 0.26268938183784485,
                        "accuracy_macro": 0.11164605452717724,
                        "f1": 0.09423714876174927,
                        "f1_weighted": 0.25632473826408386,
                        "mrr": 0.30944859981536865,
                        "top3_acc": 0.3291666507720947,
                        "ndcg_3": 0.30125942826271057,
                        "top5_acc": 0.35681816935539246,
                        "ndcg_5": 0.3125458061695099,
                        "loss": 6.806219100952148,
                        "n_indist": 5178.0,
                        "n_ood": 102.0,
                        "ood_fraction": 0.019318181818181818,
                        "top1_acc_indist": 0.26786401867866516,
                        "top5_acc_indist": 0.3638470470905304,
                        "top10_acc_indist": 0.4065276086330414,
                        "mrr_indist": 0.3155297040939331
                    }
                },
                "top5_acc": {
                    "epoch": 7,
                    "best_value": 0.35681816935539246,
                    "metrics": {
                        "accuracy": 0.26268938183784485,
                        "accuracy_macro": 0.11164605452717724,
                        "f1": 0.09423714876174927,
                        "f1_weighted": 0.25632473826408386,
                        "mrr": 0.30944859981536865,
                        "top3_acc": 0.3291666507720947,
                        "ndcg_3": 0.30125942826271057,
                        "top5_acc": 0.35681816935539246,
                        "ndcg_5": 0.3125458061695099,
                        "loss": 6.806219100952148,
                        "n_indist": 5178.0,
                        "n_ood": 102.0,
                        "ood_fraction": 0.019318181818181818,
                        "top1_acc_indist": 0.26786401867866516,
                        "top5_acc_indist": 0.3638470470905304,
                        "top10_acc_indist": 0.4065276086330414,
                        "mrr_indist": 0.3155297040939331
                    }
                },
                "top3_acc": {
                    "epoch": 7,
                    "best_value": 0.3291666507720947,
                    "metrics": {
                        "accuracy": 0.26268938183784485,
                        "accuracy_macro": 0.11164605452717724,
                        "f1": 0.09423714876174927,
                        "f1_weighted": 0.25632473826408386,
                        "mrr": 0.30944859981536865,
                        "top3_acc": 0.3291666507720947,
                        "ndcg_3": 0.30125942826271057,
                        "top5_acc": 0.35681816935539246,
                        "ndcg_5": 0.3125458061695099,
                        "loss": 6.806219100952148,
                        "n_indist": 5178.0,
                        "n_ood": 102.0,
                        "ood_fraction": 0.019318181818181818,
                        "top1_acc_indist": 0.26786401867866516,
                        "top5_acc_indist": 0.3638470470905304,
                        "top10_acc_indist": 0.4065276086330414,
                        "mrr_indist": 0.3155297040939331
                    }
                },
                "mrr": {
                    "epoch": 7,
                    "best_value": 0.30944859981536865,
                    "metrics": {
                        "accuracy": 0.26268938183784485,
                        "accuracy_macro": 0.11164605452717724,
                        "f1": 0.09423714876174927,
                        "f1_weighted": 0.25632473826408386,
                        "mrr": 0.30944859981536865,
                        "top3_acc": 0.3291666507720947,
                        "ndcg_3": 0.30125942826271057,
                        "top5_acc": 0.35681816935539246,