time pressure_lvl free_pct swap_total_MB swap_used_MB wired_GB child_rss_GB disk_int_GB disk_ssd_GB
18:41:18 1 83 5120 3707 2.8 0.0 14 9
18:41:19 1 83 5120 3707 2.9 0.3 14 9
18:41:20 1 83 5120 3707 2.9 0.4 14 9
18:41:21 1 83 5120 3707 2.9 2.4 14 9
18:41:22 1 83 5120 3707 2.9 8.3 14 9
18:41:23 1 82 5120 3707 2.8 9.9 14 9
18:41:25 1 67 5120 3707 2.8 7.4 14 9
18:41:26 1 69 5120 3707 2.8 9.0 14 9
18:41:27 1 71 5120 3707 2.9 9.7 14 9
18:41:28 1 71 5120 3707 2.8 9.7 14 9
18:41:29 1 71 5120 3707 2.8 9.7 14 9
18:41:30 1 54 5120 3707 3.9 5.4 14 9
18:41:31 2 34 5120 3707 7.0 3.2 14 9
18:41:32 2 37 5120 3707 7.0 3.4 14 9
18:41:33 2 38 5120 3707 7.0 3.5 14 9
18:41:34 2 38 5120 3707 7.0 3.6 14 9
18:41:36 2 38 5120 3707 7.0 3.6 14 9
18:41:37 2 38 5120 3707 7.0 3.7 14 9
18:41:38 2 39 5120 3707 7.0 3.8 14 9
18:41:39 1 49 5120 3707 7.0 3.8 14 9
18:41:40 1 49 5120 3707 7.0 3.8 14 9
18:41:41 1 49 5120 3707 7.0 3.8 14 9
18:41:42 1 49 5120 3707 7.0 3.8 14 9
18:41:43 1 49 5120 3707 7.0 3.9 14 9
18:41:44 1 49 5120 3707 7.0 3.9 14 9
18:41:45 1 49 5120 3707 7.0 3.9 14 9
18:41:46 1 49 5120 3707 7.0 3.9 14 9
18:41:47 1 49 5120 3707 7.0 3.9 14 9
18:41:48 1 49 5120 3707 7.0 3.9 14 9
18:41:49 1 50 5120 3707 7.0 3.9 14 9
18:41:50 1 50 5120 3707 7.0 3.9 14 9
18:41:51 1 50 5120 3707 7.0 3.9 14 9
18:41:53 1 50 5120 3707 7.1 3.9 14 9
18:41:54 1 50 5120 3707 7.1 3.9 14 9
18:41:55 1 50 5120 3707 7.1 3.9 14 9
18:41:56 1 50 5120 3707 7.1 3.9 14 9
18:41:57 1 50 5120 3707 7.1 3.9 14 9
18:41:58 1 50 5120 3707 7.1 3.9 14 9
18:41:59 1 50 5120 3707 7.1 3.9 14 9
18:42:00 1 50 5120 3707 7.1 3.9 14 9
18:42:01 1 50 5120 3707 7.1 3.9 14 9
18:42:02 1 50 5120 3707 7.1 3.9 14 9
18:42:03 1 50 5120 3707 7.0 3.9 14 9
18:42:04 1 50 5120 3707 7.1 3.9 14 9
18:42:05 1 50 5120 3707 7.0 3.9 14 9
18:42:06 1 50 5120 3707 7.0 3.9 14 9
18:42:07 1 50 5120 3707 7.0 3.9 14 9
18:42:08 1 50 5120 3707 7.0 3.9 14 9
18:42:10 1 50 5120 3707 7.0 3.9 14 9
18:42:11 1 50 5120 3707 7.0 3.9 14 9
18:42:12 1 50 5120 3707 7.0 3.9 14 9
18:42:13 1 50 5120 3707 7.0 3.9 14 9
18:42:14 1 50 5120 3707 7.0 3.9 14 9
18:42:15 1 50 5120 3707 7.0 3.9 14 9
18:42:16 1 46 5120 3707 8.5 4.0 14 9
18:42:17 1 54 5120 3707 5.9 4.0 14 9
18:42:18 1 54 5120 3707 5.9 4.0 14 9
18:42:19 1 53 5120 3707 6.0 4.0 14 9
18:42:20 1 54 5120 3707 5.9 4.0 14 9
18:42:21 1 54 5120 3707 5.9 4.0 14 9
18:42:22 1 54 5120 3707 6.0 4.1 14 9
18:42:23 1 55 5120 3707 5.6 4.3 14 9
18:42:24 1 56 5120 3707 5.5 4.4 14 9
18:42:25 1 56 5120 3707 5.5 4.5 14 9
18:42:26 1 52 5120 3707 7.1 4.6 14 9
18:42:27 1 59 5120 3707 4.8 4.6 14 9
18:42:29 1 48 5120 3707 8.3 4.6 14 9
18:42:30 1 52 5120 3707 7.2 4.6 14 9
18:42:31 1 52 5120 3707 7.2 4.6 14 9
18:42:32 1 52 5120 3707 7.2 4.6 14 9
18:42:33 1 52 5120 3707 7.2 4.6 14 9
18:42:34 1 52 5120 3707 7.2 4.6 14 9
18:42:35 1 52 5120 3699 7.2 4.6 14 9
18:42:36 1 52 5120 3699 7.2 4.6 14 9
18:42:37 1 51 5120 3699 7.6 4.6 14 9
18:42:38 1 51 5120 3699 7.6 4.6 14 9
18:42:39 1 51 5120 3699 7.6 4.6 14 9
18:42:40 1 51 5120 3699 7.6 4.6 14 9
18:42:41 1 51 5120 3699 7.6 4.6 14 9
18:42:42 1 51 5120 3699 7.6 4.6 14 9
18:42:43 1 51 5120 3699 7.6 4.6 14 9
18:42:45 1 51 5120 3699 7.5 4.6 14 9
18:42:46 1 51 5120 3699 7.4 4.6 14 9
18:42:47 1 51 5120 3699 7.4 4.6 14 9
18:42:48 1 51 5120 3699 7.5 4.6 14 9
18:42:49 1 51 5120 3699 7.5 4.6 14 9
18:42:50 1 51 5120 3699 7.4 4.6 14 9
18:42:51 1 52 5120 3699 7.2 4.6 14 9
18:42:52 1 52 5120 3699 7.2 4.6 14 9
18:42:53 1 52 5120 3699 7.2 4.6 14 9
18:42:54 1 52 5120 3699 7.2 4.6 14 9
18:42:55 1 52 5120 3699 7.2 4.6 14 9
18:42:56 1 52 5120 3699 7.2 4.6 14 9
18:42:57 1 52 5120 3699 7.2 4.6 14 9
18:42:58 1 52 5120 3699 7.2 4.6 14 9
18:42:59 1 52 5120 3699 7.2 4.6 14 9
18:43:00 1 52 5120 3699 7.2 4.6 14 9
18:43:02 1 52 5120 3699 7.2 4.6 14 9
18:43:03 1 52 5120 3699 7.2 4.6 14 9
18:43:04 1 52 5120 3699 7.2 4.6 14 9
18:43:05 1 52 5120 3699 7.2 4.6 14 9
18:43:06 1 52 5120 3699 7.2 4.6 14 9
18:43:07 1 52 5120 3699 7.2 4.6 14 9
18:43:08 1 52 5120 3699 7.2 4.6 14 9
18:43:09 1 52 5120 3699 7.2 4.6 14 9
18:43:10 1 52 5120 3699 7.2 4.6 14 9
18:43:11 1 52 5120 3699 7.2 4.6 14 9
18:43:12 1 48 5120 3699 8.6 4.6 14 9
18:43:13 1 56 5120 3699 5.9 4.6 14 9
18:43:14 1 56 5120 3699 5.9 4.6 14 9
18:43:15 1 55 5120 3699 6.0 4.6 14 9
18:43:16 1 56 5120 3699 5.9 4.6 14 9
18:43:17 1 56 5120 3699 5.9 4.6 14 9
18:43:18 1 54 5120 3699 6.4 4.6 14 9
18:43:20 1 55 5120 3699 6.2 4.6 14 9
18:43:21 1 55 5120 3699 6.2 4.6 14 9
18:43:22 1 55 5120 3699 6.2 4.6 14 9
18:43:23 1 51 5120 3699 7.3 4.6 14 9
18:43:24 1 55 5120 3699 6.1 4.6 14 9
18:43:25 1 49 5120 3699 8.3 4.7 14 9
18:43:26 1 51 5120 3699 7.5 4.7 14 9
18:43:27 1 51 5120 3699 7.5 4.7 14 9
18:43:28 1 51 5120 3699 7.5 4.7 14 9
18:43:29 1 51 5120 3699 7.5 4.7 14 9
18:43:30 1 51 5120 3699 7.5 4.7 14 9
18:43:31 1 51 5120 3699 7.6 4.7 14 9
18:43:32 1 51 5120 3699 7.2 4.7 14 9
18:43:33 1 51 5120 3699 7.6 4.7 14 9
18:43:34 1 51 5120 3699 7.6 4.7 14 9
18:43:36 1 51 5120 3699 7.6 4.7 14 9
18:43:37 1 51 5120 3699 7.6 4.7 14 9
18:43:38 1 51 5120 3699 7.6 4.7 14 9
18:43:39 1 51 5120 3699 7.6 4.7 14 9
18:43:40 1 51 5120 3699 7.6 4.7 14 9
18:43:41 1 51 5120 3699 7.6 4.7 14 9
18:43:42 1 51 5120 3699 7.4 4.7 14 9
18:43:43 1 51 5120 3699 7.4 4.7 14 9
18:43:44 1 51 5120 3699 7.4 4.7 14 9
18:43:45 1 51 5120 3699 7.4 4.7 14 9
18:43:46 1 51 5120 3699 7.4 4.7 14 9
18:43:47 1 52 5120 3699 7.2 4.7 14 9
18:43:48 1 52 5120 3699 7.2 4.7 14 9
18:43:49 1 52 5120 3699 7.2 4.7 14 9
18:43:50 1 52 5120 3699 7.2 4.7 14 9
18:43:52 1 52 5120 3699 7.2 4.7 14 9
18:43:53 1 52 5120 3699 7.2 4.7 14 9
18:43:54 1 52 5120 3699 7.2 4.7 14 9
18:43:55 1 52 5120 3699 7.2 4.7 14 9
18:43:56 1 52 5120 3699 7.2 4.7 14 9
18:43:57 1 52 5120 3699 7.2 4.7 14 9
18:43:58 1 52 5120 3699 7.2 4.7 14 9
18:43:59 1 52 5120 3699 7.2 4.7 14 9
18:44:00 1 52 5120 3699 7.2 4.7 14 9
18:44:01 1 52 5120 3699 7.2 4.7 14 9
18:44:02 1 52 5120 3699 7.2 4.7 14 9
18:44:03 1 52 5120 3699 7.2 4.7 14 9
18:44:04 1 52 5120 3699 7.2 4.7 14 9
18:44:05 1 52 5120 3699 7.2 4.7 14 9
18:44:06 1 52 5120 3699 7.2 4.7 14 9
18:44:07 1 52 5120 3699 7.2 4.7 14 9
18:44:09 1 48 5120 3699 8.5 4.6 14 9
18:44:10 1 56 5120 3699 5.9 4.6 14 9
18:44:11 1 56 5120 3699 5.9 4.6 14 9
18:44:12 1 56 5120 3699 6.0 4.6 14 9
18:44:13 1 56 5120 3699 5.9 4.6 14 9
18:44:14 1 56 5120 3699 5.9 4.6 14 9
18:44:15 1 54 5120 3699 6.4 4.6 14 9
18:44:16 1 55 5120 3699 6.2 4.6 14 9
18:44:17 1 55 5120 3699 6.2 4.6 14 9
18:44:18 1 55 5120 3699 6.2 4.6 14 9
18:44:19 1 52 5120 3699 7.3 4.6 14 9
18:44:20 1 58 5120 3699 5.0 4.6 14 9
18:44:21 1 49 5120 3699 8.3 4.7 14 9
18:44:22 1 51 5120 3699 7.6 4.7 14 9
18:44:23 1 51 5120 3699 7.5 4.7 14 9
18:44:24 1 51 5120 3699 7.5 4.7 14 9
18:44:25 1 51 5120 3699 7.5 4.7 14 9
18:44:27 1 52 5120 3699 7.5 4.7 14 9
18:44:28 1 52 5120 3699 7.6 4.7 14 9
18:44:29 1 52 5120 3699 7.6 4.7 14 9
18:44:30 1 53 5120 3699 7.2 4.7 14 9
18:44:31 1 52 5120 3699 7.6 4.7 14 9
18:44:32 1 52 5120 3699 7.6 4.7 14 9
18:44:33 1 52 5120 3699 7.6 4.7 14 9
18:44:34 1 52 5120 3699 7.6 4.7 14 9
18:44:35 1 52 5120 3699 7.6 4.7 14 9
18:44:36 1 52 5120 3699 7.6 4.7 14 9
18:44:37 1 52 5120 3699 7.6 4.7 14 9
18:44:38 1 52 5120 3699 7.4 4.7 14 9
18:44:39 1 52 5120 3699 7.4 4.7 14 9
18:44:40 1 52 5120 3699 7.4 4.7 14 9
18:44:41 1 52 5120 3699 7.4 4.7 14 9
18:44:43 1 52 5120 3699 7.4 4.7 14 9
18:44:44 1 53 5120 3699 7.2 4.7 14 9
18:44:45 1 53 5120 3699 7.2 4.7 14 9
18:44:46 1 53 5120 3699 7.2 4.7 14 9
18:44:47 1 53 5120 3699 7.2 4.7 14 9
18:44:48 1 53 5120 3699 7.2 4.7 14 9
18:44:49 1 53 5120 3699 7.2 4.7 14 9
18:44:50 1 53 5120 3699 7.2 4.7 14 9
18:44:51 1 53 5120 3699 7.2 4.7 14 9
18:44:52 1 53 5120 3699 7.2 4.7 14 9
18:44:53 1 53 5120 3699 7.2 4.7 14 9
18:44:54 1 53 5120 3699 7.2 4.7 14 9
18:44:55 1 53 5120 3699 7.2 4.7 14 9
18:44:56 1 53 5120 3699 7.2 4.7 14 9
18:44:57 1 53 5120 3699 7.2 4.7 14 9
18:44:59 1 53 5120 3699 7.2 4.7 14 9
18:45:00 1 53 5120 3699 7.2 4.7 14 9
18:45:01 1 53 5120 3699 7.2 4.7 14 9
18:45:02 1 53 5120 3699 7.2 4.7 14 9
18:45:03 1 53 5120 3699 7.2 4.7 14 9
18:45:04 1 53 5120 3699 7.2 4.7 14 9
18:45:05 1 49 5120 3699 8.6 4.6 14 9
18:45:06 1 57 5120 3699 5.9 4.6 14 9
18:45:07 1 57 5120 3699 5.9 4.6 14 9
18:45:08 1 56 5120 3699 6.0 4.6 14 9
18:45:09 1 57 5120 3699 5.9 4.6 14 9
18:45:10 1 57 5120 3699 5.9 4.6 14 9
18:45:11 1 55 5120 3699 6.4 4.6 14 9
18:45:12 1 55 5120 3699 6.3 4.6 14 9
18:45:13 1 56 5120 3699 6.2 4.6 14 9
18:45:14 1 56 5120 3699 6.1 4.6 14 9
18:45:15 1 52 5120 3699 7.3 4.6 14 9
18:45:17 1 56 5120 3699 6.1 4.6 14 9
18:45:18 1 50 5120 3699 8.3 4.7 14 9
18:45:19 1 52 5120 3699 7.6 4.7 14 9
18:45:20 1 52 5120 3699 7.5 4.7 14 9
18:45:21 1 52 5120 3699 7.5 4.7 14 9
18:45:22 1 52 5120 3699 7.5 4.7 14 9
18:45:23 1 52 5120 3699 7.6 4.7 14 9
18:45:24 1 52 5120 3699 7.6 4.7 14 9
18:45:25 1 52 5120 3699 7.6 4.7 14 9
18:45:26 1 52 5120 3699 7.4 4.7 14 9
18:45:27 1 52 5120 3699 7.6 4.7 14 9
18:45:28 1 52 5120 3699 7.6 4.7 14 9
18:45:29 1 52 5120 3699 7.6 4.7 14 9
18:45:30 1 52 5120 3699 7.6 4.7 14 9
18:45:31 1 52 5120 3699 7.6 4.7 14 9
18:45:32 1 52 5120 3699 7.6 4.7 14 9
18:45:34 1 52 5120 3699 7.5 4.7 14 9
18:45:35 1 52 5120 3699 7.5 4.7 14 9
18:45:36 1 52 5120 3699 7.4 4.7 14 9
18:45:37 1 52 5120 3699 7.4 4.7 14 9
18:45:38 1 52 5120 3699 7.4 4.7 14 9
18:45:39 1 52 5120 3699 7.5 4.7 14 9
18:45:40 1 53 5120 3699 7.2 4.7 14 9
18:45:41 1 53 5120 3699 7.2 4.7 14 9
18:45:42 1 53 5120 3699 7.2 4.7 14 9
18:45:43 1 53 5120 3699 7.2 4.7 14 9
18:45:44 1 53 5120 3699 7.2 4.7 14 9
18:45:45 1 53 5120 3699 7.2 4.7 14 9
18:45:46 1 53 5120 3699 7.2 4.7 14 9
18:45:47 1 53 5120 3699 7.2 4.7 14 9
18:45:48 1 53 5120 3699 7.2 4.7 14 9
18:45:50 1 53 5120 3699 7.2 4.7 14 9
18:45:51 1 53 5120 3699 7.2 4.7 14 9
18:45:52 1 53 5120 3699 7.2 4.7 14 9
18:45:53 1 53 5120 3699 7.2 4.7 14 9
18:45:54 1 53 5120 3699 7.2 4.7 14 9
18:45:55 1 53 5120 3699 7.2 4.7 14 9
18:45:56 1 53 5120 3699 7.2 4.7 14 9
18:45:57 1 53 5120 3699 7.2 4.7 14 9
18:45:58 1 53 5120 3699 7.2 4.7 14 9
18:45:59 1 53 5120 3699 7.2 4.7 14 9
18:46:00 1 53 5120 3699 7.2 4.7 14 9
18:46:01 1 49 5120 3699 8.6 4.6 14 9
18:46:02 1 57 5120 3699 6.0 4.6 14 9
18:46:03 1 57 5120 3699 5.9 4.6 14 9
18:46:04 1 56 5120 3699 6.0 4.6 14 9
18:46:05 1 57 5120 3699 5.9 4.6 14 9
18:46:06 1 57 5120 3699 5.9 4.6 14 9
18:46:08 1 55 5120 3699 6.4 4.6 14 9
18:46:09 1 56 5120 3699 6.2 4.6 14 9
18:46:10 1 56 5120 3699 6.2 4.6 14 9
18:46:11 1 56 5120 3699 6.2 4.6 14 9
18:46:12 1 52 5120 3699 7.3 4.6 14 9
18:46:13 1 56 5120 3699 6.1 4.6 14 9
18:46:14 1 50 5120 3699 8.3 4.7 14 9
18:46:15 1 52 5120 3699 7.6 4.7 14 9
18:46:16 1 52 5120 3699 7.5 4.7 14 9
18:46:17 1 52 5120 3699 7.5 4.7 14 9
18:46:18 1 52 5120 3699 7.5 4.7 14 9
18:46:19 1 52 5120 3699 7.6 4.7 14 9
18:46:20 1 52 5120 3699 7.6 4.7 14 9
18:46:21 1 52 5120 3699 7.6 4.7 14 9
18:46:22 1 52 5120 3699 7.4 4.7 14 9
18:46:23 1 52 5120 3699 7.6 4.7 14 9
18:46:25 1 52 5120 3699 7.6 4.7 14 9
18:46:26 1 52 5120 3699 7.6 4.7 14 9
18:46:27 1 52 5120 3699 7.6 4.7 14 9
18:46:28 1 52 5120 3699 7.6 4.7 14 9
18:46:29 1 52 5120 3699 7.6 4.7 14 9
18:46:30 1 51 5120 3699 8.0 4.7 14 9
18:46:31 1 53 5120 3699 7.6 4.7 14 9
18:46:32 1 52 5120 3699 7.7 4.7 14 9
18:46:33 1 53 5120 3699 7.6 4.7 14 9
18:46:34 1 53 5120 3691 7.6 4.7 14 9
18:46:35 1 53 5120 3691 7.5 4.7 14 9
18:46:36 1 54 5120 3691 7.3 4.7 14 9
18:46:37 1 54 5120 3691 7.3 4.7 14 9
18:46:38 1 54 5120 3691 7.2 4.7 14 9
18:46:39 1 54 5120 3691 7.3 4.7 14 9
18:46:41 1 54 5120 3691 7.3 4.7 14 9
18:46:42 1 54 5120 3691 7.3 4.7 14 9
18:46:43 1 54 5120 3691 7.3 4.7 14 9
18:46:44 1 54 5120 3691 7.3 4.7 14 9
18:46:45 1 54 5120 3691 7.3 4.7 14 9
18:46:46 1 54 5120 3691 7.3 4.7 14 9
18:46:47 1 54 5120 3691 7.3 4.7 14 9
18:46:48 1 54 5120 3691 7.3 4.7 14 9
18:46:49 1 54 5120 3691 7.3 4.7 14 9
18:46:50 1 54 5120 3691 7.2 4.7 14 9
18:46:51 1 54 5120 3691 7.3 4.7 14 9
18:46:52 1 54 5120 3691 7.2 4.7 14 9
18:46:53 1 54 5120 3691 7.2 4.7 14 9
18:46:54 1 54 5120 3691 7.2 4.7 14 9
18:46:55 1 54 5120 3691 7.2 4.7 14 9
18:46:56 1 54 5120 3691 7.2 4.7 14 9
18:46:58 1 54 5120 3691 7.2 4.6 14 9
18:46:59 1 50 5120 3691 8.5 4.6 14 9
18:47:00 1 58 5120 3691 6.0 4.6 14 9
18:47:01 1 58 5120 3691 6.0 4.6 14 9
18:47:02 1 58 5120 3691 6.0 4.6 14 9
18:47:03 1 58 5120 3691 5.9 4.6 14 9
18:47:04 1 57 5120 3691 6.4 4.6 14 9
18:47:05 1 57 5120 3691 6.4 4.6 14 9
18:47:06 1 57 5120 3691 6.2 4.6 14 9
18:47:07 1 57 5120 3691 6.2 4.6 14 9
18:47:08 1 57 5120 3691 6.1 4.6 14 9
18:47:09 1 54 5120 3691 7.4 4.6 14 9
18:47:10 1 51 5120 3691 8.3 4.7 14 9
18:47:11 1 53 5120 3691 7.6 4.7 14 9
18:47:12 1 53 5120 3691 7.5 4.7 14 9
18:47:13 1 53 5120 3691 7.5 4.7 14 9
18:47:14 1 53 5120 3691 7.5 4.7 14 9
18:47:16 1 53 5120 3691 7.6 4.7 14 9
18:47:17 1 53 5120 3691 7.6 4.7 14 9
18:47:18 1 53 5120 3691 7.6 4.7 14 9
18:47:19 1 53 5120 3691 7.5 4.7 14 9
18:47:20 1 53 5120 3691 7.6 4.7 14 9
18:47:21 1 53 5120 3691 7.6 4.7 14 9
18:47:22 1 53 5120 3691 7.6 4.7 14 9
18:47:23 1 53 5120 3691 7.6 4.7 14 9
18:47:24 1 53 5120 3691 7.6 4.7 14 9
18:47:25 1 53 5120 3691 7.6 4.7 14 9
18:47:26 1 53 5120 3691 7.6 4.7 14 9
18:47:27 1 53 5120 3691 7.5 4.7 14 9
18:47:28 1 53 5120 3691 7.5 4.7 14 9
18:47:29 1 53 5120 3691 7.4 4.7 14 9
18:47:30 1 53 5120 3691 7.4 4.7 14 9
18:47:31 1 53 5120 3691 7.4 4.7 14 9
18:47:33 1 54 5120 3691 7.2 4.7 14 9
18:47:34 1 54 5120 3691 7.2 4.7 14 9
18:47:35 1 54 5120 3691 7.2 4.7 14 9
18:47:36 1 54 5120 3691 7.2 4.7 14 9
18:47:37 1 54 5120 3691 7.2 4.7 14 9
18:47:38 1 54 5120 3691 7.2 4.7 14 9
18:47:39 1 54 5120 3691 7.2 4.7 14 9
18:47:40 1 54 5120 3691 7.2 4.7 14 9
18:47:41 1 54 5120 3691 7.2 4.7 14 9
18:47:42 1 54 5120 3691 7.2 4.7 14 9
18:47:43 1 54 5120 3691 7.2 4.7 14 9
18:47:44 1 54 5120 3691 7.2 4.7 14 9
18:47:45 1 54 5120 3691 7.2 4.7 14 9
18:47:46 1 54 5120 3691 7.2 4.7 14 9
18:47:48 1 54 5120 3691 7.2 4.7 14 9
18:47:49 1 54 5120 3691 7.2 4.7 14 9
18:47:50 1 54 5120 3691 7.2 4.7 14 9
18:47:51 1 54 5120 3691 7.2 4.7 14 9
18:47:52 1 54 5120 3691 7.2 4.7 14 9
18:47:53 1 54 5120 3691 7.2 4.7 14 9
18:47:54 1 54 5120 3691 7.3 4.6 14 9
18:47:55 1 50 5120 3691 8.5 4.6 14 9
18:47:56 1 58 5120 3691 5.9 4.6 14 9
18:47:57 1 58 5120 3691 6.0 4.6 14 9
18:47:58 1 57 5120 3691 6.0 4.6 14 9
18:47:59 1 58 5120 3691 5.9 4.6 14 9
18:48:00 1 56 5120 3691 6.4 4.6 14 9
18:48:01 1 56 5120 3691 6.4 4.6 14 9
18:48:02 1 57 5120 3691 6.2 4.6 14 9
18:48:03 1 57 5120 3691 6.2 4.6 14 9
18:48:04 1 57 5120 3691 6.2 4.6 14 9
18:48:06 1 54 5120 3691 7.4 4.7 14 9
18:48:07 1 51 5120 3691 8.3 4.7 14 9
18:48:08 1 53 5120 3691 7.6 4.7 14 9
18:48:09 1 53 5120 3691 7.5 4.7 14 9
18:48:10 1 53 5120 3691 7.5 4.7 14 9
18:48:11 1 53 5120 3691 7.5 4.7 14 9
18:48:12 1 53 5120 3691 7.6 4.7 14 9
18:48:13 1 53 5120 3691 7.6 4.7 14 9
18:48:14 1 53 5120 3691 7.6 4.7 14 9
18:48:15 1 53 5120 3691 7.4 4.7 14 9
18:48:16 1 53 5120 3691 7.6 4.7 14 9
18:48:17 1 53 5120 3691 7.6 4.7 14 9
18:48:18 1 53 5120 3691 7.6 4.7 14 9
18:48:19 1 53 5120 3691 7.6 4.7 14 9
18:48:20 1 53 5120 3691 7.6 4.7 14 9
18:48:22 1 52 5120 3691 7.6 4.7 14 9
18:48:23 1 52 5120 3691 7.6 4.7 14 9
18:48:24 1 52 5120 3691 7.6 4.7 14 9
18:48:25 1 53 5120 3691 7.4 4.7 14 9
18:48:26 1 53 5120 3691 7.4 4.7 14 9
18:48:27 1 53 5120 3691 7.4 4.7 14 9
18:48:28 1 53 5120 3691 7.4 4.7 14 9
18:48:29 1 54 5120 3691 7.2 4.7 14 9
18:48:30 1 54 5120 3691 7.2 4.7 14 9
18:48:31 1 54 5120 3691 7.2 4.7 14 9
18:48:32 1 54 5120 3691 7.2 4.7 14 9
18:48:33 1 54 5120 3691 7.2 4.7 14 9
18:48:34 1 54 5120 3691 7.2 4.7 14 9
18:48:35 1 54 5120 3691 7.2 4.7 14 9
18:48:36 1 54 5120 3691 7.2 4.7 14 9
18:48:38 1 54 5120 3691 7.2 4.7 14 9
18:48:39 1 54 5120 3691 7.2 4.7 14 9
18:48:40 1 53 5120 3691 7.3 4.7 14 9
18:48:41 1 53 5120 3691 7.4 4.7 14 9
18:48:42 1 53 5120 3691 7.4 4.7 14 9
18:48:43 1 53 5120 3691 7.4 4.7 14 9
18:48:44 1 52 5120 3691 7.4 4.7 14 9
18:48:45 1 52 5120 3691 7.5 4.6 14 9
18:48:46 1 52 5120 3691 7.4 4.6 14 9
18:48:47 1 52 5120 3691 7.4 4.6 14 9
18:48:48 1 52 5120 3691 7.5 4.6 14 9
18:48:49 1 52 5120 3691 7.4 4.6 14 9
18:48:50 1 52 5120 3691 7.5 4.6 14 9
18:48:51 1 48 5120 3691 8.6 4.6 14 9
18:48:53 1 56 5120 3691 6.1 4.6 14 9
18:48:54 1 56 5120 3691 6.1 4.6 14 9
18:48:55 1 56 5120 3691 6.2 4.6 14 9
18:48:56 1 56 5120 3691 6.1 4.6 14 9
18:48:57 1 56 5120 3691 6.4 4.6 14 9
18:48:58 1 55 5120 3691 6.4 4.6 14 9
18:48:59 1 55 5120 3691 6.4 4.6 14 9
18:49:00 1 55 5120 3691 6.4 4.6 14 9
18:49:01 1 56 5120 3691 6.2 4.6 14 9
18:49:02 1 52 5120 3691 7.4 4.6 14 9
18:49:03 1 49 5120 3691 8.3 4.6 14 9
18:49:04 1 51 5120 3691 7.6 4.6 14 9
18:49:05 1 52 5120 3691 7.6 4.6 14 9
18:49:06 1 52 5120 3691 7.5 4.6 14 9
18:49:07 1 52 5120 3691 7.5 4.6 14 9
18:49:08 1 52 5120 3691 7.6 4.6 14 9
18:49:09 1 52 5120 3691 7.6 4.6 14 9
18:49:11 1 52 5120 3691 7.6 4.6 14 9
18:49:12 1 52 5120 3691 7.6 4.6 14 9
18:49:13 1 52 5120 3691 7.6 4.6 14 9
18:49:14 1 52 5120 3691 7.6 4.6 14 9
18:49:15 1 52 5120 3691 7.6 4.6 14 9
18:49:16 1 52 5120 3691 7.6 4.6 14 9
18:49:17 1 52 5120 3691 7.5 4.6 14 9
18:49:18 1 52 5120 3691 7.6 4.6 14 9
18:49:19 1 52 5120 3691 7.6 4.6 14 9
18:49:20 1 52 5120 3691 7.5 4.6 14 9
18:49:21 1 52 5120 3691 7.4 4.6 14 9
18:49:22 1 52 5120 3691 7.4 4.6 14 9
18:49:23 1 52 5120 3691 7.4 4.6 14 9
18:49:24 1 52 5120 3691 7.4 4.6 14 9
18:49:25 1 52 5120 3691 7.4 4.6 14 9
18:49:26 1 53 5120 3691 7.2 4.6 14 9
18:49:28 1 53 5120 3691 7.2 4.6 14 9
18:49:29 1 53 5120 3691 7.2 4.6 14 9
18:49:30 1 53 5120 3691 7.2 4.6 14 9
18:49:31 1 53 5120 3691 7.2 4.6 14 9
18:49:32 1 53 5120 3691 7.2 4.6 14 9
18:49:33 1 53 5120 3691 7.2 4.6 14 9
18:49:34 1 53 5120 3691 7.2 4.6 14 9
18:49:35 1 53 5120 3691 7.2 4.6 14 9
18:49:36 1 53 5120 3691 7.2 4.6 14 9
18:49:37 1 53 5120 3691 7.2 4.6 14 9
18:49:38 1 53 5120 3691 7.2 4.6 14 9
18:49:39 1 53 5120 3691 7.2 4.6 14 9
18:49:40 1 53 5120 3691 7.2 4.6 14 9
18:49:41 1 53 5120 3691 7.2 4.6 14 9
18:49:42 1 53 5120 3691 7.2 4.6 14 9
18:49:43 1 53 5120 3691 7.2 4.6 14 9
18:49:45 1 53 5120 3691 7.2 4.6 14 9
18:49:46 1 53 5120 3691 7.2 4.6 14 9
18:49:47 1 53 5120 3691 7.2 4.6 14 9
18:49:48 1 49 5120 3691 8.5 4.6 14 9
18:49:49 1 57 5120 3691 5.9 4.6 14 9
18:49:50 1 57 5120 3691 5.9 4.6 14 9
18:49:51 1 56 5120 3691 6.0 4.6 14 9
18:49:52 1 57 5120 3691 5.9 4.6 14 9
18:49:53 1 57 5120 3691 5.9 4.6 14 9
18:49:54 1 55 5120 3691 6.4 4.6 14 9
18:49:55 1 56 5120 3691 6.2 4.6 14 9
18:49:56 1 56 5120 3691 6.2 4.6 14 9
18:49:57 1 56 5120 3691 6.1 4.6 14 9
18:49:58 1 52 5120 3691 7.3 4.6 14 9
18:49:59 1 59 5120 3691 5.0 4.6 14 9
18:50:00 1 49 5120 3691 8.3 4.6 14 9
18:50:01 1 52 5120 3691 7.5 4.6 14 9
18:50:03 1 52 5120 3691 7.5 4.6 14 9
18:50:04 1 52 5120 3691 7.5 4.6 14 9
18:50:05 1 52 5120 3691 7.5 4.6 14 9
18:50:06 1 52 5120 3691 7.5 4.6 14 9
18:50:07 1 52 5120 3691 7.5 4.6 14 9
18:50:08 1 52 5120 3691 7.4 4.6 14 9
18:50:09 1 52 5120 3691 7.4 4.6 14 9
18:50:10 1 52 5120 3691 7.6 4.6 14 9
18:50:11 1 52 5120 3691 7.5 4.6 14 9
18:50:12 1 52 5120 3691 7.5 4.6 14 9
18:50:13 1 52 5120 3691 7.5 4.6 14 9
18:50:14 1 52 5120 3691 7.5 4.6 14 9
18:50:15 1 52 5120 3691 7.6 4.6 14 9
18:50:16 1 52 5120 3691 7.6 4.6 14 9
18:50:17 1 52 5120 3691 7.4 4.6 14 9
18:50:19 1 52 5120 3691 7.4 4.6 14 9
18:50:20 1 52 5120 3691 7.4 4.6 14 9
18:50:21 1 52 5120 3691 7.4 4.6 14 9
18:50:22 1 52 5120 3691 7.5 4.6 14 9
18:50:23 1 53 5120 3691 7.2 4.6 14 9
18:50:24 1 53 5120 3691 7.2 4.6 14 9
18:50:25 1 53 5120 3691 7.2 4.6 14 9
18:50:26 1 53 5120 3691 7.2 4.6 14 9
18:50:27 1 53 5120 3691 7.2 4.6 14 9
18:50:28 1 53 5120 3691 7.2 4.6 14 9
18:50:29 1 53 5120 3691 7.2 4.6 14 9
18:50:30 1 53 5120 3691 7.2 4.6 14 9
18:50:31 1 53 5120 3691 7.2 4.6 14 9
18:50:32 1 53 5120 3691 7.2 4.6 14 9
18:50:33 1 53 5120 3691 7.2 4.6 14 9
18:50:34 1 53 5120 3691 7.2 4.6 14 9
18:50:36 1 53 5120 3691 7.2 4.6 14 9
18:50:37 1 53 5120 3691 7.2 4.6 14 9
18:50:38 1 53 5120 3691 7.2 4.6 14 9
18:50:39 1 53 5120 3691 7.2 4.6 14 9
18:50:40 1 53 5120 3691 7.2 4.6 14 9
18:50:41 1 53 5120 3691 7.2 4.6 14 9
18:50:42 1 53 5120 3691 7.2 4.6 14 9
18:50:43 1 53 5120 3691 7.2 4.6 14 9
18:50:44 1 53 5120 3691 7.3 4.6 14 9
18:50:45 1 49 5120 3691 8.4 4.6 14 9
18:50:46 1 57 5120 3691 5.9 4.6 14 9
18:50:47 1 57 5120 3691 6.0 4.6 14 9
18:50:48 1 57 5120 3691 6.0 4.6 14 9
18:50:49 1 57 5120 3691 5.9 4.6 14 9
18:50:50 1 55 5120 3691 6.4 4.6 14 9
18:50:51 1 55 5120 3691 6.4 4.6 14 9
18:50:52 1 56 5120 3691 6.2 4.6 14 9
18:50:54 1 56 5120 3691 6.2 4.6 14 9
18:50:55 1 56 5120 3691 6.2 4.6 14 9
18:50:56 1 53 5120 3691 7.3 4.6 14 9
18:50:57 1 50 5120 3691 8.3 4.6 14 9
18:50:58 1 52 5120 3691 7.6 4.6 14 9
18:50:59 1 52 5120 3691 7.5 4.6 14 9
18:51:00 1 52 5120 3691 7.6 4.6 14 9
18:51:01 1 52 5120 3691 7.5 4.6 14 9
18:51:02 1 52 5120 3691 7.5 4.6 14 9
18:51:03 1 52 5120 3691 7.5 4.6 14 9
18:51:04 1 52 5120 3691 7.5 4.6 14 9
18:51:05 1 52 5120 3691 7.4 4.6 14 9
18:51:06 1 52 5120 3691 7.6 4.6 14 9
18:51:07 1 52 5120 3691 7.6 4.6 14 9
18:51:08 1 52 5120 3691 7.6 4.6 14 9
18:51:10 1 52 5120 3691 7.6 4.6 14 9
18:51:11 1 52 5120 3691 7.6 4.6 14 9
18:51:12 1 52 5120 3691 7.6 4.6 14 9
18:51:13 1 52 5120 3691 7.6 4.6 14 9
18:51:14 1 52 5120 3691 7.6 4.6 14 9
18:51:15 1 52 5120 3691 7.4 4.6 14 9
18:51:16 1 52 5120 3691 7.4 4.6 14 9
18:51:17 1 52 5120 3691 7.4 4.6 14 9
18:51:18 1 52 5120 3691 7.4 4.6 14 9
18:51:19 1 53 5120 3691 7.2 4.6 14 9
18:51:20 1 53 5120 3691 7.2 4.6 14 9
18:51:21 1 53 5120 3691 7.2 4.6 14 9
18:51:22 1 53 5120 3691 7.2 4.6 14 9
18:51:23 1 53 5120 3691 7.2 4.6 14 9
18:51:25 1 53 5120 3691 7.2 4.6 14 9
18:51:26 1 53 5120 3691 7.2 4.6 14 9
18:51:27 1 53 5120 3691 7.2 4.6 14 9
18:51:28 1 53 5120 3691 7.2 4.6 14 9
18:51:29 1 53 5120 3691 7.2 4.6 14 9
18:51:30 1 53 5120 3691 7.2 4.6 14 9
18:51:31 1 53 5120 3691 7.2 4.6 14 9
18:51:32 1 53 5120 3691 7.2 4.6 14 9
18:51:33 1 53 5120 3691 7.2 4.6 14 9
18:51:34 1 53 5120 3691 7.2 4.6 14 9
18:51:35 1 53 5120 3691 7.2 4.6 14 9
18:51:36 1 53 5120 3691 7.2 4.6 14 9
18:51:37 1 53 5120 3691 7.2 4.6 14 9
18:51:38 1 53 5120 3691 7.2 4.6 14 9
18:51:39 1 53 5120 3691 7.2 4.6 14 9
18:51:40 1 53 5120 3691 7.2 4.6 14 9
18:51:42 1 49 5120 3691 8.5 4.6 14 9
18:51:43 1 57 5120 3691 5.9 4.6 14 9
18:51:44 1 57 5120 3691 5.9 4.6 14 9
18:51:45 1 57 5120 3691 6.0 4.6 14 9
18:51:46 1 57 5120 3691 5.9 4.6 14 9
18:51:47 1 57 5120 3691 5.9 4.6 14 9
18:51:48 1 55 5120 3691 6.4 4.6 14 9
18:51:49 1 56 5120 3691 6.2 4.6 14 9
18:51:50 1 56 5120 3691 6.2 4.6 14 9
18:51:51 1 56 5120 3691 6.1 4.6 14 9
18:51:52 1 53 5120 3691 7.3 4.6 14 9
18:51:53 1 49 5120 3691 8.7 4.6 14 9
18:51:54 1 52 5120 3691 7.6 4.6 14 9
18:51:55 1 52 5120 3691 7.5 4.6 14 9
18:51:56 1 52 5120 3691 7.5 4.6 14 9
18:51:57 1 52 5120 3691 7.5 4.6 14 9
18:51:58 1 52 5120 3691 7.5 4.6 14 9
18:51:59 1 52 5120 3691 7.6 4.6 14 9
18:52:01 1 52 5120 3691 7.6 4.6 14 9
18:52:02 1 52 5120 3691 7.6 4.6 14 9
18:52:03 1 52 5120 3691 7.6 4.6 14 9
18:52:04 1 52 5120 3691 7.6 4.6 14 9
18:52:05 1 52 5120 3691 7.6 4.6 14 9
18:52:06 1 52 5120 3691 7.6 4.6 14 9
18:52:07 1 52 5120 3691 7.5 4.6 14 9
18:52:08 1 52 5120 3691 7.5 4.6 14 9
18:52:09 1 52 5120 3691 7.5 4.6 14 9
18:52:10 1 52 5120 3691 7.4 4.6 14 9
18:52:11 1 52 5120 3691 7.4 4.6 14 9
18:52:12 1 52 5120 3691 7.4 4.6 14 9
18:52:13 1 52 5120 3691 7.4 4.6 14 9
18:52:14 1 52 5120 3691 7.4 4.6 14 9
18:52:15 1 52 5120 3691 7.4 4.6 14 9
18:52:16 1 53 5120 3691 7.2 4.6 14 9
18:52:18 1 53 5120 3691 7.2 4.6 14 9
18:52:19 1 53 5120 3691 7.2 4.6 14 9
18:52:20 1 53 5120 3691 7.2 4.6 14 9
18:52:21 1 53 5120 3691 7.2 4.6 14 9
18:52:22 1 53 5120 3691 7.2 4.6 14 9
18:52:23 1 53 5120 3691 7.2 4.6 14 9
18:52:24 1 53 5120 3691 7.2 4.6 14 9
18:52:25 1 53 5120 3691 7.2 4.6 14 9
18:52:26 1 53 5120 3691 7.2 4.6 14 9
18:52:27 1 53 5120 3691 7.2 4.6 14 9
18:52:28 1 53 5120 3691 7.2 4.6 14 9
18:52:29 1 53 5120 3691 7.2 4.6 14 9
18:52:30 1 53 5120 3691 7.2 4.6 14 9
18:52:31 1 53 5120 3691 7.2 4.6 14 9
18:52:32 1 53 5120 3691 7.2 4.6 14 9
18:52:33 1 53 5120 3691 7.2 4.6 14 9
18:52:35 1 53 5120 3691 7.2 4.6 14 9
18:52:36 1 53 5120 3691 7.2 4.6 14 9
18:52:37 1 53 5120 3691 7.2 4.6 14 9
18:52:38 1 49 5120 3691 8.5 4.6 14 9
18:52:39 1 57 5120 3691 5.9 4.6 14 9
18:52:40 1 57 5120 3691 5.9 4.6 14 9
18:52:41 1 57 5120 3691 6.0 4.6 14 9
18:52:42 1 57 5120 3691 5.9 4.6 14 9
18:52:43 1 57 5120 3691 5.9 4.6 14 9
18:52:44 1 56 5120 3691 6.3 4.6 14 9
18:52:45 1 56 5120 3691 6.2 4.6 14 9
18:52:46 1 56 5120 3691 6.1 4.6 14 9
18:52:47 1 56 5120 3691 6.1 4.6 14 9
18:52:48 1 53 5120 3691 7.3 4.6 14 9
18:52:49 1 49 5120 3691 8.6 4.6 14 9
18:52:50 1 52 5120 3691 7.5 4.6 14 9
18:52:51 1 52 5120 3691 7.5 4.6 14 9
18:52:52 1 52 5120 3691 7.5 4.6 14 9
18:52:54 1 52 5120 3691 7.5 4.6 14 9
18:52:55 1 52 5120 3691 7.5 4.6 14 9
18:52:56 1 52 5120 3691 7.5 4.6 14 9
18:52:57 1 52 5120 3691 7.5 4.6 14 9
18:52:58 1 52 5120 3691 7.5 4.6 14 9
18:52:59 1 52 5120 3691 7.5 4.6 14 9
18:53:00 1 52 5120 3691 7.6 4.6 14 9
18:53:01 1 52 5120 3691 7.5 4.6 14 9
18:53:02 1 52 5120 3691 7.5 4.6 14 9
18:53:03 1 52 5120 3691 7.5 4.6 14 9
18:53:04 1 52 5120 3691 7.5 4.6 14 9
18:53:05 1 52 5120 3691 7.5 4.6 14 9
18:53:06 1 52 5120 3691 7.4 4.6 14 9
18:53:07 1 52 5120 3691 7.4 4.6 14 9
18:53:08 1 52 5120 3691 7.4 4.6 14 9
18:53:10 1 52 5120 3691 7.4 4.6 14 9
18:53:11 1 52 5120 3691 7.4 4.6 14 9
18:53:12 1 52 5120 3691 7.4 4.6 14 9
18:53:13 1 53 5120 3691 7.2 4.6 14 9
18:53:14 1 53 5120 3691 7.2 4.6 14 9
18:53:15 1 53 5120 3691 7.2 4.6 14 9
18:53:16 1 53 5120 3691 7.2 4.6 14 9
18:53:17 1 53 5120 3691 7.2 4.6 14 9
18:53:18 1 53 5120 3691 7.2 4.6 14 9
18:53:19 1 53 5120 3691 7.2 4.6 14 9
18:53:20 1 53 5120 3691 7.2 4.6 14 9
18:53:21 1 53 5120 3691 7.2 4.6 14 9
18:53:22 1 53 5120 3691 7.2 4.6 14 9
18:53:23 1 53 5120 3691 7.2 4.6 14 9
18:53:25 1 53 5120 3691 7.2 4.6 14 9
18:53:26 1 53 5120 3691 7.2 4.6 14 9
18:53:27 1 53 5120 3691 7.2 4.6 14 9
18:53:28 1 53 5120 3691 7.2 4.6 14 9
18:53:29 1 53 5120 3691 7.2 4.6 14 9
18:53:30 1 53 5120 3691 7.2 4.6 14 9
18:53:31 1 53 5120 3691 7.2 4.6 14 9
18:53:32 1 53 5120 3691 7.1 4.6 14 9
18:53:33 1 53 5120 3691 7.2 4.6 14 9
18:53:34 1 49 5120 3691 8.5 4.6 14 9
18:53:35 1 57 5120 3691 5.9 4.6 14 9
18:53:36 1 57 5120 3691 5.9 4.6 14 9
18:53:37 1 57 5120 3691 6.0 4.6 14 9
18:53:38 1 57 5120 3691 5.9 4.6 14 9
18:53:39 1 57 5120 3691 5.9 4.6 14 9
18:53:40 1 56 5120 3691 6.3 4.6 14 9
18:53:41 1 56 5120 3691 6.2 4.6 14 9
18:53:43 1 56 5120 3691 6.1 4.6 14 9
18:53:44 1 56 5120 3691 6.1 4.6 14 9
18:53:45 1 53 5120 3691 7.3 4.6 14 9
18:53:46 1 49 5120 3691 8.6 4.6 14 9
18:53:47 1 52 5120 3691 7.7 4.6 14 9
18:53:48 1 52 5120 3691 7.7 4.6 14 9
18:53:49 1 52 5120 3691 7.7 4.6 14 9
18:53:50 1 52 5120 3691 7.7 4.6 14 9
18:53:51 1 51 5120 3691 7.8 4.6 14 9
18:53:52 1 51 5120 3691 7.8 4.6 14 9
18:53:53 1 51 5120 3691 7.8 4.6 14 9
18:53:54 1 51 5120 3691 7.8 4.6 14 9
18:53:55 1 51 5120 3691 7.8 4.6 14 9
18:53:56 1 51 5120 3691 7.9 4.6 14 9
18:53:57 1 51 5120 3691 7.8 4.6 14 9
18:53:59 1 51 5120 3691 7.8 4.6 14 9
18:54:00 1 51 5120 3691 7.8 4.6 14 9
18:54:01 1 51 5120 3691 7.8 4.6 14 9
18:54:02 1 51 5120 3691 7.7 4.6 14 9
18:54:03 1 52 5120 3691 7.7 4.6 14 9
18:54:04 1 52 5120 3691 7.6 4.6 14 9
18:54:05 1 52 5120 3691 7.6 4.6 14 9
18:54:06 1 52 5120 3691 7.6 4.6 14 9
18:54:07 1 52 5120 3691 7.6 4.6 14 9
18:54:08 1 52 5120 3691 7.4 4.6 14 9
18:54:09 1 53 5120 3691 7.2 4.6 14 9
18:54:10 1 53 5120 3691 7.2 4.6 14 9
18:54:11 1 53 5120 3691 7.2 4.6 14 9
18:54:12 1 53 5120 3691 7.2 4.6 14 9
18:54:14 1 53 5120 3691 7.2 4.6 14 9
18:54:15 1 53 5120 3691 7.2 4.6 14 9
18:54:16 1 53 5120 3691 7.2 4.6 14 9
18:54:17 1 54 5120 3691 7.2 4.6 14 9
18:54:18 1 54 5120 3691 7.2 4.6 14 9
18:54:19 1 54 5120 3691 7.2 4.6 14 9
18:54:20 1 54 5120 3691 7.2 4.6 14 9
18:54:21 1 54 5120 3691 7.2 4.6 14 9
18:54:22 1 54 5120 3691 7.2 4.6 14 9
18:54:23 1 54 5120 3691 7.2 4.6 14 9
18:54:24 1 54 5120 3691 7.2 4.6 14 9
18:54:25 1 54 5120 3691 7.2 4.6 14 9
18:54:26 1 54 5120 3691 7.2 4.6 14 9
18:54:27 1 54 5120 3691 7.2 4.6 14 9
18:54:28 1 54 5120 3691 7.1 4.6 14 9
18:54:30 1 54 5120 3691 7.2 4.6 14 9
18:54:31 1 50 5120 3691 8.5 4.6 14 9
18:54:32 1 57 5120 3691 5.9 4.6 14 9
18:54:33 1 57 5120 3691 5.9 4.6 14 9
18:54:34 1 57 5120 3691 6.0 4.6 14 9
18:54:35 1 57 5120 3691 5.9 4.6 14 9
18:54:36 1 57 5120 3691 5.9 4.6 14 9
18:54:37 1 56 5120 3691 6.3 4.6 14 9
18:54:38 1 56 5120 3691 6.2 4.6 14 9
18:54:39 1 57 5120 3691 6.1 4.6 14 9
18:54:40 1 57 5120 3691 6.1 4.6 14 9
18:54:41 1 53 5120 3691 7.3 4.6 14 9
18:54:42 1 50 5120 3691 8.6 4.6 14 9
18:54:43 1 52 5120 3691 7.5 4.6 14 9
18:54:44 1 53 5120 3691 7.5 4.6 14 9
18:54:45 1 53 5120 3691 7.5 4.6 14 9
18:54:46 1 53 5120 3691 7.5 4.6 14 9
18:54:48 1 53 5120 3691 7.5 4.6 14 9
18:54:49 1 52 5120 3691 7.5 4.6 14 9
18:54:50 1 52 5120 3691 7.5 4.6 14 9
18:54:51 1 52 5120 3691 7.5 4.6 14 9
18:54:52 1 52 5120 3691 7.5 4.6 14 9
18:54:53 1 52 5120 3691 7.5 4.6 14 9
18:54:54 1 52 5120 3691 7.5 4.6 14 9
18:54:55 1 52 5120 3691 7.5 4.6 14 9
18:54:56 1 52 5120 3691 7.5 4.6 14 9
18:54:57 1 52 5120 3691 7.5 4.6 14 9
18:54:58 1 52 5120 3691 7.5 4.6 14 9
18:54:59 1 53 5120 3691 7.4 4.6 14 9
18:55:00 1 53 5120 3691 7.5 4.6 14 9
18:55:01 1 53 5120 3691 7.4 4.6 14 9
18:55:02 1 54 5120 3691 7.4 4.6 14 9
18:55:04 1 54 5120 3691 7.4 4.6 14 9
18:55:05 1 54 5120 3691 7.4 4.6 14 9
18:55:06 1 54 5120 3691 7.2 4.6 14 9
18:55:07 1 54 5120 3691 7.2 4.6 14 9
18:55:08 1 54 5120 3691 7.2 4.6 14 9
18:55:09 1 54 5120 3691 7.2 4.6 14 9
18:55:10 1 54 5120 3691 7.1 4.6 14 9
18:55:11 1 54 5120 3691 7.2 4.6 14 9
18:55:12 1 54 5120 3691 7.2 4.6 14 9
18:55:13 1 54 5120 3691 7.2 4.6 14 9
18:55:14 1 54 5120 3691 7.2 4.6 14 9
18:55:15 1 54 5120 3691 7.2 4.6 14 9
18:55:16 1 54 5120 3691 7.1 4.6 14 9
18:55:17 1 54 5120 3691 7.1 4.6 14 9
18:55:19 1 54 5120 3691 7.1 4.6 14 9
18:55:20 1 54 5120 3691 7.2 4.6 14 9
18:55:21 1 54 5120 3691 7.2 4.6 14 9
18:55:22 1 54 5120 3691 7.2 4.6 14 9
18:55:23 1 54 5120 3691 7.2 4.6 14 9
18:55:24 1 54 5120 3691 7.2 4.6 14 9
18:55:25 1 54 5120 3691 7.2 4.6 14 9
18:55:26 1 54 5120 3691 7.2 4.6 14 9
18:55:27 1 50 5120 3691 8.5 4.6 14 9
18:55:28 1 58 5120 3691 5.9 4.6 14 9
18:55:29 1 58 5120 3691 5.9 4.6 14 9
18:55:30 1 58 5120 3691 6.0 4.6 14 9
18:55:31 1 58 5120 3691 5.9 4.6 14 9
18:55:32 1 58 5120 3691 5.9 4.6 14 9
18:55:33 1 56 5120 3691 6.3 4.6 14 9
18:55:34 1 57 5120 3691 6.2 4.6 14 9
18:55:35 1 57 5120 3691 6.1 4.6 14 9
18:55:37 1 57 5120 3691 6.1 4.6 14 9
18:55:38 1 53 5120 3691 7.3 4.6 14 9
18:55:39 1 50 5120 3691 8.6 4.6 14 9
18:55:40 1 52 5120 3691 7.5 4.6 14 9
18:55:41 1 53 5120 3691 7.5 4.6 14 9
18:55:42 1 53 5120 3691 7.5 4.6 14 9
18:55:43 1 53 5120 3691 7.5 4.6 14 9
18:55:44 1 53 5120 3691 7.5 4.6 14 9
18:55:45 1 53 5120 3691 7.4 4.6 14 9
18:55:46 1 53 5120 3691 7.4 4.6 14 9
18:55:47 1 53 5120 3691 7.4 4.6 14 9
18:55:48 1 52 5120 3691 7.5 4.6 14 9
18:55:49 1 52 5120 3691 7.5 4.6 14 9
18:55:50 1 52 5120 3691 7.5 4.6 14 9
18:55:52 1 52 5120 3691 7.5 4.6 14 9
18:55:53 1 52 5120 3691 7.5 4.6 14 9
18:55:54 1 52 5120 3691 7.5 4.5 14 9
18:55:55 1 52 5120 3691 7.5 4.5 14 9
18:55:56 1 52 5120 3691 7.6 4.5 14 9
18:55:57 1 52 5120 3691 7.4 4.5 14 9
18:55:58 1 52 5120 3691 7.4 4.5 14 9
18:55:59 1 52 5120 3691 7.4 4.5 14 9
18:56:00 1 52 5120 3691 7.4 4.5 14 9
18:56:01 1 52 5120 3691 7.4 4.5 14 9
18:56:02 1 53 5120 3691 7.2 4.5 14 9
18:56:03 1 53 5120 3691 7.2 4.5 14 9
18:56:04 1 53 5120 3691 7.2 4.5 14 9
18:56:05 1 53 5120 3691 7.2 4.5 14 9
18:56:06 1 53 5120 3691 7.2 4.5 14 9
18:56:07 1 53 5120 3691 7.1 4.5 14 9
18:56:09 1 53 5120 3691 7.2 4.5 14 9
18:56:10 1 53 5120 3691 7.2 4.5 14 9
18:56:11 1 53 5120 3691 7.2 4.5 14 9
18:56:12 1 53 5120 3691 7.2 4.5 14 9
18:56:13 1 53 5120 3691 7.1 4.5 14 9
18:56:14 1 53 5120 3691 7.1 4.5 14 9
18:56:15 1 53 5120 3691 7.1 4.5 14 9
18:56:16 1 53 5120 3691 7.1 4.5 14 9
18:56:17 1 53 5120 3691 7.2 4.5 14 9
18:56:18 1 53 5120 3691 7.1 4.5 14 9
18:56:19 1 53 5120 3691 7.1 4.5 14 9
18:56:20 1 53 5120 3691 7.1 4.5 14 9
18:56:21 1 53 5120 3691 7.1 4.5 14 9
18:56:22 1 53 5120 3691 7.1 4.5 14 9
18:56:23 1 49 5120 3691 8.5 4.5 14 9
18:56:24 1 57 5120 3691 5.9 4.5 14 9
18:56:26 1 57 5120 3691 5.9 4.5 14 9
18:56:27 1 57 5120 3691 5.9 4.5 14 9
18:56:28 1 57 5120 3691 5.9 4.5 14 9
18:56:29 1 57 5120 3691 5.9 4.5 14 9
18:56:30 1 56 5120 3691 6.3 4.5 14 9
18:56:31 1 56 5120 3691 6.2 4.5 14 9
18:56:32 1 56 5120 3691 6.1 4.5 14 9
18:56:33 1 56 5120 3691 6.1 4.5 14 9
18:56:34 1 53 5120 3691 7.3 4.5 14 9
18:56:35 1 56 5120 3691 6.1 4.5 14 9
18:56:36 1 50 5120 3691 8.3 4.5 14 9
18:56:37 1 52 5120 3691 7.5 4.5 14 9
18:56:38 1 52 5120 3691 7.5 4.5 14 9
18:56:39 1 52 5120 3691 7.5 4.5 14 9
18:56:40 1 52 5120 3691 7.5 4.5 14 9
18:56:41 1 52 5120 3691 7.5 4.5 14 9
18:56:42 1 52 5120 3691 7.5 4.5 14 9
18:56:44 1 52 5120 3691 7.5 4.5 14 9
18:56:45 1 53 5120 3691 7.1 4.5 14 9
18:56:46 1 52 5120 3691 7.5 4.5 14 9
18:56:47 1 52 5120 3691 7.5 4.5 14 9
18:56:48 1 52 5120 3691 7.5 4.5 14 9
18:56:49 1 52 5120 3691 7.5 4.5 14 9
18:56:50 1 52 5120 3691 7.5 4.5 14 9
18:56:51 1 52 5120 3691 7.5 4.5 14 9
18:56:52 1 52 5120 3691 7.5 4.5 14 9
18:56:53 1 52 5120 3691 7.4 4.5 14 9
18:56:54 1 53 5120 3691 7.4 4.5 14 9
18:56:55 1 53 5120 3691 7.4 4.5 14 9
18:56:56 1 53 5120 3691 7.4 4.5 14 9
18:56:57 1 52 5120 3691 7.4 4.5 14 9
18:56:58 1 53 5120 3691 7.2 4.5 14 9
18:57:00 1 53 5120 3691 7.2 4.5 14 9
18:57:01 1 53 5120 3691 7.2 4.5 14 9
18:57:02 1 53 5120 3691 7.2 4.5 14 9
18:57:03 1 53 5120 3691 7.1 4.5 14 9
18:57:04 1 53 5120 3691 7.1 4.5 14 9
18:57:05 1 53 5120 3691 7.1 4.5 14 9
18:57:06 1 53 5120 3691 7.1 4.5 14 9
18:57:07 1 53 5120 3691 7.1 4.5 14 9
18:57:08 1 53 5120 3691 7.1 4.5 14 9
18:57:09 1 53 5120 3691 7.1 4.5 14 9
18:57:10 1 53 5120 3691 7.1 4.5 14 9
18:57:11 1 53 5120 3691 7.1 4.5 14 9
18:57:12 1 53 5120 3691 7.1 4.5 14 9
18:57:13 1 53 5120 3691 7.1 4.5 14 9
18:57:14 1 53 5120 3691 7.1 4.5 14 9
18:57:15 1 53 5120 3691 7.1 4.5 14 9
18:57:17 1 53 5120 3691 7.1 4.5 14 9
18:57:18 1 53 5120 3691 7.1 4.5 14 9
18:57:19 1 53 5120 3691 7.1 4.5 14 9
18:57:20 1 53 5120 3691 7.2 4.5 14 9
18:57:21 1 50 5120 3691 8.3 4.5 14 9
18:57:22 1 57 5120 3691 5.9 4.5 14 9
18:57:23 1 57 5120 3691 5.8 4.5 14 9
18:57:24 1 57 5120 3691 5.9 4.5 14 9
18:57:25 1 57 5120 3691 5.8 4.5 14 9
18:57:26 1 56 5120 3691 6.3 4.5 14 9
18:57:27 1 56 5120 3691 6.3 4.5 14 9
18:57:28 1 56 5120 3691 6.2 4.5 14 9
18:57:29 1 56 5120 3691 6.1 4.5 14 9
18:57:30 1 56 5120 3691 6.1 4.5 14 9
18:57:31 1 53 5120 3691 7.3 4.5 14 9
18:57:32 1 50 5120 3691 8.2 4.5 14 9
18:57:33 1 52 5120 3691 7.5 4.5 14 9
18:57:34 1 52 5120 3691 7.5 4.5 14 9
18:57:36 1 52 5120 3691 7.5 4.5 14 9
18:57:37 1 52 5120 3691 7.5 4.5 14 9
18:57:38 1 52 5120 3691 7.5 4.5 14 9
18:57:39 1 52 5120 3691 7.5 4.5 14 9
18:57:40 1 52 5120 3691 7.5 4.5 14 9
18:57:41 1 53 5120 3691 7.4 4.5 14 9
18:57:42 1 52 5120 3691 7.5 4.5 14 9
18:57:43 1 52 5120 3691 7.5 4.5 14 9
18:57:44 1 52 5120 3691 7.5 4.5 14 9
18:57:45 1 52 5120 3691 7.5 4.5 14 9
18:57:46 1 52 5120 3691 7.5 4.5 14 9
18:57:47 1 52 5120 3691 7.5 4.5 14 9
18:57:48 1 52 5120 3691 7.5 4.5 14 9
18:57:49 1 53 5120 3691 7.4 4.5 14 9
18:57:50 1 53 5120 3691 7.4 4.5 14 9
18:57:51 1 53 5120 3691 7.4 4.5 14 9
18:57:53 1 53 5120 3691 7.4 4.5 14 9
18:57:54 1 53 5120 3691 7.4 4.5 14 9
18:57:55 1 53 5120 3691 7.4 4.5 14 9
18:57:56 1 53 5120 3691 7.1 4.5 14 9
18:57:57 1 53 5120 3691 7.1 4.5 14 9
18:57:58 1 53 5120 3691 7.2 4.5 14 9
18:57:59 1 53 5120 3691 7.1 4.5 14 9
18:58:00 1 53 5120 3691 7.2 4.5 14 9
18:58:01 1 53 5120 3691 7.1 4.5 14 9
18:58:02 1 53 5120 3691 7.2 4.5 14 9
18:58:03 1 53 5120 3691 7.2 4.5 14 9
18:58:04 1 53 5120 3691 7.2 4.5 14 9
18:58:05 1 53 5120 3691 7.1 4.5 14 9
18:58:06 1 53 5120 3691 7.1 4.5 14 9
18:58:07 1 53 5120 3691 7.1 4.5 14 9
18:58:08 1 53 5120 3691 7.1 4.5 14 9
18:58:10 1 53 5120 3691 7.1 4.5 14 9
18:58:11 1 53 5120 3691 7.1 4.5 14 9
18:58:12 1 53 5120 3691 7.1 4.5 14 9
18:58:13 1 53 5120 3691 7.1 4.5 14 9
18:58:14 1 53 5120 3691 7.1 4.5 14 9
18:58:15 1 53 5120 3691 7.1 4.5 14 9
18:58:16 1 53 5120 3691 7.1 4.5 14 9
18:58:17 1 50 5120 3691 8.4 4.5 14 9
18:58:18 1 57 5120 3691 5.8 4.5 14 9
18:58:19 1 57 5120 3691 5.8 4.5 14 9
18:58:20 1 57 5120 3691 5.9 4.5 14 9
18:58:21 1 57 5120 3691 5.8 4.5 14 9
18:58:22 1 57 5120 3691 5.8 4.5 14 9
18:58:23 1 56 5120 3691 6.3 4.5 14 9
18:58:24 1 56 5120 3691 6.2 4.5 14 9
18:58:25 1 56 5120 3691 6.1 4.5 14 9
18:58:26 1 56 5120 3691 6.1 4.5 14 9
18:58:28 1 53 5120 3691 7.3 4.5 14 9
18:58:29 1 49 5120 3691 8.5 4.5 14 9
18:58:30 1 52 5120 3691 7.5 4.5 14 9
18:58:31 1 52 5120 3691 7.5 4.5 14 9
18:58:32 1 52 5120 3691 7.5 4.5 14 9
18:58:33 1 52 5120 3691 7.5 4.5 14 9
18:58:34 1 52 5120 3691 7.5 4.5 14 9
18:58:35 1 52 5120 3691 7.5 4.5 14 9
18:58:36 1 52 5120 3691 7.5 4.5 14 9
18:58:37 1 52 5120 3691 7.5 4.5 14 9
18:58:38 1 52 5120 3691 7.5 4.5 14 9
18:58:39 1 52 5120 3691 7.5 4.5 14 9
18:58:40 1 52 5120 3691 7.5 4.5 14 9
18:58:41 1 52 5120 3691 7.5 4.5 14 9
18:58:43 1 52 5120 3691 7.5 4.5 14 9
18:58:44 1 52 5120 3691 7.5 4.5 14 9
18:58:45 1 52 5120 3691 7.5 4.5 14 9
18:58:46 1 53 5120 3691 7.4 4.5 14 9
18:58:47 1 53 5120 3691 7.4 4.5 14 9
18:58:48 1 53 5120 3691 7.4 4.5 14 9
18:58:49 1 53 5120 3691 7.4 4.5 14 9
18:58:50 1 53 5120 3691 7.4 4.5 14 9
18:58:51 1 53 5120 3691 7.4 4.5 14 9
18:58:52 1 53 5120 3691 7.1 4.5 14 9
18:58:53 1 53 5120 3691 7.1 4.5 14 9
18:58:54 1 53 5120 3691 7.1 4.5 14 9
18:58:55 1 53 5120 3691 7.1 4.5 14 9
18:58:56 1 53 5120 3691 7.1 4.5 14 9
18:58:57 1 53 5120 3691 7.1 4.5 14 9
18:58:58 1 53 5120 3691 7.1 4.5 14 9
18:59:00 1 53 5120 3691 7.1 4.5 14 9
18:59:01 1 53 5120 3691 7.2 4.5 14 9
18:59:02 1 53 5120 3691 7.1 4.5 14 9
18:59:03 1 53 5120 3691 7.1 4.5 14 9
18:59:04 1 53 5120 3691 7.1 4.5 14 9
18:59:05 1 53 5120 3691 7.1 4.5 14 9
18:59:06 1 53 5120 3691 7.2 4.5 14 9
18:59:07 1 53 5120 3691 7.1 4.5 14 9
18:59:08 1 53 5120 3691 7.1 4.5 14 9
18:59:09 1 53 5120 3691 7.1 4.5 14 9
18:59:10 1 53 5120 3691 7.1 4.5 14 9
18:59:11 1 53 5120 3691 7.2 4.5 14 9
18:59:12 1 53 5120 3691 7.1 4.5 14 9
18:59:13 1 49 5120 3691 8.5 4.5 14 9
18:59:14 1 57 5120 3691 5.8 4.5 14 9
18:59:15 1 57 5120 3691 5.8 4.5 14 9
18:59:17 1 57 5120 3691 5.9 4.5 14 9
18:59:18 1 57 5120 3691 5.8 4.5 14 9
18:59:19 1 57 5120 3691 5.8 4.5 14 9
18:59:20 1 55 5120 3691 6.3 4.4 14 9
18:59:21 1 56 5120 3691 6.1 4.4 14 9
18:59:22 1 56 5120 3691 6.1 4.4 14 9
18:59:23 1 56 5120 3691 6.1 4.4 14 9
18:59:24 1 52 5120 3691 7.3 4.4 14 9
18:59:25 1 56 5120 3691 6.0 4.4 14 9
18:59:26 1 49 5120 3691 8.2 4.4 14 9
18:59:27 1 52 5120 3691 7.5 4.4 14 9
18:59:28 1 52 5120 3691 7.5 4.4 14 9
18:59:29 1 52 5120 3691 7.5 4.4 14 9
18:59:30 1 52 5120 3691 7.5 4.4 14 9
18:59:31 1 52 5120 3691 7.5 4.4 14 9
18:59:32 1 52 5120 3691 7.5 4.4 14 9
18:59:33 1 52 5120 3691 7.4 4.4 14 9
18:59:35 1 53 5120 3691 7.1 4.4 14 9
18:59:36 1 52 5120 3691 7.5 4.4 14 9
18:59:37 1 52 5120 3691 7.5 4.4 14 9
18:59:38 1 52 5120 3691 7.5 4.4 14 9
18:59:39 1 52 5120 3691 7.5 4.4 14 9
18:59:40 1 52 5120 3691 7.5 4.4 14 9
18:59:41 1 52 5120 3691 7.5 4.4 14 9
18:59:42 1 52 5120 3691 7.5 4.4 14 9
18:59:43 1 52 5120 3691 7.4 4.4 14 9
18:59:44 1 52 5120 3691 7.4 4.4 14 9
18:59:45 1 52 5120 3691 7.4 4.4 14 9
18:59:46 1 52 5120 3691 7.3 4.4 14 9
18:59:47 1 52 5120 3691 7.4 4.4 14 9
18:59:48 1 53 5120 3691 7.1 4.4 14 9
18:59:49 1 53 5120 3691 7.1 4.4 14 9
18:59:51 1 53 5120 3691 7.1 4.4 14 9
18:59:52 1 53 5120 3691 7.1 4.4 14 9
18:59:53 1 53 5120 3691 7.1 4.4 14 9
18:59:54 1 53 5120 3691 7.1 4.4 14 9
18:59:55 1 53 5120 3691 7.1 4.4 14 9
18:59:56 1 53 5120 3691 7.1 4.4 14 9
18:59:57 1 53 5120 3691 7.1 4.4 14 9
18:59:58 1 53 5120 3691 7.1 4.4 14 9
18:59:59 1 53 5120 3691 7.1 4.4 14 9
19:00:00 1 53 5120 3691 7.1 4.4 14 9
19:00:01 1 53 5120 3691 7.1 4.4 14 9
19:00:02 1 53 5120 3691 7.1 4.4 14 9
19:00:03 1 50 5120 3691 7.1 3.5 14 9
19:00:04 1 50 5120 3691 7.1 3.5 14 9
19:00:05 1 50 5120 3691 7.2 3.5 14 9
19:00:06 1 49 5120 3691 7.2 3.5 14 9
19:00:07 1 49 5120 3691 7.2 3.5 14 9
19:00:09 1 49 5120 3691 7.2 3.5 14 9
19:00:10 1 49 5120 3691 7.2 3.5 14 9
19:00:11 1 46 5120 3691 8.5 3.5 14 9
19:00:12 1 53 5120 3691 5.9 3.5 14 9
19:00:13 1 53 5120 3691 5.9 3.5 14 9
19:00:14 1 53 5120 3691 6.0 3.5 14 9
19:00:15 1 53 5120 3691 6.0 3.5 14 9
19:00:16 1 54 5120 3691 5.8 3.5 14 9
19:00:17 1 52 5120 3691 6.3 3.5 14 9
19:00:18 1 53 5120 3691 6.1 3.5 14 9
19:00:19 1 53 5120 3691 6.1 3.5 14 9
19:00:20 1 53 5120 3691 6.1 3.5 14 9
19:00:21 1 49 5120 3691 7.4 3.5 14 9
19:00:22 1 46 5120 3691 8.3 3.5 14 9
19:00:23 1 49 5120 3691 7.5 3.5 14 9
19:00:24 1 49 5120 3691 7.5 3.5 14 9
19:00:25 1 49 5120 3691 7.4 3.5 14 9
19:00:27 1 49 5120 3691 7.4 3.5 14 9
19:00:28 1 49 5120 3691 7.5 3.5 14 9
19:00:29 1 49 5120 3691 7.5 3.5 14 9
19:00:30 1 49 5120 3691 7.5 3.5 14 9
19:00:31 1 49 5120 3691 7.4 3.5 14 9
19:00:32 1 49 5120 3691 7.5 3.5 14 9
19:00:33 1 49 5120 3691 7.5 3.5 14 9
19:00:34 1 49 5120 3691 7.5 3.5 14 9
19:00:35 1 49 5120 3691 7.5 3.5 14 9
19:00:36 1 49 5120 3691 7.5 3.5 14 9
19:00:37 1 49 5120 3691 7.5 3.5 14 9
19:00:38 1 49 5120 3691 7.5 3.5 14 9
19:00:39 1 49 5120 3691 7.5 3.5 14 9
19:00:40 1 49 5120 3691 7.4 3.5 14 9
19:00:41 1 49 5120 3691 7.3 3.5 14 9
19:00:43 1 49 5120 3691 7.3 3.5 14 9
19:00:44 1 49 5120 3691 7.3 3.5 14 9
19:00:45 1 49 5120 3691 7.3 3.5 14 9
19:00:46 1 50 5120 3691 7.1 3.5 14 9
19:00:47 1 50 5120 3691 7.1 3.5 14 9
19:00:48 1 50 5120 3691 7.1 3.5 14 9
19:00:49 1 50 5120 3691 7.1 3.5 14 9
19:00:50 1 50 5120 3691 7.1 3.5 14 9
19:00:51 1 50 5120 3691 7.1 3.5 14 9
19:00:52 1 50 5120 3691 7.1 3.5 14 9
19:00:53 1 50 5120 3691 7.1 3.5 14 9
19:00:54 1 50 5120 3691 7.1 3.5 14 9
19:00:55 1 50 5120 3691 7.1 3.5 14 9
19:00:56 1 50 5120 3691 7.1 3.5 14 9
19:00:57 1 50 5120 3691 7.1 3.5 14 9
19:00:59 1 50 5120 3691 7.1 3.5 14 9
19:01:00 1 50 5120 3691 7.2 3.5 14 9
19:01:01 1 50 5120 3691 7.2 3.5 14 9
19:01:02 1 50 5120 3691 7.1 3.5 14 9
19:01:03 1 50 5120 3691 7.1 3.5 14 9
19:01:04 1 50 5120 3691 7.1 3.5 14 9
19:01:05 1 50 5120 3691 7.1 3.5 14 9
19:01:06 1 50 5120 3691 7.1 3.5 14 9
19:01:07 1 46 5120 3691 8.5 3.5 14 9
19:01:08 1 54 5120 3691 5.8 3.5 14 9
19:01:09 1 54 5120 3691 5.8 3.5 14 9
19:01:10 1 54 5120 3691 5.9 3.5 14 9
19:01:11 1 54 5120 3691 5.8 3.5 14 9
19:01:12 1 54 5120 3691 5.8 3.5 14 9
19:01:13 1 52 5120 3691 6.3 3.5 14 9
19:01:14 1 53 5120 3691 6.1 3.5 14 9
19:01:16 1 53 5120 3691 6.1 3.5 14 9
19:01:17 1 53 5120 3691 6.1 3.5 14 9
19:01:18 1 50 5120 3691 7.2 3.5 14 9
19:01:19 1 46 5120 3691 8.5 3.5 14 9
19:01:20 1 49 5120 3691 7.5 3.5 14 9
19:01:21 1 49 5120 3691 7.4 3.5 14 9
19:01:22 1 49 5120 3691 7.4 3.5 14 9
19:01:23 1 49 5120 3691 7.4 3.5 14 9
19:01:24 1 49 5120 3691 7.5 3.5 14 9
19:01:25 1 49 5120 3691 7.5 3.5 14 9
19:01:26 1 49 5120 3691 7.5 3.5 14 9
19:01:27 1 49 5120 3691 7.5 3.5 14 9
19:01:28 1 49 5120 3691 7.5 3.5 14 9
19:01:29 1 49 5120 3691 7.5 3.5 14 9
19:01:30 1 49 5120 3691 7.5 3.5 14 9
19:01:32 1 49 5120 3691 7.5 3.5 14 9
19:01:33 1 49 5120 3691 7.5 3.5 14 9
19:01:34 1 49 5120 3691 7.5 3.5 14 9
19:01:35 1 49 5120 3691 7.5 3.5 14 9
19:01:36 1 49 5120 3691 7.4 3.5 14 9
19:01:37 1 49 5120 3691 7.4 3.5 14 9
19:01:38 1 49 5120 3691 7.3 3.5 14 9
19:01:39 1 49 5120 3691 7.3 3.5 14 9
19:01:40 1 49 5120 3691 7.3 3.5 14 9
19:01:41 1 49 5120 3691 7.3 3.5 14 9
19:01:42 1 50 5120 3691 7.1 3.5 14 9
19:01:43 1 50 5120 3691 7.1 3.5 14 9
19:01:44 1 50 5120 3691 7.1 3.5 14 9
19:01:45 1 50 5120 3691 7.1 3.5 14 9
19:01:46 1 50 5120 3691 7.1 3.5 14 9
19:01:48 1 50 5120 3691 7.1 3.5 14 9
19:01:49 1 50 5120 3691 7.1 3.5 14 9
19:01:50 1 50 5120 3691 7.1 3.5 14 9
19:01:51 1 50 5120 3691 7.1 3.5 14 9
19:01:52 1 50 5120 3691 7.1 3.5 14 9
19:01:53 1 50 5120 3691 7.1 3.5 14 9
19:01:54 1 50 5120 3691 7.1 3.5 14 9
19:01:55 1 50 5120 3691 7.1 3.5 14 9
19:01:56 1 50 5120 3691 7.1 3.5 14 9
19:01:57 1 50 5120 3691 7.1 3.5 14 9
19:01:58 1 50 5120 3691 7.1 3.5 14 9
19:01:59 1 50 5120 3691 7.1 3.5 14 9
19:02:00 1 50 5120 3691 7.1 3.5 14 9
19:02:01 1 50 5120 3691 7.1 3.5 14 9
19:02:02 1 50 5120 3691 7.1 3.5 14 9
19:02:04 1 46 5120 3691 8.5 3.5 14 9
19:02:05 1 54 5120 3691 5.8 3.5 14 9
19:02:06 1 54 5120 3691 5.8 3.5 14 9
19:02:07 1 54 5120 3691 5.9 3.5 14 9
19:02:08 1 54 5120 3691 5.8 3.5 14 9
19:02:09 1 54 5120 3691 5.8 3.5 14 9
19:02:10 1 53 5120 3691 6.3 3.5 14 9
19:02:11 1 53 5120 3691 6.1 3.5 14 9
19:02:12 1 53 5120 3691 6.1 3.5 14 9
19:02:13 1 53 5120 3691 6.0 3.5 14 9
19:02:14 1 50 5120 3691 7.2 3.5 14 9
19:02:15 1 46 5120 3691 8.3 3.5 14 9
19:02:16 1 49 5120 3691 7.5 3.5 14 9
19:02:17 1 49 5120 3691 7.4 3.5 14 9
19:02:18 1 49 5120 3691 7.4 3.5 14 9
19:02:19 1 49 5120 3691 7.4 3.5 14 9
19:02:20 1 49 5120 3691 7.4 3.5 14 9
19:02:22 1 49 5120 3691 7.5 3.5 14 9
19:02:23 1 49 5120 3691 7.5 3.5 14 9
19:02:24 1 49 5120 3691 7.3 3.5 14 9
19:02:25 1 49 5120 3691 7.5 3.5 14 9
19:02:26 1 49 5120 3691 7.5 3.5 14 9
19:02:27 1 49 5120 3691 7.5 3.5 14 9
19:02:28 1 49 5120 3691 7.5 3.5 14 9
19:02:29 1 49 5120 3691 7.5 3.5 14 9
19:02:30 1 49 5120 3691 7.5 3.5 14 9
19:02:31 1 49 5120 3691 7.5 3.5 14 9
19:02:32 1 49 5120 3691 7.5 3.5 14 9
19:02:33 1 49 5120 3691 7.3 3.5 14 9
19:02:34 1 49 5120 3691 7.3 3.5 14 9
19:02:35 1 49 5120 3691 7.3 3.5 14 9
19:02:36 1 49 5120 3691 7.3 3.5 14 9
19:02:37 1 49 5120 3691 7.3 3.5 14 9
19:02:39 1 50 5120 3691 7.1 3.5 14 9
19:02:40 1 50 5120 3691 7.1 3.5 14 9
19:02:41 1 50 5120 3691 7.1 3.5 14 9
19:02:42 1 50 5120 3691 7.1 3.5 14 9
19:02:43 1 50 5120 3691 7.1 3.5 14 9
19:02:44 1 50 5120 3691 7.1 3.5 14 9
19:02:45 1 50 5120 3691 7.1 3.5 14 9
19:02:46 1 50 5120 3691 7.1 3.5 14 9
19:02:47 1 50 5120 3691 7.1 3.5 14 9
19:02:48 1 50 5120 3691 7.1 3.5 14 9
19:02:49 1 50 5120 3691 7.1 3.5 14 9
19:02:50 1 50 5120 3691 7.1 3.5 14 9
19:02:51 1 50 5120 3691 7.1 3.5 14 9
19:02:52 1 50 5120 3691 7.1 3.5 14 9
19:02:53 1 50 5120 3691 7.1 3.5 14 9
19:02:54 1 50 5120 3691 7.1 3.5 14 9
19:02:56 1 50 5120 3691 7.1 3.5 14 9
19:02:57 1 50 5120 3691 7.1 3.5 14 9
19:02:58 1 50 5120 3691 7.1 3.5 14 9
19:02:59 1 50 5120 3691 7.1 3.5 14 9
19:03:00 1 46 5120 3691 8.5 3.5 14 9
19:03:01 1 54 5120 3691 5.8 3.5 14 9
19:03:02 1 54 5120 3691 5.8 3.5 14 9
19:03:03 1 54 5120 3691 5.9 3.5 14 9
19:03:04 1 54 5120 3691 5.8 3.5 14 9
19:03:05 1 54 5120 3691 5.8 3.5 14 9
19:03:06 1 53 5120 3691 6.3 3.5 14 9
19:03:07 1 53 5120 3691 6.1 3.5 14 9
19:03:08 1 53 5120 3691 6.1 3.5 14 9
19:03:09 1 53 5120 3691 6.1 3.5 14 9
19:03:10 1 50 5120 3691 7.2 3.5 14 9
19:03:11 1 53 5120 3691 6.0 3.5 14 9
19:03:12 1 47 5120 3691 8.2 3.5 14 9
19:03:13 1 49 5120 3691 7.5 3.5 14 9
19:03:15 1 49 5120 3691 7.4 3.5 14 9
19:03:16 1 49 5120 3691 7.4 3.5 14 9
19:03:17 1 49 5120 3691 7.4 3.5 14 9
19:03:18 1 49 5120 3691 7.4 3.5 14 9
19:03:19 1 49 5120 3691 7.5 3.5 14 9
19:03:20 1 49 5120 3691 7.5 3.5 14 9
19:03:21 1 50 5120 3691 7.1 3.5 14 9
19:03:22 1 49 5120 3691 7.5 3.5 14 9
19:03:23 1 49 5120 3691 7.5 3.5 14 9
19:03:24 1 49 5120 3691 7.5 3.5 14 9
19:03:25 1 49 5120 3691 7.5 3.5 14 9
19:03:26 1 49 5120 3691 7.5 3.5 14 9
19:03:27 1 49 5120 3691 7.5 3.5 14 9
19:03:28 1 49 5120 3691 7.5 3.5 14 9
19:03:29 1 49 5120 3691 7.3 3.5 14 9
19:03:31 1 49 5120 3691 7.3 3.5 14 9
19:03:32 1 49 5120 3691 7.3 3.5 14 9
19:03:33 1 49 5120 3691 7.3 3.5 14 9
19:03:34 1 49 5120 3691 7.3 3.5 14 9
19:03:35 1 50 5120 3691 7.1 3.5 14 9
19:03:36 1 50 5120 3691 7.1 3.5 14 9
19:03:37 1 50 5120 3691 7.1 3.5 14 9
19:03:38 1 50 5120 3691 7.1 3.5 14 9
19:03:39 1 50 5120 3691 7.2 3.5 14 9
19:03:40 1 50 5120 3691 7.1 3.5 14 9
19:03:41 1 50 5120 3691 7.1 3.5 14 9
19:03:42 1 50 5120 3691 7.1 3.5 14 9
19:03:43 1 50 5120 3691 7.1 3.5 14 9
19:03:44 1 50 5120 3691 7.1 3.5 14 9
19:03:45 1 50 5120 3691 7.1 3.5 14 9
19:03:47 1 50 5120 3691 7.1 3.5 14 9
19:03:48 1 50 5120 3691 7.1 3.5 14 9
19:03:49 1 50 5120 3691 7.1 3.5 14 9
19:03:50 1 50 5120 3691 7.1 3.5 14 9
19:03:51 1 50 5120 3691 7.1 3.5 14 9
19:03:52 1 50 5120 3691 7.1 3.5 14 9
19:03:53 1 50 5120 3691 7.1 3.5 14 9
19:03:54 1 50 5120 3691 7.1 3.5 14 9
19:03:55 1 50 5120 3691 7.1 3.5 14 9
19:03:56 1 46 5120 3691 8.4 3.5 14 9
19:03:57 1 54 5120 3691 5.8 3.5 14 9
19:03:58 1 54 5120 3691 5.8 3.5 14 9
19:03:59 1 54 5120 3691 5.9 3.5 14 9
19:04:00 1 54 5120 3691 5.9 3.5 14 9
19:04:01 1 54 5120 3691 5.8 3.5 14 9
19:04:02 1 53 5120 3691 6.3 3.5 14 9
19:04:03 1 53 5120 3691 6.2 3.5 14 9
19:04:05 1 53 5120 3691 6.1 3.5 14 9
19:04:06 1 53 5120 3691 6.1 3.5 14 9
19:04:07 1 50 5120 3691 7.2 3.5 14 9
19:04:08 1 57 5120 3691 4.9 3.5 14 9
19:04:09 1 47 5120 3691 8.2 3.5 14 9
19:04:10 1 49 5120 3691 7.4 3.5 14 9
19:04:11 1 49 5120 3691 7.4 3.5 14 9
19:04:12 1 49 5120 3691 7.4 3.5 14 9
19:04:13 1 49 5120 3691 7.4 3.5 14 9
19:04:14 1 49 5120 3691 7.4 3.5 14 9
19:04:15 1 49 5120 3691 7.5 3.5 14 9
19:04:16 1 49 5120 3691 7.5 3.5 14 9
19:04:17 1 49 5120 3691 7.3 3.5 14 9
19:04:18 1 49 5120 3691 7.5 3.5 14 9
19:04:19 1 49 5120 3691 7.5 3.5 14 9
19:04:20 1 49 5120 3691 7.5 3.5 14 9
19:04:21 1 49 5120 3691 7.5 3.5 14 9
19:04:23 1 49 5120 3691 7.5 3.5 14 9
19:04:24 1 49 5120 3691 7.5 3.5 14 9
19:04:25 1 49 5120 3691 7.5 3.5 14 9
19:04:26 1 49 5120 3691 7.3 3.5 14 9
19:04:27 1 49 5120 3691 7.3 3.5 14 9
19:04:28 1 49 5120 3691 7.3 3.5 14 9
19:04:29 1 49 5120 3691 7.3 3.5 14 9
19:04:30 1 49 5120 3691 7.3 3.5 14 9
19:04:31 1 50 5120 3691 7.1 3.5 14 9
19:04:32 1 50 5120 3691 7.1 3.5 14 9
19:04:33 1 50 5120 3691 7.1 3.5 14 9
19:04:34 1 50 5120 3691 7.1 3.5 14 9
19:04:35 1 50 5120 3691 7.1 3.5 14 9
19:04:36 1 50 5120 3691 7.1 3.5 14 9
19:04:37 1 50 5120 3691 7.1 3.5 14 9
19:04:39 1 50 5120 3691 7.1 3.5 14 9
19:04:40 1 50 5120 3691 7.1 3.5 14 9
19:04:41 1 50 5120 3691 7.1 3.5 14 9
19:04:42 1 50 5120 3691 7.1 3.5 14 9
19:04:43 1 50 5120 3691 7.1 3.5 14 9
19:04:44 1 50 5120 3691 7.1 3.5 14 9
19:04:45 1 50 5120 3691 7.1 3.5 14 9
19:04:46 1 50 5120 3691 7.1 3.5 14 9
19:04:47 1 50 5120 3691 7.1 3.5 14 9
19:04:48 1 50 5120 3691 7.1 3.5 14 9
19:04:49 1 50 5120 3691 7.1 3.5 14 9
19:04:50 1 50 5120 3691 7.1 3.5 14 9
19:04:51 1 50 5120 3691 7.1 3.5 14 9
19:04:52 1 50 5120 3691 7.1 3.5 14 9
19:04:53 1 47 5120 3691 8.3 3.5 14 9
19:04:55 1 54 5120 3691 5.8 3.5 14 9
19:04:56 1 54 5120 3691 5.8 3.5 14 9
19:04:57 1 54 5120 3691 5.9 3.5 14 9
19:04:58 1 54 5120 3691 5.8 3.5 14 9
19:04:59 1 53 5120 3691 6.2 3.5 14 9
19:05:00 1 53 5120 3691 6.3 3.5 14 9
19:05:01 1 53 5120 3691 6.1 3.5 14 9
19:05:02 1 53 5120 3691 6.1 3.5 14 9
19:05:03 1 53 5120 3691 6.1 3.5 14 9
19:05:04 1 50 5120 3691 7.2 3.5 14 9
19:05:05 1 47 5120 3691 8.2 3.5 14 9
19:05:06 1 49 5120 3691 7.5 3.5 14 9
19:05:07 1 49 5120 3691 7.4 3.5 14 9
19:05:08 1 49 5120 3691 7.4 3.5 14 9
19:05:09 1 49 5120 3691 7.4 3.5 14 9
19:05:10 1 49 5120 3691 7.4 3.5 14 9
19:05:12 1 49 5120 3691 7.5 3.5 14 9
19:05:13 1 49 5120 3691 7.4 3.5 14 9
19:05:14 1 49 5120 3691 7.3 3.5 14 9
19:05:15 1 49 5120 3691 7.5 3.5 14 9
19:05:16 1 49 5120 3691 7.5 3.5 14 9
19:05:17 1 49 5120 3691 7.5 3.5 14 9
19:05:18 1 49 5120 3691 7.5 3.5 14 9
19:05:19 1 49 5120 3691 7.5 3.5 14 9
19:05:20 1 49 5120 3691 7.5 3.5 14 9
19:05:21 1 49 5120 3691 7.5 3.5 14 9
19:05:22 1 49 5120 3691 7.4 3.5 14 9
19:05:23 1 49 5120 3691 7.4 3.5 14 9
19:05:24 1 49 5120 3691 7.3 3.5 14 9
19:05:25 1 49 5120 3691 7.3 3.5 14 9
19:05:26 1 49 5120 3691 7.4 3.5 14 9
19:05:27 1 49 5120 3691 7.4 3.5 14 9
19:05:29 1 50 5120 3691 7.1 3.5 14 9
19:05:30 1 50 5120 3691 7.1 3.5 14 9
19:05:31 1 50 5120 3691 7.1 3.5 14 9
19:05:32 1 50 5120 3691 7.1 3.5 14 9
19:05:33 1 50 5120 3691 7.1 3.5 14 9
19:05:34 1 50 5120 3691 7.1 3.5 14 9
19:05:35 1 50 5120 3691 7.1 3.5 14 9
19:05:36 1 50 5120 3691 7.1 3.5 14 9
19:05:37 1 50 5120 3691 7.1 3.5 14 9
19:05:38 1 50 5120 3691 7.1 3.5 14 9
19:05:39 1 50 5120 3691 7.1 3.5 14 9
19:05:40 1 50 5120 3691 7.1 3.5 14 9
19:05:41 1 50 5120 3691 7.1 3.5 14 9
19:05:42 1 50 5120 3691 7.1 3.5 14 9
19:05:43 1 50 5120 3691 7.1 3.5 14 9
19:05:44 1 50 5120 3691 7.1 3.5 14 9
19:05:45 1 50 5120 3691 7.1 3.5 14 9
19:05:47 1 51 5120 3691 7.1 3.5 14 9
19:05:48 1 51 5120 3691 7.1 3.5 14 9
19:05:49 1 51 5120 3691 7.1 3.5 14 9
19:05:50 1 47 5120 3691 8.5 3.5 14 9
19:05:51 1 55 5120 3691 5.8 3.5 14 9
19:05:52 1 55 5120 3691 5.8 3.5 14 9
19:05:53 1 54 5120 3691 5.9 3.5 14 9
19:05:54 1 55 5120 3691 5.8 3.5 14 9
19:05:55 1 55 5120 3691 5.8 3.5 14 9
19:05:56 1 53 5120 3691 6.3 3.5 14 9
19:05:57 1 54 5120 3691 6.1 3.5 14 9
19:05:58 1 54 5120 3691 6.1 3.5 14 9
19:05:59 1 54 5120 3691 6.1 3.5 14 9
19:06:00 1 50 5120 3691 7.3 3.5 14 9
19:06:01 1 47 5120 3691 8.5 3.5 14 9
19:06:02 1 50 5120 3691 7.5 3.5 14 9
19:06:04 1 50 5120 3691 7.4 3.5 14 9
19:06:05 1 50 5120 3691 7.4 3.5 14 9
19:06:06 1 50 5120 3691 7.4 3.5 14 9
19:06:07 1 50 5120 3691 7.4 3.5 14 9
19:06:08 1 50 5120 3691 7.5 3.5 14 9
19:06:09 1 50 5120 3691 7.5 3.5 14 9
19:06:10 1 50 5120 3691 7.5 3.5 14 9
19:06:11 1 50 5120 3691 7.5 3.5 14 9
19:06:12 1 50 5120 3691 7.5 3.5 14 9
19:06:13 1 50 5120 3691 7.5 3.5 14 9
19:06:14 1 50 5120 3691 7.5 3.5 14 9
19:06:15 1 50 5120 3691 7.5 3.5 14 9
19:06:16 1 50 5120 3691 7.5 3.5 14 9
19:06:17 1 50 5120 3691 7.5 3.5 14 9
19:06:18 1 50 5120 3691 7.5 3.5 14 9
19:06:20 1 50 5120 3691 7.3 3.5 14 9
19:06:21 1 50 5120 3691 7.3 3.5 14 9
19:06:22 1 50 5120 3691 7.3 3.5 14 9
19:06:23 1 49 5120 3691 7.3 3.3 14 9
19:06:24 1 49 5120 3691 7.3 3.3 14 9
19:06:25 1 50 5120 3691 7.1 3.3 14 9
19:06:26 1 50 5120 3691 7.1 3.3 14 9
19:06:27 1 50 5120 3691 7.1 3.3 14 9
19:06:28 1 50 5120 3691 7.1 3.3 14 9
19:06:29 1 50 5120 3691 7.1 3.3 14 9
19:06:30 1 50 5120 3691 7.1 3.3 14 9
19:06:31 1 50 5120 3691 7.1 3.3 14 9
19:06:32 1 50 5120 3691 7.1 3.3 14 9
19:06:33 1 50 5120 3691 7.1 3.3 14 9
19:06:34 1 50 5120 3691 7.1 3.3 14 9
19:06:36 1 50 5120 3691 7.1 3.3 14 9
19:06:37 1 50 5120 3691 7.1 3.3 14 9
19:06:38 1 50 5120 3691 7.1 3.3 14 9
19:06:39 1 50 5120 3691 7.1 3.3 14 9
19:06:40 1 50 5120 3691 7.1 3.3 14 9
19:06:41 1 50 5120 3691 7.1 3.3 14 9
19:06:42 1 50 5120 3691 7.1 3.3 14 9
19:06:43 1 50 5120 3691 7.1 3.3 14 9
19:06:44 1 50 5120 3691 7.1 3.3 14 9
19:06:45 1 50 5120 3691 7.1 3.3 14 9
19:06:46 1 46 5120 3691 8.4 3.3 14 9
19:06:47 1 54 5120 3691 5.8 3.3 14 9
19:06:48 1 54 5120 3691 5.8 3.3 14 9
19:06:49 1 53 5120 3691 5.9 3.3 14 9
19:06:50 1 54 5120 3691 5.8 3.3 14 9
19:06:51 1 54 5120 3691 5.8 3.3 14 9
19:06:53 1 52 5120 3691 6.3 3.3 14 9
19:06:54 1 53 5120 3691 6.1 3.3 14 9
19:06:55 1 53 5120 3691 6.1 3.3 14 9
19:06:56 1 53 5120 3691 6.0 3.3 14 9
19:06:57 1 49 5120 3691 7.2 3.3 14 9
19:06:58 1 50 5120 3691 7.4 3.3 14 9
19:06:59 1 46 5120 3691 8.2 3.3 14 9
19:07:00 1 49 5120 3691 7.5 3.3 14 9
19:07:01 1 49 5120 3691 7.4 3.3 14 9
19:07:02 1 49 5120 3691 7.5 3.3 14 9
19:07:03 1 49 5120 3691 7.4 3.3 14 9
19:07:04 1 49 5120 3691 7.4 3.3 14 9
19:07:05 1 49 5120 3691 7.5 3.3 14 9
19:07:06 1 49 5120 3691 7.3 3.3 14 9
19:07:07 1 50 5120 3691 7.1 3.3 14 9
19:07:08 1 48 5120 3691 7.5 3.3 14 9
19:07:09 1 48 5120 3691 7.5 3.3 14 9
19:07:11 1 48 5120 3691 7.4 3.3 14 9
19:07:12 1 48 5120 3691 7.4 3.3 14 9
19:07:13 1 48 5120 3691 7.5 3.3 14 9
19:07:14 1 48 5120 3691 7.5 3.3 14 9
19:07:15 1 48 5120 3691 7.5 3.3 14 9
19:07:16 1 48 5120 3691 7.3 3.3 14 9
19:07:17 1 48 5120 3691 7.3 3.3 14 9
19:07:18 1 48 5120 3691 7.3 3.2 14 9
19:07:19 1 47 5120 3691 7.4 3.2 14 9
19:07:20 1 47 5120 3691 7.4 3.2 14 9
19:07:21 1 48 5120 3691 7.2 3.2 14 9
19:07:22 1 48 5120 3691 7.2 3.2 14 9
19:07:23 1 48 5120 3691 7.2 3.2 14 9
19:07:25 1 48 5120 3691 7.2 3.2 14 9
19:07:26 1 48 5120 3691 7.2 3.2 14 9
19:07:27 1 48 5120 3691 7.2 3.2 14 9
19:07:28 1 48 5120 3691 7.2 3.2 14 9
19:07:29 1 48 5120 3691 7.1 3.2 14 9
19:07:30 1 48 5120 3691 7.1 3.2 14 9
19:07:31 1 49 5120 3691 7.1 3.2 14 9
19:07:32 1 49 5120 3691 7.1 3.2 14 9
19:07:33 1 48 5120 3691 7.1 3.2 14 9
19:07:34 1 49 5120 3691 7.1 3.2 14 9
19:07:35 1 48 5120 3691 7.1 3.2 14 9
19:07:36 1 49 5120 3691 7.1 3.2 14 9
19:07:37 1 49 5120 3691 7.0 3.2 14 9
19:07:38 1 49 5120 3691 7.0 3.2 14 9
19:07:39 1 49 5120 3691 7.1 3.2 14 9
19:07:41 1 49 5120 3691 7.1 3.2 14 9
19:07:42 1 49 5120 3691 7.0 3.2 14 9
19:07:43 1 49 5120 3691 7.0 3.2 14 9
19:07:44 1 45 5120 3691 8.3 3.2 14 9
19:07:45 1 53 5120 3691 5.7 3.2 14 9
19:07:46 1 53 5120 3691 5.7 3.2 14 9
19:07:47 1 52 5120 3691 5.9 3.2 14 9
19:07:48 1 52 5120 3691 5.9 3.2 14 9
19:07:49 1 52 5120 3691 5.9 3.2 14 9
19:07:50 1 51 5120 3691 6.3 3.2 14 9
19:07:51 1 51 5120 3691 6.2 3.2 14 9
19:07:52 1 51 5120 3691 6.1 3.2 14 9
19:07:53 1 52 5120 3691 6.1 3.2 14 9
19:07:54 1 48 5120 3691 7.3 3.2 14 9
19:07:55 1 45 5120 3691 8.3 3.2 14 9
19:07:56 1 44 5120 3691 8.6 3.2 14 9
19:07:57 1 48 5120 3691 7.4 3.2 14 9
19:07:59 1 48 5120 3691 7.4 3.2 14 9
19:08:00 1 48 5120 3691 7.4 3.2 14 9
19:08:01 1 48 5120 3691 7.4 3.2 14 9
19:08:02 1 48 5120 3691 7.4 3.2 14 9
19:08:03 1 48 5120 3691 7.4 3.2 14 9
19:08:04 1 48 5120 3691 7.4 3.2 14 9
19:08:05 1 49 5120 3691 7.0 3.2 14 9
19:08:06 1 48 5120 3691 7.4 3.2 14 9
19:08:07 1 48 5120 3691 7.4 3.2 14 9
19:08:08 1 48 5120 3691 7.4 3.2 14 9
19:08:09 1 48 5120 3691 7.4 3.2 14 9
19:08:10 1 48 5120 3691 7.4 3.2 14 9
19:08:11 1 48 5120 3691 7.4 3.2 14 9
19:08:12 1 48 5120 3691 7.3 3.2 14 9
19:08:13 1 48 5120 3691 7.3 3.2 14 9
19:08:14 1 48 5120 3691 7.2 3.2 14 9
19:08:16 1 48 5120 3691 7.2 3.2 14 9
19:08:17 1 48 5120 3691 7.2 3.2 14 9
19:08:18 1 48 5120 3691 7.3 3.2 14 9
19:08:19 1 49 5120 3691 7.0 3.2 14 9
19:08:20 1 49 5120 3691 7.0 3.2 14 9
19:08:21 1 49 5120 3691 7.0 3.2 14 9
19:08:22 1 49 5120 3691 7.0 3.2 14 9
19:08:23 1 49 5120 3691 7.0 3.2 14 9
19:08:24 1 49 5120 3691 7.0 3.2 14 9
19:08:25 1 49 5120 3691 7.0 3.2 14 9
19:08:26 1 49 5120 3691 7.0 3.2 14 9
19:08:27 1 49 5120 3691 7.0 3.2 14 9
19:08:28 1 49 5120 3691 7.0 3.2 14 9
19:08:29 1 49 5120 3691 7.0 3.2 14 9
19:08:30 1 48 5120 3691 7.4 3.2 14 9
19:08:32 1 48 5120 3691 7.2 3.2 14 9
19:08:33 1 47 5120 3691 7.5 3.2 14 9
19:08:34 1 47 5120 3691 7.6 3.2 14 9
19:08:35 1 47 5120 3691 7.4 3.2 14 9
19:08:36 1 47 5120 3691 7.4 3.2 14 9
19:08:37 1 48 5120 3691 7.3 3.2 14 9
19:08:38 1 48 5120 3691 7.3 3.2 14 9
19:08:39 1 48 5120 3691 7.3 3.2 14 9
19:08:40 1 48 5120 3691 7.3 3.2 14 9
19:08:41 1 44 5120 3691 8.7 3.2 14 9
19:08:42 1 51 5120 3691 6.2 3.2 14 9
19:08:43 1 51 5120 3691 6.2 3.2 14 9
19:08:44 1 51 5120 3691 6.2 3.2 14 9
19:08:45 1 51 5120 3691 6.1 3.2 14 9
19:08:46 1 51 5120 3691 6.1 3.2 14 9
19:08:47 1 50 5120 3683 6.5 3.2 14 9
19:08:49 1 51 5120 3683 6.4 3.2 14 9
19:08:50 1 51 5120 3675 6.4 3.2 14 9
19:08:51 1 51 5120 3675 6.4 3.2 14 9
19:08:52 1 47 5120 3675 7.5 3.2 14 9
19:08:53 1 51 5120 3675 6.3 3.2 14 9
19:08:54 1 45 5120 3675 8.5 3.2 14 9
19:08:55 1 47 5120 3675 7.7 3.2 14 9
19:08:56 1 47 5120 3675 7.7 3.2 14 9
19:08:57 1 47 5120 3675 7.6 3.2 14 9
19:08:58 1 47 5120 3675 7.7 3.2 14 9
19:08:59 1 47 5120 3675 7.7 3.2 14 9
19:09:00 1 47 5120 3675 7.8 3.2 14 9
19:09:01 1 47 5120 3675 7.7 3.2 14 9
19:09:02 1 47 5120 3675 7.6 3.2 14 9
19:09:04 1 47 5120 3675 7.7 3.2 14 9
19:09:05 1 47 5120 3675 7.7 3.2 14 9
19:09:06 1 47 5120 3675 7.8 3.2 14 9
19:09:07 1 47 5120 3675 7.8 3.2 14 9
19:09:08 1 47 5120 3675 7.7 3.2 14 9
19:09:09 1 47 5120 3675 7.7 3.2 14 9
19:09:10 1 47 5120 3675 7.7 3.2 14 9
19:09:11 1 48 5120 3675 7.5 3.2 14 9
19:09:12 1 48 5120 3675 7.5 3.2 14 9
19:09:13 1 48 5120 3675 7.5 3.2 14 9
19:09:14 1 48 5120 3675 7.6 3.2 14 9
19:09:15 1 47 5120 3675 7.6 3.2 14 9
19:09:16 1 48 5120 3675 7.5 3.2 14 9
19:09:17 1 48 5120 3675 7.3 3.2 14 9
19:09:19 1 48 5120 3675 7.3 3.2 14 9
19:09:20 1 48 5120 3675 7.3 3.2 14 9
19:09:21 1 48 5120 3675 7.3 3.2 14 9
19:09:22 1 48 5120 3675 7.3 3.2 14 9
19:09:23 1 48 5120 3675 7.3 3.2 14 9
19:09:24 1 48 5120 3675 7.3 3.2 14 9
19:09:25 1 48 5120 3675 7.3 3.2 14 9
19:09:26 1 48 5120 3675 7.3 3.2 14 9
19:09:27 1 49 5120 3675 7.3 3.2 14 9
19:09:28 1 49 5120 3675 7.3 3.2 14 9
19:09:29 1 49 5120 3675 7.3 3.2 14 9
19:09:30 1 49 5120 3675 7.3 3.2 14 9
19:09:31 1 49 5120 3675 7.3 3.2 14 9
19:09:32 1 49 5120 3675 7.3 3.2 14 9
19:09:33 1 49 5120 3675 7.3 3.2 14 9
19:09:34 1 49 5120 3675 7.3 3.2 14 9
19:09:36 1 49 5120 3675 7.3 3.2 14 9
19:09:37 1 49 5120 3675 7.3 3.2 14 9
19:09:38 1 49 5120 3675 7.3 3.2 14 9
19:09:39 1 45 5120 3675 8.6 3.2 14 9
19:09:40 1 53 5120 3675 6.1 3.2 14 9
19:09:41 1 53 5120 3675 6.1 3.2 14 9
19:09:42 1 53 5120 3675 6.2 3.2 14 9
19:09:43 1 53 5120 3675 6.2 3.2 14 9
19:09:44 1 53 5120 3675 6.0 3.2 14 9
19:09:45 1 52 5120 3675 6.5 3.2 14 9
19:09:46 1 52 5120 3675 6.4 3.2 14 9
19:09:47 1 52 5120 3675 6.3 3.2 14 9
19:09:48 1 52 5120 3675 6.2 3.2 14 9
19:09:49 1 49 5120 3675 7.5 3.2 14 9
19:09:50 1 56 5120 3675 5.2 3.2 14 9
19:09:51 1 46 5120 3675 8.4 3.2 14 9
19:09:52 1 48 5120 3675 7.7 3.2 14 9
19:09:54 1 48 5120 3675 7.6 3.2 14 9
19:09:55 1 48 5120 3675 7.6 3.2 14 9
19:09:56 1 48 5120 3675 7.7 3.2 14 9
19:09:57 1 48 5120 3675 7.7 3.2 14 9
19:09:58 1 48 5120 3675 7.6 3.2 14 9
19:09:59 1 48 5120 3675 7.7 3.2 14 9
19:10:00 1 49 5120 3675 7.5 3.2 14 9
19:10:01 1 48 5120 3675 7.7 3.2 14 9
19:10:02 1 48 5120 3675 7.7 3.2 14 9
19:10:03 1 48 5120 3675 7.6 3.2 14 9
19:10:04 1 48 5120 3675 7.7 3.2 14 9
19:10:05 1 48 5120 3675 7.6 3.2 14 9
19:10:06 1 48 5120 3675 7.7 3.2 14 9
19:10:07 1 48 5120 3675 7.7 3.2 14 9
19:10:08 1 49 5120 3675 7.6 3.2 14 9
19:10:10 1 49 5120 3675 7.5 3.2 14 9
19:10:11 1 49 5120 3675 7.5 3.2 14 9
19:10:12 1 49 5120 3675 7.5 3.2 14 9
19:10:13 1 49 5120 3675 7.5 3.2 14 9
19:10:14 1 49 5120 3675 7.5 3.2 14 9
19:10:15 1 49 5120 3675 7.3 3.2 14 9
19:10:16 1 50 5120 3675 7.3 3.2 14 9
19:10:17 1 50 5120 3675 7.3 3.2 14 9
19:10:18 1 50 5120 3675 7.3 3.2 14 9
19:10:19 1 50 5120 3675 7.3 3.2 14 9
19:10:20 1 50 5120 3675 7.3 3.2 14 9
19:10:21 1 50 5120 3675 7.3 3.2 14 9
19:10:22 1 50 5120 3675 7.3 3.2 14 9
19:10:23 1 50 5120 3675 7.3 3.2 14 9
19:10:24 1 50 5120 3675 7.3 3.2 14 9
19:10:26 1 50 5120 3675 7.3 3.2 14 9
19:10:27 1 50 5120 3675 7.3 3.2 14 9
19:10:28 1 50 5120 3675 7.3 3.2 14 9
19:10:29 1 49 5120 3675 7.3 3.2 14 9
19:10:30 1 49 5120 3675 7.3 3.2 14 9
19:10:31 1 50 5120 3675 7.3 3.2 14 9
19:10:32 1 50 5120 3675 7.3 3.2 14 9
19:10:33 1 50 5120 3675 7.3 3.2 14 9
19:10:34 1 50 5120 3675 7.3 3.2 14 9
19:10:35 1 50 5120 3675 7.3 3.2 14 9
19:10:36 1 46 5120 3675 8.7 3.2 14 9
19:10:37 1 53 5120 3675 6.1 3.2 14 9
19:10:38 1 53 5120 3675 6.1 3.2 14 9
19:10:39 1 53 5120 3675 6.2 3.2 14 9
19:10:40 1 53 5120 3675 6.2 3.2 14 9
19:10:41 1 53 5120 3675 6.1 3.2 14 9
19:10:43 1 52 5120 3675 6.5 3.2 14 9
19:10:44 1 52 5120 3675 6.4 3.2 14 9
19:10:45 1 52 5120 3675 6.3 3.2 14 9
19:10:46 1 53 5120 3675 6.3 3.2 14 9
19:10:47 1 49 5120 3675 7.4 3.2 14 9
19:10:48 1 52 5120 3675 6.3 3.2 14 9
19:10:49 1 46 5120 3675 8.5 3.2 14 9
19:10:50 1 48 5120 3675 7.7 3.2 14 9
19:10:51 1 49 5120 3675 7.6 3.2 14 9
19:10:52 1 48 5120 3675 7.6 3.2 14 9
19:10:53 1 48 5120 3675 7.7 3.2 14 9
19:10:54 1 48 5120 3675 7.7 3.2 14 9
19:10:55 1 48 5120 3675 7.7 3.2 14 9
19:10:56 1 49 5120 3675 7.5 3.2 14 9
19:10:57 1 49 5120 3675 7.5 3.2 14 9
19:10:58 1 48 5120 3675 7.7 3.2 14 9
19:11:00 1 48 5120 3675 7.7 3.2 14 9
19:11:01 1 48 5120 3675 7.7 3.2 14 9
19:11:02 1 48 5120 3675 7.7 3.2 14 9
19:11:03 1 48 5120 3675 7.7 3.2 14 9
19:11:04 1 48 5120 3675 7.7 3.2 14 9
19:11:05 1 48 5120 3675 7.7 3.2 14 9
19:11:06 1 49 5120 3675 7.6 3.2 14 9
19:11:07 1 49 5120 3675 7.5 3.2 14 9
19:11:08 1 49 5120 3675 7.5 3.2 14 9
19:11:09 1 49 5120 3675 7.5 3.2 14 9
19:11:10 1 49 5120 3675 7.5 3.2 14 9
19:11:11 1 50 5120 3675 7.3 3.2 14 9
19:11:12 1 50 5120 3675 7.3 3.2 14 9
19:11:13 1 50 5120 3675 7.3 3.2 14 9
19:11:14 1 50 5120 3675 7.3 3.2 14 9
19:11:15 1 50 5120 3675 7.3 3.2 14 9
19:11:17 1 50 5120 3675 7.3 3.2 14 9
19:11:18 1 49 5120 3675 7.3 3.2 14 9
19:11:19 1 50 5120 3675 7.3 3.2 14 9
19:11:20 1 50 5120 3675 7.3 3.2 14 9
19:11:21 1 50 5120 3675 7.3 3.2 14 9
19:11:22 1 50 5120 3675 7.3 3.2 14 9
19:11:23 1 50 5120 3675 7.3 3.2 14 9
19:11:24 1 50 5120 3675 7.3 3.2 14 9
19:11:25 1 50 5120 3675 7.3 3.2 14 9
19:11:26 1 50 5120 3675 7.3 3.2 14 9
19:11:27 1 50 5120 3675 7.3 3.2 14 9
19:11:28 1 50 5120 3675 7.3 3.2 14 9
19:11:29 1 50 5120 3675 7.3 3.2 14 9
19:11:30 1 50 5120 3675 7.3 3.2 14 9
19:11:31 1 50 5120 3675 7.3 3.2 14 9
19:11:33 1 50 5120 3675 7.3 3.2 14 9
19:11:34 1 45 5120 3675 8.7 3.2 14 9
19:11:35 1 53 5120 3675 6.1 3.2 14 9
19:11:36 1 53 5120 3675 6.1 3.2 14 9
19:11:37 1 53 5120 3675 6.1 3.2 14 9
19:11:38 1 53 5120 3675 6.2 3.2 14 9
19:11:39 1 53 5120 3675 6.1 3.2 14 9
19:11:40 1 52 5120 3675 6.6 3.2 14 9
19:11:41 1 52 5120 3675 6.3 3.2 14 9
19:11:42 1 52 5120 3675 6.4 3.2 14 9
19:11:43 1 53 5120 3675 6.2 3.2 14 9
19:11:44 1 49 5120 3675 7.5 3.2 14 9
19:11:45 1 46 5120 3675 8.5 3.2 14 9
19:11:46 1 46 5120 3675 8.8 3.2 14 9
19:11:47 1 48 5120 3675 7.7 3.2 14 9
19:11:48 1 48 5120 3675 7.7 3.2 14 9
19:11:49 1 49 5120 3675 7.7 3.2 14 9
19:11:50 1 49 5120 3675 7.6 3.2 14 9
19:11:52 1 49 5120 3675 7.6 3.2 14 9
19:11:53 1 48 5120 3675 7.7 3.2 14 9
19:11:54 1 48 5120 3675 7.7 3.2 14 9
19:11:55 1 50 5120 3675 7.3 3.2 14 9
19:11:56 1 48 5120 3675 7.7 3.2 14 9
19:11:57 1 48 5120 3675 7.7 3.2 14 9
19:11:58 1 49 5120 3675 7.7 3.2 14 9
19:11:59 1 49 5120 3675 7.7 3.2 14 9
19:12:00 1 49 5120 3675 7.7 3.2 14 9
19:12:01 1 49 5120 3675 7.7 3.2 14 9
19:12:02 1 49 5120 3675 7.7 3.2 14 9
19:12:03 1 49 5120 3675 7.6 3.2 14 9
19:12:04 1 49 5120 3675 7.5 3.2 14 9
19:12:05 1 49 5120 3675 7.5 3.2 14 9
19:12:07 1 49 5120 3675 7.5 3.2 14 9
19:12:08 1 49 5120 3675 7.5 3.2 14 9
19:12:09 1 50 5120 3675 7.3 3.2 14 9
19:12:10 1 50 5120 3675 7.3 3.2 14 9
19:12:11 1 50 5120 3675 7.3 3.2 14 9
19:12:12 1 50 5120 3675 7.3 3.2 14 9
19:12:13 1 50 5120 3675 7.3 3.2 14 9
19:12:14 1 50 5120 3675 7.3 3.2 14 9
19:12:15 1 49 5120 3675 7.4 3.2 14 9
19:12:16 1 50 5120 3675 7.3 3.2 14 9
19:12:17 1 50 5120 3675 7.3 3.2 14 9
19:12:18 1 50 5120 3675 7.3 3.2 14 9
19:12:19 1 50 5120 3675 7.3 3.2 14 9
19:12:20 1 50 5120 3675 7.3 3.2 14 9
19:12:21 1 50 5120 3675 7.3 3.2 14 9
19:12:23 1 50 5120 3675 7.3 3.2 14 9
19:12:24 1 50 5120 3675 7.3 3.2 14 9
19:12:25 1 49 5120 3675 7.4 3.2 14 9
19:12:26 1 50 5120 3675 7.3 3.2 14 9
19:12:27 1 50 5120 3675 7.3 3.2 14 9
19:12:28 1 50 5120 3675 7.3 3.2 14 9
19:12:29 1 50 5120 3675 7.3 3.2 14 9
19:12:30 1 49 5120 3675 8.5 3.2 14 9
19:12:31 1 46 5120 3675 8.6 3.2 14 9
19:12:32 1 53 5120 3675 6.1 3.2 14 9
19:12:33 1 53 5120 3675 6.2 3.2 14 9
19:12:34 1 53 5120 3675 6.2 3.2 14 9
19:12:35 1 53 5120 3675 6.1 3.2 14 9
19:12:36 1 52 5120 3675 6.5 3.2 14 9
19:12:37 1 53 5120 3675 6.3 3.2 14 9
19:12:39 1 53 5120 3675 6.3 3.2 14 9
19:12:40 1 53 5120 3675 6.2 3.2 14 9
19:12:41 1 53 5120 3675 6.3 3.2 14 9
19:12:42 1 49 5120 3675 7.5 3.2 14 9
19:12:43 1 46 5120 3675 8.4 3.2 14 9
19:12:44 1 49 5120 3675 7.6 3.2 14 9
19:12:45 1 49 5120 3675 7.6 3.2 14 9
19:12:46 1 49 5120 3675 7.6 3.2 14 9
19:12:47 1 49 5120 3675 7.6 3.2 14 9
19:12:48 1 49 5120 3675 7.6 3.2 14 9
19:12:49 1 49 5120 3675 7.6 3.2 14 9
19:12:50 1 49 5120 3675 7.7 3.2 14 9
19:12:51 1 49 5120 3675 7.7 3.2 14 9
19:12:52 1 49 5120 3675 7.7 3.2 14 9
19:12:53 1 49 5120 3675 7.7 3.2 14 9
19:12:54 1 49 5120 3675 7.7 3.2 14 9
19:12:56 1 49 5120 3675 7.7 3.2 14 9
19:12:57 1 49 5120 3675 7.6 3.2 14 9
19:12:58 1 49 5120 3675 7.7 3.2 14 9
19:12:59 1 49 5120 3675 7.7 3.2 14 9
19:13:00 1 49 5120 3675 7.5 3.2 14 9
19:13:01 1 49 5120 3675 7.6 3.2 14 9
19:13:02 1 49 5120 3675 7.5 3.2 14 9
19:13:03 1 49 5120 3675 7.5 3.2 14 9
19:13:04 1 49 5120 3675 7.5 3.2 14 9
19:13:05 1 49 5120 3675 7.5 3.2 14 9
19:13:06 1 50 5120 3675 7.3 3.2 14 9
19:13:07 1 50 5120 3675 7.3 3.2 14 9
19:13:08 1 50 5120 3675 7.3 3.2 14 9
19:13:09 1 50 5120 3675 7.3 3.2 14 9
19:13:11 1 50 5120 3675 7.3 3.2 14 9
19:13:12 1 50 5120 3675 7.3 3.2 14 9
19:13:13 1 50 5120 3675 7.3 3.2 14 9
19:13:14 1 50 5120 3675 7.3 3.2 14 9
19:13:15 1 50 5120 3675 7.3 3.2 14 9
19:13:16 1 49 5120 3675 7.4 3.2 14 9
19:13:17 1 50 5120 3675 7.3 3.2 14 9
19:13:18 1 50 5120 3675 7.3 3.2 14 9
19:13:19 1 50 5120 3675 7.3 3.2 14 9
19:13:20 1 50 5120 3675 7.3 3.2 14 9
19:13:21 1 50 5120 3675 7.3 3.2 14 9
19:13:22 1 50 5120 3675 7.3 3.2 14 9
19:13:23 1 50 5120 3675 7.3 3.2 14 9
19:13:24 1 50 5120 3675 7.3 3.2 14 9
19:13:25 1 50 5120 3675 7.3 3.2 14 9
19:13:27 1 50 5120 3675 7.3 3.2 14 9
19:13:28 1 46 5120 3675 8.7 3.2 14 9
19:13:29 1 53 5120 3675 6.1 3.2 14 9
19:13:30 1 54 5120 3675 6.0 3.2 14 9
19:13:31 1 53 5120 3675 6.2 3.2 14 9
19:13:32 1 53 5120 3675 6.1 3.2 14 9
19:13:33 1 53 5120 3675 6.1 3.2 14 9
19:13:34 1 52 5120 3675 6.5 3.2 14 9
19:13:35 1 52 5120 3675 6.4 3.2 14 9
19:13:36 1 53 5120 3675 6.3 3.2 14 9
19:13:37 1 53 5120 3675 6.3 3.2 14 9
19:13:38 1 49 5120 3675 7.5 3.2 14 9
19:13:39 1 49 5120 3675 7.4 3.2 14 9
19:13:40 1 47 5120 3675 8.4 3.2 14 9
19:13:41 1 49 5120 3675 7.7 3.2 14 9
19:13:42 1 49 5120 3675 7.6 3.2 14 9
19:13:44 1 49 5120 3675 7.7 3.2 14 9
19:13:45 1 49 5120 3675 7.6 3.2 14 9
19:13:46 1 49 5120 3675 7.7 3.2 14 9
19:13:47 1 49 5120 3675 7.7 3.2 14 9
19:13:48 1 49 5120 3675 7.6 3.2 14 9
19:13:49 1 49 5120 3675 7.5 3.2 14 9
19:13:50 1 49 5120 3675 7.7 3.2 14 9
19:13:51 1 49 5120 3675 7.7 3.2 14 9
19:13:52 1 49 5120 3675 7.6 3.2 14 9
19:13:53 1 49 5120 3675 7.6 3.2 14 9
19:13:54 1 49 5120 3675 7.7 3.2 14 9
19:13:55 1 48 5120 3675 7.7 3.2 14 9
19:13:56 1 48 5120 3675 7.7 3.2 14 9
19:13:57 1 49 5120 3675 7.7 3.2 14 9
19:13:58 1 49 5120 3675 7.5 3.2 14 9
19:14:00 1 49 5120 3675 7.6 3.2 14 9
19:14:01 1 49 5120 3675 7.5 3.2 14 9
19:14:02 1 49 5120 3675 7.5 3.2 14 9
19:14:03 1 49 5120 3675 7.6 3.2 14 9
19:14:04 1 50 5120 3675 7.4 3.2 14 9
19:14:05 1 50 5120 3675 7.4 3.2 14 9
19:14:06 1 50 5120 3675 7.4 3.2 14 9
19:14:07 1 50 5120 3675 7.4 3.2 14 9
19:14:08 1 48 5120 3667 7.8 3.2 14 9
19:14:09 1 48 5120 3667 7.4 3.2 14 9
19:14:10 1 50 5120 3667 7.3 3.2 14 9
19:14:11 1 49 5120 3667 7.4 3.2 14 9
19:14:12 1 49 5120 3651 7.4 3.2 14 9
19:14:13 1 49 5120 3651 7.5 3.2 14 9
19:14:14 1 47 5120 3651 7.9 3.2 14 9
19:14:16 1 49 5120 3483 7.2 3.2 14 9
19:14:17 1 50 5120 3427 7.5 3.2 14 9
19:14:18 1 49 5120 3411 7.8 3.2 14 9
19:14:19 1 49 5120 3403 7.8 3.2 14 9
19:14:20 1 49 5120 3403 7.5 3.2 14 9
19:14:21 1 48 5120 3403 7.8 3.2 14 9
19:14:22 1 48 5120 3403 7.6 3.1 14 9
19:14:23 1 48 5120 3403 7.6 3.0 14 9
19:14:24 1 46 5120 3403 8.1 2.9 14 9
19:14:25 1 46 5120 3403 7.4 2.4 14 9
19:14:26 1 45 5120 3403 7.1 2.3 14 9
19:14:27 1 40 5120 3403 8.8 2.2 14 9
19:14:29 1 49 5120 3403 6.0 2.2 14 9
19:14:30 1 47 5120 3403 6.4 2.1 14 9
19:14:31 1 49 5120 3403 5.9 2.1 14 9
19:14:32 1 49 5120 3403 5.9 2.1 14 9
19:14:33 1 48 5120 3403 6.2 2.1 14 9
19:14:34 1 44 5120 3403 6.7 1.8 14 9
19:14:35 1 46 5120 3403 6.1 1.8 14 9
19:14:36 1 46 5120 3403 6.1 1.8 14 9
19:14:37 1 46 5120 3403 6.0 1.8 14 9
19:14:38 1 43 5120 3403 7.2 1.9 14 9
19:14:39 1 45 5120 3403 6.3 1.9 14 9
19:14:40 1 41 5120 3403 8.6 2.2 14 9
19:14:41 1 45 5120 3403 7.4 2.4 14 9
19:14:42 1 45 5120 3403 7.8 2.5 14 9
19:14:43 1 45 5120 3403 7.8 2.6 14 9
19:14:44 1 45 5120 3403 7.8 2.7 14 9
19:14:46 1 46 5120 3403 7.8 2.8 14 9
19:14:47 1 46 5120 3403 7.8 2.9 14 9
19:14:48 1 46 5120 3403 7.8 2.9 14 9
19:14:49 1 46 5120 3403 7.7 3.0 14 9
19:14:50 1 46 5120 2630 7.8 3.0 14 9
19:14:51 1 47 4096 2475 7.8 3.0 15 9
19:14:52 1 47 4096 2475 7.8 3.0 15 9
19:14:53 1 47 4096 2475 7.8 3.0 15 9
19:14:54 1 47 4096 2475 7.8 3.1 15 9
19:14:55 1 47 4096 2475 7.8 3.1 15 9
19:14:56 1 47 4096 2475 7.8 3.1 15 9
19:14:57 1 47 4096 2475 7.7 3.1 15 9
19:14:58 1 47 4096 2475 7.7 3.1 15 9
19:15:00 1 48 4096 2475 7.4 3.1 15 9
19:15:01 1 48 4096 2475 7.4 3.1 15 9
19:15:02 1 48 4096 2475 7.4 3.1 15 9
19:15:03 1 48 4096 2475 7.4 3.1 15 9
19:15:04 1 49 4096 2475 7.2 3.1 15 9
19:15:05 1 49 4096 2475 7.2 3.1 15 9
19:15:06 1 49 4096 2475 7.2 3.1 15 9
19:15:07 1 48 4096 2475 7.6 3.1 15 9
19:15:08 1 49 4096 2475 7.1 3.1 15 9
19:15:09 1 48 4096 2475 7.5 3.1 15 9
19:15:10 1 48 4096 2467 7.5 3.1 15 9
19:15:11 1 49 4096 2467 7.2 3.1 15 9
19:15:12 1 48 4096 2467 7.5 3.1 15 9
19:15:13 1 47 4096 2467 7.6 3.1 15 9
19:15:14 1 46 4096 2467 7.4 2.8 15 9
19:15:16 1 43 4096 2467 7.7 2.2 15 9
19:15:17 1 39 4096 2467 7.8 2.0 16 9
19:15:18 2 38 4096 2467 8.0 2.0 16 9
19:15:21 2 35 4096 2467 8.0 0.7 15 9
19:15:22 2 32 4096 2671 7.9 0.9 15 9
19:15:23 2 32 4096 2671 8.0 1.1 15 9
19:15:25 2 32 4096 2671 8.1 1.1 15 9
19:15:26 2 33 4096 2663 8.1 1.2 15 9
19:15:27 2 35 4096 2663 7.8 1.3 15 9
19:15:28 2 32 4096 2663 8.3 1.0 15 9
19:15:29 2 29 4096 2855 8.0 0.8 15 9
19:15:30 2 35 4096 2855 6.8 0.7 15 9
19:15:32 2 36 4096 2855 6.9 0.7 15 9
19:15:33 2 36 4096 2855 7.0 0.7 15 9
19:15:34 2 37 4096 2855 6.8 0.7 15 9
19:15:35 2 37 4096 2855 6.7 0.7 15 9
19:15:36 2 36 4096 2855 7.2 0.8 15 9
19:15:37 2 38 4096 2855 7.0 0.9 15 9
19:15:38 2 39 4096 2855 6.6 1.0 15 9
19:15:39 2 40 4096 2855 6.6 1.1 15 9
19:15:40 2 41 4096 2855 6.6 1.2 15 9
19:15:41 2 38 4096 2855 7.5 1.3 15 9
19:15:42 2 36 4096 2855 8.4 1.5 15 9
19:15:43 2 39 4096 2855 7.6 1.8 15 9
19:15:44 2 40 4096 2855 7.6 2.0 15 9
19:15:45 2 39 4096 2855 7.9 2.2 15 9
19:15:46 2 40 4096 2855 7.9 2.3 15 9
19:15:48 2 42 4096 2855 7.6 2.5 15 9
19:15:49 2 42 4096 2855 7.6 2.6 15 9
19:15:50 2 42 4096 2855 8.0 2.6 15 9
19:15:51 2 43 4096 2855 7.5 2.7 15 9
19:15:52 2 44 4096 2855 7.6 2.6 15 9
19:15:53 2 40 4096 2855 7.8 2.2 15 9
19:15:54 2 38 4096 2855 8.6 2.1 15 9
19:15:55 2 38 4096 2855 8.6 2.2 15 9
19:15:56 2 37 4096 2855 8.7 2.3 15 9
19:15:57 2 36 4096 2855 9.0 2.3 15 9
19:15:58 2 36 4096 2855 9.0 2.3 15 9
19:15:59 2 37 4096 2855 8.7 2.4 15 9
19:16:00 2 37 4096 2855 8.9 2.4 15 9
19:16:01 2 38 4096 2855 8.5 2.5 15 9
19:16:03 2 38 4096 2855 8.9 2.5 15 9
19:16:04 2 38 4096 2855 8.9 2.5 15 9
19:16:05 2 37 4096 2855 9.3 2.5 15 9
19:16:06 2 36 4096 2855 9.4 2.4 15 9
19:16:07 2 37 4096 2855 9.2 2.4 15 9
19:16:08 2 36 4096 2855 9.6 2.4 15 9
19:16:09 2 36 4096 2855 9.5 2.4 15 9
19:16:10 2 36 4096 2855 9.5 2.4 15 9
19:16:11 2 40 4096 2847 8.1 2.4 15 9
19:16:12 2 41 4096 2847 7.9 2.3 15 9
19:16:13 2 42 4096 2847 7.5 2.3 15 9
19:16:14 2 42 4096 2847 7.5 2.3 15 9
19:16:15 2 42 4096 2847 7.5 2.3 15 9
19:16:16 2 42 4096 2847 7.5 2.3 15 9
19:16:17 2 42 4096 2847 7.3 2.4 15 9
19:16:19 2 42 4096 2847 7.3 2.4 15 9
19:16:20 2 42 4096 2847 7.5 2.4 15 9
19:16:21 2 42 4096 2847 7.5 2.4 15 9
19:16:22 2 41 4096 2847 7.5 2.4 15 9
19:16:23 2 40 4096 2847 7.5 2.4 15 9
19:16:24 2 40 4096 2847 7.4 2.3 15 9
19:16:25 2 40 4096 2847 7.5 2.3 15 9
19:16:26 2 40 4096 2847 7.5 2.3 15 9
19:16:27 2 40 4096 2847 7.5 2.4 15 9
19:16:28 2 36 4096 2847 8.8 2.4 15 9
19:16:29 2 41 4096 2847 7.4 2.4 15 9
19:16:30 2 44 4096 2847 6.2 2.4 15 9
19:16:31 2 44 4096 2847 6.2 2.4 15 9
19:16:32 2 44 4096 2847 6.2 2.4 15 9
19:16:33 2 44 4096 2847 6.2 2.4 15 9
19:16:35 2 40 4096 2847 6.7 1.9 15 9
19:16:36 2 41 4096 2847 6.7 2.0 15 9
19:16:37 2 42 4096 2847 6.3 2.1 15 9
19:16:38 2 43 4096 2847 6.3 2.2 15 9
19:16:39 2 43 4096 2847 6.2 2.3 15 9
19:16:40 2 40 4096 2847 7.4 2.4 15 9
19:16:41 2 36 4096 2847 8.4 2.3 15 9
19:16:42 2 39 4096 2847 7.7 2.4 15 9
19:16:43 2 40 4096 2847 7.6 2.5 15 9
19:16:44 2 40 4096 2847 7.6 2.6 15 9
19:16:45 2 40 4096 2847 7.6 2.6 15 9
19:16:46 2 35 4096 2847 8.4 2.0 15 9
19:16:47 2 36 4096 2847 8.4 1.9 15 9
19:16:48 2 36 4096 2839 8.2 1.9 15 9
19:16:49 2 34 4096 2823 8.6 1.7 15 9
19:16:51 2 36 4096 2823 7.9 1.9 15 9
19:16:52 2 36 4096 2823 8.0 1.9 15 9
19:16:53 2 36 4096 2815 8.0 2.0 15 9
19:16:54 2 36 4096 2815 8.1 2.1 15 9
19:16:55 2 37 4096 2815 8.0 2.1 15 9
19:16:56 2 38 4096 2815 7.9 2.2 15 9
19:16:57 2 38 4096 2815 8.1 2.3 15 9
19:16:58 2 39 4096 2815 7.8 2.3 15 9
19:16:59 2 40 4096 2815 7.7 2.3 15 9
19:17:00 2 39 4096 2815 7.9 2.3 15 9
19:17:01 2 39 4096 2815 8.0 2.4 15 9
19:17:02 2 39 4096 2807 8.0 2.4 15 9
19:17:03 2 40 4096 2807 7.9 2.4 15 9
19:17:04 2 39 4096 2807 8.1 2.4 15 9
19:17:05 2 42 4096 2807 7.5 2.4 15 9
19:17:07 2 41 4096 2807 7.6 2.4 15 9
19:17:08 2 41 4096 2807 7.6 2.4 15 9
19:17:09 2 41 4096 2807 7.6 2.4 15 9
19:17:10 2 41 4096 2807 7.6 2.4 15 9
19:17:11 2 41 4096 2807 7.6 2.4 15 9
19:17:12 2 41 4096 2807 7.6 2.4 15 9
19:17:13 2 41 4096 2807 7.6 2.4 15 9
19:17:14 2 43 4096 2807 7.2 2.4 15 9
19:17:15 2 43 4096 2807 7.2 2.4 15 9
19:17:16 2 42 4096 2807 7.6 2.4 15 9
19:17:17 2 42 4096 2807 7.6 2.4 15 9
19:17:18 2 41 4096 2807 7.7 2.4 15 9
19:17:19 2 41 4096 2807 7.8 2.4 15 9
19:17:20 2 41 4096 2807 7.7 2.4 15 9
19:17:21 2 42 4096 2807 7.6 2.4 15 9
19:17:22 2 43 4096 2807 7.2 2.4 15 9
19:17:24 2 43 4096 2807 7.2 2.4 15 9
19:17:25 2 42 4096 2807 7.6 2.4 15 9
19:17:26 2 42 4096 2807 7.6 2.4 15 9
19:17:27 2 39 4096 2807 8.8 2.4 15 9
19:17:28 2 43 4096 2807 7.4 2.4 15 9
19:17:29 2 46 4096 2807 6.3 2.4 15 9
19:17:30 2 47 4096 2807 6.0 2.4 15 9
19:17:31 2 46 4096 2807 6.4 2.4 15 9
19:17:32 2 47 4096 2807 6.3 2.4 15 9
19:17:33 2 46 4096 2807 6.7 2.5 15 9
19:17:34 2 46 4096 2807 6.7 2.6 15 9
19:17:35 2 47 4096 2807 6.6 2.7 15 9
19:17:36 2 48 4096 2807 6.6 2.8 15 9
19:17:37 1 47 4096 2807 6.9 3.0 15 9
19:17:38 1 44 4096 2807 7.9 3.0 15 9
19:17:39 1 42 4096 2807 8.8 3.0 15 9
19:17:41 1 44 4096 2807 7.9 3.0 15 9
19:17:42 1 44 4096 2807 8.0 3.0 15 9
19:17:43 1 44 4096 2807 8.0 3.0 15 9
19:17:44 1 45 4096 2807 7.9 3.0 15 9
19:17:45 1 45 4096 2807 7.7 3.0 15 9
19:17:46 1 45 4096 2807 7.7 3.0 15 9
19:17:47 1 45 4096 2807 7.9 3.0 15 9
19:17:48 1 45 4096 2807 7.7 3.0 15 9
19:17:49 1 46 4096 2799 7.5 3.0 15 9
19:17:50 1 43 4096 2799 8.0 2.6 15 9
19:17:51 1 42 4096 2799 7.9 2.4 15 9
19:17:52 1 42 4096 2799 7.7 2.4 15 9
19:17:53 1 42 4096 2799 7.9 2.4 15 9
19:17:55 1 42 4096 2799 7.9 2.4 15 9
19:17:56 1 42 4096 2799 7.8 2.4 15 9
19:17:57 1 42 4096 2791 7.8 2.4 15 9
19:17:58 1 43 4096 2791 7.7 2.4 15 9
19:17:59 1 42 4096 2791 7.9 2.4 15 9
19:18:00 1 42 4096 2791 8.0 2.4 15 9
19:18:01 1 42 4096 2791 7.9 2.4 15 9
19:18:02 1 42 4096 2791 7.8 2.4 15 9
19:18:03 1 42 4096 2791 7.9 2.4 15 9
19:18:04 1 42 4096 2791 7.7 2.4 15 9
19:18:05 1 42 4096 2791 7.7 2.4 15 9
19:18:06 1 42 4096 2791 7.7 2.4 15 9
19:18:07 1 42 4096 2791 7.8 2.4 15 9
19:18:09 1 42 4096 2791 7.7 2.4 15 9
19:18:10 1 43 4096 2791 7.4 2.4 15 9
19:18:11 1 42 4096 2791 7.7 2.4 15 9
19:18:12 1 42 4096 2791 7.7 2.4 15 9
19:18:13 1 42 4096 2791 7.5 2.4 15 9
19:18:14 1 43 4096 2791 7.5 2.4 15 9
19:18:15 1 43 4096 2791 7.3 2.4 15 9
19:18:16 1 43 4096 2791 7.5 2.4 15 9
19:18:17 1 43 4096 2791 7.4 2.4 15 9
19:18:18 1 43 4096 2791 7.3 2.4 15 9
19:18:19 1 43 4096 2791 7.5 2.4 15 9
19:18:20 1 43 4096 2791 7.5 2.4 15 9
19:18:21 1 43 4096 2791 7.4 2.4 15 9
19:18:22 1 43 4096 2791 7.4 2.4 15 9
19:18:24 1 43 4096 2791 7.4 2.4 15 9
19:18:25 1 43 4096 2791 7.4 2.4 15 9
19:18:26 1 43 4096 2791 7.4 2.4 15 9
19:18:27 1 41 4096 2791 7.9 2.4 15 9
19:18:28 2 32 4096 2791 9.2 1.1 15 9
19:18:29 2 36 4096 2791 7.5 1.1 15 9
19:18:30 2 40 4096 2791 6.3 0.9 15 9
19:18:31 2 40 4096 2791 6.2 0.9 15 9
19:18:32 2 40 4096 2791 6.4 0.9 15 9
19:18:33 2 40 4096 2791 6.2 0.9 15 9
19:18:34 2 36 4096 2791 6.7 0.9 15 9
19:18:35 2 37 4096 2791 6.5 1.1 15 9
19:18:36 2 38 4096 2791 6.5 1.2 15 9
19:18:37 2 39 4096 2791 6.5 1.3 15 9
19:18:38 2 39 4096 2791 6.4 1.4 15 9
19:18:39 2 36 4096 2791 7.6 1.5 15 9
19:18:41 2 34 4096 2791 8.2 1.7 15 9
19:18:42 2 35 4096 2791 8.0 1.4 15 9
19:18:43 2 36 4096 2791 7.9 1.5 15 9
19:18:44 2 37 4096 2791 7.7 1.7 15 9
19:18:45 2 37 4096 2791 8.0 1.8 15 9
19:18:46 2 37 4096 2791 8.1 1.8 15 9
19:18:47 2 37 4096 2791 8.0 1.9 15 9
19:18:48 2 37 4096 2791 8.1 2.0 15 9
19:18:49 2 38 4096 2791 7.9 2.1 15 9
19:18:50 2 38 4096 2791 7.8 2.1 15 9
19:18:51 2 38 4096 2791 8.0 2.2 15 9
19:18:52 2 38 4096 2791 8.1 2.2 15 9
19:18:53 2 38 4096 2791 8.0 2.3 15 9
19:18:54 2 39 4096 2791 8.0 2.3 15 9
19:18:56 2 39 4096 2791 8.0 2.3 15 9
19:18:57 2 39 4096 2791 8.0 2.3 15 9
19:18:58 2 39 4096 2791 8.0 2.4 15 9
19:18:59 2 39 4096 2791 8.0 2.4 15 9
19:19:00 2 40 4096 2791 7.9 2.4 15 9
19:19:01 2 40 4096 2791 7.8 2.4 15 9
19:19:02 2 40 4096 2791 7.8 2.4 15 9
19:19:03 2 40 4096 2791 7.9 2.4 15 9
19:19:04 2 40 4096 2791 8.0 2.4 15 9
19:19:05 2 40 4096 2791 7.9 2.4 15 9
19:19:06 2 41 4096 2791 7.6 2.4 15 9
19:19:07 2 41 4096 2791 7.6 2.4 15 9
19:19:08 2 41 4096 2791 7.6 2.4 15 9
19:19:09 2 42 4096 2791 7.6 2.4 15 9
19:19:10 2 42 4096 2791 7.6 2.4 15 9
19:19:11 2 42 4096 2791 7.6 2.4 15 9
19:19:13 2 42 4096 2791 7.6 2.4 15 9
19:19:14 2 42 4096 2791 7.6 2.4 15 9
19:19:15 2 42 4096 2791 7.6 2.4 15 9
19:19:16 2 42 4096 2791 7.6 2.4 15 9
19:19:17 2 42 4096 2791 7.6 2.4 15 9
19:19:18 2 42 4096 2791 7.6 2.4 15 9
19:19:19 2 42 4096 2791 7.7 2.4 15 9
19:19:20 2 42 4096 2791 7.8 2.4 15 9
19:19:21 2 42 4096 2791 7.6 2.4 15 9
19:19:22 2 42 4096 2791 7.6 2.4 15 9
19:19:23 2 42 4096 2791 7.6 2.4 15 9
19:19:24 2 41 4096 2791 7.6 2.4 15 9
19:19:25 2 42 4096 2791 7.6 2.4 15 9
19:19:26 2 41 4096 2791 7.6 2.4 15 9
19:19:28 2 41 4096 2791 7.6 2.4 15 9
19:19:29 2 41 4096 2791 7.7 2.4 15 9
19:19:30 2 38 4096 2791 8.9 2.5 15 9
19:19:31 2 45 4096 2791 6.3 2.4 15 9
19:19:32 2 45 4096 2791 6.4 2.4 15 9
19:19:33 2 45 4096 2791 6.5 2.5 15 9
19:19:34 2 45 4096 2791 6.5 2.5 15 9
19:19:35 2 46 4096 2791 6.4 2.5 15 9
19:19:36 2 45 4096 2791 6.6 2.5 15 9
19:19:37 2 46 4096 2791 6.4 2.7 15 9
19:19:38 2 44 4096 2791 6.5 2.5 15 9
19:19:39 2 43 4096 2791 6.5 2.7 15 9
19:19:40 2 40 4096 2791 7.7 2.8 15 9
19:19:41 2 44 4096 2791 6.5 2.8 15 9
19:19:42 2 39 4096 2791 8.7 2.8 15 9
19:19:43 2 42 4096 2791 7.9 2.9 15 9
19:19:44 2 42 4096 2791 7.9 2.9 15 9
19:19:46 2 42 4096 2791 7.9 2.9 15 9
19:19:47 2 42 4096 2791 7.8 2.9 15 9
19:19:48 2 42 4096 2791 7.8 2.9 15 9
19:19:49 2 42 4096 2791 7.9 2.9 15 9
19:19:50 2 43 4096 2791 7.9 3.0 15 9
19:19:51 2 43 4096 2791 7.9 3.0 15 9
19:19:52 2 43 4096 2791 7.9 3.0 15 9
19:19:53 2 42 4096 2791 8.0 3.0 15 9
19:19:54 2 43 4096 2791 7.9 3.0 15 9
19:19:55 2 43 4096 2791 7.9 3.0 15 9
19:19:56 2 43 4096 2791 7.9 3.0 15 9
19:19:57 2 43 4096 2791 7.9 3.0 15 9
19:19:58 2 42 4096 2791 8.0 3.0 15 9
19:19:59 2 41 4096 2791 7.9 2.6 15 9
19:20:00 2 41 4096 2791 7.8 2.5 15 9
19:20:01 2 41 4096 2791 7.7 2.5 15 9
19:20:03 2 41 4096 2791 7.7 2.5 15 9
19:20:04 2 41 4096 2791 7.7 2.5 15 9
19:20:05 2 41 4096 2791 7.8 2.5 15 9
19:20:06 2 42 4096 2791 7.6 2.5 15 9
19:20:07 2 41 4096 2791 7.7 2.5 15 9
19:20:08 2 41 4096 2791 7.8 2.5 15 9
19:20:09 2 41 4096 2791 7.7 2.5 15 9
19:20:10 2 42 4096 2791 7.4 2.5 15 9
19:20:11 2 40 4096 2791 8.1 2.4 15 9
19:20:12 2 38 4096 2791 8.5 2.4 15 9
19:20:13 2 37 4096 2791 8.8 2.4 15 9
19:20:14 2 39 4096 2791 7.9 2.4 15 9
19:20:15 2 40 4096 2791 7.7 2.4 15 9
19:20:16 2 38 4096 2791 8.3 2.4 15 9
19:20:17 2 35 4096 2791 8.7 2.2 15 9
19:20:19 2 35 4096 2791 8.9 2.2 15 9
19:20:20 2 35 4096 2791 8.8 2.3 15 9
19:20:21 2 39 4096 2791 7.6 2.3 15 9
19:20:22 2 39 4096 2791 7.5 2.3 15 9
19:20:23 2 40 4096 2791 7.5 2.3 15 9
19:20:24 2 37 4096 2791 8.5 2.3 15 9
19:20:25 2 36 4096 2791 8.7 2.3 15 9
19:20:26 2 37 4096 2791 8.7 2.4 15 9
19:20:27 2 37 4096 2791 8.7 2.4 15 9
19:20:28 2 40 4096 2791 7.5 2.4 15 9
19:20:29 2 40 4096 2791 7.5 2.4 15 9
19:20:30 2 41 4096 2791 7.5 2.4 15 9
19:20:31 2 38 4096 2791 8.5 2.4 15 9
19:20:32 2 37 4096 2791 8.7 2.4 15 9
19:20:33 2 32 4096 2791 10.1 2.3 15 9
19:20:34 2 40 4096 2791 7.4 2.3 15 9
19:20:35 2 40 4096 2791 7.4 2.3 15 9
19:20:36 2 40 4096 2791 7.4 2.2 15 9
19:20:38 2 40 4096 2791 7.5 2.3 15 9
19:20:39 2 40 4096 2791 7.4 2.3 15 9
19:20:40 2 38 4096 2791 7.4 1.6 15 9
19:20:41 2 41 4096 2791 6.5 1.7 15 9
19:20:42 2 41 4096 2791 6.6 1.8 15 9
19:20:43 2 42 4096 2791 6.5 1.9 15 9
19:20:44 2 42 4096 2791 6.6 2.1 15 9
19:20:45 2 43 4096 2791 6.4 2.2 15 9
19:20:46 2 40 4096 2791 7.6 2.2 15 9
19:20:47 2 37 4096 2791 8.7 2.3 15 9
19:20:48 2 39 4096 2791 8.0 2.4 15 9
19:20:49 2 40 4096 2791 8.0 2.5 15 9
19:20:50 2 40 4096 2791 7.8 2.6 15 9
19:20:51 2 41 4096 2783 7.8 2.7 15 9
19:20:52 2 41 4096 2783 7.8 2.8 15 9
19:20:53 2 41 4096 2783 7.9 2.8 15 9
19:20:55 2 41 4096 2783 7.9 2.8 15 9
19:20:56 2 39 4096 2783 7.8 2.2 15 9
19:20:57 2 40 4096 2783 7.7 2.3 15 9
19:20:58 2 39 4096 2783 7.8 2.3 15 9
19:20:59 2 39 4096 2783 7.9 2.3 15 9
19:21:00 2 39 4096 2783 7.9 2.3 15 9
19:21:01 2 39 4096 2783 7.9 2.4 15 9
19:21:02 2 40 4096 2783 7.9 2.4 15 9
19:21:03 2 40 4096 2783 7.9 2.4 15 9
19:21:04 2 40 4096 2783 7.9 2.4 15 9
19:21:05 2 40 4096 2783 7.7 2.4 15 9
19:21:06 2 41 4096 2783 7.7 2.4 15 9
19:21:07 2 41 4096 2783 7.7 2.4 15 9
19:21:08 2 41 4096 2783 7.7 2.4 15 9
19:21:10 2 41 4096 2783 7.7 2.4 15 9
19:21:11 2 41 4096 2783 7.7 2.4 15 9
19:21:12 2 41 4096 2783 7.5 2.4 15 9
19:21:13 2 40 4096 2783 8.2 2.4 15 9
19:21:14 2 41 4096 2783 8.0 2.4 15 9
19:21:15 2 40 4096 2783 8.2 2.4 15 9
19:21:16 2 41 4096 2783 7.7 2.4 15 9
19:21:17 2 42 4096 2783 7.6 2.4 15 9
19:21:18 2 42 4096 2783 7.6 2.4 15 9
19:21:19 2 42 4096 2783 7.6 2.4 15 9
19:21:20 2 42 4096 2783 7.6 2.4 15 9
19:21:21 2 42 4096 2783 7.6 2.4 15 9
19:21:22 2 42 4096 2783 7.6 2.4 15 9
19:21:23 2 42 4096 2783 7.6 2.4 15 9
19:21:24 2 42 4096 2783 7.6 2.4 15 9
19:21:25 2 41 4096 2783 8.0 2.4 15 9
19:21:27 2 42 4096 2783 7.7 2.4 15 9
19:21:28 2 42 4096 2783 7.6 2.4 15 9
19:21:29 2 43 4096 2783 7.5 2.4 15 9
19:21:30 2 43 4096 2783 7.5 2.4 15 9
19:21:31 2 43 4096 2783 7.5 2.4 15 9
19:21:32 2 43 4096 2783 7.5 2.4 15 9
19:21:33 2 43 4096 2783 7.5 2.4 15 9
19:21:34 2 38 4096 2783 8.8 2.3 15 9
19:21:35 2 46 4096 2783 6.2 2.3 15 9
19:21:36 2 46 4096 2783 6.1 2.3 15 9
19:21:37 2 45 4096 2783 6.5 2.3 15 9
19:21:38 2 45 4096 2783 6.4 2.3 15 9
19:21:39 2 46 4096 2783 6.3 2.3 15 9
19:21:40 2 45 4096 2783 6.8 2.4 15 9
19:21:41 2 45 4096 2783 6.6 2.5 15 9
19:21:42 2 46 4096 2783 6.6 2.6 15 9
19:21:44 2 46 4096 2783 6.5 2.7 15 9
19:21:45 2 43 4096 2783 7.7 2.8 15 9
19:21:46 2 44 4096 2783 7.6 2.8 15 9
19:21:47 1 39 4096 2783 8.7 2.6 15 9
19:21:48 2 36 4096 2783 7.9 1.8 15 9
19:21:49 2 37 4096 2783 7.8 2.0 15 9
19:21:50 2 37 4096 2783 7.8 2.0 15 9
19:21:51 2 38 4096 2783 7.8 2.1 15 9
19:21:52 2 38 4096 2783 8.0 2.2 15 9
19:21:53 2 38 4096 2783 7.9 2.2 15 9
19:21:54 2 39 4096 2783 7.9 2.2 15 9
19:21:55 2 39 4096 2783 7.9 2.3 15 9
19:21:57 2 39 4096 2783 7.9 2.3 15 9
19:21:58 2 39 4096 2783 7.9 2.3 15 9
19:21:59 2 39 4096 2783 7.9 2.4 15 9
19:22:00 2 39 4096 2783 7.9 2.4 15 9
19:22:01 2 39 4096 2783 7.8 2.4 15 9
19:22:02 2 40 4096 2783 7.9 2.4 15 9
19:22:03 2 40 4096 2783 7.9 2.4 15 9
19:22:04 2 40 4096 2783 7.9 2.4 15 9
19:22:05 2 40 4096 2783 7.7 2.4 15 9
19:22:06 2 40 4096 2783 7.7 2.4 15 9
19:22:07 2 41 4096 2783 7.7 2.4 15 9
19:22:08 2 41 4096 2783 7.8 2.4 15 9
19:22:09 2 40 4096 2783 7.9 2.4 15 9
19:22:10 2 41 4096 2783 7.7 2.4 15 9
19:22:12 2 41 4096 2783 7.6 2.4 15 9
19:22:13 2 41 4096 2783 7.5 2.4 15 9
19:22:14 2 41 4096 2783 7.5 2.4 15 9
19:22:15 2 41 4096 2783 7.5 2.4 15 9
19:22:16 2 41 4096 2783 7.6 2.4 15 9
19:22:17 2 41 4096 2783 7.6 2.4 15 9
19:22:18 2 41 4096 2783 7.6 2.4 15 9
19:22:19 2 41 4096 2783 7.5 2.4 15 9
19:22:20 2 41 4096 2783 7.5 2.4 15 9
19:22:21 2 41 4096 2783 7.5 2.4 15 9
19:22:22 2 41 4096 2783 7.5 2.4 15 9
19:22:23 2 41 4096 2783 7.5 2.4 15 9
19:22:24 2 41 4096 2783 7.5 2.4 15 9
19:22:25 2 41 4096 2783 7.5 2.4 15 9
19:22:26 2 41 4096 2783 7.5 2.4 15 9
19:22:27 2 41 4096 2783 7.5 2.4 15 9
19:22:28 2 42 4096 2783 7.5 2.4 15 9
19:22:30 2 41 4096 2783 7.5 2.4 15 9
19:22:31 2 41 4096 2783 7.6 2.4 15 9
19:22:32 2 41 4096 2783 7.6 2.4 15 9
19:22:33 2 37 4096 2783 8.9 2.2 15 9
19:22:34 2 41 4096 2783 7.4 2.2 15 9
19:22:35 2 44 4096 2783 6.4 2.2 15 9
19:22:36 2 44 4096 2783 6.5 2.2 15 9
19:22:37 2 43 4096 2783 6.5 2.2 15 9
19:22:38 2 41 4096 2783 6.5 2.0 15 9
19:22:39 2 42 4096 2783 6.3 2.0 15 9
19:22:40 2 35 4096 2783 6.9 1.9 15 9
19:22:42 2 31 4096 3000 6.8 1.0 15 9
19:22:43 2 31 4096 3072 6.9 1.0 15 9
19:22:44 2 32 4096 3072 6.8 1.1 15 9
19:22:45 2 31 4096 3137 7.5 1.0 15 9
19:22:46 2 30 4096 3758 7.9 1.0 15 9
19:22:47 2 30 4096 3758 8.5 1.1 15 9
19:22:48 2 32 4096 3805 8.1 1.0 15 9
19:22:49 2 33 4096 3805 8.0 1.1 15 9
19:22:50 2 34 4096 3805 8.0 1.4 15 9
19:22:51 2 35 4096 3805 8.0 1.6 15 9
19:22:52 2 37 4096 3805 7.8 1.7 15 9
19:22:53 2 37 4096 3805 7.8 1.8 15 9
19:22:54 2 38 4096 3805 7.8 2.0 15 9
19:22:56 2 38 4096 3805 7.8 2.0 15 9
19:22:57 2 38 4096 3805 8.0 2.1 15 9
19:22:58 2 38 4096 3805 8.1 2.2 15 9
19:22:59 2 38 4096 3805 8.1 2.2 15 9
19:23:00 2 39 4096 3805 8.1 2.3 15 9
19:23:01 2 39 4096 3805 8.0 2.3 15 9
19:23:02 2 39 4096 3805 8.1 2.3 15 9
19:23:03 2 40 4096 3805 8.0 2.4 15 9
19:23:04 2 40 4096 3805 8.1 2.4 15 9
19:23:05 2 40 4096 3805 8.1 2.4 15 9
19:23:06 2 41 4096 3805 7.8 2.4 15 9
19:23:07 2 40 4096 3805 7.9 2.4 15 9
19:23:08 2 41 4096 3805 7.8 2.4 15 9
19:23:09 2 41 4096 3805 8.1 2.4 15 9
19:23:10 2 41 4096 3805 8.0 2.4 15 9
19:23:11 2 42 4096 3805 7.8 2.4 15 9
19:23:13 2 44 4096 3805 7.4 2.4 15 9
19:23:14 2 44 4096 3805 7.5 2.4 15 9
19:23:15 2 44 4096 3805 7.5 2.4 15 9
19:23:16 2 43 4096 3805 7.6 2.4 15 9
19:23:17 2 44 4096 3805 7.5 2.4 15 9
19:23:18 2 44 4096 3805 7.5 2.4 15 9
19:23:19 2 44 4096 3805 7.5 2.4 15 9
19:23:20 2 44 4096 3805 7.4 2.4 15 9
19:23:21 2 44 4096 3805 7.5 2.4 15 9
19:23:22 2 44 4096 3805 7.6 2.4 15 9
19:23:23 2 44 4096 3805 7.6 2.4 15 9
19:23:24 2 44 4096 3805 7.5 2.4 15 9
19:23:25 2 44 4096 3805 7.5 2.4 15 9
19:23:26 2 44 4096 3805 7.5 2.4 15 9
19:23:27 2 44 4096 3805 7.5 2.4 15 9
19:23:28 2 43 4096 3805 7.7 2.4 15 9
19:23:30 2 44 4096 3805 7.6 2.4 15 9
19:23:31 2 44 4096 3797 7.6 2.4 15 9
19:23:32 2 44 4096 3797 7.5 2.4 15 9
19:23:33 2 44 4096 3797 7.5 2.4 15 9
19:23:34 2 44 4096 3797 7.5 2.4 15 9
19:23:35 2 41 4096 3797 8.7 2.5 15 9
19:23:36 1 48 4096 3797 6.2 2.5 15 9
19:23:37 1 48 4096 3797 6.2 2.5 15 9
19:23:38 1 48 4096 3797 6.5 2.5 15 9
19:23:39 1 48 4096 3797 6.5 2.5 15 9
19:23:40 1 48 4096 3797 6.3 2.5 15 9
19:23:41 1 48 4096 3797 6.6 2.6 15 9
19:23:42 1 49 4096 3797 6.4 2.7 15 9
19:23:43 1 49 4096 3781 6.4 2.9 15 9
19:23:44 1 50 4096 3781 6.4 3.0 15 9
19:23:45 1 46 4096 3781 7.6 3.0 15 9
19:23:46 1 43 4096 3781 8.9 3.0 15 9
19:23:47 1 43 4096 3781 8.9 3.0 15 9
19:23:49 1 46 4096 3781 7.8 3.0 15 9
19:23:50 1 46 4096 3781 7.9 3.0 15 9
19:23:51 1 46 4096 3781 7.9 3.0 15 9
19:23:52 1 46 4096 3781 7.9 3.0 15 9
19:23:53 1 46 4096 3781 7.9 3.0 15 9
19:23:54 1 46 4096 3781 7.9 3.0 15 9
19:23:55 1 46 4096 3781 7.8 3.0 15 9
19:23:56 1 47 4096 3781 7.5 3.0 15 9
19:23:57 1 46 4096 3781 7.8 3.0 15 9
19:23:58 1 46 4096 3781 7.8 3.0 15 9
19:23:59 1 46 4096 3781 7.8 3.0 15 9
19:24:00 1 46 4096 3781 7.9 3.0 15 9
19:24:01 1 46 4096 3781 7.9 3.0 15 9
19:24:02 1 47 4096 3781 7.9 3.0 15 9
19:24:03 1 47 4096 3781 7.9 3.0 15 9
19:24:04 1 47 4096 3781 7.8 3.0 15 9
19:24:06 1 47 4096 3781 7.8 3.0 15 9
19:24:07 1 47 4096 3781 7.7 3.0 15 9
19:24:08 1 47 4096 3781 7.7 3.0 15 9
19:24:09 1 47 4096 3781 7.7 3.0 15 9
19:24:10 1 47 4096 3781 7.8 3.0 15 9
19:24:11 1 48 4096 3781 7.6 3.0 15 9
19:24:12 1 48 4096 3781 7.5 3.0 15 9
19:24:13 1 48 4096 3773 7.5 3.0 15 9
19:24:14 1 48 4096 3773 7.5 3.0 15 9
19:24:15 1 48 4096 3773 7.5 3.0 15 9
19:24:16 1 48 4096 3773 7.4 3.0 15 9
19:24:17 1 48 4096 3773 7.4 3.0 15 9
19:24:18 1 48 4096 3773 7.4 3.0 15 9
19:24:19 1 48 4096 3773 7.5 3.0 15 9
19:24:20 1 48 4096 3773 7.5 3.0 15 9
19:24:22 1 48 4096 3773 7.5 3.0 15 9
19:24:23 1 48 4096 3773 7.4 3.0 15 9
19:24:24 1 48 4096 3773 7.5 3.0 15 9
19:24:25 1 48 4096 3773 7.5 3.0 15 9
19:24:26 1 47 4096 3773 7.6 3.0 15 9
19:24:27 1 48 4096 3773 7.5 3.0 15 9
19:24:28 1 48 4096 3773 7.5 3.0 15 9
19:24:29 1 48 4096 3773 7.4 3.0 15 9
19:24:30 1 48 4096 3773 7.4 3.0 15 9
19:24:31 1 48 4096 3773 7.5 3.0 15 9
19:24:32 1 43 4096 3773 8.9 3.0 15 9
19:24:33 1 52 4096 3773 6.2 3.0 15 9
19:24:34 1 52 4096 3773 6.2 3.0 15 9
19:24:35 1 51 4096 3773 6.3 3.0 15 9
19:24:36 1 51 4096 3773 6.3 3.0 15 9
19:24:37 1 52 4096 3773 6.2 3.0 15 9
19:24:38 1 50 4096 3773 6.7 3.0 15 9
19:24:39 1 51 4096 3773 6.5 3.0 15 9
19:24:41 1 51 4096 3773 6.4 3.0 15 9
19:24:42 1 51 4096 3773 6.3 3.0 15 9
19:24:43 1 48 4096 3773 7.6 3.0 15 9
19:24:44 1 47 4096 3773 7.6 3.0 15 9
19:24:45 1 45 4096 3773 8.6 3.0 15 9
19:24:46 1 47 4096 3773 7.8 3.0 15 9
19:24:47 1 47 4096 3773 7.8 3.0 15 9
19:24:48 1 47 4096 3773 7.8 3.0 15 9
19:24:49 1 47 4096 3773 7.9 3.0 15 9
19:24:50 1 48 4096 3773 7.7 3.0 15 9
19:24:51 1 47 4096 3773 7.8 3.0 15 9
19:24:52 1 47 4096 3773 7.8 3.0 15 9
19:24:53 1 47 4096 3773 7.7 3.0 15 9
19:24:54 1 47 4096 3773 7.8 3.0 15 9
19:24:55 1 47 4096 3773 7.8 3.0 15 9
19:24:56 1 47 4096 3773 7.8 3.0 15 9
19:24:57 1 47 4096 3773 7.8 3.0 15 9
19:24:59 1 47 4096 3773 7.9 3.0 15 9
19:25:00 1 47 4096 3773 7.9 3.0 15 9
19:25:01 1 47 4096 3773 7.9 3.0 15 9
19:25:02 1 48 4096 3773 7.7 3.0 15 9
19:25:03 1 48 4096 3773 7.7 3.0 15 9
19:25:04 1 48 4096 3773 7.7 3.0 15 9
19:25:05 1 47 4096 3773 7.8 3.0 15 9
19:25:06 1 48 4096 3773 7.7 3.0 15 9
19:25:07 1 48 4096 3773 7.7 3.0 15 9
19:25:08 1 48 4096 3773 7.5 3.0 15 9
19:25:09 1 49 4096 3773 7.4 3.0 15 9
19:25:10 1 48 4096 3773 7.4 3.0 15 9
19:25:11 1 48 4096 3773 7.5 3.0 15 9
19:25:12 1 48 4096 3773 7.4 3.0 15 9
19:25:13 1 48 4096 3773 7.5 3.0 15 9
19:25:14 1 48 4096 3773 7.5 3.0 15 9
19:25:15 1 48 4096 3773 7.5 3.0 15 9
19:25:17 1 48 4096 3773 7.5 3.0 15 9
19:25:18 1 48 4096 3773 7.5 3.0 15 9
19:25:19 1 49 4096 3773 7.4 3.0 15 9
19:25:20 1 48 4096 3773 7.5 3.0 15 9
19:25:21 1 49 4096 3773 7.4 3.0 15 9
19:25:22 1 48 4096 3773 7.5 3.0 15 9
19:25:23 1 48 4096 3773 7.5 3.0 15 9
19:25:24 1 48 4096 3773 7.6 3.0 15 9
19:25:25 1 48 4096 3773 7.6 3.0 15 9
19:25:26 1 48 4096 3773 7.6 3.0 15 9
19:25:27 1 49 4096 3773 7.5 3.0 15 9
19:25:28 1 49 4096 3773 7.5 3.0 15 9
19:25:29 1 49 4096 3773 7.5 3.0 15 9
19:25:30 1 44 4096 3773 8.8 3.0 15 9
19:25:31 1 52 4096 3773 6.3 3.0 15 9
19:25:32 1 52 4096 3773 6.3 3.0 15 9
19:25:33 1 52 4096 3773 6.3 3.0 15 9
19:25:35 1 52 4096 3773 6.2 3.0 15 9
19:25:36 1 52 4096 3773 6.2 3.0 15 9
19:25:37 1 50 4096 3773 6.7 3.0 15 9
19:25:38 1 51 4096 3773 6.5 3.0 15 9
19:25:39 1 51 4096 3773 6.3 3.0 15 9
19:25:40 1 51 4096 3773 6.4 3.0 15 9
19:25:41 1 47 4096 3773 7.7 3.0 15 9
19:25:42 1 48 4096 3773 7.6 3.0 15 9
19:25:43 1 44 4096 3773 8.7 3.0 15 9
19:25:44 1 47 4096 3773 7.9 3.0 15 9
19:25:45 1 47 4096 3773 7.9 3.0 15 9
19:25:46 1 47 4096 3773 7.8 3.0 15 9
19:25:47 1 47 4096 3773 7.8 3.0 15 9
19:25:48 1 47 4096 3773 7.9 3.0 15 9
19:25:49 1 47 4096 3773 7.8 3.0 15 9
19:25:50 1 48 4096 3773 7.5 3.0 15 9
19:25:51 1 48 4096 3773 7.5 3.0 15 9
19:25:53 1 47 4096 3773 7.7 3.0 15 9
19:25:54 1 47 4096 3773 7.7 3.0 15 9
19:25:55 1 48 4096 3773 7.6 3.0 15 9
19:25:56 1 47 4096 3773 7.7 3.0 15 9
19:25:57 1 48 4096 3773 7.6 3.0 15 9
19:25:58 1 47 4096 3773 7.7 3.0 15 9
19:25:59 1 47 4096 3773 7.7 3.0 15 9
19:26:00 1 48 4096 3773 7.6 3.0 15 9
19:26:01 1 48 4096 3773 7.6 3.0 15 9
19:26:02 1 48 4096 3773 7.5 3.0 15 9
19:26:03 1 48 4096 3773 7.5 3.0 15 9
19:26:04 1 48 4096 3773 7.5 3.0 15 9
19:26:05 1 48 4096 3773 7.5 3.0 15 9
19:26:06 1 49 4096 3773 7.3 3.0 15 9
19:26:07 1 49 4096 3773 7.3 3.0 15 9
19:26:08 1 49 4096 3773 7.3 3.0 15 9
19:26:10 1 49 4096 3773 7.3 3.0 15 9
19:26:11 1 49 4096 3773 7.3 3.0 15 9
19:26:12 1 49 4096 3773 7.3 3.0 15 9
19:26:13 1 49 4096 3773 7.3 3.0 15 9
19:26:14 1 48 4096 3773 7.4 3.0 15 9
19:26:15 1 49 4096 3773 7.3 3.0 15 9
19:26:16 1 49 4096 3773 7.3 3.0 15 9
19:26:17 1 49 4096 3773 7.3 3.0 15 9
19:26:18 1 49 4096 3773 7.3 3.0 15 9
19:26:19 1 49 4096 3773 7.3 3.0 15 9
19:26:20 1 49 4096 3773 7.3 3.0 15 9
19:26:21 1 48 4096 3773 7.4 3.0 15 9
19:26:22 1 49 4096 3773 7.3 3.0 15 9
19:26:23 1 49 4096 3773 7.3 3.0 15 9
19:26:24 1 49 4096 3773 7.3 3.0 15 9
19:26:25 1 49 4096 3773 7.3 3.0 15 9
19:26:26 1 49 4096 3773 7.3 3.0 15 9
19:26:27 1 45 4096 3773 8.6 3.0 15 9
19:26:29 1 53 4096 3773 6.0 3.0 15 9
19:26:30 1 53 4096 3773 6.0 3.0 15 9
19:26:31 1 52 4096 3773 6.1 3.0 15 9
19:26:32 1 52 4096 3773 6.1 3.0 15 9
19:26:33 1 53 4096 3773 6.0 3.0 15 9
19:26:34 1 51 4096 3773 6.5 3.0 15 9
19:26:35 1 52 4096 3773 6.3 3.0 15 9
19:26:36 1 52 4096 3773 6.3 3.0 15 9
19:26:37 1 52 4096 3773 6.2 3.0 15 9
19:26:38 1 48 4096 3773 7.4 3.0 15 9
19:26:39 1 52 4096 3773 6.2 3.0 15 9
19:26:40 1 46 4096 3773 8.4 3.0 15 9
19:26:41 1 48 4096 3773 7.7 3.0 15 9
19:26:42 1 48 4096 3773 7.6 3.0 15 9
19:26:43 1 48 4096 3773 7.6 3.0 15 9
19:26:44 1 48 4096 3773 7.6 3.0 15 9
19:26:45 1 48 4096 3773 7.7 3.0 15 9
19:26:46 1 48 4096 3773 7.7 3.0 15 9
19:26:48 1 48 4096 3773 7.7 3.0 15 9
19:26:49 1 49 4096 3773 7.3 3.0 15 9
19:26:50 1 48 4096 3773 7.6 3.0 15 9
19:26:51 1 48 4096 3773 7.7 3.0 15 9
19:26:52 1 48 4096 3765 7.7 3.0 15 9
19:26:53 1 48 4096 3765 7.6 3.0 15 9
19:26:54 1 48 4096 3765 7.7 3.0 15 9
19:26:55 1 48 4096 3765 7.7 3.0 15 9
19:26:56 1 48 4096 3765 7.7 3.0 15 9
19:26:57 1 48 4096 3765 7.6 3.0 15 9
19:26:58 1 48 4096 3765 7.6 3.0 15 9
19:26:59 1 48 4096 3765 7.5 3.0 15 9
19:27:00 1 48 4096 3765 7.5 3.0 15 9
19:27:01 1 48 4096 3765 7.5 3.0 15 9
19:27:02 1 49 4096 3765 7.3 3.0 15 9
19:27:03 1 49 4096 3765 7.3 3.0 15 9
19:27:04 1 49 4096 3765 7.3 3.0 15 9
19:27:06 1 49 4096 3765 7.3 3.0 15 9
19:27:07 1 49 4096 3765 7.3 3.0 15 9
19:27:08 1 49 4096 3765 7.3 3.0 15 9
19:27:09 1 49 4096 3765 7.3 3.0 15 9
19:27:10 1 49 4096 3765 7.3 3.0 15 9
19:27:11 1 49 4096 3765 7.3 3.0 15 9
19:27:12 1 49 4096 3765 7.3 3.0 15 9
19:27:13 1 49 4096 3765 7.3 3.0 15 9
19:27:14 1 49 4096 3765 7.4 3.0 15 9
19:27:15 1 49 4096 3765 7.3 3.0 15 9
19:27:16 1 49 4096 3765 7.3 3.0 15 9
19:27:17 1 49 4096 3765 7.3 3.0 15 9
19:27:18 1 49 4096 3765 7.3 3.0 15 9
19:27:19 1 49 4096 3765 7.3 3.0 15 9
19:27:20 1 49 4096 3765 7.3 3.0 15 9
19:27:21 1 49 4096 3765 7.3 3.0 15 9
19:27:22 1 49 4096 3765 7.3 3.0 15 9
19:27:24 1 49 4096 3765 7.3 3.0 15 9
19:27:25 1 45 4096 3765 8.6 3.0 15 9
19:27:26 1 52 4096 3765 6.1 3.0 15 9
19:27:27 1 53 4096 3765 6.0 3.0 15 9
19:27:28 1 52 4096 3765 6.1 3.0 15 9
19:27:29 1 53 4096 3765 6.0 3.0 15 9
19:27:30 1 53 4096 3765 6.0 3.0 15 9
19:27:31 1 51 4096 3765 6.5 3.0 15 9
19:27:32 1 52 4096 3765 6.3 3.0 15 9
19:27:33 1 52 4096 3765 6.3 3.0 15 9
19:27:34 1 52 4096 3765 6.3 3.0 15 9
19:27:35 1 48 4096 3765 7.4 3.0 15 9
19:27:36 1 45 4096 3765 8.7 3.0 15 9
19:27:37 1 48 4096 3765 7.7 3.0 15 9
19:27:38 1 48 4096 3765 7.6 3.0 15 9
19:27:39 1 48 4096 3765 7.6 3.0 15 9
19:27:40 1 48 4096 3765 7.7 3.0 15 9
19:27:41 1 48 4096 3765 7.7 3.0 15 9
19:27:42 1 47 4096 3765 7.8 3.0 15 9
19:27:44 1 47 4096 3765 7.8 3.0 15 9
19:27:45 1 48 4096 3765 7.6 3.0 15 9
19:27:46 1 49 4096 3765 7.3 3.0 15 9
19:27:47 1 48 4096 3765 7.7 3.0 15 9
19:27:48 1 48 4096 3765 7.7 3.0 15 9
19:27:49 1 48 4096 3765 7.7 3.0 15 9
19:27:50 1 48 4096 3765 7.7 3.0 15 9
19:27:51 1 48 4096 3765 7.7 3.0 15 9
19:27:52 1 48 4096 3765 7.7 3.0 15 9
19:27:53 1 48 4096 3765 7.7 3.0 15 9
19:27:54 1 48 4096 3765 7.6 3.0 15 9
19:27:55 1 48 4096 3765 7.6 3.0 15 9
19:27:56 1 48 4096 3765 7.6 3.0 15 9
19:27:57 1 48 4096 3765 7.6 3.0 15 9
19:27:58 1 48 4096 3765 7.6 3.0 15 9
19:27:59 1 48 4096 3765 7.6 3.0 15 9
19:28:00 1 49 4096 3765 7.3 3.0 15 9
19:28:02 1 49 4096 3765 7.3 3.0 15 9
19:28:03 1 49 4096 3765 7.3 3.0 15 9
19:28:04 1 49 4096 3765 7.3 3.0 15 9
19:28:05 1 49 4096 3765 7.3 3.0 15 9
19:28:06 1 49 4096 3765 7.4 3.0 15 9
19:28:07 1 49 4096 3765 7.4 3.0 15 9
19:28:08 1 49 4096 3765 7.3 3.0 15 9
19:28:09 1 49 4096 3765 7.3 3.0 15 9
19:28:10 1 49 4096 3765 7.3 3.0 15 9
19:28:11 1 49 4096 3765 7.3 3.0 15 9
19:28:12 1 49 4096 3765 7.3 3.0 15 9
19:28:13 1 49 4096 3765 7.3 3.0 15 9
19:28:14 1 49 4096 3765 7.4 3.0 15 9
19:28:15 1 49 4096 3765 7.3 3.0 15 9
19:28:16 1 49 4096 3765 7.3 3.0 15 9
19:28:17 1 49 4096 3765 7.4 3.0 15 9
19:28:19 1 49 4096 3757 7.3 3.0 15 9
19:28:20 1 49 4096 3757 7.3 3.0 15 9
19:28:21 1 49 4096 3757 7.3 3.0 15 9
19:28:22 1 45 4096 3757 8.7 3.0 15 9
19:28:23 1 52 4096 3757 6.1 3.0 15 9
19:28:24 1 52 4096 3757 6.1 3.0 15 9
19:28:25 1 51 4096 3757 6.3 3.0 15 9
19:28:26 1 51 4096 3757 6.3 3.0 15 9
19:28:27 1 52 4096 3757 6.1 3.0 15 9
19:28:28 1 51 4096 3757 6.5 3.0 15 9
19:28:29 1 51 4096 3757 6.4 3.0 15 9
19:28:30 1 51 4096 3757 6.3 3.0 15 9
19:28:31 1 51 4096 3757 6.3 3.0 15 9
19:28:32 1 48 4096 3757 7.5 3.0 15 9
19:28:33 1 51 4096 3757 6.3 3.0 15 9
19:28:34 1 45 4096 3757 8.5 3.0 15 9
19:28:35 1 47 4096 3757 7.7 3.0 15 9
19:28:37 1 47 4096 3757 7.7 3.0 15 9
19:28:38 1 47 4096 3757 7.7 3.0 15 9
19:28:39 1 47 4096 3757 7.7 3.0 15 9
19:28:40 1 46 4096 3757 7.8 2.8 15 9
19:28:41 1 45 4096 3757 7.7 2.8 15 9
19:28:42 1 46 4096 3757 7.7 2.9 15 9
19:28:43 1 46 4096 3757 7.6 2.9 15 9
19:28:44 1 46 4096 3757 7.7 2.9 15 9
19:28:45 1 46 4096 3757 7.7 2.9 15 9
19:28:46 1 46 4096 3757 7.8 3.0 15 9
19:28:47 1 46 4096 3757 7.7 3.0 15 9
19:28:48 1 46 4096 3757 7.7 3.0 15 9
19:28:49 1 46 4096 3757 7.8 3.0 15 9
19:28:50 1 46 4096 3757 7.7 3.0 15 9
19:28:52 1 47 4096 3757 7.7 3.0 15 9
19:28:53 1 47 4096 3757 7.6 3.0 15 9
19:28:54 1 47 4096 3757 7.6 3.0 15 9
19:28:55 1 47 4096 3757 7.6 3.0 15 9
19:28:56 1 47 4096 3757 7.6 3.0 15 9
19:28:57 1 47 4096 3757 7.6 3.0 15 9
19:28:58 1 48 4096 3757 7.4 3.0 15 9
19:28:59 1 48 4096 3757 7.4 3.0 15 9
19:29:00 1 48 4096 3757 7.4 3.0 15 9
19:29:01 1 48 4096 3757 7.4 3.0 15 9
19:29:02 1 48 4096 3757 7.4 3.0 15 9
19:29:03 1 48 4096 3757 7.3 3.0 15 9
19:29:04 1 48 4096 3757 7.3 3.0 15 9
19:29:05 1 48 4096 3757 7.3 3.0 15 9
19:29:06 1 48 4096 3757 7.4 3.0 15 9
19:29:08 1 48 4096 3757 7.3 3.0 15 9
19:29:09 1 48 4096 3757 7.3 3.0 15 9
19:29:10 1 48 4096 3757 7.3 3.0 15 9
19:29:11 1 48 4096 3757 7.3 3.0 15 9
19:29:12 1 48 4096 3757 7.3 3.0 15 9
19:29:13 1 48 4096 3757 7.4 3.0 15 9
19:29:14 1 48 4096 3757 7.4 3.0 15 9
19:29:15 1 48 4096 3757 7.3 3.0 15 9
19:29:16 1 48 4096 3757 7.3 3.0 15 9
19:29:17 1 48 4096 3757 7.3 3.0 15 9
19:29:18 1 48 4096 3757 7.4 3.0 15 9
19:29:19 1 48 4096 3757 7.4 3.0 15 9
19:29:20 1 44 4096 3757 8.6 3.0 15 9
19:29:21 1 52 4096 3757 6.1 3.0 15 9
19:29:22 1 51 4096 3757 6.2 3.0 15 9
19:29:24 1 51 4096 3757 6.1 3.0 15 9
19:29:25 1 52 4096 3757 6.0 3.0 15 9
19:29:26 1 50 4096 3757 6.5 3.0 15 9
19:29:27 1 50 4096 3757 6.4 3.0 15 9
19:29:28 1 51 4096 3757 6.3 3.0 15 9
19:29:29 1 51 4096 3757 6.3 3.0 15 9
19:29:30 1 47 4096 3757 7.5 3.0 15 9
19:29:31 1 49 4096 3757 6.3 3.0 15 9
19:29:32 1 49 4096 3757 7.1 3.0 15 9
19:29:33 1 52 4096 3757 6.0 3.0 15 9
19:29:34 1 52 4096 3757 6.0 3.0 15 9
19:29:35 1 52 4096 3757 5.9 3.0 15 9
19:29:36 1 52 4096 3757 6.0 3.0 15 9
19:29:37 1 52 4096 3757 5.9 3.0 15 9
19:29:38 1 52 4096 3757 5.9 3.0 15 9
19:29:39 1 52 4096 3757 5.9 3.0 15 9
19:29:41 1 49 4096 3757 7.1 3.3 15 9
19:29:42 1 62 4096 3757 2.9 3.3 15 9
19:29:43 1 62 4096 3757 2.9 3.3 15 9
19:29:44 1 60 4096 3757 3.4 3.3 15 9
19:29:45 1 73 4096 3749 2.9 0.5 15 9
