{
  "baseline": {
    "disjoint_reg": 63.9767050743103,
    "disjoint_cat": 70.49172043800354,
    "joint_reg": 61.14491939544678,
    "joint_cat": 66.98081493377686
  },
  "baseline_per_fold": {
    "disjoint_reg": [
      64.30040001869202,
      62.73765563964844,
      64.75547552108765,
      64.19141292572021,
      63.8985812664032
    ],
    "disjoint_cat": [
      71.49503231048584,
      69.03893947601318,
      70.25535106658936,
      70.80081105232239,
      70.86846828460693
    ],
    "joint_reg": [
      62.31375336647034,
      59.83676314353943,
      61.5384578704834,
      61.43398880958557,
      60.60163378715515
    ],
    "joint_cat": [
      67.05751419067383,
      66.34623408317566,
      66.00162982940674,
      67.71344542503357,
      67.78525114059448
    ]
  },
  "cells": {
    "c2_n2": {
      "label": "C2 reg-freeze N=2",
      "per_fold": {
        "disjoint_reg": [
          54.506343603134155,
          50.912654399871826,
          58.88878107070923,
          58.91345739364624,
          58.22491645812988
        ],
        "disjoint_cat": [
          71.62227630615234,
          69.11458373069763,
          70.06145715713501,
          70.85643410682678,
          70.70016860961914
        ],
        "joint_reg": [
          54.40194606781006,
          50.824081897735596,
          58.88243913650513,
          58.87555480003357,
          58.196353912353516
        ],
        "joint_cat": [
          71.62227630615234,
          69.11458373069763,
          70.06145715713501,
          70.85643410682678,
          70.70016860961914
        ]
      },
      "disjoint": {
        "reg_mean": 56.28923058509827,
        "reg_delta": -7.687474489212036,
        "reg_p_less": 0.03125,
        "reg_deltas": [
          -9.794056415557861,
          -11.825001239776611,
          -5.866694450378418,
          -5.277955532073975,
          -5.673664808273315
        ],
        "cat_mean": 70.47098398208618,
        "cat_delta": -0.0207364559173584,
        "cat_p_gt": 0.6875,
        "cat_deltas": [
          0.1272439956665039,
          0.07564425468444824,
          -0.1938939094543457,
          0.05562305450439453,
          -0.16829967498779297
        ]
      },
      "joint": {
        "reg_mean": 56.23607516288757,
        "reg_delta": -4.908844232559204,
        "reg_p_less": 0.03125,
        "cat_mean": 70.47098398208618,
        "cat_delta": 3.490169048309326,
        "cat_p_gt": 0.03125
      }
    },
    "c2_n4": {
      "label": "C2 reg-freeze N=4",
      "per_fold": {
        "disjoint_reg": [
          64.30356502532959,
          62.59530186653137,
          64.29907083511353,
          63.891345262527466,
          64.2063856124878
        ],
        "disjoint_cat": [
          71.64133787155151,
          69.02910470962524,
          70.05154490470886,
          70.81941962242126,
          70.67641615867615
        ],
        "joint_reg": [
          64.30040001869202,
          61.45961880683899,
          64.29272890090942,
          63.88818621635437,
          64.19051885604858
        ],
        "joint_cat": [
          71.64133787155151,
          68.1733250617981,
          70.05154490470886,
          70.81941962242126,
          70.67641615867615
        ]
      },
      "disjoint": {
        "reg_mean": 63.85913372039795,
        "reg_delta": -0.11757135391235352,
        "reg_p_less": 0.3125,
        "reg_deltas": [
          0.003165006637573242,
          -0.14235377311706543,
          -0.4564046859741211,
          -0.300067663192749,
          0.3078043460845947
        ],
        "cat_mean": 70.4435646533966,
        "cat_delta": -0.048155784606933594,
        "cat_p_gt": 0.78125,
        "cat_deltas": [
          0.14630556106567383,
          -0.009834766387939453,
          -0.20380616188049316,
          0.018608570098876953,
          -0.19205212593078613
        ]
      },
      "joint": {
        "reg_mean": 63.62629055976868,
        "reg_delta": 2.4813711643218994,
        "reg_p_less": 1.0,
        "cat_mean": 70.27240872383118,
        "cat_delta": 3.2915937900543213,
        "cat_p_gt": 0.03125
      }
    },
    "c2_n6": {
      "label": "C2 reg-freeze N=6",
      "per_fold": {
        "disjoint_reg": [
          64.30040001869202,
          62.72183656692505,
          64.53678011894226,
          63.88818621635437,
          64.19686675071716
        ],
        "disjoint_cat": [
          71.57138586044312,
          69.25486326217651,
          70.1101005077362,
          70.84856033325195,
          70.7388162612915
        ],
        "joint_reg": [
          62.82306909561157,
          61.171746253967285,
          62.94570565223694,
          62.3089075088501,
          62.88633346557617
        ],
        "joint_cat": [
          71.57138586044312,
          69.25486326217651,
          69.1288948059082,
          70.84856033325195,
          70.7388162612915
        ]
      },
      "disjoint": {
        "reg_mean": 63.92881393432617,
        "reg_delta": -0.04789113998413086,
        "reg_p_less": 0.3125,
        "reg_deltas": [
          0.0,
          -0.015819072723388672,
          -0.21869540214538574,
          -0.3032267093658447,
          0.29828548431396484
        ],
        "cat_mean": 70.50474524497986,
        "cat_delta": 0.01302480697631836,
        "cat_p_gt": 0.5,
        "cat_deltas": [
          0.07635354995727539,
          0.21592378616333008,
          -0.14525055885314941,
          0.04774928092956543,
          -0.1296520233154297
        ]
      },
      "joint": {
        "reg_mean": 62.42715239524841,
        "reg_delta": 1.2822329998016357,
        "reg_p_less": 1.0,
        "cat_mean": 70.30850410461426,
        "cat_delta": 3.3276891708374023,
        "cat_p_gt": 0.03125
      }
    },
    "c3_zerokv": {
      "label": "C3 zero-cat-kv",
      "per_fold": {
        "disjoint_reg": [
          64.1643762588501,
          62.74714469909668,
          64.91711735725403,
          64.11244869232178,
          64.11436200141907
        ],
        "disjoint_cat": [
          71.53738737106323,
          69.2314624786377,
          70.27168273925781,
          70.44110298156738,
          70.39923667907715
        ],
        "joint_reg": [
          63.41463327407837,
          60.84274649620056,
          61.104243993759155,
          59.81048941612244,
          58.421653509140015
        ],
        "joint_cat": [
          65.7660722732544,
          64.75704312324524,
          66.755211353302,
          68.95632743835449,
          69.81710195541382
        ]
      },
      "disjoint": {
        "reg_mean": 64.01108980178833,
        "reg_delta": 0.034384727478027344,
        "reg_p_less": 0.78125,
        "reg_deltas": [
          -0.13602375984191895,
          0.009489059448242188,
          0.16164183616638184,
          -0.0789642333984375,
          0.21578073501586914
        ],
        "cat_mean": 70.37617444992065,
        "cat_delta": -0.11554598808288574,
        "cat_p_gt": 0.6875,
        "cat_deltas": [
          0.04235506057739258,
          0.19252300262451172,
          0.01633167266845703,
          -0.3597080707550049,
          -0.46923160552978516
        ]
      },
      "joint": {
        "reg_mean": 60.71875333786011,
        "reg_delta": -0.4261660575866699,
        "reg_p_less": 0.3125,
        "cat_mean": 67.21035122871399,
        "cat_delta": 0.2295362949371338,
        "cat_p_gt": 0.5
      }
    }
  }
}