{
    "fold_number": 3,
    "duration": 678.2338008880615,
    "primary_checkpoint": {
        "selection_metric": "joint_score",
        "epoch": 11,
        "joint_score": 0.5212425291538239,
        "loss": 1.1329891681671143,
        "time": 163.785737991333,
        "task_metrics": {
            "next": {
                "accuracy": 0.39552944898605347,
                "f1": 0.305334210395813
            },
            "category": {
                "accuracy": 0.770747721195221,
                "f1": 0.7371508479118347
            }
        }
    },
    "diagnostic_best_epochs": {
        "next": {
            "epoch": 11,
            "time": 163.8291299343109,
            "metrics": {
                "accuracy": 0.39552944898605347,
                "accuracy_macro": 0.32031819224357605,
                "f1": 0.305334210395813,
                "f1_weighted": 0.38142889738082886,
                "mrr": 0.6143561005592346,
                "top3_acc": 0.7937109470367432,
                "ndcg_3": 0.6290949583053589,
                "top5_acc": 0.9295321106910706,
                "ndcg_5": 0.6851244568824768,
                "loss": 1.600759506225586
            },
            "accuracy": 0.39552944898605347,
            "f1": 0.305334210395813
        },
        "category": {
            "epoch": 23,
            "time": 326.1336588859558,
            "metrics": {
                "accuracy": 0.7715694308280945,
                "accuracy_macro": 0.7521312236785889,
                "f1": 0.7420068979263306,
                "f1_weighted": 0.7732281684875488,
                "mrr": 0.8675156831741333,
                "top3_acc": 0.9613804221153259,
                "ndcg_3": 0.8858400583267212,
                "top5_acc": 0.9884963035583496,
                "ndcg_5": 0.8970500826835632,
                "loss": 0.7909336686134338
            },
            "accuracy": 0.7715694308280945,
            "f1": 0.7420068979263306
        }
    }
}