{
    "fold_number": 2,
    "duration": 295.5022871494293,
    "primary_checkpoint": {
        "selection_metric": "joint_score",
        "epoch": 20,
        "joint_score": 0.5432493686676025,
        "loss": 1.164041519165039,
        "time": 124.91948103904724,
        "task_metrics": {
            "next": {
                "accuracy": 0.34933122992515564,
                "f1": 0.26014089584350586
            },
            "category": {
                "accuracy": 0.83790522813797,
                "f1": 0.8263578414916992
            }
        }
    },
    "diagnostic_best_epochs": {
        "next": {
            "epoch": 13,
            "time": 83.55970621109009,
            "metrics": {
                "accuracy": 0.3855232000350952,
                "accuracy_macro": 0.2650652527809143,
                "f1": 0.27116823196411133,
                "f1_weighted": 0.36102911829948425,
                "mrr": 0.6076130867004395,
                "top3_acc": 0.8056648373603821,
                "ndcg_3": 0.6293308138847351,
                "top5_acc": 0.9276160597801208,
                "ndcg_5": 0.6794732809066772,
                "loss": 1.6077245473861694
            },
            "accuracy": 0.3855232000350952,
            "f1": 0.27116823196411133
        },
        "category": {
            "epoch": 24,
            "time": 148.35196900367737,
            "metrics": {
                "accuracy": 0.8466334342956543,
                "accuracy_macro": 0.846806526184082,
                "f1": 0.8302510976791382,
                "f1_weighted": 0.8477815389633179,
                "mrr": 0.9095327258110046,
                "top3_acc": 0.967581033706665,
                "ndcg_3": 0.9196777939796448,
                "top5_acc": 0.9887780547142029,
                "ndcg_5": 0.9283697009086609,
                "loss": 0.5715944170951843
            },
            "accuracy": 0.8466334342956543,
            "f1": 0.8302510976791382
        }
    }
}