{
    "Community": {
        "precision": 0.4332129963898917,
        "recall": 0.5466970387243736,
        "f1-score": 0.48338368580060426,
        "support": 439.0
    },
    "Entertainment": {
        "precision": 0.46875,
        "recall": 0.4491017964071856,
        "f1-score": 0.45871559633027525,
        "support": 167.0
    },
    "Food": {
        "precision": 0.5191256830601093,
        "recall": 0.4372842347525892,
        "f1-score": 0.47470331043098063,
        "support": 869.0
    },
    "Nightlife": {
        "precision": 0.408,
        "recall": 0.5666666666666667,
        "f1-score": 0.4744186046511628,
        "support": 90.0
    },
    "Outdoors": {
        "precision": 0.4178082191780822,
        "recall": 0.42657342657342656,
        "f1-score": 0.42214532871972316,
        "support": 143.0
    },
    "Shopping": {
        "precision": 0.5234248788368336,
        "recall": 0.49240121580547114,
        "f1-score": 0.5074393108848865,
        "support": 658.0
    },
    "Travel": {
        "precision": 0.41262135922330095,
        "recall": 0.48295454545454547,
        "f1-score": 0.44502617801047123,
        "support": 176.0
    },
    "macro avg": {
        "precision": 0.45470616238403105,
        "recall": 0.485954132054894,
        "f1-score": 0.4665474306897291,
        "support": 2542.0
    },
    "weighted avg": {
        "precision": 0.48508398065885167,
        "recall": 0.4783634933123525,
        "f1-score": 0.478604346866942,
        "support": 2542.0
    }
}