{
    "fold_number": 2,
    "duration": 259.60272312164307,
    "primary_checkpoint": {
        "selection_metric": "joint_score",
        "epoch": 11,
        "joint_score": 0.356056772172451,
        "loss": 1.3807164430618286,
        "time": 63.62229609489441,
        "task_metrics": {
            "category": {
                "accuracy": 0.5600000023841858,
                "f1": 0.4865891933441162
            },
            "next": {
                "accuracy": 0.37440943717956543,
                "f1": 0.22552435100078583
            }
        }
    },
    "diagnostic_best_epochs": {
        "category": {
            "epoch": 11,
            "time": 63.69095015525818,
            "metrics": {
                "accuracy": 0.5600000023841858,
                "accuracy_macro": 0.4760986566543579,
                "f1": 0.4865891933441162,
                "f1_weighted": 0.5543252229690552,
                "mrr": 0.7340292930603027,
                "top3_acc": 0.9061538577079773,
                "ndcg_3": 0.7626872658729553,
                "top5_acc": 0.989230751991272,
                "ndcg_5": 0.7971181273460388,
                "loss": 1.1493247747421265
            },
            "accuracy": 0.5600000023841858,
            "f1": 0.4865891933441162
        },
        "next": {
            "epoch": 17,
            "time": 95.9963309764862,
            "metrics": {
                "accuracy": 0.35748031735420227,
                "accuracy_macro": 0.25625574588775635,
                "f1": 0.2617012858390808,
                "f1_weighted": 0.3428990840911865,
                "mrr": 0.5907770991325378,
                "top3_acc": 0.7909448742866516,
                "ndcg_3": 0.6101925373077393,
                "top5_acc": 0.9346456527709961,
                "ndcg_5": 0.669251561164856,
                "loss": 1.6301591396331787
            },
            "accuracy": 0.35748031735420227,
            "f1": 0.2617012858390808
        }
    }
}