{
    "fold_number": 4,
    "duration": 268.8046238422394,
    "primary_checkpoint": {
        "selection_metric": "joint_score",
        "epoch": 20,
        "joint_score": 0.3531980887055397,
        "loss": 1.3189901113510132,
        "time": 114.86565780639648,
        "task_metrics": {
            "category": {
                "accuracy": 0.5639943480491638,
                "f1": 0.46186405420303345
            },
            "next": {
                "accuracy": 0.3834645748138428,
                "f1": 0.24453212320804596
            }
        }
    },
    "diagnostic_best_epochs": {
        "category": {
            "epoch": 20,
            "time": 114.90169286727905,
            "metrics": {
                "accuracy": 0.5639943480491638,
                "accuracy_macro": 0.4446777105331421,
                "f1": 0.46186405420303345,
                "f1_weighted": 0.562055230140686,
                "mrr": 0.7423581480979919,
                "top3_acc": 0.9240506291389465,
                "ndcg_3": 0.776248574256897,
                "top5_acc": 0.9943740963935852,
                "ndcg_5": 0.8054873943328857,
                "loss": 1.0906709432601929
            },
            "accuracy": 0.5639943480491638,
            "f1": 0.46186405420303345
        },
        "next": {
            "epoch": 12,
            "time": 71.5707221031189,
            "metrics": {
                "accuracy": 0.3771653473377228,
                "accuracy_macro": 0.26337727904319763,
                "f1": 0.2685037851333618,
                "f1_weighted": 0.3617011308670044,
                "mrr": 0.6016319990158081,
                "top3_acc": 0.7937008142471313,
                "ndcg_3": 0.6193510890007019,
                "top5_acc": 0.9342519640922546,
                "ndcg_5": 0.677226185798645,
                "loss": 1.5580577850341797
            },
            "accuracy": 0.3771653473377228,
            "f1": 0.2685037851333618
        }
    }
}