{
    "model": {
        "joint_score": {
            "mean": 0.5075969398021698,
            "std": 0,
            "min": 0.5075969398021698,
            "max": 0.5075969398021698
        },
        "loss": {
            "mean": 1.1113784313201904,
            "std": 0,
            "min": 1.1113784313201904,
            "max": 1.1113784313201904
        }
    },
    "next": {
        "accuracy": {
            "mean": 0.3917408585548401,
            "std": 0,
            "min": 0.3917408585548401,
            "max": 0.3917408585548401
        },
        "accuracy_macro": {
            "mean": 0.3030813932418823,
            "std": 0,
            "min": 0.3030813932418823,
            "max": 0.3030813932418823
        },
        "f1": {
            "mean": 0.30670279264450073,
            "std": 0,
            "min": 0.30670279264450073,
            "max": 0.30670279264450073
        },
        "f1_weighted": {
            "mean": 0.37919899821281433,
            "std": 0,
            "min": 0.37919899821281433,
            "max": 0.37919899821281433
        },
        "mrr": {
            "mean": 0.6171871423721313,
            "std": 0,
            "min": 0.6171871423721313,
            "max": 0.6171871423721313
        },
        "top3_acc": {
            "mean": 0.8122750520706177,
            "std": 0,
            "min": 0.8122750520706177,
            "max": 0.8122750520706177
        },
        "ndcg_3": {
            "mean": 0.6388840079307556,
            "std": 0,
            "min": 0.6388840079307556,
            "max": 0.6388840079307556
        },
        "top5_acc": {
            "mean": 0.9329418540000916,
            "std": 0,
            "min": 0.9329418540000916,
            "max": 0.9329418540000916
        },
        "ndcg_5": {
            "mean": 0.6888600587844849,
            "std": 0,
            "min": 0.6888600587844849,
            "max": 0.6888600587844849
        },
        "loss": {
            "mean": 1.540126085281372,
            "std": 0,
            "min": 1.540126085281372,
            "max": 1.540126085281372
        }
    },
    "category": {
        "accuracy": {
            "mean": 0.7652173638343811,
            "std": 0,
            "min": 0.7652173638343811,
            "max": 0.7652173638343811
        },
        "accuracy_macro": {
            "mean": 0.7372995615005493,
            "std": 0,
            "min": 0.7372995615005493,
            "max": 0.7372995615005493
        },
        "f1": {
            "mean": 0.7084910869598389,
            "std": 0,
            "min": 0.7084910869598389,
            "max": 0.7084910869598389
        },
        "f1_weighted": {
            "mean": 0.7689258456230164,
            "std": 0,
            "min": 0.7689258456230164,
            "max": 0.7689258456230164
        },
        "mrr": {
            "mean": 0.8640083074569702,
            "std": 0,
            "min": 0.8640083074569702,
            "max": 0.8640083074569702
        },
        "top3_acc": {
            "mean": 0.9591304659843445,
            "std": 0,
            "min": 0.9591304659843445,
            "max": 0.9591304659843445
        },
        "ndcg_3": {
            "mean": 0.8817564845085144,
            "std": 0,
            "min": 0.8817564845085144,
            "max": 0.8817564845085144
        },
        "top5_acc": {
            "mean": 0.9956521987915039,
            "std": 0,
            "min": 0.9956521987915039,
            "max": 0.9956521987915039
        },
        "ndcg_5": {
            "mean": 0.8969520926475525,
            "std": 0,
            "min": 0.8969520926475525,
            "max": 0.8969520926475525
        },
        "loss": {
            "mean": 0.6826310157775879,
            "std": 0,
            "min": 0.6826310157775879,
            "max": 0.6826310157775879
        }
    },
    "_selection": {
        "primary": "joint_score",
        "diagnostic_task_best": "per-task best validation f1"
    },
    "diagnostic_task_best": {
        "next": {
            "accuracy": {
                "mean": 0.3917408585548401,
                "std": 0,
                "min": 0.3917408585548401,
                "max": 0.3917408585548401
            },
            "accuracy_macro": {
                "mean": 0.3030813932418823,
                "std": 0,
                "min": 0.3030813932418823,
                "max": 0.3030813932418823
            },
            "f1": {
                "mean": 0.30670279264450073,
                "std": 0,
                "min": 0.30670279264450073,
                "max": 0.30670279264450073
            },
            "f1_weighted": {
                "mean": 0.37919899821281433,
                "std": 0,
                "min": 0.37919899821281433,
                "max": 0.37919899821281433
            },
            "mrr": {
                "mean": 0.6171871423721313,
                "std": 0,
                "min": 0.6171871423721313,
                "max": 0.6171871423721313
            },
            "top3_acc": {
                "mean": 0.8122750520706177,
                "std": 0,
                "min": 0.8122750520706177,
                "max": 0.8122750520706177
            },
            "ndcg_3": {
                "mean": 0.6388840079307556,
                "std": 0,
                "min": 0.6388840079307556,
                "max": 0.6388840079307556
            },
            "top5_acc": {
                "mean": 0.9329418540000916,
                "std": 0,
                "min": 0.9329418540000916,
                "max": 0.9329418540000916
            },
            "ndcg_5": {
                "mean": 0.6888600587844849,
                "std": 0,
                "min": 0.6888600587844849,
                "max": 0.6888600587844849
            },
            "loss": {
                "mean": 1.540126085281372,
                "std": 0,
                "min": 1.540126085281372,
                "max": 1.540126085281372
            }
        },
        "category": {
            "accuracy": {
                "mean": 0.7660869359970093,
                "std": 0,
                "min": 0.7660869359970093,
                "max": 0.7660869359970093
            },
            "accuracy_macro": {
                "mean": 0.7380475401878357,
                "std": 0,
                "min": 0.7380475401878357,
                "max": 0.7380475401878357
            },
            "f1": {
                "mean": 0.7097977995872498,
                "std": 0,
                "min": 0.7097977995872498,
                "max": 0.7097977995872498
            },
            "f1_weighted": {
                "mean": 0.7697377800941467,
                "std": 0,
                "min": 0.7697377800941467,
                "max": 0.7697377800941467
            },
            "mrr": {
                "mean": 0.8640807867050171,
                "std": 0,
                "min": 0.8640807867050171,
                "max": 0.8640807867050171
            },
            "top3_acc": {
                "mean": 0.9582608938217163,
                "std": 0,
                "min": 0.9582608938217163,
                "max": 0.9582608938217163
            },
            "ndcg_3": {
                "mean": 0.8814149498939514,
                "std": 0,
                "min": 0.8814149498939514,
                "max": 0.8814149498939514
            },
            "top5_acc": {
                "mean": 0.9956521987915039,
                "std": 0,
                "min": 0.9956521987915039,
                "max": 0.9956521987915039
            },
            "ndcg_5": {
                "mean": 0.8969849944114685,
                "std": 0,
                "min": 0.8969849944114685,
                "max": 0.8969849944114685
            },
            "loss": {
                "mean": 0.683333694934845,
                "std": 0,
                "min": 0.683333694934845,
                "max": 0.683333694934845
            }
        }
    }
}