{
  "fold": 3,
  "state": "florida",
  "engine": "check2hgi",
  "task_a_input_type": "checkin",
  "task_b_input_type": "region",
  "table": {
    "cat": {
      "cat_f1": 0.6961879730224609,
      "cat_accuracy": 0.7283578515052795,
      "reg_f1": 0.09034021943807602,
      "reg_accuracy": 0.12947607040405273,
      "reg_top10_acc": 0.35830506682395935
    },
    "reg": {
      "cat_f1": 0.6598457098007202,
      "cat_accuracy": 0.6889370679855347,
      "reg_f1": 0.12129706889390945,
      "reg_accuracy": 0.4856765866279602,
      "reg_top10_acc": 0.6098756194114685
    },
    "joint": {
      "cat_f1": 0.6771361231803894,
      "cat_accuracy": 0.7076265811920166,
      "reg_f1": 0.11908704042434692,
      "reg_accuracy": 0.47898605465888977,
      "reg_top10_acc": 0.5830506086349487
    }
  },
  "summary": {
    "cat_routed_f1": 0.6961879730224609,
    "reg_routed_top10_acc": 0.6098756194114685,
    "joint_cat_f1": 0.6771361231803894,
    "joint_reg_top10_acc": 0.5830506086349487
  }
}