{
    "fold_number": 1,
    "duration": 43.48828411102295,
    "primary_checkpoint": {
        "selection_metric": "joint_score",
        "epoch": 9,
        "joint_score": 0.5218352675437927,
        "loss": 1.0510227680206299,
        "time": 42.73632192611694,
        "task_metrics": {
            "next": {
                "accuracy": 0.37765538692474365,
                "f1": 0.26891660690307617
            },
            "category": {
                "accuracy": 0.8369272351264954,
                "f1": 0.7747539281845093
            }
        }
    },
    "diagnostic_best_epochs": {
        "next": {
            "epoch": 9,
            "time": 42.78924584388733,
            "metrics": {
                "accuracy": 0.37765538692474365,
                "accuracy_macro": 0.25830990076065063,
                "f1": 0.26891660690307617,
                "f1_weighted": 0.3546028733253479,
                "mrr": 0.6043151617050171,
                "top3_acc": 0.7934697270393372,
                "ndcg_3": 0.6206900477409363,
                "top5_acc": 0.9425649046897888,
                "ndcg_5": 0.6822469234466553,
                "loss": 1.5547481775283813
            },
            "accuracy": 0.37765538692474365,
            "f1": 0.26891660690307617
        },
        "category": {
            "epoch": 9,
            "time": 42.83306407928467,
            "metrics": {
                "accuracy": 0.8369272351264954,
                "accuracy_macro": 0.763330340385437,
                "f1": 0.7747539281845093,
                "f1_weighted": 0.836025595664978,
                "mrr": 0.9056860208511353,
                "top3_acc": 0.973045825958252,
                "ndcg_3": 0.9187500476837158,
                "top5_acc": 0.9959568977355957,
                "ndcg_5": 0.928203821182251,
                "loss": 0.5472974181175232
            },
            "accuracy": 0.8369272351264954,
            "f1": 0.7747539281845093
        }
    }
}