{
    "fold_number": 2,
    "duration": 35.61677861213684,
    "primary_checkpoint": {
        "selection_metric": "joint_score",
        "epoch": 20,
        "joint_score": 0.26922545209527016,
        "loss": 4.032088279724121,
        "time": 14.835091590881348,
        "task_metrics": {
            "next_category": {
                "accuracy": 0.45790717005729675,
                "f1": 0.45641881227493286
            },
            "next_region": {
                "accuracy": 0.23878835141658783,
                "f1": 0.08203209191560745
            }
        }
    },
    "diagnostic_best_epochs": {
        "next_category": {
            "epoch": 20,
            "time": 14.841466903686523,
            "metrics": {
                "accuracy": 0.45790717005729675,
                "accuracy_macro": 0.5176259279251099,
                "f1": 0.45641881227493286,
                "f1_weighted": 0.4548143148422241,
                "mrr": 0.6662114858627319,
                "top3_acc": 0.8560189008712769,
                "ndcg_3": 0.6921420097351074,
                "top5_acc": 0.9622344970703125,
                "ndcg_5": 0.7364039421081543,
                "loss": 1.4789742231369019
            },
            "accuracy": 0.45790717005729675,
            "f1": 0.45641881227493286,
            "per_metric_best": {
                "top5_acc": {
                    "epoch": 19,
                    "best_value": 0.964594841003418,
                    "metrics": {
                        "accuracy": 0.45790717005729675,
                        "accuracy_macro": 0.5038816332817078,
                        "f1": 0.44922566413879395,
                        "f1_weighted": 0.4538753628730774,
                        "mrr": 0.6647118926048279,
                        "top3_acc": 0.8552321195602417,
                        "ndcg_3": 0.6908215284347534,
                        "top5_acc": 0.964594841003418,
                        "ndcg_5": 0.7360767722129822,
                        "loss": 1.481174349784851
                    }
                },
                "top3_acc": {
                    "epoch": 42,
                    "best_value": 0.8713611364364624,
                    "metrics": {
                        "accuracy": 0.4736427962779999,
                        "accuracy_macro": 0.47452253103256226,
                        "f1": 0.44001054763793945,
                        "f1_weighted": 0.47569331526756287,
                        "mrr": 0.6774774789810181,
                        "top3_acc": 0.8713611364364624,
                        "ndcg_3": 0.7073204517364502,
                        "top5_acc": 0.9614477157592773,
                        "ndcg_5": 0.7446876764297485,
                        "loss": 2.241698741912842
                    }
                },
                "mrr": {
                    "epoch": 39,
                    "best_value": 0.6816192865371704,
                    "metrics": {
                        "accuracy": 0.47757670283317566,
                        "accuracy_macro": 0.46983182430267334,
                        "f1": 0.4468119144439697,
                        "f1_weighted": 0.47702449560165405,
                        "mrr": 0.6816192865371704,
                        "top3_acc": 0.8705743551254272,
                        "ndcg_3": 0.7104204893112183,
                        "top5_acc": 0.9598740935325623,
                        "ndcg_5": 0.747310996055603,
                        "loss": 2.196887254714966
                    }
                },
                "accuracy": {
                    "epoch": 48,
                    "best_value": 0.47993704676628113,
                    "metrics": {
                        "accuracy": 0.47993704676628113,
                        "accuracy_macro": 0.473076730966568,
                        "f1": 0.453828901052475,
                        "f1_weighted": 0.478023886680603,
                        "mrr": 0.6804783940315247,
                        "top3_acc": 0.8650668859481812,
                        "ndcg_3": 0.7072173953056335,
                        "top5_acc": 0.956333577632904,
                        "ndcg_5": 0.7451589703559875,
                        "loss": 2.566586494445801
                    }
                },
                "accuracy_macro": {
                    "epoch": 20,
                    "best_value": 0.5176259279251099,
                    "metrics": {
                        "accuracy": 0.45790717005729675,
                        "accuracy_macro": 0.5176259279251099,
                        "f1": 0.45641881227493286,
                        "f1_weighted": 0.4548143148422241,
                        "mrr": 0.6662114858627319,
                        "top3_acc": 0.8560189008712769,
                        "ndcg_3": 0.6921420097351074,
                        "top5_acc": 0.9622344970703125,
                        "ndcg_5": 0.7364039421081543,
                        "loss": 1.4789742231369019
                    }
                },
                "f1_weighted": {
                    "epoch": 47,
                    "best_value": 0.4786111116409302,
                    "metrics": {
                        "accuracy": 0.47954365611076355,
                        "accuracy_macro": 0.47024425864219666,
                        "f1": 0.45201581716537476,
                        "f1_weighted": 0.4786111116409302,
                        "mrr": 0.6793919205665588,
                        "top3_acc": 0.8658536672592163,
                        "ndcg_3": 0.7068896889686584,
                        "top5_acc": 0.9583005309104919,
                        "ndcg_5": 0.7449144721031189,
                        "loss": 2.5312647819519043
                    }
                }
            }
        },
        "next_region": {
            "epoch": 8,
            "time": 6.611995458602905,
            "metrics": {
                "accuracy": 0.23957513272762299,
                "accuracy_macro": 0.1074610217925041,
                "f1": 0.08217188715934753,
                "f1_weighted": 0.21441060304641724,
                "mrr": 0.32204827666282654,
                "top3_acc": 0.3646734952926636,
                "ndcg_3": 0.3130859136581421,
                "top5_acc": 0.4040125906467438,
                "ndcg_5": 0.32913482189178467,
                "loss": 6.582737922668457,
                "n_indist": 2462.0,
                "n_ood": 80.0,
                "ood_fraction": 0.03147128245476003,
                "top1_acc_indist": 0.24735987186431885,
                "top5_acc_indist": 0.41714054346084595,
                "top10_acc_indist": 0.4951259195804596,
                "mrr_indist": 0.3324781060218811
            },
            "accuracy": 0.23957513272762299,
            "f1": 0.08217188715934753,
            "per_metric_best": {
                "top10_acc_indist": {
                    "epoch": 4,
                    "best_value": 0.4967506229877472,
                    "metrics": {
                        "accuracy": 0.23878835141658783,
                        "accuracy_macro": 0.08710375019148284,
                        "f1": 0.06853517144918442,
                        "f1_weighted": 0.20105430483818054,
                        "mrr": 0.31505241990089417,
                        "top3_acc": 0.3426435887813568,
                        "ndcg_3": 0.2994720935821533,
                        "top5_acc": 0.39378443360328674,
                        "ndcg_5": 0.32041114568710327,
                        "loss": 6.6291985511779785,
                        "n_indist": 2462.0,
                        "n_ood": 80.0,
                        "ood_fraction": 0.03147128245476003,
                        "top1_acc_indist": 0.24654752016067505,
                        "top5_acc_indist": 0.40658003091812134,
                        "top10_acc_indist": 0.4967506229877472,