{
    "fold_number": 5,
    "duration": 35.52376103401184,
    "primary_checkpoint": {
        "selection_metric": "joint_score",
        "epoch": 44,
        "joint_score": 0.2522015795111656,
        "loss": 4.530727386474609,
        "time": 31.828010082244873,
        "task_metrics": {
            "next_category": {
                "accuracy": 0.4643841087818146,
                "f1": 0.43534404039382935
            },
            "next_region": {
                "accuracy": 0.20110192894935608,
                "f1": 0.06905911862850189
            }
        }
    },
    "diagnostic_best_epochs": {
        "next_category": {
            "epoch": 44,
            "time": 31.83405637741089,
            "metrics": {
                "accuracy": 0.4643841087818146,
                "accuracy_macro": 0.45056870579719543,
                "f1": 0.43534404039382935,
                "f1_weighted": 0.4647674560546875,
                "mrr": 0.6701794862747192,
                "top3_acc": 0.8598976731300354,
                "ndcg_3": 0.6974696516990662,
                "top5_acc": 0.9551357626914978,
                "ndcg_5": 0.7369169592857361,
                "loss": 2.4451088905334473
            },
            "accuracy": 0.4643841087818146,
            "f1": 0.43534404039382935,
            "per_metric_best": {
                "top5_acc": {
                    "epoch": 29,
                    "best_value": 0.9634001851081848,
                    "metrics": {
                        "accuracy": 0.42424243688583374,
                        "accuracy_macro": 0.47069767117500305,
                        "f1": 0.41537952423095703,
                        "f1_weighted": 0.41607043147087097,
                        "mrr": 0.6443395018577576,
                        "top3_acc": 0.8539944887161255,
                        "ndcg_3": 0.6750326752662659,
                        "top5_acc": 0.9634001851081848,
                        "ndcg_5": 0.7204610109329224,
                        "loss": 1.8089549541473389
                    }
                },
                "top3_acc": {
                    "epoch": 49,
                    "best_value": 0.8606847524642944,
                    "metrics": {
                        "accuracy": 0.45769381523132324,
                        "accuracy_macro": 0.4462096095085144,
                        "f1": 0.427628755569458,
                        "f1_weighted": 0.4594402611255646,
                        "mrr": 0.6642276048660278,
                        "top3_acc": 0.8606847524642944,
                        "ndcg_3": 0.693548321723938,
                        "top5_acc": 0.9500196576118469,
                        "ndcg_5": 0.730505108833313,
                        "loss": 2.708804130554199
                    }
                },
                "mrr": {
                    "epoch": 44,
                    "best_value": 0.6701794862747192,
                    "metrics": {
                        "accuracy": 0.4643841087818146,
                        "accuracy_macro": 0.45056870579719543,
                        "f1": 0.43534404039382935,
                        "f1_weighted": 0.4647674560546875,
                        "mrr": 0.6701794862747192,
                        "top3_acc": 0.8598976731300354,
                        "ndcg_3": 0.6974696516990662,
                        "top5_acc": 0.9551357626914978,
                        "ndcg_5": 0.7369169592857361,
                        "loss": 2.4451088905334473
                    }
                },
                "accuracy": {
                    "epoch": 44,
                    "best_value": 0.4643841087818146,
                    "metrics": {
                        "accuracy": 0.4643841087818146,
                        "accuracy_macro": 0.45056870579719543,
                        "f1": 0.43534404039382935,
                        "f1_weighted": 0.4647674560546875,
                        "mrr": 0.6701794862747192,
                        "top3_acc": 0.8598976731300354,
                        "ndcg_3": 0.6974696516990662,
                        "top5_acc": 0.9551357626914978,
                        "ndcg_5": 0.7369169592857361,
                        "loss": 2.4451088905334473
                    }
                },
                "accuracy_macro": {
                    "epoch": 17,
                    "best_value": 0.4936102628707886,
                    "metrics": {
                        "accuracy": 0.40456512570381165,
                        "accuracy_macro": 0.4936102628707886,
                        "f1": 0.39964091777801514,
                        "f1_weighted": 0.4025961756706238,
                        "mrr": 0.6225988864898682,
                        "top3_acc": 0.8079496026039124,
                        "ndcg_3": 0.6398528814315796,
                        "top5_acc": 0.9484454393386841,
                        "ndcg_5": 0.698205292224884,
                        "loss": 1.503284215927124
                    }
                },
                "f1_weighted": {
                    "epoch": 44,
                    "best_value": 0.4647674560546875,
                    "metrics": {
                        "accuracy": 0.4643841087818146,
                        "accuracy_macro": 0.45056870579719543,
                        "f1": 0.43534404039382935,
                        "f1_weighted": 0.4647674560546875,
                        "mrr": 0.6701794862747192,
                        "top3_acc": 0.8598976731300354,
                        "ndcg_3": 0.6974696516990662,
                        "top5_acc": 0.9551357626914978,
                        "ndcg_5": 0.7369169592857361,
                        "loss": 2.4451088905334473
                    }
                }
            }
        },
        "next_region": {
            "epoch": 5,
            "time": 4.821251392364502,
            "metrics": {
                "accuracy": 0.21133410930633545,
                "accuracy_macro": 0.09951248789221291,
                "f1": 0.07339268177747726,
                "f1_weighted": 0.178513765335083,
                "mrr": 0.28624606132507324,
                "top3_acc": 0.31759148836135864,
                "ndcg_3": 0.27389222383499146,
                "top5_acc": 0.3703266382217407,
                "ndcg_5": 0.2956036925315857,
                "loss": 6.617921829223633,
                "n_indist": 2459.0,
                "n_ood": 82.0,
                "ood_fraction": 0.032270759543486814,
                "top1_acc_indist": 0.21838144958019257,
                "top5_acc_indist": 0.3826758861541748,
                "top10_acc_indist": 0.4420495927333832,
                "mrr_indist": 0.295756071805954
            },
            "accuracy": 0.21133410930633545,
            "f1": 0.07339268177747726,
            "per_metric_best": {
                "top10_acc_indist": {
                    "epoch": 5,
                    "best_value": 0.4420495927333832,
                    "metrics": {
                        "accuracy": 0.21133410930633545,
                        "accuracy_macro": 0.09951248789221291,
                        "f1": 0.07339268177747726,
                        "f1_weighted": 0.178513765335083,
                        "mrr": 0.28624606132507324,
                        "top3_acc": 0.31759148836135864,
                        "ndcg_3": 0.27389222383499146,
                        "top5_acc": 0.3703266382217407,
                        "ndcg_5": 0.2956036925315857,
                        "loss": 6.617921829223633,
                        "n_indist": 2459.0,
                        "n_ood": 82.0,
                        "ood_fraction": 0.032270759543486814,
                        "top1_acc_indist": 0.21838144958019257,
                        "top5_acc_indist": 0.3826758861541748,
                        "top10_acc_indist": 0.4420495927333832,