{
    "fold_number": 1,
    "duration": 436.0674660205841,
    "best_epochs": {
        "next": {
            "epoch": 66,
            "accuracy": 0.3957379072864893,
            "f1": 0.33703962669182463
        }
    }
}