{
    "Community": {
        "precision": 0.44805194805194803,
        "recall": 0.5235204855842185,
        "f1-score": 0.4828551434569629,
        "support": 659.0
    },
    "Entertainment": {
        "precision": 0.45263157894736844,
        "recall": 0.39209726443769,
        "f1-score": 0.4201954397394137,
        "support": 329.0
    },
    "Food": {
        "precision": 0.5651013874066169,
        "recall": 0.5899721448467966,
        "f1-score": 0.5772690106295993,
        "support": 1795.0
    },
    "Nightlife": {
        "precision": 0.34306569343065696,
        "recall": 0.3745019920318725,
        "f1-score": 0.3580952380952381,
        "support": 251.0
    },
    "Outdoors": {
        "precision": 0.40425531914893614,
        "recall": 0.4716312056737589,
        "f1-score": 0.4353518821603928,
        "support": 282.0
    },
    "Shopping": {
        "precision": 0.6086580086580087,
        "recall": 0.5061195104391649,
        "f1-score": 0.5526729559748428,
        "support": 1389.0
    },
    "Travel": {
        "precision": 0.535472972972973,
        "recall": 0.5522648083623694,
        "f1-score": 0.5437392795883362,
        "support": 574.0
    },
    "macro avg": {
        "precision": 0.4796052726595012,
        "recall": 0.4871582016251243,
        "f1-score": 0.48145413566354084,
        "support": 5279.0
    },
    "weighted avg": {
        "precision": 0.5325697979159596,
        "recall": 0.5266148891835575,
        "f1-score": 0.527574148732039,
        "support": 5279.0
    }
}