{
    "fold_number": 1,
    "duration": 63.10634112358093,
    "primary_checkpoint": {
        "selection_metric": "joint_score",
        "epoch": 46,
        "joint_score": 0.29361194744706154,
        "loss": 4.714028676350911,
        "time": 58.92515468597412,
        "task_metrics": {
            "next_category": {
                "accuracy": 0.5337121486663818,
                "f1": 0.5066499710083008
            },
            "next_region": {
                "accuracy": 0.2128787785768509,
                "f1": 0.0805739238858223
            }
        }
    },
    "diagnostic_best_epochs": {
        "next_category": {
            "epoch": 46,
            "time": 58.93183660507202,
            "metrics": {
                "accuracy": 0.5337121486663818,
                "accuracy_macro": 0.5152244567871094,
                "f1": 0.5066499710083008,
                "f1_weighted": 0.5354084968566895,
                "mrr": 0.7128891348838806,
                "top3_acc": 0.8740530014038086,
                "ndcg_3": 0.7352421283721924,
                "top5_acc": 0.9541666507720947,
                "ndcg_5": 0.768483579158783,
                "loss": 2.3342668215433755
            },
            "accuracy": 0.5337121486663818,
            "f1": 0.5066499710083008,
            "per_metric_best": {
                "top5_acc": {
                    "epoch": 31,
                    "best_value": 0.9632575511932373,
                    "metrics": {
                        "accuracy": 0.49640151858329773,
                        "accuracy_macro": 0.5358331203460693,
                        "f1": 0.47775697708129883,
                        "f1_weighted": 0.5027604103088379,
                        "mrr": 0.6891116499900818,
                        "top3_acc": 0.864962100982666,
                        "ndcg_3": 0.7131415009498596,
                        "top5_acc": 0.9632575511932373,
                        "ndcg_5": 0.7538897395133972,
                        "loss": 1.485292116800944
                    }
                },
                "top3_acc": {
                    "epoch": 46,
                    "best_value": 0.8740530014038086,
                    "metrics": {
                        "accuracy": 0.5337121486663818,
                        "accuracy_macro": 0.5152244567871094,
                        "f1": 0.5066499710083008,
                        "f1_weighted": 0.5354084968566895,
                        "mrr": 0.7128891348838806,
                        "top3_acc": 0.8740530014038086,
                        "ndcg_3": 0.7352421283721924,
                        "top5_acc": 0.9541666507720947,
                        "ndcg_5": 0.768483579158783,
                        "loss": 2.3342668215433755
                    }
                },
                "mrr": {
                    "epoch": 47,
                    "best_value": 0.7143911719322205,
                    "metrics": {
                        "accuracy": 0.5371212363243103,
                        "accuracy_macro": 0.5122500658035278,
                        "f1": 0.5059544444084167,
                        "f1_weighted": 0.5375782251358032,
                        "mrr": 0.7143911719322205,
                        "top3_acc": 0.8702651262283325,
                        "ndcg_3": 0.734651505947113,
                        "top5_acc": 0.9571969509124756,
                        "ndcg_5": 0.7706717252731323,
                        "loss": 2.367176055908203
                    }
                },
                "accuracy": {
                    "epoch": 47,
                    "best_value": 0.5371212363243103,
                    "metrics": {
                        "accuracy": 0.5371212363243103,
                        "accuracy_macro": 0.5122500658035278,
                        "f1": 0.5059544444084167,
                        "f1_weighted": 0.5375782251358032,
                        "mrr": 0.7143911719322205,
                        "top3_acc": 0.8702651262283325,
                        "ndcg_3": 0.734651505947113,
                        "top5_acc": 0.9571969509124756,
                        "ndcg_5": 0.7706717252731323,
                        "loss": 2.367176055908203
                    }
                },
                "accuracy_macro": {
                    "epoch": 20,
                    "best_value": 0.5541324615478516,
                    "metrics": {
                        "accuracy": 0.49261364340782166,
                        "accuracy_macro": 0.5541324615478516,
                        "f1": 0.4838860332965851,
                        "f1_weighted": 0.4927735924720764,
                        "mrr": 0.6863031983375549,
                        "top3_acc": 0.8609848022460938,
                        "ndcg_3": 0.709457278251648,
                        "top5_acc": 0.9590908885002136,
                        "ndcg_5": 0.7502650618553162,
                        "loss": 1.2522962093353271
                    }
                },
                "f1_weighted": {
                    "epoch": 47,
                    "best_value": 0.5375782251358032,
                    "metrics": {
                        "accuracy": 0.5371212363243103,
                        "accuracy_macro": 0.5122500658035278,
                        "f1": 0.5059544444084167,
                        "f1_weighted": 0.5375782251358032,
                        "mrr": 0.7143911719322205,
                        "top3_acc": 0.8702651262283325,
                        "ndcg_3": 0.734651505947113,
                        "top5_acc": 0.9571969509124756,
                        "ndcg_5": 0.7706717252731323,
                        "loss": 2.367176055908203
                    }
                }
            }
        },
        "next_region": {
            "epoch": 10,
            "time": 14.396914005279541,
            "metrics": {
                "accuracy": 0.26344695687294006,
                "accuracy_macro": 0.1104983383350158,
                "f1": 0.09553821384906769,
                "f1_weighted": 0.2572289705276489,
                "mrr": 0.306254118680954,
                "top3_acc": 0.3176136314868927,
                "ndcg_3": 0.29514262080192566,
                "top5_acc": 0.34678030014038086,
                "ndcg_5": 0.30696529150009155,
                "loss": 6.732636133829753,
                "n_indist": 5148.0,
                "n_ood": 132.0,
                "ood_fraction": 0.025,
                "top1_acc_indist": 0.27020204067230225,
                "top5_acc_indist": 0.35567212104797363,
                "top10_acc_indist": 0.4042346775531769,
                "mrr_indist": 0.3140878677368164
            },
            "accuracy": 0.26344695687294006,
            "f1": 0.09553821384906769,
            "per_metric_best": {
                "top10_acc_indist": {
                    "epoch": 5,
                    "best_value": 0.4158896803855896,
                    "metrics": {
                        "accuracy": 0.26174241304397583,
                        "accuracy_macro": 0.1038294238115356,
                        "f1": 0.08867713063955307,
                        "f1_weighted": 0.25497967004776,
                        "mrr": 0.3090936243534088,
                        "top3_acc": 0.3238636255264282,
                        "ndcg_3": 0.2977331876754761,
                        "top5_acc": 0.364015132188797,
                        "ndcg_5": 0.3142203986644745,
                        "loss": 6.880771636962891,
                        "n_indist": 5148.0,
                        "n_ood": 132.0,
                        "ood_fraction": 0.025,
                        "top1_acc_indist": 0.26845377683639526,
                        "top5_acc_indist": 0.3733488917350769,
                        "top10_acc_indist": 0.4158896803855896,
                        "mrr_indist": 0.3170003890991211
                    }
                },