{
    "model": {
        "joint_score": {
            "mean": 0.5438288629055024,
            "std": 0.008527078240230464,
            "min": 0.5315658748149872,
            "max": 0.5511718690395355
        },
        "loss": {
            "mean": 1.428252363204956,
            "std": 0.1676803776305331,
            "min": 1.2251724004745483,
            "max": 1.6281450986862183
        }
    },
    "next": {
        "accuracy": {
            "mean": 0.3304741680622101,
            "std": 0.005463586714036177,
            "min": 0.3233674168586731,
            "max": 0.3371361196041107
        },
        "accuracy_macro": {
            "mean": 0.26038681268692015,
            "std": 0.012359716456419301,
            "min": 0.24372079968452454,
            "max": 0.2746691107749939
        },
        "f1": {
            "mean": 0.2632891178131104,
            "std": 0.012610275838658766,
            "min": 0.2500700354576111,
            "max": 0.2802426218986511
        },
        "f1_weighted": {
            "mean": 0.3265108108520508,
            "std": 0.0044476346762142745,
            "min": 0.3222978413105011,
            "max": 0.3315192461013794
        },
        "mrr": {
            "mean": 0.5585303187370301,
            "std": 0.007343401993131191,
            "min": 0.5513066053390503,
            "max": 0.5686907768249512
        },
        "top3_acc": {
            "mean": 0.7278294682502746,
            "std": 0.017290001694927077,
            "min": 0.71271151304245,
            "max": 0.7533438205718994
        },
        "ndcg_3": {
            "mean": 0.5606556057929992,
            "std": 0.012089857197603925,
            "min": 0.5494598150253296,
            "max": 0.5787375569343567
        },
        "top5_acc": {
            "mean": 0.9052632331848145,
            "std": 0.007783435780918813,
            "min": 0.8957103490829468,
            "max": 0.9154209494590759
        },
        "ndcg_5": {
            "mean": 0.6338308095932007,
            "std": 0.00830277039828346,
            "min": 0.6248756051063538,
            "max": 0.6455578804016113
        },
        "loss": {
            "mean": 2.24387149810791,
            "std": 0.2941511380089508,
            "min": 1.9335469007492065,
            "max": 2.6144375801086426
        }
    },
    "category": {
        "accuracy": {
            "mean": 0.8403192400932312,
            "std": 0.015499554270656152,
            "min": 0.8237037062644958,
            "max": 0.8584905862808228
        },
        "accuracy_macro": {
            "mean": 0.8313777923583985,
            "std": 0.017974013313881924,
            "min": 0.8059784173965454,
            "max": 0.8475368022918701
        },
        "f1": {
            "mean": 0.8243686079978942,
            "std": 0.014876568287375467,
            "min": 0.8057976961135864,
            "max": 0.8447341918945312
        },
        "f1_weighted": {
            "mean": 0.8405773520469666,
            "std": 0.015576014259872387,
            "min": 0.8242896199226379,
            "max": 0.8587174415588379
        },
        "mrr": {
            "mean": 0.9065551280975341,
            "std": 0.010006781540182893,
            "min": 0.8956472277641296,
            "max": 0.9189513921737671
        },
        "top3_acc": {
            "mean": 0.969978392124176,
            "std": 0.005415924884953525,
            "min": 0.9633699655532837,
            "max": 0.9770889282226562
        },
        "ndcg_3": {
            "mean": 0.9182650089263916,
            "std": 0.009537142889262338,
            "min": 0.9083928465843201,
            "max": 0.9304945468902588
        },
        "top5_acc": {
            "mean": 0.9911028265953064,
            "std": 0.004330536522050947,
            "min": 0.9853479862213135,
            "max": 0.9973509907722473
        },
        "ndcg_5": {
            "mean": 0.9270552635192871,
            "std": 0.00844444000642101,
            "min": 0.9179684519767761,
            "max": 0.9367020726203918
        },
        "loss": {
            "mean": 0.612633216381073,
            "std": 0.06704522551499488,
            "min": 0.5167978405952454,
            "max": 0.6999276876449585
        }
    },
    "_selection": {
        "primary": "joint_score",
        "diagnostic_task_best": "per-task best validation f1"
    },
    "diagnostic_task_best": {
        "next": {
            "accuracy": {
                "mean": 0.3806748569011688,
                "std": 0.01105495756436631,
                "min": 0.3713611364364624,
                "max": 0.39732494950294495
            },
            "accuracy_macro": {
                "mean": 0.2700117826461792,
                "std": 0.0036862355157535913,
                "min": 0.2644762396812439,
                "max": 0.2738383710384369
            },
            "f1": {
                "mean": 0.27825549244880676,
                "std": 0.012055924516523814,
                "min": 0.2660551071166992,
                "max": 0.2947523593902588
            },
            "f1_weighted": {
                "mean": 0.3615497946739197,
                "std": 0.007315588486978343,
                "min": 0.35504764318466187,
                "max": 0.37029239535331726
            },
            "mrr": {
                "mean": 0.6049757719039917,
                "std": 0.008735032745161743,
                "min": 0.5951116681098938,
                "max": 0.6171930432319641
            },
            "top3_acc": {
                "mean": 0.7962069272994995,
                "std": 0.007282404260195359,
                "min": 0.7895358204841614,
                "max": 0.8068450093269348
            },
            "ndcg_3": {
                "mean": 0.623014771938324,
                "std": 0.00956322652597531,
                "min": 0.6131036281585693,
                "max": 0.6369034647941589
            },
            "top5_acc": {
                "mean": 0.93130863904953,
                "std": 0.00467423284322219,
                "min": 0.9252557158470154,
                "max": 0.93587726354599
            },
            "ndcg_5": {
                "mean": 0.6787309646606445,
                "std": 0.007075225432885235,
                "min": 0.6689690351486206,
                "max": 0.6867616772651672
            },
            "loss": {
                "mean": 1.5893869400024414,
                "std": 0.022776508550221966,
                "min": 1.5566909313201904,
                "max": 1.6183642148971558
            }
        },
        "category": {
            "accuracy": {
                "mean": 0.8426896095275879,
                "std": 0.013033305607473225,
                "min": 0.8253968358039856,
                "max": 0.8584905862808228
            },
            "accuracy_macro": {
                "mean": 0.831710410118103,
                "std": 0.016914301525882528,
                "min": 0.8121204972267151,
                "max": 0.8475368022918701
            },
            "f1": {
                "mean": 0.8270275831222534,
                "std": 0.011575682432661308,
                "min": 0.8144747614860535,
                "max": 0.8447341918945312
            },
            "f1_weighted": {
                "mean": 0.8430107593536377,
                "std": 0.013077265759705869,
                "min": 0.825506329536438,
                "max": 0.8587174415588379
            },
            "mrr": {
                "mean": 0.9078327655792237,
                "std": 0.008505617092763694,
                "min": 0.8976917266845703,
                "max": 0.9189513921737671
            },
            "top3_acc": {
                "mean": 0.969822096824646,
                "std": 0.005873384927730938,
                "min": 0.9614814519882202,
                "max": 0.9770889282226562
            },
            "ndcg_3": {
                "mean": 0.9191712379455567,
                "std": 0.008408590870635403,