{
    "model": {
        "joint_score": {
            "mean": 0.5097154080867767,
            "std": 0,
            "min": 0.5097154080867767,
            "max": 0.5097154080867767
        },
        "loss": {
            "mean": 1.0586788654327393,
            "std": 0,
            "min": 1.0586788654327393,
            "max": 1.0586788654327393
        }
    },
    "category": {
        "accuracy": {
            "mean": 0.8301886916160583,
            "std": 0,
            "min": 0.8301886916160583,
            "max": 0.8301886916160583
        },
        "accuracy_macro": {
            "mean": 0.7627773284912109,
            "std": 0,
            "min": 0.7627773284912109,
            "max": 0.7627773284912109
        },
        "f1": {
            "mean": 0.7693943977355957,
            "std": 0,
            "min": 0.7693943977355957,
            "max": 0.7693943977355957
        },
        "f1_weighted": {
            "mean": 0.8297650814056396,
            "std": 0,
            "min": 0.8297650814056396,
            "max": 0.8297650814056396
        },
        "mrr": {
            "mean": 0.9023167490959167,
            "std": 0,
            "min": 0.9023167490959167,
            "max": 0.9023167490959167
        },
        "top3_acc": {
            "mean": 0.973045825958252,
            "std": 0,
            "min": 0.973045825958252,
            "max": 0.973045825958252
        },
        "ndcg_3": {
            "mean": 0.9162630438804626,
            "std": 0,
            "min": 0.9162630438804626,
            "max": 0.9162630438804626
        },
        "top5_acc": {
            "mean": 0.9959568977355957,
            "std": 0,
            "min": 0.9959568977355957,
            "max": 0.9959568977355957
        },
        "ndcg_5": {
            "mean": 0.9257168173789978,
            "std": 0,
            "min": 0.9257168173789978,
            "max": 0.9257168173789978
        },
        "loss": {
            "mean": 0.5599721670150757,
            "std": 0,
            "min": 0.5599721670150757,
            "max": 0.5599721670150757
        }
    },
    "next": {
        "accuracy": {
            "mean": 0.3804091215133667,
            "std": 0,
            "min": 0.3804091215133667,
            "max": 0.3804091215133667
        },
        "accuracy_macro": {
            "mean": 0.24662858247756958,
            "std": 0,
            "min": 0.24662858247756958,
            "max": 0.24662858247756958
        },
        "f1": {
            "mean": 0.25003641843795776,
            "std": 0,
            "min": 0.25003641843795776,
            "max": 0.25003641843795776
        },
        "f1_weighted": {
            "mean": 0.3397369980812073,
            "std": 0,
            "min": 0.3397369980812073,
            "max": 0.3397369980812073
        },
        "mrr": {
            "mean": 0.6051328182220459,
            "std": 0,
            "min": 0.6051328182220459,
            "max": 0.6051328182220459
        },
        "top3_acc": {
            "mean": 0.7946498990058899,
            "std": 0,
            "min": 0.7946498990058899,
            "max": 0.7946498990058899
        },
        "ndcg_3": {
            "mean": 0.6218843460083008,
            "std": 0,
            "min": 0.6218843460083008,
            "max": 0.6218843460083008
        },
        "top5_acc": {
            "mean": 0.9417781233787537,
            "std": 0,
            "min": 0.9417781233787537,
            "max": 0.9417781233787537
        },
        "ndcg_5": {
            "mean": 0.6825596690177917,
            "std": 0,
            "min": 0.6825596690177917,
            "max": 0.6825596690177917
        },
        "loss": {
            "mean": 1.5573856830596924,
            "std": 0,
            "min": 1.5573856830596924,
            "max": 1.5573856830596924
        }
    },
    "_selection": {
        "primary": "joint_score",
        "diagnostic_task_best": "per-task best validation f1"
    },
    "diagnostic_task_best": {
        "category": {
            "accuracy": {
                "mean": 0.8301886916160583,
                "std": 0,
                "min": 0.8301886916160583,
                "max": 0.8301886916160583
            },
            "accuracy_macro": {
                "mean": 0.7627773284912109,
                "std": 0,
                "min": 0.7627773284912109,
                "max": 0.7627773284912109
            },
            "f1": {
                "mean": 0.7693943977355957,
                "std": 0,
                "min": 0.7693943977355957,
                "max": 0.7693943977355957
            },
            "f1_weighted": {
                "mean": 0.8297650814056396,
                "std": 0,
                "min": 0.8297650814056396,
                "max": 0.8297650814056396
            },
            "mrr": {
                "mean": 0.9023167490959167,
                "std": 0,
                "min": 0.9023167490959167,
                "max": 0.9023167490959167
            },
            "top3_acc": {
                "mean": 0.973045825958252,
                "std": 0,
                "min": 0.973045825958252,
                "max": 0.973045825958252
            },
            "ndcg_3": {
                "mean": 0.9162630438804626,
                "std": 0,
                "min": 0.9162630438804626,
                "max": 0.9162630438804626
            },
            "top5_acc": {
                "mean": 0.9959568977355957,
                "std": 0,
                "min": 0.9959568977355957,
                "max": 0.9959568977355957
            },
            "ndcg_5": {
                "mean": 0.9257168173789978,
                "std": 0,
                "min": 0.9257168173789978,
                "max": 0.9257168173789978
            },
            "loss": {
                "mean": 0.5599721670150757,
                "std": 0,
                "min": 0.5599721670150757,
                "max": 0.5599721670150757
            }
        },
        "next": {
            "accuracy": {
                "mean": 0.36703383922576904,
                "std": 0,
                "min": 0.36703383922576904,
                "max": 0.36703383922576904
            },
            "accuracy_macro": {
                "mean": 0.2552233338356018,
                "std": 0,
                "min": 0.2552233338356018,
                "max": 0.2552233338356018
            },
            "f1": {
                "mean": 0.2544572949409485,
                "std": 0,
                "min": 0.2544572949409485,
                "max": 0.2544572949409485
            },
            "f1_weighted": {
                "mean": 0.34539687633514404,
                "std": 0,
                "min": 0.34539687633514404,
                "max": 0.34539687633514404
            },
            "mrr": {
                "mean": 0.5972762703895569,
                "std": 0,
                "min": 0.5972762703895569,
                "max": 0.5972762703895569
            },
            "top3_acc": {
                "mean": 0.8009441494941711,
                "std": 0,
                "min": 0.8009441494941711,
                "max": 0.8009441494941711
            },
            "ndcg_3": {
                "mean": 0.6186529397964478,
                "std": 0,
                "min": 0.6186529397964478,
                "max": 0.6186529397964478
            },
            "top5_acc": {
                "mean": 0.9445318579673767,
                "std": 0,
                "min": 0.9445318579673767,
                "max": 0.9445318579673767
            },
            "ndcg_5": {
                "mean": 0.6777516603469849,
                "std": 0,
                "min": 0.6777516603469849,
                "max": 0.6777516603469849
            },
            "loss": {
                "mean": 1.5635360479354858,
                "std": 0,
                "min": 1.5635360479354858,
                "max": 1.5635360479354858
            }
        }
    }
}