{
    "fold_number": 2,
    "duration": 61.99089455604553,
    "primary_checkpoint": {
        "selection_metric": "joint_score",
        "epoch": 19,
        "joint_score": 0.29433318972587585,
        "loss": 3.966360092163086,
        "time": 25.08800196647644,
        "task_metrics": {
            "next_region": {
                "accuracy": 0.2664772570133209,
                "f1": 0.09462621808052063
            },
            "next_category": {
                "accuracy": 0.5123106241226196,
                "f1": 0.4940401613712311
            }
        }
    },
    "diagnostic_best_epochs": {
        "next_region": {
            "epoch": 14,
            "time": 18.856728315353394,
            "metrics": {
                "accuracy": 0.2759469747543335,
                "accuracy_macro": 0.11529972242272418,
                "f1": 0.09872757643461227,
                "f1_weighted": 0.2673439383506775,
                "mrr": 0.3143748939037323,
                "top3_acc": 0.32424241304397583,
                "ndcg_3": 0.3041614592075348,
                "top5_acc": 0.35056817531585693,
                "ndcg_5": 0.31485190987586975,
                "loss": 6.649852116902669,
                "n_indist": 5195.0,
                "n_ood": 85.0,
                "ood_fraction": 0.016098484848484848,
                "top1_acc_indist": 0.28046196699142456,
                "top5_acc_indist": 0.3563041388988495,
                "top10_acc_indist": 0.3984600603580475,
                "mrr_indist": 0.31950676441192627
            },
            "accuracy": 0.2759469747543335,
            "f1": 0.09872757643461227,
            "per_metric_best": {
                "top10_acc_indist": {
                    "epoch": 6,
                    "best_value": 0.4096246361732483,
                    "metrics": {
                        "accuracy": 0.26818180084228516,
                        "accuracy_macro": 0.11185854111339494,
                        "f1": 0.09275490790605545,
                        "f1_weighted": 0.2558019161224365,
                        "mrr": 0.3147412836551666,
                        "top3_acc": 0.3342802822589874,
                        "ndcg_3": 0.3064136803150177,
                        "top5_acc": 0.3642045259475708,
                        "ndcg_5": 0.3187701404094696,
                        "loss": 6.825106302897136,
                        "n_indist": 5195.0,
                        "n_ood": 85.0,
                        "ood_fraction": 0.016098484848484848,
                        "top1_acc_indist": 0.27256977558135986,
                        "top5_acc_indist": 0.37016361951828003,
                        "top10_acc_indist": 0.4096246361732483,
                        "mrr_indist": 0.3198791742324829
                    }
                },
                "top5_acc_indist": {
                    "epoch": 6,
                    "best_value": 0.37016361951828003,
                    "metrics": {
                        "accuracy": 0.26818180084228516,
                        "accuracy_macro": 0.11185854111339494,
                        "f1": 0.09275490790605545,
                        "f1_weighted": 0.2558019161224365,
                        "mrr": 0.3147412836551666,
                        "top3_acc": 0.3342802822589874,
                        "ndcg_3": 0.3064136803150177,
                        "top5_acc": 0.3642045259475708,
                        "ndcg_5": 0.3187701404094696,
                        "loss": 6.825106302897136,
                        "n_indist": 5195.0,
                        "n_ood": 85.0,
                        "ood_fraction": 0.016098484848484848,
                        "top1_acc_indist": 0.27256977558135986,
                        "top5_acc_indist": 0.37016361951828003,
                        "top10_acc_indist": 0.4096246361732483,
                        "mrr_indist": 0.3198791742324829
                    }
                },
                "mrr_indist": {
                    "epoch": 8,
                    "best_value": 0.3221975564956665,
                    "metrics": {
                        "accuracy": 0.2751893997192383,
                        "accuracy_macro": 0.11610861591909123,
                        "f1": 0.09778549522161484,
                        "f1_weighted": 0.26492658257484436,
                        "mrr": 0.3170223832130432,
                        "top3_acc": 0.3291666507720947,
                        "ndcg_3": 0.30661675333976746,
                        "top5_acc": 0.3594696819782257,
                        "ndcg_5": 0.31912803649902344,
                        "loss": 6.778453826904297,
                        "n_indist": 5195.0,
                        "n_ood": 85.0,
                        "ood_fraction": 0.016098484848484848,
                        "top1_acc_indist": 0.27969199419021606,
                        "top5_acc_indist": 0.36535128951072693,
                        "top10_acc_indist": 0.4065447449684143,
                        "mrr_indist": 0.3221975564956665
                    }
                },
                "top5_acc": {
                    "epoch": 6,
                    "best_value": 0.3642045259475708,
                    "metrics": {
                        "accuracy": 0.26818180084228516,
                        "accuracy_macro": 0.11185854111339494,
                        "f1": 0.09275490790605545,
                        "f1_weighted": 0.2558019161224365,
                        "mrr": 0.3147412836551666,
                        "top3_acc": 0.3342802822589874,
                        "ndcg_3": 0.3064136803150177,
                        "top5_acc": 0.3642045259475708,
                        "ndcg_5": 0.3187701404094696,
                        "loss": 6.825106302897136,
                        "n_indist": 5195.0,
                        "n_ood": 85.0,
                        "ood_fraction": 0.016098484848484848,
                        "top1_acc_indist": 0.27256977558135986,
                        "top5_acc_indist": 0.37016361951828003,
                        "top10_acc_indist": 0.4096246361732483,
                        "mrr_indist": 0.3198791742324829
                    }
                },
                "top3_acc": {
                    "epoch": 6,
                    "best_value": 0.3342802822589874,
                    "metrics": {
                        "accuracy": 0.26818180084228516,
                        "accuracy_macro": 0.11185854111339494,
                        "f1": 0.09275490790605545,
                        "f1_weighted": 0.2558019161224365,
                        "mrr": 0.3147412836551666,
                        "top3_acc": 0.3342802822589874,
                        "ndcg_3": 0.3064136803150177,
                        "top5_acc": 0.3642045259475708,
                        "ndcg_5": 0.3187701404094696,
                        "loss": 6.825106302897136,
                        "n_indist": 5195.0,
                        "n_ood": 85.0,
                        "ood_fraction": 0.016098484848484848,
                        "top1_acc_indist": 0.27256977558135986,
                        "top5_acc_indist": 0.37016361951828003,
                        "top10_acc_indist": 0.4096246361732483,
                        "mrr_indist": 0.3198791742324829
                    }
                },
                "mrr": {
                    "epoch": 8,
                    "best_value": 0.3170223832130432,
                    "metrics": {
                        "accuracy": 0.2751893997192383,
                        "accuracy_macro": 0.11610861591909123,
                        "f1": 0.09778549522161484,
                        "f1_weighted": 0.26492658257484436,
                        "mrr": 0.3170223832130432,
                        "top3_acc": 0.3291666507720947,
                        "ndcg_3": 0.30661675333976746,
                        "top5_acc": 0.3594696819782257,