{
    "Community": {
        "precision": 0.40135135135135136,
        "recall": 0.6765375854214123,
        "f1-score": 0.5038167938931297,
        "support": 439.0
    },
    "Entertainment": {
        "precision": 0.4,
        "recall": 0.46706586826347307,
        "f1-score": 0.430939226519337,
        "support": 167.0
    },
    "Food": {
        "precision": 0.5648,
        "recall": 0.4062140391254315,
        "f1-score": 0.4725568942436412,
        "support": 869.0
    },
    "Nightlife": {
        "precision": 0.550561797752809,
        "recall": 0.5384615384615384,
        "f1-score": 0.5444444444444444,
        "support": 91.0
    },
    "Outdoors": {
        "precision": 0.40384615384615385,
        "recall": 0.4405594405594406,
        "f1-score": 0.4214046822742475,
        "support": 143.0
    },
    "Shopping": {
        "precision": 0.5291828793774319,
        "recall": 0.4140030441400304,
        "f1-score": 0.4645602049530316,
        "support": 657.0
    },
    "Travel": {
        "precision": 0.3721973094170404,
        "recall": 0.4715909090909091,
        "f1-score": 0.41604010025062654,
        "support": 176.0
    },
    "macro avg": {
        "precision": 0.46027707024925524,
        "recall": 0.4877760607231765,
        "f1-score": 0.4648231923683511,
        "support": 2542.0
    },
    "weighted avg": {
        "precision": 0.4936410090665305,
        "recall": 0.47010228166797796,
        "f1-score": 0.46893736851040574,
        "support": 2542.0
    }
}