{
    "Community": {
        "precision": 0.5211970074812967,
        "recall": 0.5368986454927603,
        "f1-score": 0.5289313240538365,
        "support": 4282.0
    },
    "Entertainment": {
        "precision": 0.43878116343490303,
        "recall": 0.4217252396166134,
        "f1-score": 0.4300841705131686,
        "support": 1878.0
    },
    "Food": {
        "precision": 0.6124406202384154,
        "recall": 0.6067844773998757,
        "f1-score": 0.6095994290302436,
        "support": 11261.0
    },
    "Nightlife": {
        "precision": 0.33214285714285713,
        "recall": 0.2518050541516246,
        "f1-score": 0.2864476386036961,
        "support": 1108.0
    },
    "Outdoors": {
        "precision": 0.5172137710168134,
        "recall": 0.5319061342116097,
        "f1-score": 0.5244570732697382,
        "support": 2429.0
    },
    "Shopping": {
        "precision": 0.596594511366724,
        "recall": 0.62877052310042,
        "f1-score": 0.612260073430311,
        "support": 10476.0
    },
    "Travel": {
        "precision": 0.42134831460674155,
        "recall": 0.34443168771526983,
        "f1-score": 0.3790271636133923,
        "support": 1742.0
    },
    "macro avg": {
        "precision": 0.49138832075539307,
        "recall": 0.47461739452688195,
        "f1-score": 0.48154383893062663,
        "support": 33176.0
    },
    "weighted avg": {
        "precision": 0.5594625583586728,
        "recall": 0.5631179165661925,
        "f1-score": 0.5607328561293522,
        "support": 33176.0
    }
}