{
    "Community": {
        "precision": 0.5273988992581957,
        "recall": 0.7010178117048346,
        "f1-score": 0.6019390959989076,
        "support": 3144.0
    },
    "Entertainment": {
        "precision": 0.6755888650963597,
        "recall": 0.6829004329004329,
        "f1-score": 0.6792249730893434,
        "support": 2772.0
    },
    "Food": {
        "precision": 0.7444032855532292,
        "recall": 0.588115536327777,
        "f1-score": 0.6570941143019619,
        "support": 7859.0
    },
    "Nightlife": {
        "precision": 0.37231130230739146,
        "recall": 0.675177304964539,
        "f1-score": 0.4799596672548525,
        "support": 1410.0
    },
    "Outdoors": {
        "precision": 0.6411642411642412,
        "recall": 0.6958483754512635,
        "f1-score": 0.6673880112529755,
        "support": 2216.0
    },
    "Shopping": {
        "precision": 0.7383100902379,
        "recall": 0.6714413607878246,
        "f1-score": 0.7032898335547394,
        "support": 6702.0
    },
    "Travel": {
        "precision": 0.8335529783869268,
        "recall": 0.8180289705121573,
        "f1-score": 0.8257180156657964,
        "support": 7732.0
    },
    "macro avg": {
        "precision": 0.6475328088577491,
        "recall": 0.6903613989498327,
        "f1-score": 0.6592305301597967,
        "support": 31835.0
    },
    "weighted avg": {
        "precision": 0.7136831990831854,
        "recall": 0.6922569498979111,
        "f1-score": 0.697125362428179,
        "support": 31835.0
    }
}