{
    "Community": {
        "precision": 0.548705631171604,
        "recall": 0.6537360890302066,
        "f1-score": 0.5966337782936738,
        "support": 3145.0
    },
    "Entertainment": {
        "precision": 0.6270971826527382,
        "recall": 0.7146464646464646,
        "f1-score": 0.6680155117180914,
        "support": 2772.0
    },
    "Food": {
        "precision": 0.788021778584392,
        "recall": 0.5524875938414556,
        "f1-score": 0.6495624205250954,
        "support": 7859.0
    },
    "Nightlife": {
        "precision": 0.3994435612082671,
        "recall": 0.7127659574468085,
        "f1-score": 0.5119714722363728,
        "support": 1410.0
    },
    "Outdoors": {
        "precision": 0.6169544740973313,
        "recall": 0.7093862815884476,
        "f1-score": 0.6599496221662469,
        "support": 2216.0
    },
    "Shopping": {
        "precision": 0.710561797752809,
        "recall": 0.7076991942703671,
        "f1-score": 0.7091276070867908,
        "support": 6702.0
    },
    "Travel": {
        "precision": 0.8153886212732717,
        "recall": 0.8100103466114847,
        "f1-score": 0.8126905858690716,
        "support": 7732.0
    },
    "macro avg": {
        "precision": 0.643739006677202,
        "recall": 0.6943902753478907,
        "f1-score": 0.658278713985049,
        "support": 31836.0
    },
    "weighted avg": {
        "precision": 0.711591037893279,
        "recall": 0.6898479708506093,
        "f1-score": 0.6927279892364586,
        "support": 31836.0
    }
}