{
    "model": {
        "joint_score": {
            "mean": 0.5186207890510559,
            "std": 0.0003779307905971868,
            "min": 0.5183535516262054,
            "max": 0.5188880264759064
        },
        "loss": {
            "mean": 1.153056561946869,
            "std": 0.01872643484926937,
            "min": 1.1398149728775024,
            "max": 1.1662981510162354
        }
    },
    "category": {
        "accuracy": {
            "mean": 0.767085999250412,
            "std": 0.0037726065570586357,
            "min": 0.764418363571167,
            "max": 0.769753634929657
        },
        "accuracy_macro": {
            "mean": 0.7225249409675598,
            "std": 0.01330449566943392,
            "min": 0.713117241859436,
            "max": 0.7319326400756836
        },
        "f1": {
            "mean": 0.7187849581241608,
            "std": 0.0037066888859875976,
            "min": 0.7161639332771301,
            "max": 0.7214059829711914
        },
        "f1_weighted": {
            "mean": 0.7682648301124573,
            "std": 0.004137387530920423,
            "min": 0.7653392553329468,
            "max": 0.7711904048919678
        },
        "mrr": {
            "mean": 0.8637703657150269,
            "std": 0.0018188051006391211,
            "min": 0.8624842762947083,
            "max": 0.8650564551353455
        },
        "top3_acc": {
            "mean": 0.958551436662674,
            "std": 0.007467620766008715,
            "min": 0.9532710313796997,
            "max": 0.9638318419456482
        },
        "ndcg_3": {
            "mean": 0.8814502656459808,
            "std": 0.0019245515435529542,
            "min": 0.8800894021987915,
            "max": 0.8828111290931702
        },
        "top5_acc": {
            "mean": 0.9926914572715759,
            "std": 0.0007234928015380069,
            "min": 0.9921798706054688,
            "max": 0.9932030439376831
        },
        "ndcg_5": {
            "mean": 0.8956973552703857,
            "std": 0.001563900960845234,
            "min": 0.8945915102958679,
            "max": 0.8968032002449036
        },
        "loss": {
            "mean": 0.707455575466156,
            "std": 0.02312521713465436,
            "min": 0.6911035776138306,
            "max": 0.7238075733184814
        }
    },
    "next": {
        "accuracy": {
            "mean": 0.38709983229637146,
            "std": 0.0038844642930065485,
            "min": 0.3843531012535095,
            "max": 0.3898465633392334
        },
        "accuracy_macro": {
            "mean": 0.3182297945022583,
            "std": 0.00407028974809108,
            "min": 0.315351665019989,
            "max": 0.3211079239845276
        },
        "f1": {
            "mean": 0.31845661997795105,
            "std": 0.004462550467181971,
            "min": 0.3153011202812195,
            "max": 0.3216121196746826
        },
        "f1_weighted": {
            "mean": 0.3786459267139435,
            "std": 0.0020541952495724642,
            "min": 0.3771933913230896,
            "max": 0.38009846210479736
        },
        "mrr": {
            "mean": 0.6118907928466797,
            "std": 0.0009344799251835425,
            "min": 0.6112300157546997,
            "max": 0.6125515699386597
        },
        "top3_acc": {
            "mean": 0.8019511103630066,
            "std": 0.0028128806696170678,
            "min": 0.7999621033668518,
            "max": 0.8039401173591614
        },
        "ndcg_3": {
            "mean": 0.6309596300125122,
            "std": 0.0007269488431159003,
            "min": 0.6304455995559692,
            "max": 0.6314736604690552
        },
        "top5_acc": {
            "mean": 0.9261223673820496,
            "std": 0.003482594092455174,
            "min": 0.9236598014831543,
            "max": 0.9285849332809448
        },
        "ndcg_5": {
            "mean": 0.6822746694087982,
            "std": 0.0018963131550506552,
            "min": 0.6809337735176086,
            "max": 0.6836155652999878
        },
        "loss": {
            "mean": 1.5986576080322266,
            "std": 0.014327568270187361,
            "min": 1.5885264873504639,
            "max": 1.6087887287139893
        }
    },
    "_selection": {
        "primary": "joint_score",
        "diagnostic_task_best": "per-task best validation f1"
    },
    "diagnostic_task_best": {
        "category": {
            "accuracy": {
                "mean": 0.7700596451759338,
                "std": 0.007977976954627132,
                "min": 0.764418363571167,
                "max": 0.7757009267807007
            },
            "accuracy_macro": {
                "mean": 0.7217276096343994,
                "std": 0.01217689888437346,
                "min": 0.713117241859436,
                "max": 0.7303379774093628
            },
            "f1": {
                "mean": 0.719664990901947,
                "std": 0.004951243175665788,
                "min": 0.7161639332771301,
                "max": 0.7231660485267639
            },
            "f1_weighted": {
                "mean": 0.770969569683075,
                "std": 0.007962466914375122,
                "min": 0.7653392553329468,
                "max": 0.7765998840332031
            },
            "mrr": {
                "mean": 0.8652177453041077,
                "std": 0.0038657089454192006,
                "min": 0.8624842762947083,
                "max": 0.8679512143135071
            },
            "top3_acc": {
                "mean": 0.9572769999504089,
                "std": 0.009269946448880077,
                "min": 0.9507221579551697,
                "max": 0.9638318419456482
            },
            "ndcg_3": {
                "mean": 0.8819662034511566,
                "std": 0.0011949053021323567,
                "min": 0.8811212778091431,
                "max": 0.8828111290931702
            },
            "top5_acc": {
                "mean": 0.9922666549682617,
                "std": 0.0001227316228637234,
                "min": 0.9921798706054688,
                "max": 0.9923534393310547
            },
            "ndcg_5": {
                "mean": 0.8965977728366852,
                "std": 0.0028372836949048753,
                "min": 0.8945915102958679,
                "max": 0.8986040353775024
            },
            "loss": {
                "mean": 0.7084086239337921,
                "std": 0.021777403066124478,
                "min": 0.6930096745491028,
                "max": 0.7238075733184814
            }
        },
        "next": {
            "accuracy": {
                "mean": 0.40111763775348663,
                "std": 0.004152370735566046,
                "min": 0.3981814682483673,
                "max": 0.40405380725860596
            },
            "accuracy_macro": {
                "mean": 0.31705354154109955,
                "std": 0.012079097122403931,
                "min": 0.3085123300552368,
                "max": 0.3255947530269623
            },
            "f1": {
                "mean": 0.322619691491127,
                "std": 0.005978172213057976,
                "min": 0.31839248538017273,
                "max": 0.3268468976020813
            },
            "f1_weighted": {
                "mean": 0.38933065533638,
                "std": 0.0031502661919467745,
                "min": 0.3871030807495117,
                "max": 0.3915582299232483
            },
            "mrr": {
                "mean": 0.6199183166027069,
                "std": 0.006179781662909838,
                "min": 0.6155485510826111,
                "max": 0.6242880821228027
            },
            "top3_acc": {
                "mean": 0.8038454353809357,
                "std": 0.016475498110848055,
                "min": 0.7921954989433289,
                "max": 0.8154953718185425
            },
            "ndcg_3": {
                "mean": 0.6376383304595947,
                "std": 0.011524044200939712,