{
    "fold_number": 4,
    "duration": 63.54072594642639,
    "primary_checkpoint": {
        "selection_metric": "joint_score",
        "epoch": 45,
        "joint_score": 0.27879489585757256,
        "loss": 4.802356719970703,
        "time": 58.29391312599182,
        "task_metrics": {
            "next_region": {
                "accuracy": 0.22447434067726135,
                "f1": 0.08773984760046005
            },
            "next_category": {
                "accuracy": 0.5065353512763977,
                "f1": 0.46984994411468506
            }
        }
    },
    "diagnostic_best_epochs": {
        "next_region": {
            "epoch": 20,
            "time": 26.69903564453125,
            "metrics": {
                "accuracy": 0.24019700288772583,
                "accuracy_macro": 0.11371822147578983,
                "f1": 0.10222240537405014,
                "f1_weighted": 0.23717594146728516,
                "mrr": 0.28242775797843933,
                "top3_acc": 0.29418450593948364,
                "ndcg_3": 0.27138230204582214,
                "top5_acc": 0.3237355649471283,
                "ndcg_5": 0.2834451496601105,
                "loss": 6.710158030192058,
                "n_indist": 5158.0,
                "n_ood": 121.0,
                "ood_fraction": 0.022921007766622467,
                "top1_acc_indist": 0.2458317130804062,
                "top5_acc_indist": 0.33132997155189514,
                "top10_acc_indist": 0.3842574656009674,
                "mrr_indist": 0.2890353798866272
            },
            "accuracy": 0.24019700288772583,
            "f1": 0.10222240537405014,
            "per_metric_best": {
                "top10_acc_indist": {
                    "epoch": 9,
                    "best_value": 0.4197363257408142,
                    "metrics": {
                        "accuracy": 0.2119719684123993,
                        "accuracy_macro": 0.09106006071057623,
                        "f1": 0.07948683947324753,
                        "f1_weighted": 0.17109543085098267,
                        "mrr": 0.279438316822052,
                        "top3_acc": 0.31407463550567627,
                        "ndcg_3": 0.27200162410736084,
                        "top5_acc": 0.3538548946380615,
                        "ndcg_5": 0.28843674063682556,
                        "loss": 6.804948806762695,
                        "n_indist": 5158.0,
                        "n_ood": 121.0,
                        "ood_fraction": 0.022921007766622467,
                        "top1_acc_indist": 0.21694454550743103,
                        "top5_acc_indist": 0.36215588450431824,
                        "top10_acc_indist": 0.4197363257408142,
                        "mrr_indist": 0.28597575426101685
                    }
                },
                "top5_acc_indist": {
                    "epoch": 8,
                    "best_value": 0.3648701012134552,
                    "metrics": {
                        "accuracy": 0.21064595878124237,
                        "accuracy_macro": 0.09091444393415829,
                        "f1": 0.07892749458551407,
                        "f1_weighted": 0.16834726929664612,
                        "mrr": 0.27951619029045105,
                        "top3_acc": 0.3136957883834839,
                        "ndcg_3": 0.27154603600502014,
                        "top5_acc": 0.35650691390037537,
                        "ndcg_5": 0.28916195034980774,
                        "loss": 6.818915049235026,
                        "n_indist": 5158.0,
                        "n_ood": 121.0,
                        "ood_fraction": 0.022921007766622467,
                        "top1_acc_indist": 0.21558743715286255,
                        "top5_acc_indist": 0.3648701012134552,
                        "top10_acc_indist": 0.41779759526252747,
                        "mrr_indist": 0.28605547547340393
                    }
                },
                "mrr_indist": {
                    "epoch": 13,
                    "best_value": 0.29653769731521606,
                    "metrics": {
                        "accuracy": 0.23621898889541626,
                        "accuracy_macro": 0.1082419484110376,
                        "f1": 0.09403710067272186,
                        "f1_weighted": 0.21684454381465912,
                        "mrr": 0.2897581458091736,
                        "top3_acc": 0.3135063350200653,
                        "ndcg_3": 0.2811375856399536,
                        "top5_acc": 0.34798258543014526,
                        "ndcg_5": 0.2952551245689392,
                        "loss": 6.7326609293619795,
                        "n_indist": 5158.0,
                        "n_ood": 121.0,
                        "ood_fraction": 0.022921007766622467,
                        "top1_acc_indist": 0.24176037311553955,
                        "top5_acc_indist": 0.35614579916000366,
                        "top10_acc_indist": 0.4053896963596344,
                        "mrr_indist": 0.29653769731521606
                    }
                },
                "top5_acc": {
                    "epoch": 8,
                    "best_value": 0.35650691390037537,
                    "metrics": {
                        "accuracy": 0.21064595878124237,
                        "accuracy_macro": 0.09091444393415829,
                        "f1": 0.07892749458551407,
                        "f1_weighted": 0.16834726929664612,
                        "mrr": 0.27951619029045105,
                        "top3_acc": 0.3136957883834839,
                        "ndcg_3": 0.27154603600502014,
                        "top5_acc": 0.35650691390037537,
                        "ndcg_5": 0.28916195034980774,
                        "loss": 6.818915049235026,
                        "n_indist": 5158.0,
                        "n_ood": 121.0,
                        "ood_fraction": 0.022921007766622467,
                        "top1_acc_indist": 0.21558743715286255,
                        "top5_acc_indist": 0.3648701012134552,
                        "top10_acc_indist": 0.41779759526252747,
                        "mrr_indist": 0.28605547547340393
                    }
                },
                "top3_acc": {
                    "epoch": 10,
                    "best_value": 0.3203258216381073,
                    "metrics": {
                        "accuracy": 0.21973858773708344,
                        "accuracy_macro": 0.0945156466576361,
                        "f1": 0.08362339437007904,
                        "f1_weighted": 0.18862149119377136,
                        "mrr": 0.2845427989959717,
                        "top3_acc": 0.3203258216381073,
                        "ndcg_3": 0.27866330742836,
                        "top5_acc": 0.3563174903392792,
                        "ndcg_5": 0.29342523217201233,
                        "loss": 6.782174428304036,
                        "n_indist": 5158.0,
                        "n_ood": 121.0,
                        "ood_fraction": 0.022921007766622467,
                        "top1_acc_indist": 0.22489337623119354,
                        "top5_acc_indist": 0.36467623710632324,
                        "top10_acc_indist": 0.4129507541656494,
                        "mrr_indist": 0.2912001311779022
                    }
                },
                "mrr": {
                    "epoch": 13,
                    "best_value": 0.2897581458091736,
                    "metrics": {
                        "accuracy": 0.23621898889541626,
                        "accuracy_macro": 0.1082419484110376,
                        "f1": 0.09403710067272186,
                        "f1_weighted": 0.21684454381465912,
                        "mrr": 0.2897581458091736,
                        "top3_acc": 0.3135063350200653,
                        "ndcg_3": 0.2811375856399536,
                        "top5_acc": 0.34798258543014526,