{
    "fold_number": 2,
    "duration": 56.03897261619568,
    "primary_checkpoint": {
        "selection_metric": "joint_score",
        "epoch": 34,
        "joint_score": 0.29473091661930084,
        "loss": 4.302275021870931,
        "time": 37.10196018218994,
        "task_metrics": {
            "next_region": {
                "accuracy": 0.27272725105285645,
                "f1": 0.0961959958076477
            },
            "next_category": {
                "accuracy": 0.5189393758773804,
                "f1": 0.493265837430954
            }
        }
    },
    "diagnostic_best_epochs": {
        "next_region": {
            "epoch": 16,
            "time": 15.02790117263794,
            "metrics": {
                "accuracy": 0.2806818187236786,
                "accuracy_macro": 0.11728585111721919,
                "f1": 0.10091156512498856,
                "f1_weighted": 0.2698114514350891,
                "mrr": 0.3257509171962738,
                "top3_acc": 0.3399621248245239,
                "ndcg_3": 0.31540539860725403,
                "top5_acc": 0.37140148878097534,
                "ndcg_5": 0.32840612530708313,
                "loss": 6.665627161661784,
                "n_indist": 5195.0,
                "n_ood": 85.0,
                "ood_fraction": 0.016098484848484848,
                "top1_acc_indist": 0.28527429699897766,
                "top5_acc_indist": 0.37747833132743835,
                "top10_acc_indist": 0.42194417119026184,
                "mrr_indist": 0.3310689330101013
            },
            "accuracy": 0.2806818187236786,
            "f1": 0.10091156512498856,
            "per_metric_best": {
                "top10_acc_indist": {
                    "epoch": 6,
                    "best_value": 0.4614051878452301,
                    "metrics": {
                        "accuracy": 0.2291666567325592,
                        "accuracy_macro": 0.07788585953441468,
                        "f1": 0.06551913172006607,
                        "f1_weighted": 0.17464317381381989,
                        "mrr": 0.3053382635116577,
                        "top3_acc": 0.3397727310657501,
                        "ndcg_3": 0.29441341757774353,
                        "top5_acc": 0.3861742317676544,
                        "ndcg_5": 0.31356745958328247,
                        "loss": 6.8555043538411455,
                        "n_indist": 5195.0,
                        "n_ood": 85.0,
                        "ood_fraction": 0.016098484848484848,
                        "top1_acc_indist": 0.23291626572608948,
                        "top5_acc_indist": 0.39249277114868164,
                        "top10_acc_indist": 0.4614051878452301,
                        "mrr_indist": 0.31032222509384155
                    }
                },
                "top5_acc_indist": {
                    "epoch": 8,
                    "best_value": 0.4063522517681122,
                    "metrics": {
                        "accuracy": 0.2496211975812912,
                        "accuracy_macro": 0.08959840904117625,
                        "f1": 0.07731550186872482,
                        "f1_weighted": 0.2014148235321045,
                        "mrr": 0.31966307759284973,
                        "top3_acc": 0.3537878692150116,
                        "ndcg_3": 0.3112267255783081,
                        "top5_acc": 0.3998105823993683,
                        "ndcg_5": 0.3302425146102905,
                        "loss": 6.8137556711832685,
                        "n_indist": 5195.0,
                        "n_ood": 85.0,
                        "ood_fraction": 0.016098484848484848,
                        "top1_acc_indist": 0.2537054717540741,
                        "top5_acc_indist": 0.4063522517681122,
                        "top10_acc_indist": 0.4564003646373749,
                        "mrr_indist": 0.32488134503364563
                    }
                },
                "mrr_indist": {
                    "epoch": 11,
                    "best_value": 0.33388108015060425,
                    "metrics": {
                        "accuracy": 0.2753787934780121,
                        "accuracy_macro": 0.1120858237008068,
                        "f1": 0.09442880004644394,
                        "f1_weighted": 0.2541138529777527,
                        "mrr": 0.3285179138183594,
                        "top3_acc": 0.3494318127632141,
                        "ndcg_3": 0.3181086480617523,
                        "top5_acc": 0.39337119460105896,
                        "ndcg_5": 0.3362521529197693,
                        "loss": 6.721885681152344,
                        "n_indist": 5195.0,
                        "n_ood": 85.0,
                        "ood_fraction": 0.016098484848484848,
                        "top1_acc_indist": 0.2798844873905182,
                        "top5_acc_indist": 0.39980751276016235,
                        "top10_acc_indist": 0.4446583092212677,
                        "mrr_indist": 0.33388108015060425
                    }
                },
                "top5_acc": {
                    "epoch": 8,
                    "best_value": 0.3998105823993683,
                    "metrics": {
                        "accuracy": 0.2496211975812912,
                        "accuracy_macro": 0.08959840904117625,
                        "f1": 0.07731550186872482,
                        "f1_weighted": 0.2014148235321045,
                        "mrr": 0.31966307759284973,
                        "top3_acc": 0.3537878692150116,
                        "ndcg_3": 0.3112267255783081,
                        "top5_acc": 0.3998105823993683,
                        "ndcg_5": 0.3302425146102905,
                        "loss": 6.8137556711832685,
                        "n_indist": 5195.0,
                        "n_ood": 85.0,
                        "ood_fraction": 0.016098484848484848,
                        "top1_acc_indist": 0.2537054717540741,
                        "top5_acc_indist": 0.4063522517681122,
                        "top10_acc_indist": 0.4564003646373749,
                        "mrr_indist": 0.32488134503364563
                    }
                },
                "top3_acc": {
                    "epoch": 8,
                    "best_value": 0.3537878692150116,
                    "metrics": {
                        "accuracy": 0.2496211975812912,
                        "accuracy_macro": 0.08959840904117625,
                        "f1": 0.07731550186872482,
                        "f1_weighted": 0.2014148235321045,
                        "mrr": 0.31966307759284973,
                        "top3_acc": 0.3537878692150116,
                        "ndcg_3": 0.3112267255783081,
                        "top5_acc": 0.3998105823993683,
                        "ndcg_5": 0.3302425146102905,
                        "loss": 6.8137556711832685,
                        "n_indist": 5195.0,
                        "n_ood": 85.0,
                        "ood_fraction": 0.016098484848484848,
                        "top1_acc_indist": 0.2537054717540741,
                        "top5_acc_indist": 0.4063522517681122,
                        "top10_acc_indist": 0.4564003646373749,
                        "mrr_indist": 0.32488134503364563
                    }
                },
                "mrr": {
                    "epoch": 11,
                    "best_value": 0.3285179138183594,
                    "metrics": {
                        "accuracy": 0.2753787934780121,
                        "accuracy_macro": 0.1120858237008068,
                        "f1": 0.09442880004644394,
                        "f1_weighted": 0.2541138529777527,
                        "mrr": 0.3285179138183594,
                        "top3_acc": 0.3494318127632141,
                        "ndcg_3": 0.3181086480617523,
                        "top5_acc": 0.39337119460105896,