{
    "fold_number": 5,
    "duration": 35.216158866882324,
    "primary_checkpoint": {
        "selection_metric": "joint_score",
        "epoch": 25,
        "joint_score": 0.2960108481347561,
        "loss": 4.02996031443278,
        "time": 18.62119960784912,
        "task_metrics": {
            "next_region": {
                "accuracy": 0.2867967486381531,
                "f1": 0.09419160336256027
            },
            "next_category": {
                "accuracy": 0.5122182369232178,
                "f1": 0.4978300929069519
            }
        }
    },
    "diagnostic_best_epochs": {
        "next_region": {
            "epoch": 18,
            "time": 13.688063383102417,
            "metrics": {
                "accuracy": 0.29247963428497314,
                "accuracy_macro": 0.10776827215604041,
                "f1": 0.09738872945308685,
                "f1_weighted": 0.28617769479751587,
                "mrr": 0.33745306730270386,
                "top3_acc": 0.35177117586135864,
                "ndcg_3": 0.32733383774757385,
                "top5_acc": 0.38321653008461,
                "ndcg_5": 0.3402872085571289,
                "loss": 6.686268488566081,
                "n_indist": 5188.0,
                "n_ood": 91.0,
                "ood_fraction": 0.017238113279030118,
                "top1_acc_indist": 0.2976098656654358,
                "top5_acc_indist": 0.3899382948875427,
                "top10_acc_indist": 0.43350037932395935,
                "mrr_indist": 0.34335917234420776
            },
            "accuracy": 0.29247963428497314,
            "f1": 0.09738872945308685,
            "per_metric_best": {
                "top10_acc_indist": {
                    "epoch": 8,
                    "best_value": 0.46626830101013184,
                    "metrics": {
                        "accuracy": 0.2627391517162323,
                        "accuracy_macro": 0.08830480643843694,
                        "f1": 0.0790005624294281,
                        "f1_weighted": 0.21731126308441162,
                        "mrr": 0.33072543144226074,
                        "top3_acc": 0.36995643377304077,
                        "ndcg_3": 0.324954092502594,
                        "top5_acc": 0.4065164029598236,
                        "ndcg_5": 0.33996909856796265,
                        "loss": 6.814085006713867,
                        "n_indist": 5188.0,
                        "n_ood": 91.0,
                        "ood_fraction": 0.017238113279030118,
                        "top1_acc_indist": 0.2673477232456207,
                        "top5_acc_indist": 0.4136468768119812,
                        "top10_acc_indist": 0.46626830101013184,
                        "mrr_indist": 0.33651354908943176
                    }
                },
                "top5_acc_indist": {
                    "epoch": 8,
                    "best_value": 0.4136468768119812,
                    "metrics": {
                        "accuracy": 0.2627391517162323,
                        "accuracy_macro": 0.08830480643843694,
                        "f1": 0.0790005624294281,
                        "f1_weighted": 0.21731126308441162,
                        "mrr": 0.33072543144226074,
                        "top3_acc": 0.36995643377304077,
                        "ndcg_3": 0.324954092502594,
                        "top5_acc": 0.4065164029598236,
                        "ndcg_5": 0.33996909856796265,
                        "loss": 6.814085006713867,
                        "n_indist": 5188.0,
                        "n_ood": 91.0,
                        "ood_fraction": 0.017238113279030118,
                        "top1_acc_indist": 0.2673477232456207,
                        "top5_acc_indist": 0.4136468768119812,
                        "top10_acc_indist": 0.46626830101013184,
                        "mrr_indist": 0.33651354908943176
                    }
                },
                "mrr_indist": {
                    "epoch": 12,
                    "best_value": 0.348006933927536,
                    "metrics": {
                        "accuracy": 0.29077476263046265,
                        "accuracy_macro": 0.10598301412352085,
                        "f1": 0.09549996256828308,
                        "f1_weighted": 0.2737807333469391,
                        "mrr": 0.34202077984809875,
                        "top3_acc": 0.36332640051841736,
                        "ndcg_3": 0.3325566351413727,
                        "top5_acc": 0.39893919229507446,
                        "ndcg_5": 0.3471470773220062,
                        "loss": 6.723016738891602,
                        "n_indist": 5188.0,
                        "n_ood": 91.0,
                        "ood_fraction": 0.017238113279030118,
                        "top1_acc_indist": 0.29587510228157043,
                        "top5_acc_indist": 0.4059367775917053,
                        "top10_acc_indist": 0.4531611204147339,
                        "mrr_indist": 0.348006933927536
                    }
                },
                "top5_acc": {
                    "epoch": 8,
                    "best_value": 0.4065164029598236,
                    "metrics": {
                        "accuracy": 0.2627391517162323,
                        "accuracy_macro": 0.08830480643843694,
                        "f1": 0.0790005624294281,
                        "f1_weighted": 0.21731126308441162,
                        "mrr": 0.33072543144226074,
                        "top3_acc": 0.36995643377304077,
                        "ndcg_3": 0.324954092502594,
                        "top5_acc": 0.4065164029598236,
                        "ndcg_5": 0.33996909856796265,
                        "loss": 6.814085006713867,
                        "n_indist": 5188.0,
                        "n_ood": 91.0,
                        "ood_fraction": 0.017238113279030118,
                        "top1_acc_indist": 0.2673477232456207,
                        "top5_acc_indist": 0.4136468768119812,
                        "top10_acc_indist": 0.46626830101013184,
                        "mrr_indist": 0.33651354908943176
                    }
                },
                "top3_acc": {
                    "epoch": 8,
                    "best_value": 0.36995643377304077,
                    "metrics": {
                        "accuracy": 0.2627391517162323,
                        "accuracy_macro": 0.08830480643843694,
                        "f1": 0.0790005624294281,
                        "f1_weighted": 0.21731126308441162,
                        "mrr": 0.33072543144226074,
                        "top3_acc": 0.36995643377304077,
                        "ndcg_3": 0.324954092502594,
                        "top5_acc": 0.4065164029598236,
                        "ndcg_5": 0.33996909856796265,
                        "loss": 6.814085006713867,
                        "n_indist": 5188.0,
                        "n_ood": 91.0,
                        "ood_fraction": 0.017238113279030118,
                        "top1_acc_indist": 0.2673477232456207,
                        "top5_acc_indist": 0.4136468768119812,
                        "top10_acc_indist": 0.46626830101013184,
                        "mrr_indist": 0.33651354908943176
                    }
                },
                "mrr": {
                    "epoch": 12,
                    "best_value": 0.34202077984809875,
                    "metrics": {
                        "accuracy": 0.29077476263046265,
                        "accuracy_macro": 0.10598301412352085,
                        "f1": 0.09549996256828308,
                        "f1_weighted": 0.2737807333469391,
                        "mrr": 0.34202077984809875,
                        "top3_acc": 0.36332640051841736,
                        "ndcg_3": 0.3325566351413727,
                        "top5_acc": 0.39893919229507446,