{
    "Community": {
        "precision": 0.49570200573065903,
        "recall": 0.5250379362670713,
        "f1-score": 0.5099484156226971,
        "support": 659.0
    },
    "Entertainment": {
        "precision": 0.45733788395904434,
        "recall": 0.40606060606060607,
        "f1-score": 0.4301765650080257,
        "support": 330.0
    },
    "Food": {
        "precision": 0.5808600847970927,
        "recall": 0.5339643652561247,
        "f1-score": 0.5564258775747026,
        "support": 1796.0
    },
    "Nightlife": {
        "precision": 0.37719298245614036,
        "recall": 0.344,
        "f1-score": 0.3598326359832636,
        "support": 250.0
    },
    "Outdoors": {
        "precision": 0.46130952380952384,
        "recall": 0.549645390070922,
        "f1-score": 0.5016181229773463,
        "support": 282.0
    },
    "Shopping": {
        "precision": 0.6017505470459519,
        "recall": 0.5943804034582133,
        "f1-score": 0.5980427691192461,
        "support": 1388.0
    },
    "Travel": {
        "precision": 0.49002849002849,
        "recall": 0.5993031358885017,
        "f1-score": 0.5391849529780565,
        "support": 574.0
    },
    "macro avg": {
        "precision": 0.4948830739752717,
        "recall": 0.5074845481430627,
        "f1-score": 0.4993184770376197,
        "support": 5279.0
    },
    "weighted avg": {
        "precision": 0.5420927220464147,
        "recall": 0.5396855465050199,
        "f1-score": 0.5395614973848301,
        "support": 5279.0
    }
}