{
    "fold_number": 5,
    "duration": 293.8094460964203,
    "primary_checkpoint": {
        "selection_metric": "joint_score",
        "epoch": 26,
        "joint_score": 0.33804725110530853,
        "loss": 1.353809118270874,
        "time": 159.28645396232605,
        "task_metrics": {
            "next": {
                "accuracy": 0.3729814887046814,
                "f1": 0.24592354893684387
            },
            "category": {
                "accuracy": 0.5261932611465454,
                "f1": 0.4301709532737732
            }
        }
    },
    "diagnostic_best_epochs": {
        "next": {
            "epoch": 34,
            "time": 206.01924514770508,
            "metrics": {
                "accuracy": 0.3761323392391205,
                "accuracy_macro": 0.2428789734840393,
                "f1": 0.2521926164627075,
                "f1_weighted": 0.3531751036643982,
                "mrr": 0.6004801392555237,
                "top3_acc": 0.80189049243927,
                "ndcg_3": 0.6223239898681641,
                "top5_acc": 0.9287120699882507,
                "ndcg_5": 0.6743540167808533,
                "loss": 1.6068155765533447
            },
            "accuracy": 0.3761323392391205,
            "f1": 0.2521926164627075
        },
        "category": {
            "epoch": 26,
            "time": 159.33855724334717,
            "metrics": {
                "accuracy": 0.5261932611465454,
                "accuracy_macro": 0.4270726442337036,
                "f1": 0.4301709532737732,
                "f1_weighted": 0.5237632393836975,
                "mrr": 0.7215671539306641,
                "top3_acc": 0.9313154816627502,
                "ndcg_3": 0.7636588215827942,
                "top5_acc": 0.9941792488098145,
                "ndcg_5": 0.7900695204734802,
                "loss": 1.1241426467895508
            },
            "accuracy": 0.5261932611465454,
            "f1": 0.4301709532737732
        }
    }
}