{
    "Community": {
        "precision": 0.313119817915786,
        "recall": 0.38085821633379474,
        "f1-score": 0.3436830835117773,
        "support": 5057.0
    },
    "Entertainment": {
        "precision": 0.3322195704057279,
        "recall": 0.22025316455696203,
        "f1-score": 0.26489058039961944,
        "support": 3160.0
    },
    "Food": {
        "precision": 0.4177847113884555,
        "recall": 0.25661172863165965,
        "f1-score": 0.31793897661165854,
        "support": 10436.0
    },
    "Nightlife": {
        "precision": 0.18344237544036235,
        "recall": 0.3504807692307692,
        "f1-score": 0.24083250743310208,
        "support": 2080.0
    },
    "Outdoors": {
        "precision": 0.19795356158992522,
        "recall": 0.2568947906026558,
        "f1-score": 0.2236052456101356,
        "support": 1958.0
    },
    "Shopping": {
        "precision": 0.40595878724242024,
        "recall": 0.38725428821835484,
        "f1-score": 0.39638600538254515,
        "support": 7987.0
    },
    "Travel": {
        "precision": 0.21342383107088989,
        "recall": 0.4062200956937799,
        "f1-score": 0.27982860909690177,
        "support": 2090.0
    },
    "macro avg": {
        "precision": 0.29484323643622384,
        "recall": 0.32265329332399656,
        "f1-score": 0.2953092868636772,
        "support": 32768.0
    },
    "weighted avg": {
        "precision": 0.3494526325953537,
        "recall": 0.31964111328125,
        "f1-score": 0.3229552689108135,
        "support": 32768.0
    }
}