{
  "next_gru": {
    "alabama": {
      "cat": 52.753732204437256,
      "reg": 62.640169413837576
    },
    "florida": {
      "cat": 73.1175708770752,
      "reg": 72.9511565428816
    }
  },
  "next_transformer_relpos": {
    "alabama": {
      "cat": 37.18268632888794,
      "reg": 62.47497630569343
    },
    "florida": {
      "cat": 72.24536657333374,
      "reg": 72.96120843600835
    }
  },
  "next_single": {
    "alabama": {
      "cat": 41.00692629814148,
      "reg": 62.726769901432924
    },
    "florida": {
      "cat": 70.07586479187012,
      "reg": 72.96120798963075
    }
  },
  "next_transformer_optimized": {
    "alabama": {
      "cat": 37.03948259353638,
      "reg": 62.68737188420623
    },
    "florida": {
      "cat": 63.57882142066955,
      "reg": 72.9216305916938
    }
  },
  "next_temporal_cnn": {
    "alabama": {
      "cat": 29.151111245155338,
      "reg": 62.506441081639224
    },
    "florida": {
      "cat": 73.70896220207214,
      "reg": 72.83367808026664
    }
  },
  "next_tcn_residual": {
    "alabama": {
      "cat": 36.48489475250244,
      "reg": 62.46708345980162
    },
    "florida": {
      "cat": 73.21136593818665,
      "reg": 72.91535023459703
    }
  },
  "next_conv_attn": {
    "alabama": {
      "cat": 31.254358291625977,
      "reg": 62.42775583672528
    },
    "florida": {
      "cat": 74.18026208877563,
      "reg": 72.89901367770845
    }
  },
  "next_mamba": {
    "alabama": {
      "cat": 43.39615821838379,
      "reg": 62.593002203678665
    },
    "florida": {
      "cat": 71.92849636077881,
      "reg": 71.80399573783018
    }
  },
  "next_lstm": {
    "alabama": {
      "cat": 51.47425889968872,
      "reg": 62.4120129849875
    },
    "florida": {
      "cat": 73.4623122215271,
      "reg": 72.92100289050109
    }
  },
  "next_hybrid": {
    "alabama": {
      "cat": 50.20391166210174,
      "reg": 62.57725715815231
    },
    "florida": {
      "cat": 73.33571672439575,
      "reg": 72.90592577098205
    }
  }
}