{
    "fold_number": 1,
    "duration": 42.49516010284424,
    "primary_checkpoint": {
        "selection_metric": "joint_score",
        "epoch": 7,
        "joint_score": 0.5084705799818039,
        "loss": 1.060564637184143,
        "time": 34.0042450428009,
        "task_metrics": {
            "next": {
                "accuracy": 0.37372148036956787,
                "f1": 0.2574214041233063
            },
            "category": {
                "accuracy": 0.8207547068595886,
                "f1": 0.7595197558403015
            }
        }
    },
    "diagnostic_best_epochs": {
        "next": {
            "epoch": 6,
            "time": 29.92703604698181,
            "metrics": {
                "accuracy": 0.3709677457809448,
                "accuracy_macro": 0.2547852396965027,
                "f1": 0.26076221466064453,
                "f1_weighted": 0.3483586311340332,
                "mrr": 0.6007493138313293,
                "top3_acc": 0.8040912747383118,
                "ndcg_3": 0.622759997844696,
                "top5_acc": 0.9366640448570251,
                "ndcg_5": 0.6775975823402405,
                "loss": 1.5602385997772217
            },
            "accuracy": 0.3709677457809448,
            "f1": 0.26076221466064453
        },
        "category": {
            "epoch": 9,
            "time": 41.95608305931091,
            "metrics": {
                "accuracy": 0.8261455297470093,
                "accuracy_macro": 0.7535081505775452,
                "f1": 0.7616229057312012,
                "f1_weighted": 0.8254235982894897,
                "mrr": 0.9003306031227112,
                "top3_acc": 0.9703503847122192,
                "ndcg_3": 0.9135996103286743,
                "top5_acc": 0.9959568977355957,
                "ndcg_5": 0.9242733120918274,
                "loss": 0.5603956580162048
            },
            "accuracy": 0.8261455297470093,
            "f1": 0.7616229057312012
        }
    }
}