{
    "model": {
        "joint_score": {
            "mean": 0.47244590520858765,
            "std": 0,
            "min": 0.47244590520858765,
            "max": 0.47244590520858765
        },
        "loss": {
            "mean": 1.0989151000976562,
            "std": 0,
            "min": 1.0989151000976562,
            "max": 1.0989151000976562
        }
    },
    "category": {
        "accuracy": {
            "mean": 0.8059298992156982,
            "std": 0,
            "min": 0.8059298992156982,
            "max": 0.8059298992156982
        },
        "accuracy_macro": {
            "mean": 0.6967996954917908,
            "std": 0,
            "min": 0.6967996954917908,
            "max": 0.6967996954917908
        },
        "f1": {
            "mean": 0.7127655744552612,
            "std": 0,
            "min": 0.7127655744552612,
            "max": 0.7127655744552612
        },
        "f1_weighted": {
            "mean": 0.8036421537399292,
            "std": 0,
            "min": 0.8036421537399292,
            "max": 0.8036421537399292
        },
        "mrr": {
            "mean": 0.8837665319442749,
            "std": 0,
            "min": 0.8837665319442749,
            "max": 0.8837665319442749
        },
        "top3_acc": {
            "mean": 0.9636118412017822,
            "std": 0,
            "min": 0.9636118412017822,
            "max": 0.9636118412017822
        },
        "ndcg_3": {
            "mean": 0.8987107872962952,
            "std": 0,
            "min": 0.8987107872962952,
            "max": 0.8987107872962952
        },
        "top5_acc": {
            "mean": 0.9892183542251587,
            "std": 0,
            "min": 0.9892183542251587,
            "max": 0.9892183542251587
        },
        "ndcg_5": {
            "mean": 0.909266471862793,
            "std": 0,
            "min": 0.909266471862793,
            "max": 0.909266471862793
        },
        "loss": {
            "mean": 0.6347285509109497,
            "std": 0,
            "min": 0.6347285509109497,
            "max": 0.6347285509109497
        }
    },
    "next": {
        "accuracy": {
            "mean": 0.3808025121688843,
            "std": 0,
            "min": 0.3808025121688843,
            "max": 0.3808025121688843
        },
        "accuracy_macro": {
            "mean": 0.23699036240577698,
            "std": 0,
            "min": 0.23699036240577698,
            "max": 0.23699036240577698
        },
        "f1": {
            "mean": 0.23212623596191406,
            "std": 0,
            "min": 0.23212623596191406,
            "max": 0.23212623596191406
        },
        "f1_weighted": {
            "mean": 0.3371305763721466,
            "std": 0,
            "min": 0.3371305763721466,
            "max": 0.3371305763721466
        },
        "mrr": {
            "mean": 0.603486180305481,
            "std": 0,
            "min": 0.603486180305481,
            "max": 0.603486180305481
        },
        "top3_acc": {
            "mean": 0.7970102429389954,
            "std": 0,
            "min": 0.7970102429389954,
            "max": 0.7970102429389954
        },
        "ndcg_3": {
            "mean": 0.6221796274185181,
            "std": 0,
            "min": 0.6221796274185181,
            "max": 0.6221796274185181
        },
        "top5_acc": {
            "mean": 0.9315499663352966,
            "std": 0,
            "min": 0.9315499663352966,
            "max": 0.9315499663352966
        },
        "ndcg_5": {
            "mean": 0.6776401996612549,
            "std": 0,
            "min": 0.6776401996612549,
            "max": 0.6776401996612549
        },
        "loss": {
            "mean": 1.5631016492843628,
            "std": 0,
            "min": 1.5631016492843628,
            "max": 1.5631016492843628
        }
    },
    "_selection": {
        "primary": "joint_score",
        "diagnostic_task_best": "per-task best validation f1"
    },
    "diagnostic_task_best": {
        "category": {
            "accuracy": {
                "mean": 0.8059298992156982,
                "std": 0,
                "min": 0.8059298992156982,
                "max": 0.8059298992156982
            },
            "accuracy_macro": {
                "mean": 0.6967996954917908,
                "std": 0,
                "min": 0.6967996954917908,
                "max": 0.6967996954917908
            },
            "f1": {
                "mean": 0.7127766609191895,
                "std": 0,
                "min": 0.7127766609191895,
                "max": 0.7127766609191895
            },
            "f1_weighted": {
                "mean": 0.8037319183349609,
                "std": 0,
                "min": 0.8037319183349609,
                "max": 0.8037319183349609
            },
            "mrr": {
                "mean": 0.8839911818504333,
                "std": 0,
                "min": 0.8839911818504333,
                "max": 0.8839911818504333
            },
            "top3_acc": {
                "mean": 0.9636118412017822,
                "std": 0,
                "min": 0.9636118412017822,
                "max": 0.9636118412017822
            },
            "ndcg_3": {
                "mean": 0.8988872766494751,
                "std": 0,
                "min": 0.8988872766494751,
                "max": 0.8988872766494751
            },
            "top5_acc": {
                "mean": 0.9892183542251587,
                "std": 0,
                "min": 0.9892183542251587,
                "max": 0.9892183542251587
            },
            "ndcg_5": {
                "mean": 0.9094429016113281,
                "std": 0,
                "min": 0.9094429016113281,
                "max": 0.9094429016113281
            },
            "loss": {
                "mean": 0.6331251859664917,
                "std": 0,
                "min": 0.6331251859664917,
                "max": 0.6331251859664917
            }
        },
        "next": {
            "accuracy": {
                "mean": 0.37608182430267334,
                "std": 0,
                "min": 0.37608182430267334,
                "max": 0.37608182430267334
            },
            "accuracy_macro": {
                "mean": 0.24481932818889618,
                "std": 0,
                "min": 0.24481932818889618,
                "max": 0.24481932818889618
            },
            "f1": {
                "mean": 0.23504725098609924,
                "std": 0,
                "min": 0.23504725098609924,
                "max": 0.23504725098609924
            },
            "f1_weighted": {
                "mean": 0.3360055983066559,
                "std": 0,
                "min": 0.3360055983066559,
                "max": 0.3360055983066559
            },
            "mrr": {
                "mean": 0.601538896560669,
                "std": 0,
                "min": 0.601538896560669,
                "max": 0.601538896560669
            },
            "top3_acc": {
                "mean": 0.7974036335945129,
                "std": 0,
                "min": 0.7974036335945129,
                "max": 0.7974036335945129
            },
            "ndcg_3": {
                "mean": 0.6208400726318359,
                "std": 0,
                "min": 0.6208400726318359,
                "max": 0.6208400726318359
            },
            "top5_acc": {
                "mean": 0.9350904822349548,
                "std": 0,
                "min": 0.9350904822349548,
                "max": 0.9350904822349548
            },
            "ndcg_5": {
                "mean": 0.6775009036064148,
                "std": 0,
                "min": 0.6775009036064148,
                "max": 0.6775009036064148
            },
            "loss": {
                "mean": 1.5645793676376343,
                "std": 0,
                "min": 1.5645793676376343,
                "max": 1.5645793676376343
            }
        }
    }
}