{
  "state": "alabama",
  "engine": "fusion",
  "passed": true,
  "warnings": [],
  "errors": [],
  "details": {
    "category": {
      "rows": 11848,
      "cols": 130,
      "embedding_dim": 128,
      "label_distribution": {
        "Food": 0.3214044564483457,
        "Shopping": 0.3103477380148548,
        "Community": 0.14947670492910195,
        "Entertainment": 0.07393652937204591,
        "Outdoors": 0.060600945307224846,
        "Travel": 0.05992572586090479,
        "Nightlife": 0.024307900067521943
      },
      "l2_norm": {
        "mean": 8.330481109252338,
        "std": 2.6046307441244,
        "min": 3.60379583488763,
        "max": 23.18511142228141
      },
      "num_placeids": 11848,
      "fusion_half_l2": {
        "first_half_mean": 0.5553411749709921,
        "second_half_mean": 8.305168329653082,
        "ratio": 14.955073932860996
      }
    },
    "next": {
      "rows": 12709,
      "cols": 1154,
      "window": 9,
      "embedding_dim": 128,
      "label_distribution": {
        "Food": 0.3418837044614053,
        "Shopping": 0.2587142969549138,
        "Community": 0.17255488236682665,
        "Travel": 0.06932095365489023,
        "Entertainment": 0.06585884019198993,
        "Outdoors": 0.056023290581477696,
        "Nightlife": 0.035644031788496344
      },
      "num_users": 1622
    }
  },
  "generated_at": "2026-04-15T20:21:31+00:00"
}