{
    "fold_number": 5,
    "duration": 46.93935942649841,
    "primary_checkpoint": {
        "selection_metric": "joint_score",
        "epoch": 14,
        "joint_score": 0.27573979645967484,
        "loss": 3.985044797261556,
        "time": 18.95313024520874,
        "task_metrics": {
            "next_category": {
                "accuracy": 0.46827051043510437,
                "f1": 0.45837998390197754
            },
            "next_region": {
                "accuracy": 0.281113862991333,
                "f1": 0.09309960901737213
            }
        }
    },
    "diagnostic_best_epochs": {
        "next_category": {
            "epoch": 14,
            "time": 18.960209131240845,
            "metrics": {
                "accuracy": 0.46827051043510437,
                "accuracy_macro": 0.5232473611831665,
                "f1": 0.45837998390197754,
                "f1_weighted": 0.46135562658309937,
                "mrr": 0.674932599067688,
                "top3_acc": 0.867967426776886,
                "ndcg_3": 0.7042014002799988,
                "top5_acc": 0.9598408937454224,
                "ndcg_5": 0.7422084808349609,
                "loss": 1.3707362810770671
            },
            "accuracy": 0.46827051043510437,
            "f1": 0.45837998390197754,
            "per_metric_best": {
                "top5_acc": {
                    "epoch": 29,
                    "best_value": 0.9621140360832214,
                    "metrics": {
                        "accuracy": 0.4474332332611084,
                        "accuracy_macro": 0.5057947039604187,
                        "f1": 0.4346221089363098,
                        "f1_weighted": 0.4419606328010559,
                        "mrr": 0.6588982343673706,
                        "top3_acc": 0.8573593497276306,
                        "ndcg_3": 0.6874369978904724,
                        "top5_acc": 0.9621140360832214,
                        "ndcg_5": 0.7308603525161743,
                        "loss": 1.4728085199991863
                    }
                },
                "top3_acc": {
                    "epoch": 14,
                    "best_value": 0.867967426776886,
                    "metrics": {
                        "accuracy": 0.46827051043510437,
                        "accuracy_macro": 0.5232473611831665,
                        "f1": 0.45837998390197754,
                        "f1_weighted": 0.46135562658309937,
                        "mrr": 0.674932599067688,
                        "top3_acc": 0.867967426776886,
                        "ndcg_3": 0.7042014002799988,
                        "top5_acc": 0.9598408937454224,
                        "ndcg_5": 0.7422084808349609,
                        "loss": 1.3707362810770671
                    }
                },
                "mrr": {
                    "epoch": 44,
                    "best_value": 0.6777230501174927,
                    "metrics": {
                        "accuracy": 0.4766054153442383,
                        "accuracy_macro": 0.47040247917175293,
                        "f1": 0.4466390609741211,
                        "f1_weighted": 0.4794039726257324,
                        "mrr": 0.6777230501174927,
                        "top3_acc": 0.8598219752311707,
                        "ndcg_3": 0.7031800150871277,
                        "top5_acc": 0.9539685845375061,
                        "ndcg_5": 0.7420581579208374,
                        "loss": 2.27406374613444
                    }
                },
                "accuracy": {
                    "epoch": 44,
                    "best_value": 0.4766054153442383,
                    "metrics": {
                        "accuracy": 0.4766054153442383,
                        "accuracy_macro": 0.47040247917175293,
                        "f1": 0.4466390609741211,
                        "f1_weighted": 0.4794039726257324,
                        "mrr": 0.6777230501174927,
                        "top3_acc": 0.8598219752311707,
                        "ndcg_3": 0.7031800150871277,
                        "top5_acc": 0.9539685845375061,
                        "ndcg_5": 0.7420581579208374,
                        "loss": 2.27406374613444
                    }
                },
                "accuracy_macro": {
                    "epoch": 20,
                    "best_value": 0.5297521352767944,
                    "metrics": {
                        "accuracy": 0.45349496603012085,
                        "accuracy_macro": 0.5297521352767944,
                        "f1": 0.4465174078941345,
                        "f1_weighted": 0.4412519335746765,
                        "mrr": 0.6583195924758911,
                        "top3_acc": 0.8405001163482666,
                        "ndcg_3": 0.679979681968689,
                        "top5_acc": 0.9590831995010376,
                        "ndcg_5": 0.7290831804275513,
                        "loss": 1.334429423014323
                    }
                },
                "f1_weighted": {
                    "epoch": 44,
                    "best_value": 0.4794039726257324,
                    "metrics": {
                        "accuracy": 0.4766054153442383,
                        "accuracy_macro": 0.47040247917175293,
                        "f1": 0.4466390609741211,
                        "f1_weighted": 0.4794039726257324,
                        "mrr": 0.6777230501174927,
                        "top3_acc": 0.8598219752311707,
                        "ndcg_3": 0.7031800150871277,
                        "top5_acc": 0.9539685845375061,
                        "ndcg_5": 0.7420581579208374,
                        "loss": 2.27406374613444
                    }
                }
            }
        },
        "next_region": {
            "epoch": 12,
            "time": 16.292309761047363,
            "metrics": {
                "accuracy": 0.2845235764980316,
                "accuracy_macro": 0.10570317181673917,
                "f1": 0.09028784930706024,
                "f1_weighted": 0.28043872117996216,
                "mrr": 0.3246516287326813,
                "top3_acc": 0.3339647650718689,
                "ndcg_3": 0.31313806772232056,
                "top5_acc": 0.3612426519393921,
                "ndcg_5": 0.32429662346839905,
                "loss": 6.638735453287761,
                "n_indist": 5202.0,
                "n_ood": 77.0,
                "ood_fraction": 0.014586095851487024,
                "top1_acc_indist": 0.2887350916862488,
                "top5_acc_indist": 0.36658975481987,
                "top10_acc_indist": 0.41387927532196045,
                "mrr_indist": 0.3294462263584137
            },
            "accuracy": 0.2845235764980316,
            "f1": 0.09028784930706024,
            "per_metric_best": {
                "top10_acc_indist": {
                    "epoch": 8,
                    "best_value": 0.4240676760673523,
                    "metrics": {
                        "accuracy": 0.2833870053291321,
                        "accuracy_macro": 0.10615664796333092,
                        "f1": 0.0907720997929573,
                        "f1_weighted": 0.27628591656684875,
                        "mrr": 0.3265537917613983,
                        "top3_acc": 0.3390793800354004,
                        "ndcg_3": 0.31542471051216125,
                        "top5_acc": 0.36881986260414124,
                        "ndcg_5": 0.3276936411857605,
                        "loss": 6.737241109212239,
                        "n_indist": 5202.0,
                        "n_ood": 77.0,
                        "ood_fraction": 0.014586095851487024,
                        "top1_acc_indist": 0.2875816822052002,
                        "top5_acc_indist": 0.37427911162376404,
                        "top10_acc_indist": 0.4240676760673523,
                        "mrr_indist": 0.3313765823841095
                    }
                },