{
    "fold_number": 2,
    "duration": 51.09278583526611,
    "primary_checkpoint": {
        "selection_metric": "joint_score",
        "epoch": 28,
        "joint_score": 0.28641700372099876,
        "loss": 4.037051200866699,
        "time": 24.93463635444641,
        "task_metrics": {
            "next_category": {
                "accuracy": 0.4845614731311798,
                "f1": 0.47712069749832153
            },
            "next_region": {
                "accuracy": 0.2695586383342743,
                "f1": 0.095713309943676
            }
        }
    },
    "diagnostic_best_epochs": {
        "next_category": {
            "epoch": 28,
            "time": 24.941208600997925,
            "metrics": {
                "accuracy": 0.4845614731311798,
                "accuracy_macro": 0.5325572490692139,
                "f1": 0.47712069749832153,
                "f1_weighted": 0.4834483563899994,
                "mrr": 0.6840590834617615,
                "top3_acc": 0.8700511455535889,
                "ndcg_3": 0.7118058800697327,
                "top5_acc": 0.9588937163352966,
                "ndcg_5": 0.7487151622772217,
                "loss": 1.3664884567260742
            },
            "accuracy": 0.4845614731311798,
            "f1": 0.47712069749832153,
            "per_metric_best": {
                "top5_acc": {
                    "epoch": 30,
                    "best_value": 0.9638189077377319,
                    "metrics": {
                        "accuracy": 0.4593673050403595,
                        "accuracy_macro": 0.5226101875305176,
                        "f1": 0.44773900508880615,
                        "f1_weighted": 0.4456404745578766,
                        "mrr": 0.6688744425773621,
                        "top3_acc": 0.8639894127845764,
                        "ndcg_3": 0.6976368427276611,
                        "top5_acc": 0.9638189077377319,
                        "ndcg_5": 0.7392168641090393,
                        "loss": 1.405983606974284
                    }
                },
                "top3_acc": {
                    "epoch": 37,
                    "best_value": 0.8740291595458984,
                    "metrics": {
                        "accuracy": 0.4775525629520416,
                        "accuracy_macro": 0.516660749912262,
                        "f1": 0.463256299495697,
                        "f1_weighted": 0.4719897210597992,
                        "mrr": 0.6819027066230774,
                        "top3_acc": 0.8740291595458984,
                        "ndcg_3": 0.7119476795196533,
                        "top5_acc": 0.9600303173065186,
                        "ndcg_5": 0.7475833892822266,
                        "loss": 1.6224387486775715
                    }
                },
                "mrr": {
                    "epoch": 45,
                    "best_value": 0.6870790719985962,
                    "metrics": {
                        "accuracy": 0.4860769212245941,
                        "accuracy_macro": 0.5040770769119263,
                        "f1": 0.4673407971858978,
                        "f1_weighted": 0.4862576127052307,
                        "mrr": 0.6870790719985962,
                        "top3_acc": 0.8721348643302917,
                        "ndcg_3": 0.7149943709373474,
                        "top5_acc": 0.9600303173065186,
                        "ndcg_5": 0.7514210343360901,
                        "loss": 2.050691286722819
                    }
                },
                "accuracy": {
                    "epoch": 44,
                    "best_value": 0.48759233951568604,
                    "metrics": {
                        "accuracy": 0.48759233951568604,
                        "accuracy_macro": 0.49895232915878296,
                        "f1": 0.4666292071342468,
                        "f1_weighted": 0.48775702714920044,
                        "mrr": 0.6862045526504517,
                        "top3_acc": 0.8668308258056641,
                        "ndcg_3": 0.7122523188591003,
                        "top5_acc": 0.9562417268753052,
                        "ndcg_5": 0.7493399381637573,
                        "loss": 1.9780081113179524
                    }
                },
                "accuracy_macro": {
                    "epoch": 24,
                    "best_value": 0.547024130821228,
                    "metrics": {
                        "accuracy": 0.45804131031036377,
                        "accuracy_macro": 0.547024130821228,
                        "f1": 0.4620726704597473,
                        "f1_weighted": 0.45402848720550537,
                        "mrr": 0.6648432016372681,
                        "top3_acc": 0.8573593497276306,
                        "ndcg_3": 0.6919226050376892,
                        "top5_acc": 0.9615457653999329,
                        "ndcg_5": 0.7351080179214478,
                        "loss": 1.3151830037434895
                    }
                },
                "f1_weighted": {
                    "epoch": 44,
                    "best_value": 0.48775702714920044,
                    "metrics": {
                        "accuracy": 0.48759233951568604,
                        "accuracy_macro": 0.49895232915878296,
                        "f1": 0.4666292071342468,
                        "f1_weighted": 0.48775702714920044,
                        "mrr": 0.6862045526504517,
                        "top3_acc": 0.8668308258056641,
                        "ndcg_3": 0.7122523188591003,
                        "top5_acc": 0.9562417268753052,
                        "ndcg_5": 0.7493399381637573,
                        "loss": 1.9780081113179524
                    }
                }
            }
        },
        "next_region": {
            "epoch": 10,
            "time": 7.600269794464111,
            "metrics": {
                "accuracy": 0.28016671538352966,
                "accuracy_macro": 0.11622343653141409,
                "f1": 0.10028223693370819,
                "f1_weighted": 0.27219662070274353,
                "mrr": 0.3210192322731018,
                "top3_acc": 0.33263877034187317,
                "ndcg_3": 0.3107926845550537,
                "top5_acc": 0.36010608077049255,
                "ndcg_5": 0.3220992386341095,
                "loss": 6.7290496826171875,
                "n_indist": 5199.0,
                "n_ood": 80.0,
                "ood_fraction": 0.01515438530024626,
                "top1_acc_indist": 0.2844778001308441,
                "top5_acc_indist": 0.36564725637435913,
                "top10_acc_indist": 0.411617636680603,
                "mrr_indist": 0.32594767212867737
            },
            "accuracy": 0.28016671538352966,
            "f1": 0.10028223693370819,
            "per_metric_best": {
                "top10_acc_indist": {
                    "epoch": 6,
                    "best_value": 0.4156568646430969,
                    "metrics": {
                        "accuracy": 0.274294376373291,
                        "accuracy_macro": 0.11074726050498926,
                        "f1": 0.09369213134050369,
                        "f1_weighted": 0.26537054777145386,
                        "mrr": 0.31869322061538696,
                        "top3_acc": 0.3320704698562622,
                        "ndcg_3": 0.30747318267822266,
                        "top5_acc": 0.3693881332874298,
                        "ndcg_5": 0.3227480947971344,
                        "loss": 6.815776189168294,
                        "n_indist": 5199.0,
                        "n_ood": 80.0,
                        "ood_fraction": 0.01515438530024626,
                        "top1_acc_indist": 0.278515100479126,
                        "top5_acc_indist": 0.3750721216201782,
                        "top10_acc_indist": 0.4156568646430969,
                        "mrr_indist": 0.32358577847480774
                    }
                },