{
    "Community": {
        "precision": 0.3896336014298481,
        "recall": 0.661608497723824,
        "f1-score": 0.4904386951631046,
        "support": 659.0
    },
    "Entertainment": {
        "precision": 0.3824130879345603,
        "recall": 0.5666666666666667,
        "f1-score": 0.45665445665445664,
        "support": 330.0
    },
    "Food": {
        "precision": 0.5851648351648352,
        "recall": 0.35579064587973275,
        "f1-score": 0.4425207756232687,
        "support": 1796.0
    },
    "Nightlife": {
        "precision": 0.38870431893687707,
        "recall": 0.468,
        "f1-score": 0.4246823956442831,
        "support": 250.0
    },
    "Outdoors": {
        "precision": 0.3493723849372385,
        "recall": 0.5921985815602837,
        "f1-score": 0.4394736842105263,
        "support": 282.0
    },
    "Shopping": {
        "precision": 0.588495575221239,
        "recall": 0.47910662824207495,
        "f1-score": 0.528196981731533,
        "support": 1388.0
    },
    "Travel": {
        "precision": 0.517910447761194,
        "recall": 0.6045296167247387,
        "f1-score": 0.5578778135048231,
        "support": 574.0
    },
    "macro avg": {
        "precision": 0.45738489305511315,
        "recall": 0.5325572338281886,
        "f1-score": 0.47712068607599933,
        "support": 5279.0
    },
    "weighted avg": {
        "precision": 0.5197447346136094,
        "recall": 0.48456146997537414,
        "f1-score": 0.4834483495513209,
        "support": 5279.0
    }
}