{
    "fold_number": 1,
    "duration": 334.95279598236084,
    "best_epochs": {
        "next": {
            "epoch": 40,
            "accuracy": 0.3875651041666667,
            "f1": 0.3329297600310223
        },
        "category": {
            "epoch": 4,
            "accuracy": 0.545038988975531,
            "f1": 0.4719384221413322
        }
    }
}