{
    "Community": {
        "precision": 0.29178994082840237,
        "recall": 0.49250936329588013,
        "f1-score": 0.36646539712029724,
        "support": 1602.0
    },
    "Entertainment": {
        "precision": 0.34040404040404043,
        "recall": 0.26124031007751936,
        "f1-score": 0.2956140350877193,
        "support": 1290.0
    },
    "Food": {
        "precision": 0.43,
        "recall": 0.1486306833289019,
        "f1-score": 0.2209049594941711,
        "support": 3761.0
    },
    "Nightlife": {
        "precision": 0.13926272674078408,
        "recall": 0.37245696400625977,
        "f1-score": 0.20272572402044292,
        "support": 639.0
    },
    "Outdoors": {
        "precision": 0.19416319237641452,
        "recall": 0.29717411121239745,
        "f1-score": 0.23487031700288186,
        "support": 1097.0
    },
    "Shopping": {
        "precision": 0.44998391765841106,
        "recall": 0.4254866180048662,
        "f1-score": 0.4373925277473816,
        "support": 3288.0
    },
    "Travel": {
        "precision": 0.6298785215818041,
        "recall": 0.6616888406190605,
        "f1-score": 0.6453919491525424,
        "support": 3683.0
    },
    "macro avg": {
        "precision": 0.3536403342271223,
        "recall": 0.3798838415064122,
        "f1-score": 0.34333784423220515,
        "support": 15360.0
    },
    "weighted avg": {
        "precision": 0.43132645299474226,
        "recall": 0.3961588541666667,
        "f1-score": 0.39072674996555207,
        "support": 15360.0
    }
}