{
    "Community": {
        "precision": 0.6403138201569101,
        "recall": 0.6747217806041336,
        "f1-score": 0.6570676575321257,
        "support": 3145.0
    },
    "Entertainment": {
        "precision": 0.6981728742094168,
        "recall": 0.7168109668109668,
        "f1-score": 0.7073691705233179,
        "support": 2772.0
    },
    "Food": {
        "precision": 0.7121231724673308,
        "recall": 0.7003435551596895,
        "f1-score": 0.7061842442904799,
        "support": 7859.0
    },
    "Nightlife": {
        "precision": 0.5257617728531856,
        "recall": 0.673527324343506,
        "f1-score": 0.5905413814561294,
        "support": 1409.0
    },
    "Outdoors": {
        "precision": 0.6487915407854985,
        "recall": 0.7752707581227437,
        "f1-score": 0.7064144736842105,
        "support": 2216.0
    },
    "Shopping": {
        "precision": 0.7946504147621466,
        "recall": 0.700387943897344,
        "f1-score": 0.7445475454040764,
        "support": 6702.0
    },
    "Travel": {
        "precision": 0.8366728183495914,
        "recall": 0.8208742886704604,
        "f1-score": 0.8286982634808722,
        "support": 7732.0
    },
    "macro avg": {
        "precision": 0.6937837733691542,
        "recall": 0.7231338025155492,
        "f1-score": 0.7058318194816017,
        "support": 31835.0
    },
    "weighted avg": {
        "precision": 0.7387818403539653,
        "recall": 0.7325585047903251,
        "f1-score": 0.7341651327845509,
        "support": 31835.0
    }
}