{
    "Community": {
        "precision": 0.5667340748230536,
        "recall": 0.7131043256997456,
        "f1-score": 0.6315492957746479,
        "support": 3144.0
    },
    "Entertainment": {
        "precision": 0.7049005681818182,
        "recall": 0.7160894660894661,
        "f1-score": 0.7104509663564782,
        "support": 2772.0
    },
    "Food": {
        "precision": 0.7701892016612829,
        "recall": 0.6371039572464691,
        "f1-score": 0.6973537604456824,
        "support": 7859.0
    },
    "Nightlife": {
        "precision": 0.41468590831918506,
        "recall": 0.6929078014184397,
        "f1-score": 0.5188528943175783,
        "support": 1410.0
    },
    "Outdoors": {
        "precision": 0.6634225466342255,
        "recall": 0.7382671480144405,
        "f1-score": 0.6988466467321658,
        "support": 2216.0
    },
    "Shopping": {
        "precision": 0.7749472659419114,
        "recall": 0.7126230975828111,
        "f1-score": 0.7424795958025651,
        "support": 6702.0
    },
    "Travel": {
        "precision": 0.8544278738286921,
        "recall": 0.8372995344024832,
        "f1-score": 0.845776993925142,
        "support": 7732.0
    },
    "macro avg": {
        "precision": 0.6784724913414528,
        "recall": 0.721056475779122,
        "f1-score": 0.6921871647648944,
        "support": 31835.0
    },
    "weighted avg": {
        "precision": 0.7426950724974819,
        "recall": 0.7255222239673316,
        "f1-score": 0.7297420130749969,
        "support": 31835.0
    }
}