{
    "model": {
        "joint_score": {
            "mean": 0.5070736706256866,
            "std": 0,
            "min": 0.5070736706256866,
            "max": 0.5070736706256866
        },
        "loss": {
            "mean": 1.1189627647399902,
            "std": 0,
            "min": 1.1189627647399902,
            "max": 1.1189627647399902
        }
    },
    "next": {
        "accuracy": {
            "mean": 0.40102291107177734,
            "std": 0,
            "min": 0.40102291107177734,
            "max": 0.40102291107177734
        },
        "accuracy_macro": {
            "mean": 0.30401721596717834,
            "std": 0,
            "min": 0.30401721596717834,
            "max": 0.30401721596717834
        },
        "f1": {
            "mean": 0.3037715554237366,
            "std": 0,
            "min": 0.3037715554237366,
            "max": 0.3037715554237366
        },
        "f1_weighted": {
            "mean": 0.38336214423179626,
            "std": 0,
            "min": 0.38336214423179626,
            "max": 0.38336214423179626
        },
        "mrr": {
            "mean": 0.6213893294334412,
            "std": 0,
            "min": 0.6213893294334412,
            "max": 0.6213893294334412
        },
        "top3_acc": {
            "mean": 0.8065921664237976,
            "std": 0,
            "min": 0.8065921664237976,
            "max": 0.8065921664237976
        },
        "ndcg_3": {
            "mean": 0.6397862434387207,
            "std": 0,
            "min": 0.6397862434387207,
            "max": 0.6397862434387207
        },
        "top5_acc": {
            "mean": 0.9310475587844849,
            "std": 0,
            "min": 0.9310475587844849,
            "max": 0.9310475587844849
        },
        "ndcg_5": {
            "mean": 0.6912029385566711,
            "std": 0,
            "min": 0.6912029385566711,
            "max": 0.6912029385566711
        },
        "loss": {
            "mean": 1.535775065422058,
            "std": 0,
            "min": 1.535775065422058,
            "max": 1.535775065422058
        }
    },
    "category": {
        "accuracy": {
            "mean": 0.7669565081596375,
            "std": 0,
            "min": 0.7669565081596375,
            "max": 0.7669565081596375
        },
        "accuracy_macro": {
            "mean": 0.7359699010848999,
            "std": 0,
            "min": 0.7359699010848999,
            "max": 0.7359699010848999
        },
        "f1": {
            "mean": 0.7103757858276367,
            "std": 0,
            "min": 0.7103757858276367,
            "max": 0.7103757858276367
        },
        "f1_weighted": {
            "mean": 0.7701472043991089,
            "std": 0,
            "min": 0.7701472043991089,
            "max": 0.7701472043991089
        },
        "mrr": {
            "mean": 0.861101508140564,
            "std": 0,
            "min": 0.861101508140564,
            "max": 0.861101508140564
        },
        "top3_acc": {
            "mean": 0.9452174305915833,
            "std": 0,
            "min": 0.9452174305915833,
            "max": 0.9452174305915833
        },
        "ndcg_3": {
            "mean": 0.8741894364356995,
            "std": 0,
            "min": 0.8741894364356995,
            "max": 0.8741894364356995
        },
        "top5_acc": {
            "mean": 0.9895652532577515,
            "std": 0,
            "min": 0.9895652532577515,
            "max": 0.9895652532577515
        },
        "ndcg_5": {
            "mean": 0.892412543296814,
            "std": 0,
            "min": 0.892412543296814,
            "max": 0.892412543296814
        },
        "loss": {
            "mean": 0.7021504640579224,
            "std": 0,
            "min": 0.7021504640579224,
            "max": 0.7021504640579224
        }
    },
    "_selection": {
        "primary": "joint_score",
        "diagnostic_task_best": "per-task best validation f1"
    },
    "diagnostic_task_best": {
        "next": {
            "accuracy": {
                "mean": 0.39912861585617065,
                "std": 0,
                "min": 0.39912861585617065,
                "max": 0.39912861585617065
            },
            "accuracy_macro": {
                "mean": 0.30709707736968994,
                "std": 0,
                "min": 0.30709707736968994,
                "max": 0.30709707736968994
            },
            "f1": {
                "mean": 0.30405688285827637,
                "std": 0,
                "min": 0.30405688285827637,
                "max": 0.30405688285827637
            },
            "f1_weighted": {
                "mean": 0.38241875171661377,
                "std": 0,
                "min": 0.38241875171661377,
                "max": 0.38241875171661377
            },
            "mrr": {
                "mean": 0.6199032068252563,
                "std": 0,
                "min": 0.6199032068252563,
                "max": 0.6199032068252563
            },
            "top3_acc": {
                "mean": 0.803561270236969,
                "std": 0,
                "min": 0.803561270236969,
                "max": 0.803561270236969
            },
            "ndcg_3": {
                "mean": 0.6373822689056396,
                "std": 0,
                "min": 0.6373822689056396,
                "max": 0.6373822689056396
            },
            "top5_acc": {
                "mean": 0.9295321106910706,
                "std": 0,
                "min": 0.9295321106910706,
                "max": 0.9295321106910706
            },
            "ndcg_5": {
                "mean": 0.6894931197166443,
                "std": 0,
                "min": 0.6894931197166443,
                "max": 0.6894931197166443
            },
            "loss": {
                "mean": 1.5375906229019165,
                "std": 0,
                "min": 1.5375906229019165,
                "max": 1.5375906229019165
            }
        },
        "category": {
            "accuracy": {
                "mean": 0.7669565081596375,
                "std": 0,
                "min": 0.7669565081596375,
                "max": 0.7669565081596375
            },
            "accuracy_macro": {
                "mean": 0.7359699010848999,
                "std": 0,
                "min": 0.7359699010848999,
                "max": 0.7359699010848999
            },
            "f1": {
                "mean": 0.7103757858276367,
                "std": 0,
                "min": 0.7103757858276367,
                "max": 0.7103757858276367
            },
            "f1_weighted": {
                "mean": 0.7701472043991089,
                "std": 0,
                "min": 0.7701472043991089,
                "max": 0.7701472043991089
            },
            "mrr": {
                "mean": 0.861101508140564,
                "std": 0,
                "min": 0.861101508140564,
                "max": 0.861101508140564
            },
            "top3_acc": {
                "mean": 0.9452174305915833,
                "std": 0,
                "min": 0.9452174305915833,
                "max": 0.9452174305915833
            },
            "ndcg_3": {
                "mean": 0.8741894364356995,
                "std": 0,
                "min": 0.8741894364356995,
                "max": 0.8741894364356995
            },
            "top5_acc": {
                "mean": 0.9895652532577515,
                "std": 0,
                "min": 0.9895652532577515,
                "max": 0.9895652532577515
            },
            "ndcg_5": {
                "mean": 0.892412543296814,
                "std": 0,
                "min": 0.892412543296814,
                "max": 0.892412543296814
            },
            "loss": {
                "mean": 0.7021504640579224,
                "std": 0,
                "min": 0.7021504640579224,
                "max": 0.7021504640579224
            }
        }
    }
}