{
    "fold_number": 5,
    "duration": 324.6645038127899,
    "best_epochs": {
        "next": {
            "epoch": 36,
            "accuracy": 0.39453125,
            "f1": 0.34054965123759257
        },
        "category": {
            "epoch": 4,
            "accuracy": 0.5466218487394958,
            "f1": 0.4785285287633479
        }
    }
}