{
    "Community": {
        "precision": 0.5140664961636828,
        "recall": 0.5464926590538336,
        "f1-score": 0.5297838692672641,
        "support": 1839.0
    },
    "Entertainment": {
        "precision": 0.43919716646989376,
        "recall": 0.4083424807903403,
        "f1-score": 0.4232081911262799,
        "support": 911.0
    },
    "Food": {
        "precision": 0.5800429184549356,
        "recall": 0.5891455972101134,
        "f1-score": 0.5845588235294118,
        "support": 4588.0
    },
    "Nightlife": {
        "precision": 0.3425692695214106,
        "recall": 0.22591362126245848,
        "f1-score": 0.2722722722722723,
        "support": 602.0
    },
    "Outdoors": {
        "precision": 0.4697102721685689,
        "recall": 0.4944547134935305,
        "f1-score": 0.4817649707339037,
        "support": 1082.0
    },
    "Shopping": {
        "precision": 0.612954500298033,
        "recall": 0.6412388276865516,
        "f1-score": 0.6267777326290126,
        "support": 4811.0
    },
    "Travel": {
        "precision": 0.46745562130177515,
        "recall": 0.37871524448705657,
        "f1-score": 0.4184322033898305,
        "support": 1043.0
    },
    "macro avg": {
        "precision": 0.4894280349111857,
        "recall": 0.4691861634262692,
        "f1-score": 0.4766854375639964,
        "support": 14876.0
    },
    "weighted avg": {
        "precision": 0.5483764011602715,
        "recall": 0.5533073406829793,
        "f1-score": 0.5497984099292313,
        "support": 14876.0
    }
}