{
    "model": {
        "aggregation_basis": "joint_best",
        "joint_score": {
            "mean": 0.35233728748826804,
            "std": 0.00470275486893997,
            "min": 0.3452144265174866,
            "max": 0.3578413128852844
        },
        "loss": {
            "mean": 4.554397869110107,
            "std": 0.016296086703152517,
            "min": 4.534078121185303,
            "max": 4.57710599899292
        }
    },
    "next_category": {
        "aggregation_basis": "joint_best",
        "accuracy": {
            "mean": 0.7349709510803223,
            "std": 0.007530856782834736,
            "min": 0.7239202260971069,
            "max": 0.7442751526832581
        },
        "accuracy_macro": {
            "mean": 0.7318951725959778,
            "std": 0.008359295212079683,
            "min": 0.7206388711929321,
            "max": 0.7432070374488831
        },
        "f1": {
            "mean": 0.7046745657920838,
            "std": 0.009405509644965176,
            "min": 0.6904288530349731,
            "max": 0.7156826257705688
        },
        "f1_weighted": {
            "mean": 0.7386900305747985,
            "std": 0.007153222328360244,
            "min": 0.7283252477645874,
            "max": 0.7475904226303101
        },
        "mrr": {
            "mean": 0.8307483077049256,
            "std": 0.004659230715265075,
            "min": 0.823733925819397,
            "max": 0.8362810611724854
        },
        "top3_acc": {
            "mean": 0.9093199491500854,
            "std": 0.0029670108577551607,
            "min": 0.904570460319519,
            "max": 0.912643313407898
        },
        "ndcg_3": {
            "mean": 0.8371747493743896,
            "std": 0.004684538766473813,
            "min": 0.8299175500869751,
            "max": 0.842652440071106
        },
        "top5_acc": {
            "mean": 0.9689147233963012,
            "std": 0.0007103917388359264,
            "min": 0.9683053493499756,
            "max": 0.9699073433876038
        },
        "ndcg_5": {
            "mean": 0.8617635726928711,
            "std": 0.003519577613453163,
            "min": 0.8566620349884033,
            "max": 0.8662533164024353
        },
        "loss": {
            "mean": 0.7857098817825318,
            "std": 0.025903587599728852,
            "min": 0.7560616731643677,
            "max": 0.823225736618042
        }
    },
    "next_region": {
        "aggregation_basis": "joint_best",
        "accuracy": {
            "mean": 1.256458999705501e-05,
            "std": 1.720477342150793e-05,
            "min": 0.0,
            "max": 3.1411967938765883e-05
        },
        "accuracy_macro": {
            "mean": 0.00014620041239096586,
            "std": 0.0002001949646308626,
            "min": 0.0,
            "max": 0.0003667033370003667
        },
        "f1": {
            "mean": 9.184452309796143e-09,
            "std": 1.2576441598128341e-08,
            "min": 0.0,
            "max": 2.3036301755041677e-08
        },
        "f1_weighted": {
            "mean": 7.893197651043238e-10,
            "std": 1.0808206019653325e-09,
            "min": 0.0,
            "max": 1.973361252183281e-09
        },
        "mrr": {
            "mean": 0.0009014682727865875,
            "std": 0.0001103519669519045,
            "min": 0.0007612465415149927,
            "max": 0.0010589163284748793
        },
        "top3_acc": {
            "mean": 3.14111792249605e-05,
            "std": 5.440541682197425e-05,
            "min": 0.0,
            "max": 0.00012564392818603665
        },
        "ndcg_3": {
            "mean": 2.363293751841411e-05,
            "std": 3.7815894205626696e-05,
            "min": 0.0,
            "max": 8.675271965330467e-05
        },
        "top5_acc": {
            "mean": 0.00020103206334169953,
            "std": 0.0003459481046081661,
            "min": 0.0,
            "max": 0.000816685555037111
        },
        "ndcg_5": {
            "mean": 9.613404090487165e-05,
            "std": 0.0001621903471116133,
            "min": 0.0,
            "max": 0.00038436814793385565
        },
        "loss": {
            "mean": 8.323085594177247,
            "std": 0.00736274574341633,
            "min": 8.312094688415527,
            "max": 8.330986976623535
        },
        "n_indist": {
            "mean": 31589.4,
            "std": 57.177792891996106,
            "min": 31514.0,
            "max": 31660.0
        },
        "n_ood": {
            "mean": 245.6,
            "std": 57.020171869260444,
            "min": 175.0,
            "max": 320.0
        },
        "ood_fraction": {
            "mean": 0.0077147862416575485,
            "std": 0.0017911702468798199,
            "min": 0.005497094392963719,
            "max": 0.010052145504806181
        },
        "top1_acc_indist": {
            "mean": 1.2656062608584762e-05,
            "std": 1.7330070390519902e-05,
            "min": 0.0,
            "max": 3.169471528963186e-05
        },
        "top5_acc_indist": {
            "mean": 0.00020281283141230234,
            "std": 0.00034909438561382396,
            "min": 0.0,
            "max": 0.0008240626193583012
        },
        "top10_acc_indist": {
            "mean": 0.00035472637537168337,
            "std": 0.0002883172748549963,
            "min": 6.326911534415558e-05,
            "max": 0.0008240626193583012
        },
        "mrr_indist": {
            "mean": 0.0009067183011211455,
            "std": 0.00011160573256105504,
            "min": 0.0007649935432709754,
            "max": 0.0010663761058822274
        }
    },
    "_selection": {
        "primary": "joint_score",
        "primary_basis": "joint_best",
        "diagnostic_task_best": "per-task best validation f1",
        "diagnostic_basis": "per_task_f1_best",
        "per_metric_best": "each (task,metric) aggregated at its own best epoch",
        "per_metric_basis": "per_metric_best"
    },
    "diagnostic_task_best": {
        "next_category": {
            "aggregation_basis": "per_task_f1_best",
            "accuracy": {
                "mean": 0.7349709510803223,
                "std": 0.007530856782834736,
                "min": 0.7239202260971069,
                "max": 0.7442751526832581
            },
            "accuracy_macro": {
                "mean": 0.7318951725959778,
                "std": 0.008359295212079683,
                "min": 0.7206388711929321,
                "max": 0.7432070374488831
            },
            "f1": {
                "mean": 0.7046745657920838,
                "std": 0.009405509644965176,
                "min": 0.6904288530349731,
                "max": 0.7156826257705688
            },
            "f1_weighted": {
                "mean": 0.7386900305747985,
                "std": 0.007153222328360244,
                "min": 0.7283252477645874,
                "max": 0.7475904226303101
            },
            "mrr": {
                "mean": 0.8307483077049256,
                "std": 0.004659230715265075,
                "min": 0.823733925819397,
                "max": 0.8362810611724854
            },
            "top3_acc": {
                "mean": 0.9093199491500854,
                "std": 0.0029670108577551607,
                "min": 0.904570460319519,
                "max": 0.912643313407898
            },
            "ndcg_3": {
                "mean": 0.8371747493743896,
                "std": 0.004684538766473813,
                "min": 0.8299175500869751,
                "max": 0.842652440071106
            },
            "top5_acc": {
                "mean": 0.9689147233963012,
                "std": 0.0007103917388359264,
                "min": 0.9683053493499756,
                "max": 0.9699073433876038
            },
            "ndcg_5": {
                "mean": 0.8617635726928711,
                "std": 0.003519577613453163,
                "min": 0.8566620349884033,