{
    "model": {
        "joint_score": {
            "mean": 0.5118458718061447,
            "std": 0,
            "min": 0.5118458718061447,
            "max": 0.5118458718061447
        },
        "loss": {
            "mean": 1.0786843299865723,
            "std": 0,
            "min": 1.0786843299865723,
            "max": 1.0786843299865723
        }
    },
    "category": {
        "accuracy": {
            "mean": 0.828840970993042,
            "std": 0,
            "min": 0.828840970993042,
            "max": 0.828840970993042
        },
        "accuracy_macro": {
            "mean": 0.7330538034439087,
            "std": 0,
            "min": 0.7330538034439087,
            "max": 0.7330538034439087
        },
        "f1": {
            "mean": 0.7477262020111084,
            "std": 0,
            "min": 0.7477262020111084,
            "max": 0.7477262020111084
        },
        "f1_weighted": {
            "mean": 0.8269363045692444,
            "std": 0,
            "min": 0.8269363045692444,
            "max": 0.8269363045692444
        },
        "mrr": {
            "mean": 0.897628664970398,
            "std": 0,
            "min": 0.897628664970398,
            "max": 0.897628664970398
        },
        "top3_acc": {
            "mean": 0.9582210183143616,
            "std": 0,
            "min": 0.9582210183143616,
            "max": 0.9582210183143616
        },
        "ndcg_3": {
            "mean": 0.9067651629447937,
            "std": 0,
            "min": 0.9067651629447937,
            "max": 0.9067651629447937
        },
        "top5_acc": {
            "mean": 0.9892183542251587,
            "std": 0,
            "min": 0.9892183542251587,
            "max": 0.9892183542251587
        },
        "ndcg_5": {
            "mean": 0.919642448425293,
            "std": 0,
            "min": 0.919642448425293,
            "max": 0.919642448425293
        },
        "loss": {
            "mean": 0.5907276272773743,
            "std": 0,
            "min": 0.5907276272773743,
            "max": 0.5907276272773743
        }
    },
    "next": {
        "accuracy": {
            "mean": 0.37608182430267334,
            "std": 0,
            "min": 0.37608182430267334,
            "max": 0.37608182430267334
        },
        "accuracy_macro": {
            "mean": 0.2640135884284973,
            "std": 0,
            "min": 0.2640135884284973,
            "max": 0.2640135884284973
        },
        "f1": {
            "mean": 0.27596554160118103,
            "std": 0,
            "min": 0.27596554160118103,
            "max": 0.27596554160118103
        },
        "f1_weighted": {
            "mean": 0.35583388805389404,
            "std": 0,
            "min": 0.35583388805389404,
            "max": 0.35583388805389404
        },
        "mrr": {
            "mean": 0.6034964919090271,
            "std": 0,
            "min": 0.6034964919090271,
            "max": 0.6034964919090271
        },
        "top3_acc": {
            "mean": 0.7997639775276184,
            "std": 0,
            "min": 0.7997639775276184,
            "max": 0.7997639775276184
        },
        "ndcg_3": {
            "mean": 0.6229473948478699,
            "std": 0,
            "min": 0.6229473948478699,
            "max": 0.6229473948478699
        },
        "top5_acc": {
            "mean": 0.9417781233787537,
            "std": 0,
            "min": 0.9417781233787537,
            "max": 0.9417781233787537
        },
        "ndcg_5": {
            "mean": 0.6813856363296509,
            "std": 0,
            "min": 0.6813856363296509,
            "max": 0.6813856363296509
        },
        "loss": {
            "mean": 1.5666409730911255,
            "std": 0,
            "min": 1.5666409730911255,
            "max": 1.5666409730911255
        }
    },
    "_selection": {
        "primary": "joint_score",
        "diagnostic_task_best": "per-task best validation f1"
    },
    "diagnostic_task_best": {
        "category": {
            "accuracy": {
                "mean": 0.828840970993042,
                "std": 0,
                "min": 0.828840970993042,
                "max": 0.828840970993042
            },
            "accuracy_macro": {
                "mean": 0.7330538034439087,
                "std": 0,
                "min": 0.7330538034439087,
                "max": 0.7330538034439087
            },
            "f1": {
                "mean": 0.7477262020111084,
                "std": 0,
                "min": 0.7477262020111084,
                "max": 0.7477262020111084
            },
            "f1_weighted": {
                "mean": 0.8269363045692444,
                "std": 0,
                "min": 0.8269363045692444,
                "max": 0.8269363045692444
            },
            "mrr": {
                "mean": 0.897628664970398,
                "std": 0,
                "min": 0.897628664970398,
                "max": 0.897628664970398
            },
            "top3_acc": {
                "mean": 0.9582210183143616,
                "std": 0,
                "min": 0.9582210183143616,
                "max": 0.9582210183143616
            },
            "ndcg_3": {
                "mean": 0.9067651629447937,
                "std": 0,
                "min": 0.9067651629447937,
                "max": 0.9067651629447937
            },
            "top5_acc": {
                "mean": 0.9892183542251587,
                "std": 0,
                "min": 0.9892183542251587,
                "max": 0.9892183542251587
            },
            "ndcg_5": {
                "mean": 0.919642448425293,
                "std": 0,
                "min": 0.919642448425293,
                "max": 0.919642448425293
            },
            "loss": {
                "mean": 0.5907276272773743,
                "std": 0,
                "min": 0.5907276272773743,
                "max": 0.5907276272773743
            }
        },
        "next": {
            "accuracy": {
                "mean": 0.3764752149581909,
                "std": 0,
                "min": 0.3764752149581909,
                "max": 0.3764752149581909
            },
            "accuracy_macro": {
                "mean": 0.2644559144973755,
                "std": 0,
                "min": 0.2644559144973755,
                "max": 0.2644559144973755
            },
            "f1": {
                "mean": 0.27648091316223145,
                "std": 0,
                "min": 0.27648091316223145,
                "max": 0.27648091316223145
            },
            "f1_weighted": {
                "mean": 0.35532426834106445,
                "std": 0,
                "min": 0.35532426834106445,
                "max": 0.35532426834106445
            },
            "mrr": {
                "mean": 0.6040341854095459,
                "std": 0,
                "min": 0.6040341854095459,
                "max": 0.6040341854095459
            },
            "top3_acc": {
                "mean": 0.802911102771759,
                "std": 0,
                "min": 0.802911102771759,
                "max": 0.802911102771759
            },
            "ndcg_3": {
                "mean": 0.6247690916061401,
                "std": 0,
                "min": 0.6247690916061401,
                "max": 0.6247690916061401
            },
            "top5_acc": {
                "mean": 0.9413847327232361,
                "std": 0,
                "min": 0.9413847327232361,
                "max": 0.9413847327232361
            },
            "ndcg_5": {
                "mean": 0.6816653609275818,
                "std": 0,
                "min": 0.6816653609275818,
                "max": 0.6816653609275818
            },
            "loss": {
                "mean": 1.5672367811203003,
                "std": 0,
                "min": 1.5672367811203003,
                "max": 1.5672367811203003
            }
        }
    }
}