{
    "fold_number": 1,
    "duration": 22.696357250213623,
    "best_epochs": {
        "next": {
            "epoch": 70,
            "accuracy": 0.3026694045174538,
            "f1": 0.23715889614457,
            "time": 18.010292291641235
        }
    }
}