{
    "fold_number": 2,
    "duration": 21.412376880645752,
    "best_epochs": {
        "next": {
            "epoch": 12,
            "accuracy": 0.2763860369609856,
            "f1": 0.2304169311208471,
            "time": 7.246490955352783
        }
    }
}