{
    "model": {
        "joint_score": {
            "mean": 0.275916163623333,
            "std": 0.006962972075217668,
            "min": 0.26511069759726524,
            "max": 0.28356223553419113
        },
        "loss": {
            "mean": 4.631473096211751,
            "std": 0.20684373638831735,
            "min": 4.293892542521159,
            "max": 4.801063855489095
        }
    },
    "next_category": {
        "accuracy": {
            "mean": 0.4929532766342163,
            "std": 0.006712661531464427,
            "min": 0.4860769212245941,
            "max": 0.5006629824638367
        },
        "accuracy_macro": {
            "mean": 0.45605947971343996,
            "std": 0.015759279481696163,
            "min": 0.439217209815979,
            "max": 0.4818880558013916
        },
        "f1": {
            "mean": 0.4581303894519806,
            "std": 0.013030721937391127,
            "min": 0.44321292638778687,
            "max": 0.4784992039203644
        },
        "f1_weighted": {
            "mean": 0.4917549967765808,
            "std": 0.0070671734123656,
            "min": 0.4844217896461487,
            "max": 0.49890947341918945
        },
        "mrr": {
            "mean": 0.6864818453788757,
            "std": 0.004490354243491712,
            "min": 0.6812167167663574,
            "max": 0.6908257603645325
        },
        "top3_acc": {
            "mean": 0.8591450929641724,
            "std": 0.003517833052849754,
            "min": 0.8558439016342163,
            "max": 0.864962100982666
        },
        "ndcg_3": {
            "mean": 0.709585165977478,
            "std": 0.00426582150344049,
            "min": 0.7052909731864929,
            "max": 0.7149563431739807
        },
        "top5_acc": {
            "mean": 0.950787889957428,
            "std": 0.002835416376606736,
            "min": 0.9463913440704346,
            "max": 0.9535984992980957
        },
        "ndcg_5": {
            "mean": 0.7474663734436036,
            "std": 0.0040498862074838365,
            "min": 0.741934597492218,
            "max": 0.7516443133354187
        },
        "loss": {
            "mean": 3.040765380859375,
            "std": 0.19221827715389914,
            "min": 2.72837766011556,
            "max": 3.227865219116211
        }
    },
    "next_region": {
        "accuracy": {
            "mean": 0.15108389258384705,
            "std": 0.02034686830594481,
            "min": 0.12275052070617676,
            "max": 0.17673802375793457
        },
        "accuracy_macro": {
            "mean": 0.11360297199924319,
            "std": 0.005671937180526713,
            "min": 0.10744418682728474,
            "max": 0.12145607144224878
        },
        "f1": {
            "mean": 0.09370193779468536,
            "std": 0.005641284948595696,
            "min": 0.08700846880674362,
            "max": 0.09974022209644318
        },
        "f1_weighted": {
            "mean": 0.17316963374614716,
            "std": 0.023415391876527553,
            "min": 0.13847559690475464,
            "max": 0.20015650987625122
        },
        "mrr": {
            "mean": 0.27116513550281524,
            "std": 0.024497843423688468,
            "min": 0.23360972106456757,
            "max": 0.300197571516037
        },
        "top3_acc": {
            "mean": 0.30891031622886655,
            "std": 0.03224225469855658,
            "min": 0.25516197085380554,
            "max": 0.3407842516899109
        },
        "ndcg_3": {
            "mean": 0.24190159440040587,
            "std": 0.02688809669689348,
            "min": 0.19890186190605164,
            "max": 0.27116212248802185
        },
        "top5_acc": {
            "mean": 0.39740851521492004,
            "std": 0.034253974105521647,
            "min": 0.34305739402770996,
            "max": 0.4375828802585602
        },
        "ndcg_5": {
            "mean": 0.27830731570720674,
            "std": 0.027656284759735892,
            "min": 0.23516245186328888,
            "max": 0.3111160099506378
        },
        "loss": {
            "mean": 6.222180557250977,
            "std": 0.2345178305173491,
            "min": 5.859408060709636,
            "max": 6.469223658243815
        },
        "n_indist": {
            "mean": 5174.4,
            "std": 27.555398745073532,
            "min": 5148.0,
            "max": 5212.0
        },
        "n_ood": {
            "mean": 104.8,
            "std": 27.788486824582588,
            "min": 67.0,
            "max": 131.0
        },
        "ood_fraction": {
            "mean": 0.01985130476961316,
            "std": 0.00526286045433171,
            "min": 0.012691797688956242,
            "max": 0.02481530592915325
        },
        "top1_acc_indist": {
            "mean": 0.15408297777175903,
            "std": 0.020198175814107565,
            "min": 0.1258741319179535,
            "max": 0.17973415553569794
        },
        "top5_acc_indist": {
            "mean": 0.4053907573223114,
            "std": 0.033972102809017204,
            "min": 0.35178709030151367,
            "max": 0.4450009763240814
        },
        "top10_acc_indist": {
            "mean": 0.5382349252700805,
            "std": 0.031077011333391552,
            "min": 0.49125874042510986,
            "max": 0.5775380730628967
        },
        "mrr_indist": {
            "mean": 0.27655178904533384,
            "std": 0.024109524936152524,
            "min": 0.23950091004371643,
            "max": 0.3052535355091095
        }
    },
    "_selection": {
        "primary": "joint_score",
        "diagnostic_task_best": "per-task best validation f1"
    },
    "diagnostic_task_best": {
        "next_category": {
            "accuracy": {
                "mean": 0.490225487947464,
                "std": 0.006573883369096121,
                "min": 0.48190945386886597,
                "max": 0.49829545617103577
            },
            "accuracy_macro": {
                "mean": 0.4719207286834717,
                "std": 0.03631001829716411,
                "min": 0.439217209815979,
                "max": 0.5306344032287598
            },
            "f1": {
                "mean": 0.46093950271606443,
                "std": 0.014103766950672314,
                "min": 0.44321292638778687,
                "max": 0.4784992039203644
            },
            "f1_weighted": {
                "mean": 0.4881810903549194,
                "std": 0.008862299970229841,
                "min": 0.47556301951408386,
                "max": 0.49852365255355835
            },
            "mrr": {
                "mean": 0.6852761626243591,
                "std": 0.0041324748366762575,
                "min": 0.6812167167663574,
                "max": 0.6906570196151733
            },
            "top3_acc": {
                "mean": 0.8603574514389039,
                "std": 0.002811845994398246,
                "min": 0.8575487732887268,
                "max": 0.864962100982666
            },
            "ndcg_3": {
                "mean": 0.7091300249099731,
                "std": 0.0039052162451307646,
                "min": 0.7052909731864929,
                "max": 0.7149563431739807
            },
            "top5_acc": {
                "mean": 0.9522654414176941,
                "std": 0.0040012443427607305,
                "min": 0.9463913440704346,
                "max": 0.9573782682418823
            },
            "ndcg_5": {
                "mean": 0.747107183933258,
                "std": 0.0035871777856279524,
                "min": 0.741934597492218,
                "max": 0.7516443133354187
            },
            "loss": {
                "mean": 2.7082911173502606,
                "std": 0.7778445434448146,
                "min": 1.3619775772094727,
                "max": 3.227865219116211
            }
        },
        "next_region": {
            "accuracy": {
                "mean": 0.14631079137325287,