{
    "model": {
        "aggregation_basis": "joint_best",
        "joint_score": {
            "mean": 0.2774952232837677,
            "std": 0.006819299455487273,
            "min": 0.27210255339741707,
            "max": 0.2892273850739002
        },
        "loss": {
            "mean": 3.9873420715332033,
            "std": 0.025737339010198593,
            "min": 3.9563045501708984,
            "max": 4.017182032267253
        }
    },
    "next_region": {
        "aggregation_basis": "joint_best",
        "accuracy": {
            "mean": 0.2609501242637634,
            "std": 0.025050840724595822,
            "min": 0.22159090638160706,
            "max": 0.2799772620201111
        },
        "accuracy_macro": {
            "mean": 0.10683487400596255,
            "std": 0.005445648461794058,
            "min": 0.10077050242910134,
            "max": 0.11551768963153546
        },
        "f1": {
            "mean": 0.09223612546920776,
            "std": 0.004720547544082569,
            "min": 0.08769325166940689,
            "max": 0.10002846270799637
        },
        "f1_weighted": {
            "mean": 0.2580563396215439,
            "std": 0.024067441364244227,
            "min": 0.2198735624551773,
            "max": 0.2775905132293701
        },
        "mrr": {
            "mean": 0.3013956010341644,
            "std": 0.025498284303753827,
            "min": 0.2611331343650818,
            "max": 0.32309478521347046
        },
        "top3_acc": {
            "mean": 0.31311712265014646,
            "std": 0.02515789949220163,
            "min": 0.27348482608795166,
            "max": 0.33642736077308655
        },
        "ndcg_3": {
            "mean": 0.2913539886474609,
            "std": 0.02532676212651642,
            "min": 0.2514558732509613,
            "max": 0.3132708966732025
        },
        "top5_acc": {
            "mean": 0.33785576224327085,
            "std": 0.025945807648836864,
            "min": 0.2971590757369995,
            "max": 0.3644629716873169
        },
        "ndcg_5": {
            "mean": 0.3015617370605469,
            "std": 0.025649241021284484,
            "min": 0.26116207242012024,
            "max": 0.3248637318611145
        },
        "loss": {
            "mean": 6.613483047485351,
            "std": 0.041096579587655654,
            "min": 6.570775985717773,
            "max": 6.674688975016276
        },
        "n_indist": {
            "mean": 5183.0,
            "std": 19.710403344427025,
            "min": 5157.0,
            "max": 5202.0
        },
        "n_ood": {
            "mean": 96.2,
            "std": 19.639246421387966,
            "min": 77.0,
            "max": 122.0
        },
        "ood_fraction": {
            "mean": 0.0182224953647098,
            "std": 0.003720475230908287,
            "min": 0.014586095851487024,
            "max": 0.023110437582875544
        },
        "top1_acc_indist": {
            "mean": 0.26579569578170775,
            "std": 0.02551287217618318,
            "min": 0.22547698020935059,
            "max": 0.28621289134025574
        },
        "top5_acc_indist": {
            "mean": 0.3441456019878387,
            "std": 0.026716801153577503,
            "min": 0.3023703992366791,
            "max": 0.3730851113796234
        },
        "top10_acc_indist": {
            "mean": 0.38546398282051086,
            "std": 0.024304984179732675,
            "min": 0.3474658131599426,
            "max": 0.4091525971889496
        },
        "mrr_indist": {
            "mean": 0.3069844186306,
            "std": 0.02606783618183302,
            "min": 0.2656996250152588,
            "max": 0.330720454454422
        }
    },
    "next_category": {
        "aggregation_basis": "joint_best",
        "accuracy": {
            "mean": 0.4698441445827484,
            "std": 0.005880340386804913,
            "min": 0.4638257622718811,
            "max": 0.47887858748435974
        },
        "accuracy_macro": {
            "mean": 0.5227762699127197,
            "std": 0.011605756420941719,
            "min": 0.5119786262512207,
            "max": 0.5417477488517761
        },
        "f1": {
            "mean": 0.46275432109832765,
            "std": 0.009383621172463719,
            "min": 0.4545793831348419,
            "max": 0.4784263074398041
        },
        "f1_weighted": {
            "mean": 0.46624064445495605,
            "std": 0.003761942162049939,
            "min": 0.46226316690444946,
            "max": 0.4719443917274475
        },
        "mrr": {
            "mean": 0.6744957447052002,
            "std": 0.005008134412648884,
            "min": 0.6687116622924805,
            "max": 0.6823546290397644
        },
        "top3_acc": {
            "mean": 0.863010025024414,
            "std": 0.009068351823576357,
            "min": 0.8503787517547607,
            "max": 0.8755446076393127
        },
        "ndcg_3": {
            "mean": 0.7016378760337829,
            "std": 0.007423445718578785,
            "min": 0.6921408772468567,
            "max": 0.7126289010047913
        },
        "top5_acc": {
            "mean": 0.9606760621070862,
            "std": 0.004402532253468552,
            "min": 0.9551135897636414,
            "max": 0.966092050075531
        },
        "ndcg_5": {
            "mean": 0.7421286225318908,
            "std": 0.004855547540277875,
            "min": 0.7357536554336548,
            "max": 0.749220073223114
        },
        "loss": {
            "mean": 1.361201000213623,
            "std": 0.035942117468791404,
            "min": 1.3022133509318035,
            "max": 1.392245928446452
        }
    },
    "_selection": {
        "primary": "joint_score",
        "primary_basis": "joint_best",
        "diagnostic_task_best": "per-task best validation f1",
        "diagnostic_basis": "per_task_f1_best",
        "per_metric_best": "each (task,metric) aggregated at its own best epoch",
        "per_metric_basis": "per_metric_best"
    },
    "diagnostic_task_best": {
        "next_region": {
            "aggregation_basis": "per_task_f1_best",
            "accuracy": {
                "mean": 0.2710655689239502,
                "std": 0.028007519937990447,
                "min": 0.2244318127632141,
                "max": 0.2947528064250946
            },
            "accuracy_macro": {
                "mean": 0.10935829000255275,
                "std": 0.003425608113734917,
                "min": 0.105485827373457,
                "max": 0.11260862728376766
            },
            "f1": {
                "mean": 0.09473138600587845,
                "std": 0.0018930561278461622,
                "min": 0.09302768111228943,
                "max": 0.09772669523954391
            },
            "f1_weighted": {
                "mean": 0.266114741563797,
                "std": 0.027067615409845428,
                "min": 0.22211885452270508,
                "max": 0.2900601625442505
            },
            "mrr": {
                "mean": 0.31370595693588255,
                "std": 0.028366868352786727,
                "min": 0.26580965518951416,
                "max": 0.33935877680778503
            },
            "top3_acc": {
                "mean": 0.32755146026611326,
                "std": 0.028606240878762006,
                "min": 0.27935606241226196,
                "max": 0.3559386432170868
            },
            "ndcg_3": {
                "mean": 0.30377272367477415,
                "std": 0.02844228346409353,
                "min": 0.2558614909648895,
                "max": 0.33062854409217834
            },
            "top5_acc": {
                "mean": 0.35581323504447937,
                "std": 0.027056571183640195,
                "min": 0.30984848737716675,
                "max": 0.3813222348690033
            },
            "ndcg_5": {
                "mean": 0.31536332368850706,
                "std": 0.027924919603442285,