{
    "fold_number": 1,
    "duration": 64.00026750564575,
    "primary_checkpoint": {
        "selection_metric": "joint_score",
        "epoch": 6,
        "joint_score": 0.509780690073967,
        "loss": 1.1136581897735596,
        "time": 45.38910460472107,
        "task_metrics": {
            "next": {
                "accuracy": 0.40746352076530457,
                "f1": 0.31287792325019836
            },
            "category": {
                "accuracy": 0.7643478512763977,
                "f1": 0.7066834568977356
            }
        }
    },
    "diagnostic_best_epochs": {
        "next": {
            "epoch": 6,
            "time": 45.41689085960388,
            "metrics": {
                "accuracy": 0.40746352076530457,
                "accuracy_macro": 0.30416250228881836,
                "f1": 0.31287792325019836,
                "f1_weighted": 0.39139115810394287,
                "mrr": 0.6236751675605774,
                "top3_acc": 0.8010987043380737,
                "ndcg_3": 0.63910311460495,
                "top5_acc": 0.9310475587844849,
                "ndcg_5": 0.6928276419639587,
                "loss": 1.542881727218628
            },
            "accuracy": 0.40746352076530457,
            "f1": 0.31287792325019836
        },
        "category": {
            "epoch": 5,
            "time": 39.29537868499756,
            "metrics": {
                "accuracy": 0.7669565081596375,
                "accuracy_macro": 0.7315784096717834,
                "f1": 0.7186100482940674,
                "f1_weighted": 0.7676174640655518,
                "mrr": 0.863349974155426,
                "top3_acc": 0.953043520450592,
                "ndcg_3": 0.8786717057228088,
                "top5_acc": 0.9930434823036194,
                "ndcg_5": 0.895441472530365,
                "loss": 0.6764786243438721
            },
            "accuracy": 0.7669565081596375,
            "f1": 0.7186100482940674
        }
    }
}