time pressure_lvl free_pct swap_total_MB swap_used_MB wired_GB child_rss_GB disk_int_GB disk_ssd_GB
02:57:36 1 84 5120 3397 3.5 0.0 15 7
02:57:38 1 84 5120 3397 3.5 0.3 15 7
02:57:39 1 84 5120 3397 3.5 0.4 15 7
02:57:40 1 84 5120 3397 3.5 3.2 15 7
02:57:41 1 80 5120 3397 3.5 6.7 15 7
02:57:42 1 69 5120 3397 3.5 5.2 15 7
02:57:43 1 74 5120 3397 3.5 7.8 15 7
02:57:44 1 59 5120 3397 3.5 5.6 15 7
02:57:45 1 62 5120 3397 3.5 7.8 15 7
02:57:46 1 68 5120 3397 3.5 9.6 15 7
02:57:47 1 68 5120 3397 3.5 9.6 15 7
02:57:48 1 68 5120 3397 3.5 9.6 15 7
02:57:49 1 68 5120 3397 3.5 9.7 15 7
02:57:50 1 65 5120 3397 4.6 10.3 15 7
02:57:52 1 44 5120 3397 7.3 6.5 15 7
02:57:53 1 38 5120 3397 8.1 6.7 15 7
02:57:54 1 39 5120 3397 7.7 6.8 15 7
02:57:55 1 39 5120 3397 7.7 6.9 15 7
02:57:56 1 40 5120 3397 7.7 7.0 15 7
02:57:57 1 40 5120 3397 7.7 7.0 15 7
02:57:58 1 40 5120 3397 7.7 6.9 15 7
02:57:59 1 41 5120 3397 7.7 6.9 15 7
02:58:00 1 41 5120 3397 7.8 7.0 15 7
02:58:01 1 42 5120 3397 7.8 7.0 15 7
02:58:02 1 42 5120 3397 7.7 7.1 15 7
02:58:03 1 42 5120 3397 7.7 7.1 15 7
02:58:05 1 42 5120 3397 7.7 7.1 15 7
02:58:06 1 42 5120 3397 7.7 7.1 15 7
02:58:07 1 40 5120 3397 7.7 6.2 15 7
02:58:08 2 40 5120 3397 7.7 5.7 15 7
02:58:09 2 42 5120 3397 7.7 5.7 15 7
02:58:10 2 42 5120 3397 7.7 5.7 15 7
02:58:11 2 42 5120 3397 7.7 5.7 15 7
02:58:12 2 42 5120 3397 7.7 5.8 15 7
02:58:13 2 42 5120 3397 7.7 5.8 15 7
02:58:14 2 42 5120 3397 7.7 5.8 15 7
02:58:15 2 42 5120 3397 7.7 5.8 15 7
02:58:16 1 50 5120 3397 7.8 5.0 15 7
02:58:17 1 50 5120 3397 7.7 5.0 15 7
02:58:18 1 50 5120 3397 7.7 5.0 15 7
02:58:19 1 50 5120 3397 7.8 5.0 15 7
02:58:20 1 51 5120 3397 7.8 5.0 15 7
02:58:22 1 51 5120 3397 7.6 5.0 15 7
02:58:23 1 51 5120 3397 7.6 5.0 15 7
02:58:24 1 51 5120 3397 7.7 5.0 15 7
02:58:25 1 51 5120 3397 7.6 5.0 15 7
02:58:26 1 51 5120 3397 7.7 5.0 15 7
02:58:27 1 51 5120 3397 7.7 5.0 15 7
02:58:28 1 51 5120 3397 7.7 5.0 15 7
02:58:29 1 51 5120 3397 7.7 5.0 15 7
02:58:30 1 51 5120 3397 7.7 5.0 15 7
02:58:31 1 51 5120 3397 7.7 5.0 15 7
02:58:32 1 51 5120 3397 7.7 5.0 15 7
02:58:33 1 51 5120 3397 7.7 5.0 15 7
02:58:34 1 51 5120 3397 7.7 5.0 15 7
02:58:35 1 51 5120 3397 7.7 5.0 15 7
02:58:36 1 51 5120 3397 7.7 5.0 15 7
02:58:37 1 51 5120 3397 7.7 5.0 15 7
02:58:38 1 47 5120 3397 9.1 5.1 15 7
02:58:40 1 55 5120 3397 6.6 5.1 15 7
02:58:41 1 55 5120 3397 6.5 5.1 15 7
02:58:42 1 55 5120 3397 6.6 5.1 15 7
02:58:43 1 55 5120 3397 6.6 5.1 15 7
02:58:44 1 55 5120 3397 6.5 5.1 15 7
02:58:45 1 52 5120 3397 7.7 5.2 15 7
02:58:46 1 52 5120 3397 7.7 5.4 15 7
02:58:47 1 53 5120 3397 7.6 5.5 15 7
02:58:48 1 53 5120 3397 7.6 5.6 15 7
02:58:49 1 49 5120 3397 9.0 5.7 15 7
02:58:50 1 59 5120 3397 5.7 5.7 15 7
02:58:51 1 50 5120 3397 8.9 5.8 15 7
02:58:52 1 52 5120 3397 8.2 5.8 15 7
02:58:53 1 52 5120 3397 8.2 5.8 15 7
02:58:54 1 52 5120 3397 8.2 5.8 15 7
02:58:55 1 52 5120 3397 8.2 5.8 15 7
02:58:56 1 52 5120 3397 8.2 5.8 15 7
02:58:57 1 52 5120 3397 8.2 5.8 15 7
02:58:59 1 52 5120 3397 8.2 5.8 15 7
02:59:00 1 52 5120 3397 8.2 5.8 15 7
02:59:01 1 52 5120 3397 8.1 5.8 15 7
02:59:02 1 52 5120 3397 8.1 5.8 15 7
02:59:03 1 52 5120 3397 8.1 5.8 15 7
02:59:04 1 52 5120 3397 8.1 5.8 15 7
02:59:05 1 52 5120 3397 8.1 5.8 15 7
02:59:06 1 52 5120 3397 8.0 5.8 15 7
02:59:07 1 52 5120 3397 8.0 5.8 15 7
02:59:08 1 52 5120 3397 8.0 5.8 15 7
02:59:09 1 52 5120 3397 8.0 5.8 15 7
02:59:10 1 52 5120 3397 8.3 5.8 15 7
02:59:11 1 52 5120 3397 8.1 5.8 15 7
02:59:12 1 52 5120 3397 8.1 5.8 15 7
02:59:13 1 52 5120 3397 8.0 5.8 15 7
02:59:14 1 53 5120 3397 7.8 5.8 15 7
02:59:15 1 53 5120 3397 7.8 5.8 15 7
02:59:16 1 53 5120 3397 7.8 5.8 15 7
02:59:18 1 53 5120 3397 7.8 5.8 15 7
02:59:19 1 53 5120 3397 7.8 5.8 15 7
02:59:20 1 53 5120 3397 7.8 5.8 15 7
02:59:21 1 53 5120 3397 7.8 5.8 15 7
02:59:22 1 53 5120 3397 7.8 5.8 15 7
02:59:23 1 53 5120 3397 7.9 5.8 15 7
02:59:24 1 53 5120 3397 7.8 5.8 15 7
02:59:25 1 53 5120 3397 7.8 5.8 15 7
02:59:26 1 53 5120 3397 7.8 5.8 15 7
02:59:27 1 53 5120 3397 7.8 5.8 15 7
02:59:28 1 53 5120 3397 7.8 5.8 15 7
02:59:29 1 53 5120 3397 7.8 5.8 15 7
02:59:30 1 53 5120 3397 7.8 5.8 15 7
02:59:31 1 53 5120 3397 7.8 5.8 15 7
02:59:32 1 53 5120 3397 7.9 5.8 15 7
02:59:33 1 53 5120 3397 7.8 5.8 15 7
02:59:34 1 53 5120 3397 7.8 5.8 15 7
02:59:36 1 53 5120 3397 7.8 5.7 15 7
02:59:37 1 48 5120 3397 9.4 5.7 15 7
02:59:38 1 56 5120 3397 6.8 5.7 15 7
02:59:39 1 56 5120 3397 6.8 5.7 15 7
02:59:40 1 56 5120 3397 6.9 5.7 15 7
02:59:41 1 57 5120 3397 6.6 5.7 15 7
02:59:42 1 57 5120 3397 6.6 5.7 15 7
02:59:43 1 54 5120 3397 7.8 5.7 15 7
02:59:44 1 54 5120 3397 7.7 5.7 15 7
02:59:45 1 54 5120 3397 7.6 5.7 15 7
02:59:46 1 54 5120 3397 7.6 5.7 15 7
02:59:47 1 50 5120 3397 9.2 5.7 15 7
02:59:48 1 50 5120 3397 9.2 5.8 15 7
02:59:49 1 54 5120 3397 7.9 5.8 15 7
02:59:50 1 53 5120 3397 8.2 5.8 15 7
02:59:51 1 53 5120 3397 7.8 5.8 15 7
02:59:53 1 53 5120 3397 8.2 5.8 15 7
02:59:54 1 53 5120 3397 8.2 5.8 15 7
02:59:55 1 53 5120 3397 8.2 5.8 15 7
02:59:56 1 53 5120 3397 8.2 5.8 15 7
02:59:57 1 53 5120 3397 8.2 5.8 15 7
02:59:58 1 53 5120 3397 8.2 5.8 15 7
02:59:59 1 54 5120 3397 8.0 5.8 15 7
03:00:00 1 54 5120 3397 8.0 5.8 15 7
03:00:01 1 53 5120 3397 8.1 5.8 15 7
03:00:02 1 53 5120 3397 8.1 5.8 15 7
03:00:03 1 53 5120 3397 8.1 5.8 15 7
03:00:04 1 54 5120 3397 8.0 5.8 15 7
03:00:05 1 54 5120 3397 8.1 5.8 15 7
03:00:06 1 54 5120 3397 8.1 5.8 15 7
03:00:07 1 54 5120 3397 8.1 5.8 15 7
03:00:08 1 54 5120 3397 8.1 5.8 15 7
03:00:09 1 54 5120 3397 8.0 5.8 15 7
03:00:11 1 54 5120 3397 8.0 5.8 15 7
03:00:12 1 54 5120 3397 8.0 5.8 15 7
03:00:13 1 54 5120 3397 7.8 5.8 15 7
03:00:14 1 54 5120 3397 7.8 5.8 15 7
03:00:15 1 54 5120 3397 7.8 5.8 15 7
03:00:16 1 54 5120 3397 7.9 5.8 15 7
03:00:17 1 54 5120 3397 7.9 5.8 15 7
03:00:18 1 54 5120 3397 7.9 5.8 15 7
03:00:19 1 54 5120 3397 7.9 5.8 15 7
03:00:20 1 54 5120 3397 7.9 5.8 15 7
03:00:21 1 54 5120 3397 7.9 5.8 15 7
03:00:22 1 54 5120 3397 7.9 5.8 15 7
03:00:23 1 54 5120 3397 7.9 5.8 15 7
03:00:24 1 54 5120 3397 7.9 5.8 15 7
03:00:25 1 54 5120 3397 7.9 5.8 15 7
03:00:26 1 54 5120 3397 7.9 5.8 15 7
03:00:28 1 54 5120 3397 7.9 5.8 15 7
03:00:29 1 54 5120 3397 7.9 5.8 15 7
03:00:30 1 54 5120 3397 7.9 5.8 15 7
03:00:31 1 54 5120 3397 7.9 5.8 15 7
03:00:32 1 54 5120 3397 7.9 5.8 15 7
03:00:33 1 54 5120 3397 7.9 5.8 15 7
03:00:34 1 54 5120 3397 7.9 5.8 15 7
03:00:35 1 54 5120 3397 8.0 5.7 15 7
03:00:36 1 50 5120 3397 9.2 5.7 15 7
03:00:37 1 58 5120 3397 6.7 5.7 15 7
03:00:38 1 58 5120 3397 6.7 5.7 15 7
03:00:39 1 58 5120 3397 6.7 5.7 15 7
03:00:40 1 58 5120 3397 6.7 5.7 15 7
03:00:41 1 58 5120 3397 6.7 5.7 15 7
03:00:42 1 54 5120 3397 8.0 5.7 15 7
03:00:43 1 54 5120 3397 7.9 5.7 15 7
03:00:44 1 54 5120 3397 7.9 5.7 15 7
03:00:46 1 55 5120 3397 7.7 5.7 15 7
03:00:47 1 51 5120 3397 8.9 5.7 15 7
03:00:48 1 51 5120 3397 9.1 5.8 15 7
03:00:49 1 50 5120 3397 8.2 5.2 15 7
03:00:50 1 52 5120 3397 8.2 5.2 15 7
03:00:51 1 52 5120 3397 8.2 5.2 15 7
03:00:52 1 52 5120 3397 8.2 5.2 15 7
03:00:53 1 52 5120 3397 8.2 5.2 15 7
03:00:54 1 52 5120 3397 8.2 5.2 15 7
03:00:55 1 52 5120 3397 8.2 5.2 15 7
03:00:56 1 52 5120 3397 8.2 5.2 15 7
03:00:57 1 52 5120 3397 8.0 5.2 15 7
03:00:58 1 52 5120 3397 8.0 5.2 15 7
03:00:59 1 52 5120 3397 8.0 5.2 15 7
03:01:00 1 52 5120 3397 8.0 5.2 15 7
03:01:01 1 52 5120 3397 8.1 5.2 15 7
03:01:03 1 52 5120 3397 8.1 5.1 15 7
03:01:04 1 52 5120 3397 8.1 5.1 15 7
03:01:05 1 52 5120 3397 8.1 5.1 15 7
03:01:06 1 51 5120 3397 8.1 5.1 15 7
03:01:07 1 51 5120 3397 8.1 5.1 15 7
03:01:08 1 51 5120 3397 8.1 5.1 15 7
03:01:09 1 51 5120 3397 8.1 5.1 15 7
03:01:10 1 51 5120 3397 8.1 5.1 15 7
03:01:11 1 50 5120 3397 8.1 5.1 15 7
03:01:12 1 49 5120 3397 8.1 4.8 15 7
03:01:13 1 49 5120 3397 8.1 4.8 15 7
03:01:15 1 49 5120 3397 8.1 4.8 15 7
03:01:16 1 50 5120 3397 7.8 4.8 15 7
03:01:17 1 50 5120 3397 7.8 4.8 15 7
03:01:18 1 50 5120 3397 7.8 4.8 15 7
03:01:19 1 50 5120 3397 7.8 4.8 15 7
03:01:20 1 50 5120 3381 7.8 4.8 15 7
03:01:21 1 46 5120 3381 7.9 4.1 15 7
03:01:22 1 47 5120 3381 7.8 4.1 15 7
03:01:23 1 46 5120 3381 7.9 4.1 15 7
03:01:24 1 46 5120 3381 7.9 4.1 15 7
03:01:25 1 47 5120 3381 7.8 4.1 15 7
03:01:26 1 47 5120 3381 7.8 4.1 15 7
03:01:27 1 47 5120 3381 7.8 4.1 15 7
03:01:28 1 47 5120 3381 7.8 4.1 15 7
03:01:29 1 47 5120 3381 7.8 4.1 15 7
03:01:31 1 47 5120 3381 7.9 4.1 15 7
03:01:32 1 46 5120 3381 7.9 4.1 15 7
03:01:33 1 45 5120 3381 7.9 3.9 15 7
03:01:34 1 45 5120 3381 7.8 3.8 15 7
03:01:35 1 40 5120 3381 8.0 2.6 15 7
03:01:36 2 37 5120 3381 8.0 2.0 15 7
03:01:38 2 36 5120 3381 8.0 1.9 15 7
03:01:39 2 36 5120 3381 8.0 1.9 15 7
03:01:40 2 36 5120 3381 8.1 2.0 15 7
03:01:41 2 35 5120 3381 8.0 1.9 15 7
03:01:42 2 35 5120 3381 8.0 1.8 15 7
03:01:43 2 34 5120 3381 8.6 1.7 15 7
03:01:44 2 31 5120 3381 9.3 1.5 15 7
03:01:45 2 38 5120 3381 6.9 1.5 15 7
03:01:46 2 38 5120 3381 6.9 1.5 15 7
03:01:47 2 39 5120 3381 7.0 1.5 15 7
03:01:48 2 40 5120 3381 6.7 1.5 15 7
03:01:50 2 40 5120 3381 6.7 1.5 15 7
03:01:51 2 36 5120 3381 8.2 1.6 15 7
03:01:52 2 36 5120 3381 8.2 1.8 15 7
03:01:53 2 38 5120 3381 8.1 1.9 15 7
03:01:54 2 38 5120 3381 8.1 2.0 15 7
03:01:55 2 35 5120 3381 9.3 2.1 15 7
03:01:56 2 43 5120 3381 6.6 2.1 15 7
03:01:57 2 35 5120 3381 9.2 2.2 15 7
03:01:58 2 38 5120 3381 8.4 2.2 15 7
03:01:59 2 38 5120 3381 8.4 2.3 15 7
03:02:00 2 39 5120 3381 8.4 2.4 15 7
03:02:01 2 39 5120 3381 8.4 2.5 15 7
03:02:02 2 39 5120 3381 8.4 2.6 15 7
03:02:03 2 39 5120 3381 8.4 2.6 15 7
03:02:04 2 39 5120 3381 8.4 2.6 15 7
03:02:05 2 40 5120 3381 8.3 2.7 15 7
03:02:07 2 40 5120 3381 8.3 2.8 15 7
03:02:08 2 40 5120 3381 8.2 2.7 15 7
03:02:09 2 41 5120 3381 8.2 2.7 15 7
03:02:10 2 41 5120 3381 8.3 2.8 15 7
03:02:11 2 41 5120 3381 8.4 2.8 15 7
03:02:12 2 41 5120 3381 8.4 2.8 15 7
03:02:14 2 41 5120 3381 8.4 2.8 15 7
03:02:15 2 41 5120 3381 8.4 2.8 15 7
03:02:16 2 41 5120 3381 8.4 2.8 15 7
03:02:17 2 41 5120 3381 8.3 2.8 15 7
03:02:18 2 41 5120 3381 8.3 2.7 15 7
03:02:19 2 41 5120 3381 8.2 2.7 15 7
03:02:20 2 41 5120 3381 8.2 2.8 15 7
03:02:21 2 41 5120 3381 8.2 2.8 15 7
03:02:22 2 41 5120 3381 8.2 2.8 15 7
03:02:23 2 41 5120 3381 8.2 2.8 15 7
03:02:24 2 41 5120 3381 8.2 2.8 15 7
03:02:25 2 41 5120 3381 8.2 2.8 15 7
03:02:26 2 42 5120 3381 7.9 2.8 15 7
03:02:27 2 42 5120 3381 7.9 2.8 15 7
03:02:28 2 42 5120 3381 7.9 2.8 15 7
03:02:30 2 42 5120 3381 7.9 2.8 15 7
03:02:31 2 42 5120 3381 7.9 2.8 15 7
03:02:32 2 42 5120 3381 7.9 2.8 15 7
03:02:33 2 42 5120 3381 7.9 2.8 15 7
03:02:34 2 42 5120 3381 7.9 2.8 15 7
03:02:35 2 42 5120 3381 7.9 2.8 15 7
03:02:36 2 42 5120 3381 7.9 2.8 15 7
03:02:37 2 42 5120 3381 7.9 2.8 15 7
03:02:38 2 42 5120 3381 8.0 2.8 15 7
03:02:39 2 42 5120 3381 8.0 2.8 15 7
03:02:40 2 43 5120 3381 7.9 2.8 15 7
03:02:41 2 42 5120 3381 7.8 2.7 15 7
03:02:42 2 43 5120 3381 7.8 2.7 15 7
03:02:43 2 42 5120 3381 7.8 2.7 15 7
03:02:44 2 43 5120 3381 7.8 2.7 15 7
03:02:45 2 43 5120 3381 7.8 2.7 15 7
03:02:47 2 43 5120 3381 7.7 2.7 15 7
03:02:48 2 43 5120 3381 7.7 2.7 15 7
03:02:49 2 43 5120 3381 7.7 2.7 15 7
03:02:50 2 43 5120 3381 7.8 2.7 15 7
03:02:51 2 43 5120 3381 7.8 2.7 15 7
03:02:52 2 44 5120 3381 7.7 2.7 15 7
03:02:53 2 41 5120 3381 9.1 2.7 15 7
03:02:54 1 49 5120 3381 6.5 2.7 15 7
03:02:55 1 49 5120 3381 6.5 2.7 15 7
03:02:56 1 49 5120 3381 6.6 2.7 15 7
03:02:57 1 49 5120 3381 6.6 2.7 15 7
03:02:58 1 49 5120 3381 6.5 2.7 15 7
03:02:59 1 44 5120 3381 8.0 2.7 15 7
03:03:00 1 44 5120 3381 8.0 2.7 15 7
03:03:01 1 45 5120 3381 8.0 2.8 15 7
03:03:02 1 45 5120 3381 8.0 2.9 15 7
03:03:03 1 46 5120 3381 7.9 3.0 15 7
03:03:05 1 43 5120 3381 8.8 3.1 15 7
03:03:06 1 39 5120 3381 9.1 2.7 15 7
03:03:07 2 37 5120 3381 8.4 2.0 15 7
03:03:08 2 37 5120 3381 8.4 2.1 15 7
03:03:09 2 37 5120 3381 8.4 2.1 15 7
03:03:10 2 37 5120 3381 8.4 2.1 15 7
03:03:11 2 37 5120 3381 8.4 2.2 15 7
03:03:12 2 38 5120 3381 8.4 2.3 15 7
03:03:13 2 37 5120 3381 8.4 2.3 15 7
03:03:14 2 38 5120 3381 8.2 2.3 15 7
03:03:16 2 39 5120 3381 8.2 2.4 15 7
03:03:17 2 39 5120 3381 8.3 2.4 15 7
03:03:18 2 39 5120 3381 8.3 2.4 15 7
03:03:19 2 40 5120 3381 8.3 2.5 15 7
03:03:20 2 40 5120 3381 8.2 2.5 15 7
03:03:21 2 40 5120 3381 8.4 2.5 15 7
03:03:22 2 40 5120 3381 8.3 2.5 15 7
03:03:23 2 40 5120 3381 8.4 2.5 15 7
03:03:24 2 40 5120 3381 8.4 2.5 15 7
03:03:25 2 40 5120 3381 8.3 2.6 15 7
03:03:26 2 40 5120 3381 8.3 2.6 15 7
03:03:27 2 40 5120 3381 8.3 2.6 15 7
03:03:28 2 41 5120 3381 8.3 2.6 15 7
03:03:29 2 41 5120 3381 8.3 2.6 15 7
03:03:30 2 41 5120 3381 8.2 2.6 15 7
03:03:31 2 41 5120 3381 8.3 2.6 15 7
03:03:33 2 41 5120 3381 8.0 2.6 15 7
03:03:34 2 42 5120 3381 8.0 2.6 15 7
03:03:35 2 42 5120 3381 8.0 2.6 15 7
03:03:36 2 42 5120 3381 8.0 2.6 15 7
03:03:37 2 42 5120 3381 8.0 2.6 15 7
03:03:38 2 43 5120 3381 7.9 2.6 15 7
03:03:39 2 43 5120 3381 7.8 2.6 15 7
03:03:40 2 43 5120 3381 7.9 2.6 15 7
03:03:41 2 43 5120 3381 7.8 2.6 15 7
03:03:42 2 43 5120 3381 7.9 2.6 15 7
03:03:43 2 44 5120 3381 7.7 2.6 15 7
03:03:44 2 44 5120 3381 7.8 2.6 15 7
03:03:45 2 44 5120 3381 7.7 2.6 15 7
03:03:46 2 44 5120 3381 7.8 2.6 15 7
03:03:47 2 44 5120 3381 7.8 2.6 15 7
03:03:48 2 44 5120 3381 7.7 2.6 15 7
03:03:50 2 44 5120 3381 7.8 2.6 15 7
03:03:51 2 44 5120 3381 7.7 2.6 15 7
03:03:52 2 44 5120 3381 7.8 2.6 15 7
03:03:53 2 44 5120 3381 7.7 2.6 15 7
03:03:54 2 44 5120 3381 7.7 2.6 15 7
03:03:55 2 40 5120 3381 9.3 2.7 15 7
03:03:56 2 42 5120 3381 8.8 2.7 15 7
03:03:57 1 48 5120 3381 6.6 2.7 15 7
03:03:58 1 48 5120 3381 6.7 2.7 15 7
03:03:59 1 49 5120 3381 6.5 2.7 15 7
03:04:00 1 49 5120 3381 6.5 2.7 15 7
03:04:01 1 44 5120 3381 8.0 2.7 15 7
03:04:02 1 45 5120 3381 7.9 2.7 15 7
03:04:03 1 45 5120 3381 7.9 2.8 15 7
03:04:04 1 45 5120 3381 7.9 3.0 15 7
03:04:05 1 44 5120 3381 9.0 3.1 15 7
03:04:06 1 42 5120 3381 9.1 3.1 15 7
03:04:07 1 43 5120 3381 9.0 3.1 15 7
03:04:09 1 45 5120 3381 8.1 3.1 15 7
03:04:10 1 45 5120 3381 8.1 3.1 15 7
03:04:11 1 45 5120 3381 8.2 3.1 15 7
03:04:12 1 45 5120 3381 8.1 3.1 15 7
03:04:13 1 45 5120 3381 8.1 3.1 15 7
03:04:14 1 45 5120 3381 8.1 3.1 15 7
03:04:15 1 45 5120 3381 8.1 3.1 15 7
03:04:16 1 45 5120 3381 8.1 3.1 15 7
03:04:17 1 46 5120 3381 7.9 3.1 15 7
03:04:18 1 46 5120 3381 8.0 3.1 15 7
03:04:19 1 46 5120 3381 8.0 3.1 15 7
03:04:20 1 46 5120 3381 8.0 3.1 15 7
03:04:21 1 46 5120 3381 8.0 3.1 15 7
03:04:22 1 46 5120 3381 8.0 3.1 15 7
03:04:23 1 46 5120 3381 7.9 3.1 15 7
03:04:24 1 46 5120 3381 7.9 3.1 15 7
03:04:25 1 46 5120 3381 8.0 3.1 15 7
03:04:27 1 46 5120 3381 7.9 3.1 15 7
03:04:28 1 46 5120 3381 7.9 3.1 15 7
03:04:29 1 46 5120 3381 8.0 3.1 15 7
03:04:30 1 46 5120 3381 8.0 3.1 15 7
03:04:31 1 46 5120 3381 7.7 3.1 15 7
03:04:32 1 47 5120 3381 7.7 3.1 15 7
03:04:33 1 47 5120 3381 7.7 3.1 15 7
03:04:34 1 47 5120 3381 7.7 3.1 15 7
03:04:35 1 47 5120 3381 7.7 3.1 15 7
03:04:36 1 47 5120 3381 7.7 3.1 15 7
03:04:37 1 47 5120 3381 7.7 3.1 15 7
03:04:38 1 47 5120 3381 7.7 3.1 15 7
03:04:39 1 47 5120 3381 7.7 3.1 15 7
03:04:40 1 47 5120 3381 7.7 3.1 15 7
03:04:41 1 47 5120 3381 7.7 3.1 15 7
03:04:42 1 46 5120 3381 7.7 3.1 15 7
03:04:44 1 46 5120 3381 7.8 3.1 15 7
03:04:45 1 47 5120 3381 7.7 3.1 15 7
03:04:46 1 47 5120 3381 7.7 3.1 15 7
03:04:47 1 47 5120 3381 7.7 3.1 15 7
03:04:48 1 47 5120 3381 7.7 3.1 15 7
03:04:49 1 47 5120 3381 7.7 3.1 15 7
03:04:50 1 47 5120 3381 7.7 3.1 15 7
03:04:51 1 46 5120 3381 7.7 3.0 15 7
03:04:52 1 46 5120 3381 7.8 2.9 15 7
03:04:53 1 42 5120 3381 9.0 2.9 15 7
03:04:54 1 50 5120 3381 6.5 2.9 15 7
03:04:55 1 50 5120 3381 6.4 2.9 15 7
03:04:56 1 50 5120 3381 6.5 2.9 15 7
03:04:57 1 50 5120 3381 6.5 2.9 15 7
03:04:58 1 50 5120 3381 6.4 2.9 15 7
03:04:59 1 46 5120 3381 7.9 2.9 15 7
03:05:00 1 46 5120 3381 7.9 2.9 15 7
03:05:01 1 46 5120 3381 7.9 3.0 15 7
03:05:03 1 47 5120 3381 7.9 3.1 15 7
03:05:04 1 43 5120 3381 9.0 3.1 15 7
03:05:05 1 48 5120 3381 7.5 3.1 15 7
03:05:06 1 44 5120 3381 8.9 3.1 15 7
03:05:07 1 46 5120 3381 8.1 3.1 15 7
03:05:08 1 46 5120 3381 8.1 3.1 15 7
03:05:09 1 46 5120 3381 8.1 3.1 15 7
03:05:10 1 45 5120 3381 8.1 3.1 15 7
03:05:11 1 45 5120 3381 8.1 3.1 15 7
03:05:12 1 44 5120 3381 8.1 3.0 15 7
03:05:13 1 43 5120 3381 8.2 2.9 15 7
03:05:14 1 44 5120 3381 8.0 2.9 15 7
03:05:15 1 44 5120 3381 8.0 2.9 15 7
03:05:16 1 44 5120 3381 8.0 2.9 15 7
03:05:17 1 44 5120 3381 7.9 2.9 15 7
03:05:19 1 44 5120 3381 7.9 2.9 15 7
03:05:20 1 44 5120 3381 8.0 2.9 15 7
03:05:21 1 44 5120 3381 8.0 2.9 15 7
03:05:22 1 44 5120 3381 7.9 2.9 15 7
03:05:23 1 45 5120 3381 7.9 2.9 15 7
03:05:24 1 44 5120 3381 7.9 2.9 15 7
03:05:25 1 44 5120 3381 8.0 2.9 15 7
03:05:26 1 44 5120 3381 8.0 2.9 15 7
03:05:27 1 44 5120 3381 7.9 2.9 15 7
03:05:28 1 44 5120 3381 7.9 2.9 15 7
03:05:29 1 45 5120 3381 7.6 3.0 15 7
03:05:30 1 45 5120 3381 7.7 3.0 15 7
03:05:31 1 45 5120 3381 7.7 3.0 15 7
03:05:32 1 45 5120 3381 7.7 3.0 15 7
03:05:33 1 45 5120 3381 7.7 3.0 15 7
03:05:34 1 45 5120 3381 7.7 3.0 15 7
03:05:35 1 45 5120 3381 7.7 3.0 15 7
03:05:37 1 45 5120 3381 7.7 3.0 15 7
03:05:38 1 45 5120 3381 7.7 3.0 15 7
03:05:39 1 45 5120 3381 7.7 3.0 15 7
03:05:40 1 45 5120 3381 7.7 3.0 15 7
03:05:41 1 45 5120 3381 7.7 3.0 15 7
03:05:42 1 45 5120 3381 7.7 3.0 15 7
03:05:43 1 45 5120 3381 7.7 3.0 15 7
03:05:44 1 45 5120 3381 7.7 3.0 15 7
03:05:45 1 45 5120 3381 7.7 3.0 15 7
03:05:46 1 45 5120 3381 7.7 3.0 15 7
03:05:47 1 45 5120 3381 7.7 3.0 15 7
03:05:48 1 45 5120 3381 7.7 3.0 15 7
03:05:49 1 45 5120 3381 7.7 3.0 15 7
03:05:50 1 42 5120 3381 9.0 2.9 15 7
03:05:51 1 41 5120 3381 9.2 2.9 15 7
03:05:52 1 49 5120 3381 6.7 2.9 15 7
03:05:53 1 48 5120 3381 6.7 2.9 15 7
03:05:54 1 49 5120 3381 6.5 2.9 15 7
03:05:56 1 49 5120 3381 6.4 2.9 15 7
03:05:57 1 45 5120 3381 8.0 3.0 15 7
03:05:58 1 45 5120 3381 7.9 3.0 15 7
03:05:59 1 45 5120 3381 7.8 3.0 15 7
03:06:00 1 45 5120 3381 7.9 3.0 15 7
03:06:01 1 46 5120 3381 7.9 3.1 15 7
03:06:02 1 42 5120 3381 9.0 3.1 15 7
03:06:03 1 43 5120 3381 8.8 3.1 15 7
03:06:04 1 45 5120 3381 8.1 3.1 15 7
03:06:05 1 45 5120 3381 8.0 3.1 15 7
03:06:06 1 45 5120 3381 8.1 3.1 15 7
03:06:07 1 45 5120 3381 8.1 3.1 15 7
03:06:08 1 45 5120 3381 8.1 3.1 15 7
03:06:09 1 45 5120 3381 8.1 3.1 15 7
03:06:10 1 45 5120 3381 8.1 3.1 15 7
03:06:11 1 46 5120 3381 7.9 3.1 15 7
03:06:12 1 46 5120 3381 7.9 3.1 15 7
03:06:14 1 46 5120 3381 8.0 3.1 15 7
03:06:15 1 46 5120 3381 8.0 3.1 15 7
03:06:16 1 46 5120 3381 8.0 3.1 15 7
03:06:17 1 46 5120 3381 8.0 3.1 15 7
03:06:18 1 46 5120 3381 7.9 3.1 15 7
03:06:19 1 46 5120 3381 7.9 3.1 15 7
03:06:20 1 46 5120 3381 7.9 3.1 15 7
03:06:21 1 46 5120 3381 7.9 3.1 15 7
03:06:22 1 46 5120 3381 7.9 3.1 15 7
03:06:23 1 45 5120 3381 7.9 3.1 15 7
03:06:24 1 45 5120 3381 7.9 3.1 15 7
03:06:25 1 45 5120 3381 7.9 3.1 15 7
03:06:26 1 46 5120 3381 7.7 3.1 15 7
03:06:27 1 46 5120 3381 7.7 3.1 15 7
03:06:28 1 46 5120 3381 7.7 3.1 15 7
03:06:29 1 46 5120 3381 7.7 3.1 15 7
03:06:31 1 46 5120 3381 7.7 3.1 15 7
03:06:32 1 46 5120 3381 7.7 3.1 15 7
03:06:33 1 46 5120 3381 7.7 3.1 15 7
03:06:34 1 46 5120 3381 7.7 3.1 15 7
03:06:35 1 46 5120 3381 7.7 3.1 15 7
03:06:36 1 46 5120 3381 7.7 3.1 15 7
03:06:37 1 46 5120 3381 7.7 3.1 15 7
03:06:38 1 46 5120 3381 7.7 3.1 15 7
03:06:39 1 46 5120 3381 7.7 3.1 15 7
03:06:40 1 46 5120 3381 7.7 3.1 15 7
03:06:41 1 46 5120 3381 7.7 3.1 15 7
03:06:42 1 46 5120 3381 7.7 3.1 15 7
03:06:43 1 46 5120 3381 7.7 3.1 15 7
03:06:44 1 45 5120 3381 7.7 3.0 15 7
03:06:45 1 45 5120 3381 7.8 3.0 15 7
03:06:47 1 46 5120 3381 7.7 3.0 15 7
03:06:48 1 45 5120 3381 7.8 3.0 15 7
03:06:49 1 42 5120 3381 9.1 3.0 15 7
03:06:50 1 50 5120 3381 6.4 3.0 15 7
03:06:51 1 50 5120 3381 6.4 3.0 15 7
03:06:52 1 50 5120 3381 6.4 3.0 15 7
03:06:53 1 50 5120 3381 6.4 3.0 15 7
03:06:54 1 50 5120 3381 6.4 3.0 15 7
03:06:55 1 45 5120 3381 7.9 3.0 15 7
03:06:56 1 45 5120 3381 7.9 3.0 15 7
03:06:57 1 46 5120 3381 7.9 3.0 15 7
03:06:58 1 45 5120 3381 7.9 3.0 15 7
03:06:59 1 41 5120 3381 9.0 2.9 15 7
03:07:00 1 52 5120 3381 5.3 2.9 15 7
03:07:01 1 42 5120 3381 8.8 2.9 15 7
03:07:02 1 44 5120 3381 8.1 3.0 15 7
03:07:04 1 44 5120 3381 8.0 3.0 15 7
03:07:05 1 44 5120 3381 8.0 3.0 15 7
03:07:06 1 44 5120 3381 8.0 3.0 15 7
03:07:07 1 44 5120 3381 8.0 3.0 15 7
03:07:08 1 44 5120 3381 8.1 3.0 15 7
03:07:09 1 44 5120 3381 8.1 3.1 15 7
03:07:10 1 45 5120 3381 7.9 3.1 15 7
03:07:11 1 43 5120 3381 8.0 2.9 15 7
03:07:12 1 43 5120 3381 7.9 2.9 15 7
03:07:13 1 43 5120 3381 7.9 2.9 15 7
03:07:14 1 44 5120 3381 7.9 2.9 15 7
03:07:15 1 44 5120 3381 7.9 3.0 15 7
03:07:16 1 44 5120 3381 7.9 3.0 15 7
03:07:17 1 44 5120 2895 7.9 3.0 15 7
03:07:19 1 44 5120 2895 7.9 3.0 15 7
03:07:20 1 44 4096 2895 7.9 3.0 16 7
03:07:21 1 44 4096 2895 7.9 3.0 16 7
03:07:22 1 44 4096 2895 7.9 3.0 16 7
03:07:23 1 44 4096 2895 7.9 3.0 16 7
03:07:24 1 44 4096 2895 7.9 3.0 16 7
03:07:25 1 45 4096 2895 7.7 3.0 16 7
03:07:26 1 45 4096 2895 7.6 3.0 16 7
03:07:27 1 45 4096 2895 7.6 3.0 16 7
03:07:28 1 45 4096 2895 7.6 3.0 16 7
03:07:29 1 45 4096 2895 7.6 3.0 16 7
03:07:30 1 45 4096 2895 7.6 3.0 16 7
03:07:31 1 45 4096 2895 7.6 3.0 16 7
03:07:32 1 45 4096 2895 7.6 3.0 16 7
03:07:33 1 45 4096 2895 7.6 3.0 16 7
03:07:34 1 45 4096 2895 7.7 3.0 16 7
03:07:36 1 45 4096 2895 7.7 3.0 16 7
03:07:37 1 45 4096 2895 7.6 3.0 16 7
03:07:38 1 45 4096 2895 7.7 3.0 16 7
03:07:39 1 45 4096 2895 7.7 3.0 16 7
03:07:40 1 45 4096 2895 7.7 3.0 16 7
03:07:41 1 45 4096 2895 7.7 3.0 16 7
03:07:42 1 45 4096 2895 7.6 3.0 16 7
03:07:43 1 45 4096 2895 7.6 3.0 16 7
03:07:44 1 45 4096 2895 7.7 3.0 16 7
03:07:45 1 45 4096 2895 7.6 3.0 16 7
03:07:46 1 45 4096 2895 7.6 3.0 16 7
03:07:47 1 41 4096 2895 9.3 3.0 16 7
03:07:48 1 49 4096 2895 6.6 3.0 16 7
03:07:49 1 48 4096 2895 6.6 3.0 16 7
03:07:50 1 48 4096 2895 6.7 3.0 16 7
03:07:52 1 48 4096 2895 6.5 3.0 16 7
03:07:53 1 48 4096 2895 6.4 2.9 16 7
03:07:54 1 44 4096 2895 7.9 2.9 16 7
03:07:55 1 44 4096 2895 7.9 2.9 16 7
03:07:56 1 44 4096 2895 7.8 2.9 16 7
03:07:57 1 44 4096 2895 7.9 3.0 16 7
03:07:58 1 41 4096 2895 9.0 3.0 16 7
03:07:59 1 49 4096 2895 6.3 3.0 16 7
03:08:00 1 42 4096 2895 8.8 3.0 16 7
03:08:01 1 44 4096 2895 8.1 3.0 16 7
03:08:02 1 44 4096 2895 8.1 3.0 16 7
03:08:03 1 44 4096 2895 8.0 3.0 16 7
03:08:04 1 44 4096 2895 8.0 3.1 16 7
03:08:05 1 44 4096 2895 8.1 3.1 16 7
03:08:06 1 43 4096 2895 8.1 3.0 16 7
03:08:07 1 43 4096 2895 8.1 3.0 16 7
03:08:09 1 43 4096 2895 8.0 3.0 16 7
03:08:10 1 43 4096 2895 7.9 3.0 16 7
03:08:11 1 43 4096 2895 7.9 3.0 16 7
03:08:12 1 43 4096 2895 7.9 3.0 16 7
03:08:13 1 44 4096 2895 7.9 3.0 16 7
03:08:14 1 44 4096 2895 7.9 3.0 16 7
03:08:15 1 44 4096 2895 7.9 3.0 16 7
03:08:16 1 44 4096 2895 7.9 3.1 16 7
03:08:17 1 44 4096 2895 7.9 3.1 16 7
03:08:18 1 44 4096 2895 7.9 3.1 16 7
03:08:19 1 44 4096 2895 7.9 3.1 16 7
03:08:20 1 44 4096 2895 7.9 3.1 16 7
03:08:21 1 44 4096 2895 7.9 3.1 16 7
03:08:22 1 44 4096 2895 7.9 3.0 16 7
03:08:23 1 45 4096 2895 7.7 3.0 16 7
03:08:25 1 45 4096 2895 7.7 3.0 16 7
03:08:26 1 45 4096 2895 7.7 3.0 16 7
03:08:27 1 45 4096 2895 7.6 3.0 16 7
03:08:28 1 45 4096 2895 7.6 3.0 16 7
03:08:29 1 45 4096 2895 7.6 3.0 16 7
03:08:30 1 45 4096 2895 7.6 3.0 16 7
03:08:31 1 45 4096 2895 7.6 3.0 16 7
03:08:32 1 45 4096 2895 7.7 3.0 16 7
03:08:33 1 45 4096 2895 7.7 3.0 16 7
03:08:34 1 45 4096 2895 7.7 3.0 16 7
03:08:35 1 45 4096 2895 7.7 3.0 16 7
03:08:36 1 45 4096 2895 7.7 3.0 16 7
03:08:37 1 45 4096 2895 7.7 3.0 16 7
03:08:38 1 45 4096 2895 7.7 3.0 16 7
03:08:39 1 45 4096 2895 7.7 3.0 16 7
03:08:40 1 45 4096 2895 7.6 3.0 16 7
03:08:42 1 45 4096 2895 7.7 3.0 16 7
03:08:43 1 45 4096 2895 7.7 3.0 16 7
03:08:44 1 45 4096 2895 7.6 3.0 16 7
03:08:45 1 45 4096 2895 7.6 3.0 16 7
03:08:46 1 41 4096 2895 9.0 3.0 16 7
03:08:47 1 49 4096 2895 6.4 3.0 16 7
03:08:48 1 49 4096 2895 6.4 3.0 16 7
03:08:49 1 49 4096 2895 6.5 3.0 16 7
03:08:50 1 49 4096 2895 6.4 3.0 16 7
03:08:51 1 49 4096 2895 6.4 3.0 16 7
03:08:52 1 45 4096 2895 7.9 3.0 16 7
03:08:53 1 45 4096 2895 7.9 3.0 16 7
03:08:54 1 45 4096 2895 7.8 3.0 16 7
03:08:55 1 45 4096 2895 7.8 3.1 16 7
03:08:56 1 42 4096 2895 9.0 3.1 16 7
03:08:57 1 50 4096 2895 6.3 3.1 16 7
03:08:59 1 42 4096 2895 8.8 3.1 16 7
03:09:00 1 44 4096 2895 8.1 3.1 16 7
03:09:01 1 44 4096 2895 8.0 3.0 16 7
03:09:02 1 42 4096 2895 8.1 2.7 16 7
03:09:03 1 39 4096 2895 8.3 2.2 16 7
03:09:04 2 36 4096 2895 8.3 1.9 16 7
03:09:05 2 36 4096 2895 8.3 1.9 16 7
03:09:07 2 36 4096 2895 8.3 2.0 16 7
03:09:08 2 37 4096 2895 8.2 2.0 16 7
03:09:09 2 37 4096 2895 8.2 2.1 16 7
03:09:10 2 38 4096 2895 8.2 2.2 16 7
03:09:11 2 38 4096 2895 8.1 2.2 16 7
03:09:12 2 39 4096 2895 8.1 2.3 16 7
03:09:13 2 39 4096 2895 8.1 2.3 16 7
03:09:14 2 39 4096 2895 8.1 2.3 16 7
03:09:15 2 39 4096 2895 8.1 2.4 16 7
03:09:16 2 41 4096 2895 8.1 2.4 16 7
03:09:17 2 41 4096 2895 8.1 2.4 16 7
03:09:18 2 41 4096 2895 8.1 2.4 16 7
03:09:19 2 41 4096 2895 8.1 2.4 16 7
03:09:20 2 41 4096 2895 8.0 2.4 16 7
03:09:21 2 41 4096 2895 8.0 2.4 16 7
03:09:23 2 42 4096 2895 7.8 2.4 16 7
03:09:24 2 42 4096 2895 7.8 2.4 16 7
03:09:25 2 42 4096 2895 7.8 2.4 16 7
03:09:26 2 42 4096 2895 7.8 2.4 16 7
03:09:27 2 42 4096 2895 7.8 2.4 16 7
03:09:28 2 42 4096 2895 7.8 2.4 16 7
03:09:29 2 42 4096 2895 7.8 2.4 16 7
03:09:30 2 42 4096 2895 7.8 2.4 16 7
03:09:31 2 42 4096 2895 7.8 2.4 16 7
03:09:32 2 42 4096 2895 7.8 2.4 16 7
03:09:33 2 43 4096 2895 7.6 2.4 16 7
03:09:34 2 43 4096 2895 7.8 2.4 16 7
03:09:36 2 42 4096 2895 7.9 2.4 16 7
03:09:37 2 42 4096 2895 7.9 2.4 16 7
03:09:38 2 42 4096 2895 7.9 2.4 16 7
03:09:39 2 42 4096 2895 7.9 2.4 16 7
03:09:40 2 42 4096 2895 7.8 2.4 16 7
03:09:41 2 42 4096 2895 7.9 2.4 16 7
03:09:42 2 42 4096 2895 7.9 2.4 16 7
03:09:43 2 42 4096 2895 7.8 2.5 16 7
03:09:44 2 42 4096 2895 7.8 2.4 16 7
03:09:45 2 38 4096 2895 9.3 2.5 16 7
03:09:46 2 45 4096 2895 6.8 2.5 16 7
03:09:47 2 45 4096 2895 6.8 2.5 16 7
03:09:48 2 44 4096 2895 6.9 2.5 16 7
03:09:49 2 45 4096 2895 6.6 2.5 16 7
03:09:50 2 45 4096 2895 6.6 2.5 16 7
03:09:51 2 41 4096 2895 8.1 2.6 16 7
03:09:53 2 42 4096 2895 8.1 2.7 16 7
03:09:54 2 42 4096 2895 8.0 2.8 16 7
03:09:55 2 43 4096 2895 8.0 2.9 16 7
03:09:56 2 39 4096 2895 9.1 3.0 16 7
03:09:57 1 50 4096 2895 5.4 3.0 16 7
03:09:58 1 40 4096 2895 8.9 3.0 16 7
03:09:59 1 41 4096 2895 8.2 3.0 16 7
03:10:00 1 41 4096 2895 8.2 3.0 16 7
03:10:01 1 41 4096 2895 8.2 3.0 16 7
03:10:02 1 41 4096 2895 8.2 3.0 16 7
03:10:03 1 40 4096 2895 8.2 2.5 16 7
03:10:04 1 41 4096 2895 8.0 2.5 16 7
03:10:05 1 41 4096 2895 8.0 2.5 16 7
03:10:06 1 41 4096 2895 7.9 2.5 16 7
03:10:07 1 41 4096 2895 7.9 2.5 16 7
03:10:08 1 42 4096 2895 7.9 2.5 16 7
03:10:10 1 41 4096 2895 7.9 2.5 16 7
03:10:11 1 42 4096 2895 7.9 2.5 16 7
03:10:12 1 42 4096 2895 7.9 2.5 16 7
03:10:13 1 42 4096 2895 7.9 2.5 16 7
03:10:14 1 42 4096 2895 7.9 2.5 16 7
03:10:15 1 42 4096 2895 7.9 2.5 16 7
03:10:16 1 42 4096 2895 7.9 2.5 16 7
03:10:17 1 42 4096 2895 7.9 2.5 16 7
03:10:18 1 42 4096 2895 7.9 2.5 16 7
03:10:19 1 42 4096 2895 7.9 2.5 16 7
03:10:20 1 42 4096 2895 7.9 2.5 16 7
03:10:21 1 43 4096 2895 7.6 2.5 16 7
03:10:22 1 43 4096 2895 7.6 2.5 16 7
03:10:23 1 43 4096 2895 7.6 2.5 16 7
03:10:24 1 43 4096 2895 7.6 2.5 16 7
03:10:25 1 43 4096 2895 7.6 2.5 16 7
03:10:27 1 43 4096 2895 7.6 2.5 16 7
03:10:28 1 43 4096 2895 7.6 2.5 16 7
03:10:29 1 43 4096 2895 7.6 2.5 16 7
03:10:30 1 43 4096 2895 7.6 2.5 16 7
03:10:31 1 43 4096 2895 7.6 2.5 16 7
03:10:32 1 43 4096 2895 7.6 2.5 16 7
03:10:33 1 43 4096 2895 7.6 2.5 16 7
03:10:34 1 43 4096 2895 7.6 2.5 16 7
03:10:35 1 43 4096 2895 7.6 2.5 16 7
03:10:36 1 43 4096 2895 7.6 2.5 16 7
03:10:37 1 43 4096 2895 7.6 2.5 16 7
03:10:38 1 43 4096 2895 7.5 2.5 16 7
03:10:39 1 43 4096 2895 7.5 2.5 16 7
03:10:40 1 43 4096 2895 7.6 2.5 16 7
03:10:41 1 43 4096 2895 7.6 2.5 16 7
03:10:42 1 43 4096 2895 7.6 2.5 16 7
03:10:44 1 39 4096 2895 9.0 2.5 16 7
03:10:45 1 47 4096 2895 6.3 2.5 16 7
03:10:46 1 47 4096 2895 6.3 2.5 16 7
03:10:47 1 47 4096 2895 6.4 2.5 16 7
03:10:48 1 47 4096 2895 6.4 2.5 16 7
03:10:49 1 47 4096 2895 6.3 2.5 16 7
03:10:50 1 43 4096 2895 7.8 2.6 16 7
03:10:51 1 44 4096 2895 7.8 2.7 16 7
03:10:52 1 44 4096 2895 7.8 2.9 16 7
03:10:53 1 45 4096 2895 7.8 3.0 16 7
03:10:54 1 41 4096 2895 8.9 3.0 16 7
03:10:55 1 49 4096 2895 6.2 3.0 16 7
03:10:56 1 42 4096 2895 8.7 3.1 16 7
03:10:57 1 44 4096 2895 8.0 3.1 16 7
03:10:58 1 45 4096 2895 7.9 3.1 16 7
03:10:59 1 45 4096 2895 7.9 3.1 16 7
03:11:00 1 45 4096 2895 7.9 3.1 16 7
03:11:02 1 45 4096 2895 7.9 3.1 16 7
03:11:03 1 45 4096 2895 7.9 3.1 16 7
03:11:04 1 45 4096 2895 7.9 3.1 16 7
03:11:05 1 45 4096 2895 7.9 3.1 16 7
03:11:06 1 45 4096 2895 7.8 3.1 16 7
03:11:07 1 45 4096 2895 7.8 3.1 16 7
03:11:08 1 45 4096 2895 7.8 3.1 16 7
03:11:09 1 45 4096 2895 7.8 3.1 16 7
03:11:10 1 45 4096 2895 7.8 3.1 16 7
03:11:11 1 45 4096 2895 7.8 3.1 16 7
03:11:12 1 45 4096 2895 7.9 3.1 16 7
03:11:13 1 45 4096 2895 7.8 3.1 16 7
03:11:14 1 45 4096 2895 7.9 3.1 16 7
03:11:15 1 45 4096 2895 7.8 3.1 16 7
03:11:16 1 45 4096 2895 7.8 3.1 16 7
03:11:17 1 45 4096 2895 7.8 3.1 16 7
03:11:19 1 46 4096 2895 7.8 3.1 16 7
03:11:20 1 46 4096 2895 7.6 3.1 16 7
03:11:21 1 46 4096 2895 7.6 3.1 16 7
03:11:22 1 46 4096 2895 7.6 3.1 16 7
03:11:23 1 46 4096 2895 7.6 3.1 16 7
03:11:24 1 46 4096 2895 7.6 3.1 16 7
03:11:25 1 46 4096 2895 7.6 3.1 16 7
03:11:26 1 46 4096 2895 7.6 3.1 16 7
03:11:27 1 46 4096 2895 7.5 3.1 16 7
03:11:28 1 46 4096 2895 7.6 3.0 16 7
03:11:29 1 44 4096 2895 7.7 2.7 16 7
03:11:30 1 44 4096 2895 7.5 2.7 16 7
03:11:31 1 44 4096 2895 7.5 2.7 16 7
03:11:32 1 44 4096 2895 7.6 2.7 16 7
03:11:33 1 44 4096 2895 7.5 2.7 16 7
03:11:35 1 44 4096 2895 7.6 2.7 16 7
03:11:36 1 44 4096 2895 7.6 2.7 16 7
03:11:37 1 44 4096 2895 7.6 2.7 16 7
03:11:38 1 44 4096 2895 7.6 2.7 16 7
03:11:39 1 44 4096 2895 7.6 2.7 16 7
03:11:40 1 44 4096 2895 7.6 2.7 16 7
03:11:41 1 44 4096 2895 7.8 2.7 16 7
03:11:42 1 39 4096 2887 9.4 2.8 16 7
03:11:43 1 47 4096 2887 6.9 2.8 16 7
03:11:44 1 46 4096 2887 6.8 2.6 16 7
03:11:45 1 45 4096 2887 6.9 2.5 16 7
03:11:46 1 46 4096 2887 6.6 2.3 16 7
03:11:47 1 45 4096 2887 6.5 2.3 16 7
03:11:48 1 41 4096 2887 8.1 2.4 16 7
03:11:49 1 42 4096 2887 8.1 2.6 16 7
03:11:50 1 42 4096 2887 8.1 2.7 16 7
03:11:51 1 42 4096 2887 8.2 2.8 16 7
03:11:53 1 39 4096 2887 9.3 2.8 16 7
03:11:54 1 44 4096 2887 7.7 2.9 16 7
03:11:55 1 40 4096 2887 9.0 2.9 16 7
03:11:56 1 42 4096 2887 8.3 2.9 16 7
03:11:57 1 42 4096 2887 8.3 2.9 16 7
03:11:58 1 42 4096 2887 8.3 2.9 16 7
03:11:59 1 42 4096 2887 8.3 2.9 16 7
03:12:00 1 42 4096 2887 8.3 2.8 16 7
03:12:01 1 41 4096 2887 8.4 2.8 16 7
03:12:02 1 41 4096 2887 8.3 2.5 16 7
03:12:03 1 40 4096 2887 8.4 2.4 16 7
03:12:04 1 36 4096 2887 9.5 2.4 16 7
03:12:05 1 37 4096 2887 9.5 2.4 16 7
03:12:06 1 36 4096 2887 9.6 2.4 16 7
03:12:07 1 37 4096 2887 9.5 2.5 16 7
03:12:08 1 36 4096 2887 9.9 2.5 16 7
03:12:10 1 36 4096 2887 10.0 2.5 16 7
03:12:11 1 36 4096 2887 9.9 2.5 16 7
03:12:12 1 36 4096 2887 10.0 2.5 16 7
03:12:13 1 36 4096 2887 10.0 2.5 16 7
03:12:14 1 36 4096 2887 10.0 2.5 16 7
03:12:15 1 38 4096 2887 9.5 2.5 16 7
03:12:16 1 42 4096 2887 8.1 2.5 16 7
03:12:17 1 42 4096 2887 8.1 2.5 16 7
03:12:18 1 42 4096 2887 7.9 2.5 16 7
03:12:19 1 42 4096 2887 7.9 2.5 16 7
03:12:20 1 42 4096 2887 7.9 2.5 16 7
03:12:21 1 42 4096 2887 8.0 2.5 16 7
03:12:22 1 42 4096 2887 7.9 2.5 16 7
03:12:23 1 43 4096 2887 7.9 2.5 16 7
03:12:24 1 43 4096 2887 7.9 2.5 16 7
03:12:25 1 43 4096 2887 7.9 2.5 16 7
03:12:27 1 43 4096 2887 7.9 2.5 16 7
03:12:28 1 42 4096 2887 7.9 2.5 16 7
03:12:29 1 43 4096 2887 7.9 2.5 16 7
03:12:30 1 43 4096 2887 7.9 2.5 16 7
03:12:31 1 43 4096 2887 7.9 2.5 16 7
03:12:32 1 43 4096 2887 7.8 2.5 16 7
03:12:33 1 43 4096 2887 7.9 2.5 16 7
03:12:34 1 43 4096 2887 7.9 2.5 16 7
03:12:35 1 43 4096 2887 7.8 2.5 16 7
03:12:36 1 43 4096 2887 7.8 2.5 16 7
03:12:37 1 43 4096 2887 7.8 2.5 16 7
03:12:38 1 43 4096 2887 7.8 2.5 16 7
03:12:39 1 43 4096 2887 7.8 2.5 16 7
03:12:40 1 39 4096 2887 9.0 2.2 16 7
03:12:41 1 46 4096 2887 6.5 2.2 16 7
03:12:42 1 46 4096 2887 6.5 2.2 16 7
03:12:44 1 46 4096 2887 6.6 2.2 16 7
03:12:45 1 46 4096 2887 6.5 2.2 16 7
03:12:46 1 46 4096 2887 6.5 2.2 16 7
03:12:47 1 42 4096 2887 8.2 2.4 16 7
03:12:48 1 42 4096 2887 8.2 2.5 16 7
03:12:49 1 43 4096 2887 8.1 2.6 16 7
03:12:50 1 43 4096 2887 8.1 2.7 16 7
03:12:51 1 40 4096 2887 9.1 2.8 16 7
03:12:52 1 45 4096 2887 7.5 2.8 16 7
03:12:53 1 41 4096 2887 8.9 2.8 16 7
03:12:54 1 43 4096 2887 8.2 2.9 16 7
03:12:55 1 44 4096 2887 8.1 2.9 16 7
03:12:56 1 44 4096 2887 8.1 2.9 16 7
03:12:57 1 44 4096 2887 8.1 2.9 16 7
03:12:58 1 44 4096 2887 8.1 3.0 16 7
03:12:59 1 44 4096 2887 8.1 3.0 16 7
03:13:01 1 45 4096 2887 7.9 3.0 16 7
03:13:02 1 45 4096 2887 7.8 3.0 16 7
03:13:03 1 45 4096 2887 7.8 3.0 16 7
03:13:04 1 45 4096 2887 7.8 3.0 16 7
03:13:05 1 45 4096 2887 7.9 3.0 16 7
03:13:06 1 45 4096 2887 7.8 3.0 16 7
03:13:07 1 45 4096 2887 7.8 3.0 16 7
03:13:08 1 45 4096 2887 7.9 3.0 16 7
03:13:09 1 46 4096 2887 7.8 3.0 16 7
03:13:10 1 45 4096 2887 7.8 3.0 16 7
03:13:11 1 46 4096 2887 7.8 3.0 16 7
03:13:12 1 46 4096 2887 7.8 3.0 16 7
03:13:13 1 46 4096 2887 7.8 3.0 16 7
03:13:14 1 46 4096 2887 7.8 3.0 16 7
03:13:15 1 46 4096 2887 7.8 3.0 16 7
03:13:16 1 47 4096 2887 7.5 3.0 16 7
03:13:18 1 47 4096 2887 7.6 3.0 16 7
03:13:19 1 46 4096 2887 7.6 3.0 16 7
03:13:20 1 46 4096 2887 7.6 3.0 16 7
03:13:21 1 46 4096 2887 7.6 3.0 16 7
03:13:22 1 47 4096 2887 7.6 3.0 16 7
03:13:23 1 47 4096 2887 7.6 3.0 16 7
03:13:24 1 47 4096 2887 7.6 3.0 16 7
03:13:25 1 47 4096 2887 7.5 3.0 16 7
03:13:26 1 46 4096 2887 7.6 3.0 16 7
03:13:27 1 47 4096 2887 7.6 3.0 16 7
03:13:28 1 46 4096 2887 7.6 3.0 16 7
03:13:29 1 47 4096 2887 7.6 3.0 16 7
03:13:30 1 47 4096 2887 7.5 3.0 16 7
03:13:31 1 47 4096 2887 7.5 3.0 16 7
03:13:32 1 47 4096 2887 7.5 3.0 16 7
03:13:33 1 47 4096 2887 7.5 3.0 16 7
03:13:35 1 47 4096 2887 7.5 3.0 16 7
03:13:36 1 47 4096 2887 7.5 3.0 16 7
03:13:37 1 47 4096 2887 7.5 3.0 16 7
03:13:38 1 43 4096 2887 9.2 3.0 16 7
03:13:39 1 42 4096 2887 9.0 3.0 16 7
03:13:40 1 50 4096 2887 6.5 3.0 16 7
03:13:41 1 50 4096 2887 6.6 3.0 16 7
03:13:42 1 50 4096 2887 6.3 3.0 16 7
03:13:43 1 51 4096 2887 6.3 3.0 16 7
03:13:44 1 46 4096 2887 7.8 3.0 16 7
03:13:45 1 46 4096 2887 7.8 3.0 16 7
03:13:46 1 46 4096 2887 7.7 3.0 16 7
03:13:47 1 46 4096 2887 7.8 3.0 16 7
03:13:48 1 43 4096 2887 8.9 3.0 16 7
03:13:49 1 43 4096 2887 8.9 3.0 16 7
03:13:50 1 43 4096 2887 8.7 3.0 16 7
03:13:51 1 46 4096 2887 7.9 3.0 16 7
03:13:53 1 46 4096 2887 7.9 3.0 16 7
03:13:54 1 46 4096 2887 7.9 3.0 16 7
03:13:55 1 46 4096 2887 7.9 3.0 16 7
03:13:56 1 46 4096 2887 7.9 3.0 16 7
03:13:57 1 46 4096 2887 7.9 3.0 16 7
03:13:58 1 46 4096 2887 7.9 3.0 16 7
03:13:59 1 46 4096 2887 7.9 3.0 16 7
03:14:00 1 46 4096 2887 7.8 3.0 16 7
03:14:01 1 46 4096 2887 7.8 3.0 16 7
03:14:02 1 46 4096 2887 7.7 3.0 16 7
03:14:03 1 46 4096 2887 7.7 3.0 16 7
03:14:04 1 46 4096 2887 7.7 3.0 16 7
03:14:05 1 46 4096 2887 7.7 3.0 16 7
03:14:06 1 46 4096 2887 7.7 3.0 16 7
03:14:07 1 46 4096 2887 7.7 3.0 16 7
03:14:08 1 46 4096 2887 7.7 3.0 16 7
03:14:09 1 46 4096 2887 7.7 3.0 16 7
03:14:11 1 47 4096 2887 7.7 3.0 16 7
03:14:12 1 46 4096 2887 7.7 3.0 16 7
03:14:13 1 46 4096 2887 7.7 3.0 16 7
03:14:14 1 47 4096 2887 7.5 3.0 16 7
03:14:15 1 47 4096 2887 7.4 3.0 16 7
03:14:16 1 47 4096 2887 7.4 3.0 16 7
03:14:17 1 47 4096 2887 7.5 3.0 16 7
03:14:18 1 47 4096 2887 7.6 3.0 16 7
03:14:19 1 47 4096 2887 7.5 3.0 16 7
03:14:20 1 46 4096 2887 7.6 3.0 16 7
03:14:22 1 44 4096 2887 7.7 2.9 16 7
03:14:23 1 42 4096 2887 7.8 2.6 16 7
03:14:24 1 42 4096 2887 7.8 2.5 16 7
03:14:25 1 41 4096 2887 7.8 2.6 16 7
03:14:26 1 41 4096 2887 7.8 2.6 16 7
03:14:27 1 41 4096 2887 7.8 2.6 16 7
03:14:28 1 42 4096 2887 7.8 2.7 16 7
03:14:29 1 42 4096 2887 7.8 2.7 16 7
03:14:30 1 42 4096 2887 7.7 2.7 16 7
03:14:31 1 42 4096 2887 7.7 2.7 16 7
03:14:32 1 42 4096 2887 7.7 2.7 16 7
03:14:33 1 42 4096 2887 7.7 2.7 16 7
03:14:34 1 43 4096 2887 7.7 2.7 16 7
03:14:35 1 42 4096 2887 8.2 2.8 16 7
03:14:36 1 41 4096 2887 8.6 2.8 16 7
03:14:37 1 47 4096 2887 6.4 2.8 16 7
03:14:39 1 47 4096 2887 6.4 2.8 16 7
03:14:40 1 47 4096 2887 6.5 2.8 16 7
03:14:41 1 48 4096 2887 6.4 2.8 16 7
03:14:42 1 43 4096 2887 7.9 2.8 16 7
03:14:43 1 43 4096 2887 7.9 2.9 16 7
03:14:44 1 43 4096 2887 7.9 2.9 16 7
03:14:45 1 43 4096 2887 7.9 2.9 16 7
03:14:46 1 43 4096 2887 7.8 2.9 16 7
03:14:47 1 41 4096 2887 8.7 2.9 16 7
03:14:48 1 40 4096 2887 8.8 2.9 16 7
03:14:49 1 44 4096 2887 7.7 2.9 16 7
03:14:50 1 43 4096 2887 8.0 2.9 16 7
03:14:51 1 41 4096 2887 8.0 2.7 16 7
03:14:52 1 42 4096 2887 7.9 2.7 16 7
03:14:53 1 42 4096 2887 7.9 2.8 16 7
03:14:55 1 42 4096 2887 7.9 2.8 16 7
03:14:56 1 42 4096 2887 7.9 2.8 16 7
03:14:57 1 43 4096 2887 7.9 2.8 16 7
03:14:58 1 43 4096 2887 7.7 2.8 16 7
03:14:59 1 43 4096 2887 7.8 2.8 16 7
03:15:00 1 43 4096 2887 7.8 2.8 16 7
03:15:01 1 43 4096 2887 7.8 2.8 16 7
03:15:02 1 43 4096 2887 7.8 2.8 16 7
03:15:03 1 43 4096 2887 7.7 2.8 16 7
03:15:04 1 44 4096 2887 7.7 2.8 16 7
03:15:05 1 44 4096 2887 7.7 2.8 16 7
03:15:06 1 44 4096 2887 7.7 2.8 16 7
03:15:07 1 44 4096 2887 7.7 2.8 16 7
03:15:08 1 44 4096 2887 7.7 2.8 16 7
03:15:09 1 44 4096 2887 7.7 2.8 16 7
03:15:11 1 44 4096 2887 7.6 2.8 16 7
03:15:12 1 44 4096 2887 7.6 2.8 16 7
03:15:13 1 44 4096 2887 7.6 2.8 16 7
03:15:14 1 44 4096 2887 7.6 2.8 16 7
03:15:15 1 44 4096 2887 7.6 2.8 16 7
03:15:16 1 45 4096 2887 7.6 2.8 16 7
03:15:17 1 45 4096 2887 7.5 2.8 16 7
03:15:18 1 45 4096 2887 7.6 2.8 16 7
03:15:19 1 45 4096 2887 7.5 2.8 16 7
03:15:20 1 45 4096 2887 7.5 2.8 16 7
03:15:21 1 45 4096 2887 7.6 2.8 16 7
03:15:22 1 45 4096 2887 7.5 2.8 16 7
03:15:23 1 45 4096 2887 7.7 2.8 16 7
03:15:24 1 45 4096 2887 7.7 2.8 16 7
03:15:25 1 45 4096 2887 7.5 2.8 16 7
03:15:26 1 45 4096 2887 7.6 2.8 16 7
03:15:28 1 45 4096 2887 7.5 2.8 16 7
03:15:29 1 45 4096 2887 7.5 2.8 16 7
03:15:30 1 45 4096 2887 7.5 2.8 16 7
03:15:31 1 45 4096 2887 7.5 2.8 16 7
03:15:32 1 45 4096 2887 7.5 2.8 16 7
03:15:33 1 45 4096 2887 7.5 2.8 16 7
03:15:34 1 41 4096 2887 9.1 2.8 16 7
03:15:35 1 48 4096 2887 6.5 2.8 16 7
03:15:36 1 48 4096 2887 6.5 2.8 16 7
03:15:37 1 48 4096 2887 6.6 2.8 16 7
03:15:38 1 49 4096 2887 6.3 2.8 16 7
03:15:39 1 49 4096 2887 6.3 2.8 16 7
03:15:40 1 45 4096 2887 7.8 2.9 16 7
03:15:41 1 45 4096 2887 7.8 3.0 16 7
03:15:42 1 46 4096 2887 7.7 3.0 16 7
03:15:43 1 46 4096 2887 7.7 3.0 16 7
03:15:44 1 42 4096 2887 8.9 3.0 16 7
03:15:46 1 43 4096 2887 8.6 3.0 16 7
03:15:47 1 43 4096 2887 8.0 3.0 16 7
03:15:48 1 45 4096 2887 7.9 3.0 16 7
03:15:49 1 45 4096 2887 7.9 3.0 16 7
03:15:50 1 45 4096 2887 8.0 3.0 16 7
03:15:51 1 45 4096 2887 7.9 3.0 16 7
03:15:52 1 45 4096 2887 7.9 3.0 16 7
03:15:53 1 45 4096 2887 7.9 3.0 16 7
03:15:54 1 45 4096 2887 7.9 3.0 16 7
03:15:55 1 45 4096 2887 7.8 3.0 16 7
03:15:56 1 45 4096 2887 7.8 3.0 16 7
03:15:57 1 45 4096 2887 7.8 3.0 16 7
03:15:58 1 45 4096 2887 7.9 3.0 16 7
03:15:59 1 45 4096 2887 7.9 3.0 16 7
03:16:00 1 45 4096 2887 7.8 3.0 16 7
03:16:01 1 45 4096 2887 7.8 3.0 16 7
03:16:02 1 45 4096 2887 7.8 3.0 16 7
03:16:04 1 46 4096 2887 7.8 3.0 16 7
03:16:05 1 46 4096 2887 7.8 3.0 16 7
03:16:06 1 46 4096 2887 7.8 3.0 16 7
03:16:07 1 46 4096 2887 7.8 3.0 16 7
03:16:08 1 46 4096 2887 7.8 3.0 16 7
03:16:09 1 46 4096 2887 7.8 3.0 16 7
03:16:10 1 46 4096 2887 7.6 3.0 16 7
03:16:11 1 47 4096 2887 7.5 3.0 16 7
03:16:12 1 47 4096 2887 7.6 3.0 16 7
03:16:13 1 47 4096 2887 7.6 3.0 16 7
03:16:14 1 47 4096 2887 7.6 3.0 16 7
03:16:15 1 47 4096 2887 7.6 3.0 16 7
03:16:16 1 47 4096 2887 7.6 3.0 16 7
03:16:17 1 47 4096 2887 7.6 3.0 16 7
03:16:18 1 47 4096 2887 7.6 3.0 16 7
03:16:19 1 47 4096 2887 7.6 3.0 16 7
03:16:21 1 47 4096 2887 7.6 3.0 16 7
03:16:22 1 47 4096 2887 7.6 3.0 16 7
03:16:23 1 47 4096 2887 7.6 3.0 16 7
03:16:24 1 47 4096 2887 7.6 3.0 16 7
03:16:25 1 47 4096 2887 7.6 3.0 16 7
03:16:26 1 47 4096 2887 7.6 3.0 16 7
03:16:27 1 47 4096 2887 7.5 3.0 16 7
03:16:28 1 47 4096 2887 7.6 3.0 16 7
03:16:29 1 47 4096 2887 7.6 3.0 16 7
03:16:30 1 47 4096 2887 7.6 3.0 16 7
03:16:31 1 42 4096 2887 8.9 3.0 16 7
03:16:32 1 42 4096 2887 8.8 2.9 16 7
03:16:33 1 50 4096 2887 6.3 2.9 16 7
03:16:34 1 49 4096 2887 6.4 2.9 16 7
03:16:35 1 45 4096 2887 6.3 2.6 16 7
03:16:37 1 45 4096 2887 6.2 2.6 16 7
03:16:38 1 44 4096 2887 7.4 2.6 16 7
03:16:39 1 44 4096 2887 7.7 2.7 16 7
03:16:40 1 44 4096 2887 7.7 2.8 16 7
03:16:41 1 44 4096 2887 7.7 2.8 16 7
03:16:42 1 44 4096 2887 7.7 2.8 16 7
03:16:43 1 39 4096 2887 9.0 2.5 16 7
03:16:44 1 40 4096 2887 8.6 2.5 16 7
03:16:45 1 43 4096 2887 7.6 2.5 16 7
03:16:46 1 42 4096 2887 7.9 2.6 16 7
03:16:47 1 43 4096 2887 7.9 2.6 16 7
03:16:48 1 43 4096 2887 8.0 2.7 16 7
03:16:49 1 43 4096 2887 7.9 2.7 16 7
03:16:50 1 43 4096 2887 7.9 2.7 16 7
03:16:51 1 43 4096 2887 7.9 2.8 16 7
03:16:53 1 43 4096 2887 7.9 2.8 16 7
03:16:54 1 44 4096 2887 7.8 2.8 16 7
03:16:55 1 44 4096 2887 7.8 2.8 16 7
03:16:56 1 44 4096 2887 7.8 2.8 16 7
03:16:57 1 44 4096 2887 7.9 2.8 16 7
03:16:58 1 44 4096 2887 7.9 2.8 16 7
03:16:59 1 45 4096 2887 7.8 2.8 16 7
03:17:00 1 43 4096 2887 8.0 2.6 16 7
03:17:02 1 39 4096 2887 8.1 2.1 16 7
03:17:03 1 38 4096 2887 8.1 1.9 16 7
03:17:04 1 38 4096 2887 8.1 1.9 16 7
03:17:05 1 38 4096 2887 8.0 2.0 16 7
03:17:06 1 38 4096 2887 8.0 2.0 16 7
03:17:07 1 38 4096 2887 8.0 2.0 16 7
03:17:08 2 39 4096 2887 8.0 2.1 16 7
03:17:09 2 40 4096 2887 7.8 2.2 16 7
03:17:10 2 41 4096 2887 7.7 2.2 16 7
03:17:11 2 41 4096 2887 7.8 2.3 16 7
03:17:12 2 41 4096 2887 7.7 2.3 16 7
03:17:13 2 41 4096 2887 7.7 2.3 16 7
03:17:14 2 41 4096 2887 7.7 2.4 16 7
03:17:15 2 41 4096 2887 7.7 2.4 16 7
03:17:17 2 41 4096 2887 7.7 2.4 16 7
03:17:18 2 42 4096 2887 7.7 2.4 16 7
03:17:19 2 42 4096 2887 7.7 2.4 16 7
03:17:20 2 42 4096 2887 7.7 2.4 16 7
03:17:21 2 42 4096 2887 7.7 2.4 16 7
03:17:22 2 42 4096 2887 7.7 2.4 16 7
03:17:23 2 42 4096 2887 7.7 2.4 16 7
03:17:24 2 42 4096 2887 7.7 2.4 16 7
03:17:25 2 42 4096 2887 7.7 2.4 16 7
03:17:26 2 42 4096 2887 7.7 2.4 16 7
03:17:27 2 42 4096 2887 7.7 2.4 16 7
03:17:28 2 42 4096 2887 7.7 2.4 16 7
03:17:29 2 42 4096 2887 7.7 2.4 16 7
03:17:30 2 42 4096 2887 7.7 2.4 16 7
03:17:31 2 37 4096 2887 9.1 1.9 16 7
03:17:33 2 45 4096 2887 6.5 1.9 16 7
03:17:34 2 45 4096 2887 6.5 1.9 16 7
03:17:35 2 45 4096 2887 6.6 1.9 16 7
03:17:36 2 46 4096 2887 6.3 1.9 16 7
03:17:37 2 46 4096 2887 6.3 1.9 16 7
03:17:38 2 42 4096 2887 7.8 2.0 16 7
03:17:39 2 42 4096 2887 7.8 2.1 16 7
03:17:40 2 43 4096 2887 7.7 2.3 16 7
03:17:41 2 43 4096 2887 7.7 2.4 16 7
03:17:42 2 40 4096 2887 8.9 2.5 16 7
03:17:43 2 48 4096 2887 6.3 2.5 16 7
03:17:44 2 41 4096 2887 8.7 2.6 16 7
03:17:45 2 44 4096 2887 7.9 2.7 16 7
03:17:46 2 44 4096 2887 7.9 2.7 16 7
03:17:47 2 44 4096 2887 7.9 2.8 16 7
03:17:48 2 44 4096 2887 7.9 2.8 16 7
03:17:50 2 45 4096 2887 7.9 2.9 16 7
03:17:51 2 45 4096 2887 7.9 2.9 16 7
03:17:52 2 45 4096 2887 7.9 2.9 16 7
03:17:53 2 45 4096 2887 7.8 2.9 16 7
03:17:54 2 45 4096 2887 7.8 3.0 16 7
03:17:55 2 45 4096 2887 7.8 3.0 16 7
03:17:56 2 45 4096 2887 7.8 3.0 16 7
03:17:57 2 45 4096 2887 7.8 3.0 16 7
03:17:58 2 45 4096 2887 7.8 3.0 16 7
03:17:59 1 46 4096 2887 7.8 3.0 16 7
03:18:00 1 46 4096 2887 7.8 3.0 16 7
03:18:01 1 46 4096 2887 7.8 3.0 16 7
03:18:02 1 46 4096 2887 7.8 3.0 16 7
03:18:03 1 46 4096 2887 7.8 3.0 16 7
03:18:04 1 46 4096 2887 7.8 3.0 16 7
03:18:06 1 46 4096 2887 7.8 3.0 16 7
03:18:07 1 46 4096 2887 7.8 3.0 16 7
03:18:08 1 47 4096 2887 7.5 3.0 16 7
03:18:09 1 47 4096 2887 7.5 3.0 16 7
03:18:10 1 47 4096 2887 7.5 3.0 16 7
03:18:11 1 47 4096 2887 7.5 3.0 16 7
03:18:12 1 47 4096 2887 7.5 3.0 16 7
03:18:13 1 47 4096 2887 7.5 3.0 16 7
03:18:14 1 47 4096 2887 7.5 3.0 16 7
03:18:15 1 47 4096 2887 7.5 3.0 16 7
03:18:16 1 47 4096 2887 7.5 3.0 16 7
03:18:17 1 47 4096 2887 7.6 3.0 16 7
03:18:18 1 47 4096 2887 7.5 3.0 16 7
03:18:19 1 47 4096 2887 7.5 3.0 16 7
03:18:20 1 47 4096 2887 7.5 3.0 16 7
03:18:21 1 47 4096 2887 7.5 3.0 16 7
03:18:23 1 47 4096 2887 7.5 3.0 16 7
03:18:24 1 47 4096 2887 7.6 3.0 16 7
03:18:25 1 47 4096 2887 7.5 3.0 16 7
03:18:26 1 47 4096 2887 7.5 3.0 16 7
03:18:27 1 47 4096 2887 7.6 3.0 16 7
03:18:28 1 47 4096 2887 7.5 3.0 16 7
03:18:29 1 47 4096 2887 7.5 3.0 16 7
03:18:30 1 43 4096 2887 8.9 3.0 16 7
03:18:31 1 50 4096 2887 6.3 3.0 16 7
03:18:32 1 51 4096 2887 6.2 3.0 16 7
03:18:33 1 50 4096 2887 6.4 3.0 16 7
03:18:34 1 50 4096 2887 6.3 3.0 16 7
03:18:35 1 51 4096 2887 6.2 3.0 16 7
03:18:36 1 46 4096 2887 7.8 3.0 16 7
03:18:37 1 46 4096 2887 7.8 3.0 16 7
03:18:38 1 46 4096 2887 7.7 3.0 16 7
03:18:39 1 46 4096 2887 7.7 3.0 16 7
03:18:40 1 43 4096 2887 8.9 3.0 16 7
03:18:42 1 48 4096 2887 7.3 3.0 16 7
03:18:43 1 43 4096 2887 8.6 3.0 16 7
03:18:44 1 46 4096 2887 7.9 3.0 16 7
03:18:45 1 46 4096 2887 7.9 3.0 16 7
03:18:46 1 46 4096 2887 7.9 3.0 16 7
03:18:47 1 46 4096 2887 7.9 3.0 16 7
03:18:48 1 46 4096 2887 7.9 3.0 16 7
03:18:49 1 46 4096 2887 7.9 3.0 16 7
03:18:50 1 46 4096 2887 8.0 3.0 16 7
03:18:51 1 46 4096 2887 7.8 3.0 16 7
03:18:52 1 46 4096 2887 7.8 3.0 16 7
03:18:53 1 46 4096 2887 7.8 3.0 16 7
03:18:54 1 46 4096 2887 7.8 3.0 16 7
03:18:55 1 46 4096 2887 7.8 3.0 16 7
03:18:56 1 46 4096 2887 7.8 3.0 16 7
03:18:57 1 46 4096 2887 7.8 3.0 16 7
03:18:59 1 46 4096 2887 7.8 3.0 16 7
03:19:00 1 46 4096 2887 7.8 3.0 16 7
03:19:01 1 46 4096 2887 7.8 3.0 16 7
03:19:02 1 46 4096 2887 7.8 3.0 16 7
03:19:03 1 46 4096 2887 7.8 3.0 16 7
03:19:04 1 46 4096 2887 7.8 3.0 16 7
03:19:05 1 46 4096 2887 7.8 3.0 16 7
03:19:06 1 47 4096 2887 7.6 3.0 16 7
03:19:07 1 47 4096 2887 7.5 3.0 16 7
03:19:08 1 47 4096 2887 7.6 3.0 16 7
03:19:09 1 47 4096 2887 7.6 3.0 16 7
03:19:10 1 47 4096 2887 7.6 3.0 16 7
03:19:11 1 47 4096 2887 7.6 3.0 16 7
03:19:12 1 47 4096 2887 7.7 3.0 16 7
03:19:13 1 47 4096 2887 7.7 3.0 16 7
03:19:15 1 47 4096 2887 7.5 3.0 16 7
03:19:16 1 47 4096 2887 7.5 3.0 16 7
03:19:17 1 47 4096 2887 7.5 3.0 16 7
03:19:18 1 47 4096 2887 7.6 3.0 16 7
03:19:19 1 47 4096 2887 7.6 3.0 16 7
03:19:20 1 47 4096 2887 7.6 3.0 16 7
03:19:21 1 47 4096 2887 7.6 3.0 16 7
03:19:22 1 47 4096 2887 7.6 3.0 16 7
03:19:23 1 47 4096 2887 7.6 3.0 16 7
03:19:24 1 47 4096 2887 7.5 3.0 16 7
03:19:25 1 47 4096 2887 7.6 3.0 16 7
03:19:26 1 47 4096 2887 7.5 3.0 16 7
03:19:27 1 47 4096 2887 7.5 3.0 16 7
03:19:28 1 42 4096 2887 9.2 3.0 16 7
03:19:29 1 50 4096 2887 6.5 3.0 16 7
03:19:30 1 50 4096 2887 6.5 3.0 16 7
03:19:32 1 50 4096 2887 6.6 3.0 16 7
03:19:33 1 51 4096 2887 6.3 3.0 16 7
03:19:34 1 51 4096 2887 6.3 3.0 16 7
03:19:35 1 46 4096 2887 7.8 3.0 16 7
03:19:36 1 46 4096 2887 7.8 3.0 16 7
03:19:37 1 46 4096 2887 7.7 3.0 16 7
03:19:38 1 46 4096 2887 7.8 3.0 16 7
03:19:39 1 43 4096 2887 8.9 3.0 16 7
03:19:40 1 47 4096 2887 7.5 3.0 16 7
03:19:41 1 44 4096 2887 8.7 3.0 16 7
03:19:42 1 45 4096 2887 8.0 3.0 16 7
03:19:43 1 44 4096 2887 8.0 3.0 16 7
03:19:44 1 44 4096 2887 8.0 3.0 16 7
03:19:45 1 44 4096 2887 8.0 3.0 16 7
03:19:46 1 44 4096 2887 8.0 3.0 16 7
03:19:48 1 44 4096 2887 8.0 3.0 16 7
03:19:49 1 44 4096 2887 8.0 3.0 16 7
03:19:50 1 44 4096 2887 8.0 3.0 16 7
03:19:51 1 45 4096 2887 7.8 3.0 16 7
03:19:52 1 43 4096 2887 7.9 2.7 16 7
03:19:53 1 44 4096 2887 7.9 2.8 16 7
03:19:54 1 44 4096 2887 7.9 2.8 16 7
03:19:55 1 44 4096 2887 7.9 2.8 16 7
03:19:56 1 44 4096 2887 7.9 2.8 16 7
03:19:57 1 44 4096 2887 7.9 2.8 16 7
03:19:58 1 44 4096 2887 7.9 2.8 16 7
03:19:59 1 44 4096 2887 7.9 2.8 16 7
03:20:00 1 44 4096 2887 7.8 2.8 16 7
03:20:01 1 44 4096 2887 7.8 2.8 16 7
03:20:03 1 44 4096 2887 7.8 2.8 16 7
03:20:04 1 44 4096 2887 7.8 2.8 16 7
03:20:05 1 45 4096 2887 7.6 2.8 16 7
03:20:06 1 45 4096 2887 7.6 2.8 16 7
03:20:07 1 45 4096 2887 7.6 2.8 16 7
03:20:08 1 45 4096 2887 7.6 2.8 16 7
03:20:09 1 45 4096 2887 7.6 2.8 16 7
03:20:10 1 45 4096 2887 7.6 2.8 16 7
03:20:11 1 45 4096 2887 7.5 2.8 16 7
03:20:12 1 45 4096 2887 7.6 2.8 16 7
03:20:13 1 45 4096 2887 7.6 2.8 16 7
03:20:14 1 45 4096 2887 7.6 2.8 16 7
03:20:15 1 45 4096 2887 7.6 2.8 16 7
03:20:16 1 45 4096 2887 7.6 2.8 16 7
03:20:17 1 45 4096 2887 7.5 2.8 16 7
03:20:19 1 45 4096 2887 7.5 2.8 16 7
03:20:20 1 45 4096 2887 7.6 2.8 16 7
03:20:21 1 45 4096 2887 7.6 2.8 16 7
03:20:22 1 45 4096 2887 7.6 2.8 16 7
03:20:23 1 45 4096 2887 7.5 2.8 16 7
03:20:24 1 45 4096 2887 7.5 2.8 16 7
03:20:25 1 45 4096 2887 7.6 2.8 16 7
03:20:26 1 45 4096 2887 7.5 2.8 16 7
03:20:27 1 45 4096 2887 7.5 2.8 16 7
03:20:28 1 42 4096 2887 8.9 2.8 16 7
03:20:29 1 49 4096 2887 6.3 2.8 16 7
03:20:30 1 49 4096 2887 6.3 2.8 16 7
03:20:31 1 49 4096 2887 6.4 2.8 16 7
03:20:32 1 49 4096 2887 6.3 2.8 16 7
03:20:33 1 50 4096 2887 6.3 2.8 16 7
03:20:34 1 45 4096 2887 7.8 2.8 16 7
03:20:36 1 45 4096 2887 7.8 2.8 16 7
03:20:37 1 45 4096 2887 7.7 2.9 16 7
03:20:38 1 46 4096 2887 7.7 3.0 16 7
03:20:39 1 42 4096 2887 8.9 3.0 16 7
03:20:40 1 44 4096 2887 8.6 3.0 16 7
03:20:41 1 46 4096 2887 7.6 3.0 16 7
03:20:42 1 45 4096 2887 7.9 3.0 16 7
03:20:43 1 45 4096 2887 7.9 3.0 16 7
03:20:44 1 45 4096 2887 7.9 3.0 16 7
03:20:45 1 45 4096 2887 7.9 3.0 16 7
03:20:46 1 45 4096 2887 8.0 3.0 16 7
03:20:47 1 44 4096 2887 8.0 3.0 16 7
03:20:48 1 44 4096 2887 8.0 2.8 16 7
03:20:49 1 44 4096 2887 7.8 2.8 16 7
03:20:50 1 44 4096 2887 7.8 2.8 16 7
03:20:52 1 44 4096 2887 7.8 2.8 16 7
03:20:53 1 44 4096 2887 7.8 2.8 16 7
03:20:54 1 44 4096 2887 7.9 2.8 16 7
03:20:55 1 44 4096 2887 7.9 2.8 16 7
03:20:56 1 44 4096 2887 7.8 2.8 16 7
03:20:57 1 44 4096 2887 7.8 2.8 16 7
03:20:58 1 44 4096 2887 7.8 2.8 16 7
03:20:59 1 44 4096 2887 7.8 2.8 16 7
03:21:00 1 44 4096 2887 7.8 2.8 16 7
03:21:01 1 44 4096 2887 7.8 2.8 16 7
03:21:02 1 45 4096 2887 7.8 2.8 16 7
03:21:03 1 45 4096 2887 7.8 2.8 16 7
03:21:04 1 45 4096 2887 7.6 2.8 16 7
03:21:05 1 45 4096 2887 7.5 2.8 16 7
03:21:06 1 45 4096 2887 7.6 2.8 16 7
03:21:08 1 45 4096 2887 7.6 2.8 16 7
03:21:09 1 45 4096 2887 7.6 2.8 16 7
03:21:10 1 45 4096 2887 7.6 2.8 16 7
03:21:11 1 45 4096 2887 7.5 2.8 16 7
03:21:12 1 45 4096 2887 7.5 2.8 16 7
03:21:13 1 45 4096 2887 7.6 2.8 16 7
03:21:14 1 45 4096 2887 7.6 2.8 16 7
03:21:15 1 46 4096 2887 7.6 2.8 16 7
03:21:16 1 46 4096 2887 7.6 2.8 16 7
03:21:17 1 46 4096 2887 7.6 2.8 16 7
03:21:18 1 46 4096 2887 7.6 2.8 16 7
03:21:19 1 46 4096 2887 7.6 2.8 16 7
03:21:20 1 46 4096 2887 7.6 2.8 16 7
03:21:21 1 46 4096 2887 7.5 2.8 16 7
03:21:23 1 46 4096 2887 7.5 2.8 16 7
03:21:24 1 46 4096 2887 7.6 2.8 16 7
03:21:25 1 46 4096 2887 7.6 2.8 16 7
03:21:26 1 46 4096 2887 7.6 2.8 16 7
03:21:27 1 41 4096 2887 9.2 2.8 16 7
03:21:28 1 48 4096 2887 6.6 2.8 16 7
03:21:29 1 48 4096 2887 6.6 2.8 16 7
03:21:30 1 41 4096 2887 6.8 2.3 16 7
03:21:31 2 39 4096 2887 6.6 1.7 16 7
03:21:32 2 39 4096 2887 6.5 1.6 16 7
03:21:33 2 37 4096 2887 8.0 1.6 16 7
03:21:34 2 37 4096 2887 8.1 1.6 16 7
03:21:35 2 37 4096 2887 8.0 1.5 16 7
03:21:37 2 37 4096 2887 8.0 1.6 16 7
03:21:38 2 37 4096 2887 8.1 1.5 16 7
03:21:39 2 38 4096 2887 7.5 1.5 16 7
03:21:40 2 36 4096 2887 8.9 1.7 16 7
03:21:41 2 40 4096 2887 7.8 1.9 16 7
03:21:42 2 39 4096 2887 8.1 2.1 16 7
03:21:43 2 40 4096 2887 8.1 2.3 16 7
03:21:44 2 40 4096 2887 8.1 2.4 16 7
03:21:45 2 41 4096 2887 8.1 2.5 16 7
03:21:46 2 41 4096 2887 8.1 2.6 16 7
03:21:47 2 42 4096 2887 8.1 2.7 16 7
03:21:48 2 42 4096 2887 8.1 2.7 16 7
03:21:49 2 42 4096 2887 8.0 2.8 16 7
03:21:50 2 42 4096 2887 8.0 2.8 16 7
03:21:52 2 43 4096 2887 8.0 2.9 16 7
03:21:53 2 43 4096 2887 8.0 2.9 16 7
03:21:54 2 43 4096 2887 8.0 2.9 16 7
03:21:55 2 43 4096 2887 8.0 2.9 16 7
03:21:56 2 43 4096 2887 8.0 2.9 16 7
03:21:57 2 43 4096 2887 8.0 3.0 16 7
03:21:58 2 43 4096 2887 8.0 3.0 16 7
03:21:59 2 43 4096 2887 8.0 3.0 16 7
03:22:00 2 43 4096 2887 8.0 3.0 16 7
03:22:01 2 44 4096 2887 8.0 3.0 16 7
03:22:02 2 45 4096 2887 7.8 3.0 16 7
03:22:03 2 45 4096 2887 7.8 3.0 16 7
03:22:04 2 46 4096 2887 7.6 3.0 16 7
03:22:05 2 46 4096 2887 7.5 3.0 16 7
03:22:06 2 46 4096 2887 7.6 3.0 16 7
03:22:08 2 46 4096 2887 7.6 3.0 16 7
03:22:09 2 46 4096 2887 7.6 3.0 16 7
03:22:10 2 46 4096 2887 7.5 3.0 16 7
03:22:11 2 46 4096 2887 7.6 3.0 16 7
03:22:12 2 46 4096 2887 7.5 3.0 16 7
03:22:13 1 46 4096 2887 7.5 3.0 16 7
03:22:14 1 46 4096 2887 7.6 3.0 16 7
03:22:15 1 46 4096 2887 7.6 3.0 16 7
03:22:16 1 46 4096 2887 7.6 3.0 16 7
03:22:17 1 46 4096 2887 7.6 3.0 16 7
03:22:18 1 46 4096 2887 7.6 3.0 16 7
03:22:19 1 46 4096 2887 7.6 3.0 16 7
03:22:20 1 46 4096 2887 7.5 3.0 16 7
03:22:21 1 46 4096 2887 7.5 3.0 16 7
03:22:22 1 46 4096 2887 7.5 3.0 16 7
03:22:23 1 46 4096 2887 7.6 3.0 16 7
03:22:25 1 46 4096 2887 7.6 3.0 16 7
03:22:26 1 46 4096 2887 7.6 3.0 16 7
03:22:27 1 42 4096 2887 8.9 3.0 16 7
03:22:28 1 50 4096 2887 6.3 3.0 16 7
03:22:29 1 50 4096 2887 6.3 3.0 16 7
03:22:30 1 50 4096 2887 6.3 3.0 16 7
03:22:31 1 50 4096 2887 6.3 3.0 16 7
03:22:32 1 50 4096 2887 6.2 3.0 16 7
03:22:33 1 46 4096 2887 7.8 3.0 16 7
03:22:34 1 46 4096 2887 7.8 3.0 16 7
03:22:35 1 46 4096 2887 7.7 3.0 16 7
03:22:36 1 46 4096 2887 7.7 3.0 16 7
03:22:37 1 43 4096 2887 8.9 3.0 16 7
03:22:38 1 50 4096 2887 6.2 3.0 16 7
03:22:39 1 43 4096 2887 8.7 3.0 16 7
03:22:40 1 45 4096 2887 7.9 3.0 16 7
03:22:42 1 46 4096 2887 7.9 3.0 16 7
03:22:43 1 46 4096 2887 7.9 3.0 16 7
03:22:44 1 45 4096 2887 7.9 3.0 16 7
03:22:45 1 45 4096 2887 7.9 3.0 16 7
03:22:46 1 46 4096 2887 7.9 3.0 16 7
03:22:47 1 45 4096 2887 7.9 3.0 16 7
03:22:48 1 46 4096 2887 7.9 3.0 16 7
03:22:49 1 46 4096 2887 7.8 3.0 16 7
03:22:50 1 46 4096 2887 7.8 3.0 16 7
03:22:51 1 46 4096 2887 7.8 3.0 16 7
03:22:52 1 46 4096 2887 7.8 3.0 16 7
03:22:53 1 46 4096 2887 7.8 3.0 16 7
03:22:54 1 46 4096 2887 7.8 3.0 16 7
03:22:55 1 46 4096 2887 7.8 3.0 16 7
03:22:56 1 46 4096 2887 7.8 3.0 16 7
03:22:58 1 46 4096 2887 7.8 3.0 16 7
03:22:59 1 46 4096 2887 7.8 3.0 16 7
03:23:00 1 46 4096 2887 7.8 3.0 16 7
03:23:01 1 46 4096 2887 7.8 3.0 16 7
03:23:02 1 46 4096 2887 7.8 3.0 16 7
03:23:03 1 47 4096 2887 7.5 3.0 16 7
03:23:04 1 47 4096 2887 7.5 3.0 16 7
03:23:05 1 47 4096 2887 7.5 3.0 16 7
03:23:06 1 47 4096 2887 7.5 3.0 16 7
03:23:07 1 47 4096 2887 7.5 3.0 16 7
03:23:08 1 47 4096 2887 7.5 3.0 16 7
03:23:09 1 47 4096 2887 7.5 3.0 16 7
03:23:10 1 47 4096 2887 7.5 3.0 16 7
03:23:11 1 47 4096 2887 7.5 3.0 16 7
03:23:12 1 47 4096 2887 7.5 3.0 16 7
03:23:14 1 47 4096 2887 7.5 3.0 16 7
03:23:15 1 47 4096 2887 7.5 3.0 16 7
03:23:16 1 47 4096 2887 7.5 3.0 16 7
03:23:17 1 47 4096 2887 7.5 3.0 16 7
03:23:18 1 47 4096 2887 7.6 3.0 16 7
03:23:19 1 47 4096 2887 7.5 3.0 16 7
03:23:20 1 47 4096 2887 7.5 3.0 16 7
03:23:21 1 47 4096 2887 7.5 3.0 16 7
03:23:22 1 47 4096 2887 7.5 3.0 16 7
03:23:23 1 47 4096 2887 7.5 3.0 16 7
03:23:24 1 47 4096 2887 7.5 3.0 16 7
03:23:25 1 41 4096 2887 9.2 3.0 16 7
03:23:26 1 49 4096 2887 6.5 3.0 16 7
03:23:27 1 49 4096 2887 6.5 3.0 16 7
03:23:28 1 49 4096 2887 6.6 3.0 16 7
03:23:30 1 50 4096 2887 6.3 3.0 16 7
03:23:31 1 50 4096 2887 6.3 3.0 16 7
03:23:32 1 45 4096 2887 7.8 3.0 16 7
03:23:33 1 45 4096 2887 7.8 3.0 16 7
03:23:34 1 46 4096 2887 7.7 3.0 16 7
03:23:35 1 46 4096 2887 7.7 3.0 16 7
03:23:36 1 42 4096 2887 8.9 3.0 16 7
03:23:37 1 50 4096 2887 6.2 3.0 16 7
03:23:38 1 43 4096 2887 8.7 3.0 16 7
03:23:39 1 45 4096 2887 7.9 3.0 16 7
03:23:40 1 45 4096 2887 7.9 3.0 16 7
03:23:41 1 45 4096 2887 7.9 3.0 16 7
03:23:42 1 45 4096 2887 7.9 3.0 16 7
03:23:43 1 45 4096 2887 7.9 3.0 16 7
03:23:44 1 45 4096 2887 7.9 3.0 16 7
03:23:45 1 45 4096 2887 7.9 3.0 16 7
03:23:47 1 46 4096 2887 7.8 3.0 16 7
03:23:48 1 46 4096 2887 7.8 3.0 16 7
03:23:49 1 46 4096 2887 7.8 3.0 16 7
03:23:50 1 46 4096 2887 7.8 3.0 16 7
03:23:51 1 46 4096 2887 7.8 3.0 16 7
03:23:52 1 46 4096 2887 7.8 3.0 16 7
03:23:53 1 46 4096 2887 7.8 3.0 16 7
03:23:54 1 46 4096 2887 7.8 3.0 16 7
03:23:55 1 46 4096 2887 7.8 3.0 16 7
03:23:56 1 46 4096 2887 7.8 3.0 16 7
03:23:57 1 46 4096 2887 7.8 3.0 16 7
03:23:58 1 46 4096 2887 7.7 3.0 16 7
03:23:59 1 46 4096 2887 7.8 3.0 16 7
03:24:00 1 46 4096 2887 7.8 3.0 16 7
03:24:01 1 47 4096 2887 7.6 3.0 16 7
03:24:03 1 47 4096 2887 7.5 3.0 16 7
03:24:04 1 47 4096 2887 7.5 3.0 16 7
03:24:05 1 47 4096 2887 7.5 3.0 16 7
03:24:06 1 47 4096 2887 7.5 3.0 16 7
03:24:07 1 47 4096 2887 7.5 3.0 16 7
03:24:08 1 47 4096 2887 7.5 3.0 16 7
03:24:09 1 47 4096 2887 7.5 3.0 16 7
03:24:10 1 47 4096 2887 7.5 3.0 16 7
03:24:11 1 47 4096 2887 7.5 3.0 16 7
03:24:12 1 47 4096 2887 7.5 3.0 16 7
03:24:13 1 47 4096 2887 7.5 3.0 16 7
03:24:14 1 47 4096 2887 7.6 3.0 16 7
03:24:15 1 47 4096 2887 7.5 3.0 16 7
03:24:16 1 47 4096 2887 7.5 3.0 16 7
03:24:17 1 47 4096 2887 7.5 3.0 16 7
03:24:18 1 47 4096 2887 7.4 3.0 16 7
03:24:20 1 48 4096 2887 7.4 3.0 16 7
03:24:21 1 48 4096 2887 7.5 3.0 16 7
03:24:22 1 48 4096 2887 7.5 3.0 16 7
03:24:23 1 44 4096 2887 8.9 3.0 16 7
03:24:24 1 45 4096 2887 8.4 3.0 16 7
03:24:25 1 52 4096 2887 6.3 3.0 16 7
03:24:26 1 51 4096 2887 6.4 3.0 16 7
03:24:27 1 52 4096 2887 6.3 3.0 16 7
03:24:28 1 52 4096 2887 6.3 3.0 16 7
03:24:29 1 47 4096 2887 7.8 3.0 16 7
03:24:30 1 47 4096 2887 7.8 3.0 16 7
03:24:31 1 48 4096 2887 7.7 3.0 16 7
03:24:32 1 48 4096 2887 7.7 3.0 16 7
03:24:33 1 44 4096 2887 8.9 3.0 16 7
03:24:34 1 55 4096 2887 5.1 3.0 16 7
03:24:35 1 45 4096 2887 8.7 3.0 16 7
03:24:37 1 47 4096 2887 7.9 3.0 16 7
03:24:38 1 47 4096 2887 7.9 3.0 16 7
03:24:39 1 47 4096 2887 7.9 3.0 16 7
03:24:40 1 47 4096 2887 7.9 3.0 16 7
03:24:41 1 47 4096 2887 7.9 3.0 16 7
03:24:42 1 47 4096 2887 7.9 3.0 16 7
03:24:43 1 47 4096 2887 7.9 3.0 16 7
03:24:44 1 47 4096 2887 7.9 3.0 16 7
03:24:45 1 48 4096 2887 7.7 3.0 16 7
03:24:46 1 48 4096 2887 7.7 3.0 16 7
03:24:47 1 47 4096 2887 7.8 3.0 16 7
03:24:48 1 47 4096 2887 7.7 3.0 16 7
03:24:49 1 47 4096 2887 7.8 3.0 16 7
03:24:50 1 47 4096 2887 7.8 3.0 16 7
03:24:51 1 47 4096 2887 7.8 3.0 16 7
03:24:52 1 47 4096 2887 7.8 3.0 16 7
03:24:54 1 47 4096 2887 7.8 3.0 16 7
03:24:55 1 47 4096 2887 7.7 3.0 16 7
03:24:56 1 47 4096 2887 7.8 3.0 16 7
03:24:57 1 47 4096 2887 7.8 3.0 16 7
03:24:58 1 47 4096 2887 7.8 3.0 16 7
03:24:59 1 48 4096 2887 7.5 3.0 16 7
03:25:00 1 48 4096 2887 7.5 3.0 16 7
03:25:01 1 48 4096 2887 7.6 3.0 16 7
03:25:02 1 48 4096 2887 7.5 3.0 16 7
03:25:03 1 48 4096 2887 7.5 3.0 16 7
03:25:04 1 48 4096 2887 7.5 3.0 16 7
03:25:05 1 48 4096 2887 7.5 3.0 16 7
03:25:06 1 48 4096 2887 7.5 3.0 16 7
03:25:07 1 48 4096 2887 7.5 3.0 16 7
03:25:08 1 48 4096 2887 7.6 3.0 16 7
03:25:10 1 48 4096 2887 7.5 3.0 16 7
03:25:11 1 48 4096 2887 7.5 3.0 16 7
03:25:12 1 48 4096 2887 7.5 3.0 16 7
03:25:13 1 48 4096 2887 7.6 3.0 16 7
03:25:14 1 48 4096 2887 7.6 3.0 16 7
03:25:15 1 48 4096 2887 7.5 3.0 16 7
03:25:16 1 48 4096 2887 7.5 3.0 16 7
03:25:17 1 48 4096 2887 7.5 3.0 16 7
03:25:18 1 48 4096 2887 7.5 3.0 16 7
03:25:19 1 48 4096 2887 7.5 3.0 16 7
03:25:20 1 48 4096 2887 7.6 3.0 16 7
03:25:21 1 44 4096 2887 9.0 3.0 16 7
03:25:22 1 51 4096 2887 6.5 3.0 16 7
03:25:23 1 51 4096 2887 6.5 3.0 16 7
03:25:24 1 51 4096 2887 6.6 3.0 16 7
03:25:25 1 52 4096 2887 6.3 3.0 16 7
03:25:27 1 47 4096 2887 7.8 3.0 16 7
03:25:28 1 47 4096 2887 7.7 3.0 16 7
03:25:29 1 47 4096 2887 7.7 3.0 16 7
03:25:30 1 47 4096 2887 7.7 3.0 16 7
03:25:31 1 47 4096 2887 7.7 3.0 16 7
03:25:32 1 43 4096 2887 8.9 3.0 16 7
03:25:33 1 44 4096 2887 8.7 3.0 16 7
03:25:34 1 47 4096 2887 7.6 3.0 16 7
03:25:35 1 46 4096 2887 7.9 3.0 16 7
03:25:36 1 46 4096 2887 7.9 3.0 16 7
03:25:37 1 46 4096 2887 7.9 3.0 16 7
03:25:38 1 46 4096 2887 7.9 3.0 16 7
03:25:39 1 46 4096 2887 7.9 3.0 16 7
03:25:40 1 46 4096 2887 7.9 3.0 16 7
03:25:41 1 47 4096 2887 7.8 3.0 16 7
03:25:43 1 46 4096 2887 7.8 3.0 16 7
03:25:44 1 46 4096 2887 7.8 3.0 16 7
03:25:45 1 46 4096 2887 7.8 3.0 16 7
03:25:46 1 46 4096 2887 7.8 3.0 16 7
03:25:47 1 46 4096 2887 7.8 3.0 16 7
03:25:48 1 46 4096 2887 7.8 3.0 16 7
03:25:49 1 47 4096 2887 7.8 3.0 16 7
03:25:50 1 47 4096 2887 7.8 3.0 16 7
03:25:51 1 46 4096 2887 7.8 3.0 16 7
03:25:52 1 47 4096 2887 7.8 3.0 16 7
03:25:53 1 47 4096 2887 7.8 3.0 16 7
03:25:54 1 47 4096 2887 7.8 3.0 16 7
03:25:55 1 47 4096 2887 7.7 3.0 16 7
03:25:56 1 47 4096 2887 7.8 3.0 16 7
03:25:58 1 47 4096 2887 7.5 3.0 16 7
03:25:59 1 47 4096 2887 7.6 3.0 16 7
03:26:00 1 47 4096 2887 7.5 3.0 16 7
03:26:01 1 47 4096 2887 7.5 3.0 16 7
03:26:02 1 47 4096 2887 7.5 3.0 16 7
03:26:03 1 47 4096 2887 7.5 3.0 16 7
03:26:04 1 47 4096 2887 7.5 3.0 16 7
03:26:05 1 47 4096 2887 7.5 3.0 16 7
03:26:06 1 47 4096 2887 7.5 3.0 16 7
03:26:07 1 47 4096 2887 7.5 3.0 16 7
03:26:08 1 47 4096 2887 7.5 3.0 16 7
03:26:09 1 47 4096 2887 7.5 3.0 16 7
03:26:10 1 47 4096 2887 7.6 3.0 16 7
03:26:11 1 47 4096 2887 7.5 3.0 16 7
03:26:12 1 47 4096 2887 7.5 3.0 16 7
03:26:14 1 47 4096 2887 7.5 3.0 16 7
03:26:15 1 47 4096 2887 7.5 3.0 16 7
03:26:16 1 47 4096 2887 7.5 3.0 16 7
03:26:17 1 47 4096 2887 7.5 3.0 16 7
03:26:18 1 47 4096 2887 7.5 3.0 16 7
03:26:19 1 43 4096 2887 8.9 3.0 16 7
03:26:20 1 51 4096 2887 6.3 3.0 16 7
03:26:21 1 51 4096 2887 6.3 3.0 16 7
03:26:22 1 51 4096 2887 6.3 3.0 16 7
03:26:23 1 51 4096 2887 6.3 3.0 16 7
03:26:24 1 51 4096 2887 6.2 3.0 16 7
03:26:25 1 47 4096 2887 7.8 3.0 16 7
03:26:26 1 46 4096 2887 7.8 3.0 16 7
03:26:27 1 47 4096 2887 7.7 3.0 16 7
03:26:28 1 47 4096 2887 7.7 3.0 16 7
03:26:29 1 43 4096 2887 8.9 3.0 16 7
03:26:30 1 51 4096 2887 6.2 3.0 16 7
03:26:32 1 44 4096 2887 8.6 3.0 16 7
03:26:33 1 46 4096 2887 7.9 3.0 16 7
03:26:34 1 46 4096 2887 7.9 3.0 16 7
03:26:35 1 46 4096 2887 7.8 3.0 16 7
03:26:36 1 46 4096 2887 7.9 3.0 16 7
03:26:37 1 46 4096 2887 7.9 3.0 16 7
03:26:38 1 46 4096 2887 7.9 3.0 16 7
03:26:39 1 46 4096 2887 7.9 3.0 16 7
03:26:40 1 46 4096 2887 7.9 3.0 16 7
03:26:41 1 47 4096 2887 7.8 3.0 16 7
03:26:42 1 47 4096 2887 7.8 3.0 16 7
03:26:43 1 47 4096 2887 7.8 3.0 16 7
03:26:44 1 47 4096 2887 7.8 3.0 16 7
03:26:45 1 47 4096 2887 7.7 3.0 16 7
03:26:47 1 47 4096 2887 7.8 3.0 16 7
03:26:48 1 47 4096 2887 7.7 3.0 16 7
03:26:49 1 46 4096 2887 7.7 3.0 16 7
03:26:50 1 46 4096 2887 7.7 3.0 16 7
03:26:51 1 47 4096 2887 7.7 3.0 16 7
03:26:52 1 46 4096 2887 7.7 3.0 16 7
03:26:53 1 46 4096 2887 7.7 3.0 16 7
03:26:54 1 46 4096 2887 7.8 3.0 16 7
03:26:55 1 47 4096 2887 7.5 3.0 16 7
03:26:56 1 47 4096 2887 7.5 3.0 16 7
03:26:57 1 47 4096 2887 7.5 3.0 16 7
03:26:58 1 47 4096 2887 7.5 3.0 16 7
03:26:59 1 47 4096 2887 7.5 3.0 16 7
03:27:00 1 47 4096 2887 7.5 3.0 16 7
03:27:01 1 47 4096 2887 7.5 3.0 16 7
03:27:03 1 47 4096 2887 7.5 3.0 16 7
03:27:04 1 47 4096 2887 7.5 3.0 16 7
03:27:05 1 47 4096 2887 7.5 3.0 16 7
03:27:06 1 47 4096 2887 7.5 3.0 16 7
03:27:07 1 47 4096 2887 7.5 3.0 16 7
03:27:08 1 47 4096 2887 7.5 3.0 16 7
03:27:09 1 47 4096 2887 7.5 3.0 16 7
03:27:10 1 47 4096 2887 7.6 3.0 16 7
03:27:11 1 47 4096 2887 7.5 3.0 16 7
03:27:12 1 47 4096 2887 7.5 3.0 16 7
03:27:13 1 47 4096 2887 7.5 3.0 16 7
03:27:14 1 47 4096 2887 7.5 3.0 16 7
03:27:15 1 47 4096 2887 7.5 3.0 16 7
03:27:16 1 47 4096 2887 7.5 3.0 16 7
03:27:17 1 42 4096 2887 9.1 3.0 16 7
03:27:18 1 50 4096 2887 6.5 3.0 16 7
03:27:20 1 50 4096 2887 6.5 3.0 16 7
03:27:21 1 50 4096 2887 6.6 3.0 16 7
03:27:22 1 51 4096 2887 6.3 3.0 16 7
03:27:23 1 51 4096 2887 6.2 3.0 16 7
03:27:24 1 46 4096 2887 7.8 3.0 16 7
03:27:25 1 46 4096 2887 7.7 3.0 16 7
03:27:26 1 47 4096 2887 7.7 3.0 16 7
03:27:27 1 47 4096 2887 7.7 3.0 16 7
03:27:28 1 43 4096 2887 8.9 3.0 16 7
03:27:29 1 48 4096 2887 7.3 3.0 16 7
03:27:30 1 44 4096 2887 8.6 3.0 16 7
03:27:31 1 46 4096 2887 7.9 3.0 16 7
03:27:32 1 46 4096 2887 7.9 3.0 16 7
03:27:33 1 46 4096 2887 7.8 3.0 16 7
03:27:34 1 46 4096 2887 7.9 3.0 16 7
03:27:35 1 46 4096 2887 8.0 3.0 16 7
03:27:37 1 46 4096 2887 8.0 3.0 16 7
03:27:38 1 46 4096 2887 8.0 3.0 16 7
03:27:39 1 46 4096 2887 7.9 3.0 16 7
03:27:40 1 46 4096 2887 7.9 3.0 16 7
03:27:41 1 47 4096 2887 7.9 3.0 16 7
03:27:42 1 47 4096 2887 7.9 3.0 16 7
03:27:43 1 47 4096 2887 7.9 3.0 16 7
03:27:44 1 47 4096 2887 7.9 3.0 16 7
03:27:45 1 47 4096 2887 7.9 3.0 16 7
03:27:46 1 47 4096 2887 7.9 3.0 16 7
03:27:47 1 47 4096 2887 7.9 3.0 16 7
03:27:48 1 47 4096 2887 7.8 3.0 16 7
03:27:49 1 47 4096 2887 7.8 3.0 16 7
03:27:50 1 47 4096 2887 7.9 3.0 16 7
03:27:51 1 47 4096 2887 7.8 3.0 16 7
03:27:52 1 47 4096 2887 7.8 3.0 16 7
03:27:54 1 48 4096 2887 7.6 3.0 16 7
03:27:55 1 48 4096 2887 7.6 3.0 16 7
03:27:56 1 48 4096 2887 7.6 3.0 16 7
03:27:57 1 48 4096 2887 7.6 3.0 16 7
03:27:58 1 48 4096 2887 7.6 3.0 16 7
03:27:59 1 48 4096 2887 7.6 3.0 16 7
03:28:00 1 48 4096 2887 7.6 3.0 16 7
03:28:01 1 48 4096 2887 7.6 3.0 16 7
03:28:02 1 48 4096 2887 7.6 3.0 16 7
03:28:03 1 48 4096 2887 7.6 3.0 16 7
03:28:04 1 48 4096 2887 7.6 3.0 16 7
03:28:05 1 48 4096 2887 7.6 3.0 16 7
03:28:06 1 48 4096 2887 7.6 3.0 16 7
03:28:07 1 48 4096 2887 7.6 3.0 16 7
03:28:08 1 48 4096 2887 7.7 3.0 16 7
03:28:10 1 48 4096 2887 7.6 3.0 16 7
03:28:11 1 48 4096 2887 7.6 3.0 16 7
03:28:12 1 48 4096 2887 7.6 3.0 16 7
03:28:13 1 48 4096 2887 7.6 3.0 16 7
03:28:14 1 48 4096 2887 7.6 3.0 16 7
03:28:15 1 48 4096 2887 7.6 3.0 16 7
03:28:16 1 44 4096 2887 9.0 3.0 16 7
03:28:17 1 52 4096 2887 6.4 3.0 16 7
03:28:18 1 52 4096 2887 6.4 3.0 16 7
03:28:19 1 51 4096 2887 6.5 3.0 16 7
03:28:20 1 52 4096 2887 6.4 3.0 16 7
03:28:21 1 52 4096 2887 6.4 3.0 16 7
03:28:22 1 47 4096 2887 7.9 3.0 16 7
03:28:23 1 47 4096 2887 7.9 3.0 16 7
03:28:24 1 47 4096 2887 7.8 3.0 16 7
03:28:25 1 47 4096 2887 7.8 3.0 16 7
03:28:26 1 44 4096 2887 9.0 3.0 16 7
03:28:28 1 52 4096 2887 6.3 3.0 16 7
03:28:29 1 44 4096 2887 8.8 3.0 16 7
03:28:30 1 47 4096 2887 8.0 3.0 16 7
03:28:31 1 47 4096 2887 8.0 3.0 16 7
03:28:32 1 47 4096 2887 8.0 3.0 16 7
03:28:33 1 47 4096 2887 8.0 3.0 16 7
03:28:34 1 47 4096 2887 8.0 3.0 16 7
03:28:35 1 47 4096 2887 8.0 3.0 16 7
03:28:36 1 47 4096 2887 8.0 3.0 16 7
03:28:37 1 47 4096 2887 7.9 3.0 16 7
03:28:38 1 47 4096 2887 7.9 3.0 16 7
03:28:39 1 47 4096 2887 7.9 3.0 16 7
03:28:40 1 47 4096 2887 7.9 3.0 16 7
03:28:41 1 46 4096 2887 7.9 3.0 16 7
03:28:42 1 46 4096 2887 7.9 3.0 16 7
03:28:44 1 46 4096 2887 7.9 3.0 16 7
03:28:45 1 46 4096 2887 7.9 3.0 16 7
03:28:46 1 46 4096 2887 7.9 3.0 16 7
03:28:47 1 46 4096 2887 7.9 3.0 16 7
03:28:48 1 46 4096 2887 7.9 3.0 16 7
03:28:49 1 46 4096 2887 7.9 3.0 16 7
03:28:50 1 46 4096 2887 7.8 3.0 16 7
03:28:51 1 46 4096 2887 7.8 3.0 16 7
03:28:52 1 47 4096 2887 7.6 3.0 16 7
03:28:53 1 47 4096 2887 7.6 3.0 16 7
03:28:54 1 47 4096 2887 7.6 3.0 16 7
03:28:55 1 47 4096 2887 7.7 3.0 16 7
03:28:56 1 47 4096 2887 7.6 3.0 16 7
03:28:57 1 47 4096 2887 7.6 3.0 16 7
03:28:58 1 47 4096 2887 7.6 3.0 16 7
03:28:59 1 47 4096 2887 7.6 3.0 16 7
03:29:01 1 47 4096 2887 7.6 3.0 16 7
03:29:02 1 47 4096 2887 7.5 3.0 16 7
03:29:03 1 47 4096 2887 7.6 3.0 16 7
03:29:04 1 47 4096 2887 7.5 3.0 16 7
03:29:05 1 47 4096 2887 7.5 3.0 16 7
03:29:06 1 47 4096 2887 7.5 3.0 16 7
03:29:07 1 47 4096 2887 7.6 3.0 16 7
03:29:08 1 47 4096 2887 7.6 3.0 16 7
03:29:09 1 47 4096 2887 7.5 3.0 16 7
03:29:10 1 47 4096 2887 7.6 3.0 16 7
03:29:11 1 47 4096 2887 7.6 3.0 16 7
03:29:12 1 47 4096 2887 7.6 3.0 16 7
03:29:13 1 47 4096 2887 7.5 3.0 16 7
03:29:14 1 47 4096 2887 7.5 3.0 16 7
03:29:16 1 43 4096 2887 9.1 3.0 16 7
03:29:17 1 50 4096 2887 6.5 3.0 16 7
03:29:18 1 50 4096 2887 6.5 3.0 16 7
03:29:19 1 50 4096 2887 6.6 3.0 16 7
03:29:20 1 51 4096 2887 6.3 3.0 16 7
03:29:21 1 52 4096 2887 6.2 3.0 16 7
03:29:22 1 47 4096 2887 7.8 3.0 16 7
03:29:23 1 46 4096 2887 7.8 2.9 16 7
03:29:24 1 46 4096 2887 7.8 3.0 16 7
03:29:25 1 45 4096 2887 7.8 2.8 16 7
03:29:26 1 42 4096 2887 8.9 2.7 16 7
03:29:28 1 39 4096 2887 7.9 1.7 16 7
03:29:29 2 37 4096 2887 7.8 1.2 16 7
03:29:30 2 36 4096 2887 8.1 1.4 16 7
03:29:31 2 36 4096 2887 8.1 1.4 16 7
03:29:32 2 36 4096 2887 8.1 1.7 16 7
03:29:33 2 37 4096 2887 8.1 1.8 16 7
03:29:34 2 38 4096 2887 8.1 1.9 16 7
03:29:35 2 38 4096 2887 8.1 2.1 16 7
03:29:36 2 39 4096 2887 8.1 2.2 16 7
03:29:37 2 40 4096 2887 8.0 2.2 16 7
03:29:38 2 40 4096 2887 8.0 2.3 16 7
03:29:39 2 41 4096 2887 8.0 2.4 16 7
03:29:41 2 41 4096 2887 8.0 2.4 16 7
03:29:42 2 41 4096 2887 8.0 2.5 16 7
03:29:43 2 41 4096 2887 8.0 2.5 16 7
03:29:44 2 41 4096 2887 8.0 2.5 16 7
03:29:45 2 42 4096 2887 8.0 2.5 16 7
03:29:46 2 42 4096 2887 8.0 2.5 16 7
03:29:47 2 42 4096 2887 8.0 2.6 16 7
03:29:48 2 42 4096 2887 8.0 2.6 16 7
03:29:49 2 42 4096 2887 8.0 2.6 16 7
03:29:50 2 42 4096 2887 8.0 2.6 16 7
03:29:51 2 42 4096 2887 8.0 2.6 16 7
03:29:52 2 43 4096 2887 7.8 2.6 16 7
03:29:53 2 43 4096 2887 7.8 2.6 16 7
03:29:54 2 43 4096 2887 7.8 2.6 16 7
03:29:55 2 43 4096 2887 7.8 2.6 16 7
03:29:57 2 43 4096 2887 7.8 2.6 16 7
03:29:58 2 43 4096 2887 7.7 2.6 16 7
03:29:59 2 43 4096 2887 7.7 2.6 16 7
03:30:00 2 44 4096 2887 7.5 2.6 16 7
03:30:01 2 44 4096 2887 7.5 2.6 16 7
03:30:02 2 44 4096 2887 7.5 2.6 16 7
03:30:03 2 44 4096 2887 7.5 2.6 16 7
03:30:04 2 44 4096 2887 7.5 2.6 16 7
03:30:05 2 44 4096 2887 7.5 2.6 16 7
03:30:06 2 44 4096 2887 7.6 2.6 16 7
03:30:07 2 44 4096 2887 7.6 2.6 16 7
03:30:08 2 44 4096 2887 7.6 2.6 16 7
03:30:09 2 44 4096 2887 7.5 2.6 16 7
03:30:10 2 44 4096 2887 7.7 2.6 16 7
03:30:11 2 43 4096 2887 7.8 2.6 16 7
03:30:13 2 43 4096 2887 7.9 2.6 16 7
03:30:14 2 42 4096 2887 8.1 2.6 16 7
03:30:15 2 38 4096 2887 9.2 2.5 16 7
03:30:16 2 39 4096 2887 8.1 2.4 16 7
03:30:17 2 46 4096 2887 6.6 2.4 16 7
03:30:18 2 46 4096 2887 6.7 2.3 16 7
03:30:19 2 47 4096 2887 6.5 2.3 16 7
03:30:20 2 46 4096 2887 6.7 2.3 16 7
03:30:21 2 41 4096 2887 8.1 2.1 16 7
03:30:22 2 42 4096 2879 7.8 2.2 16 7
03:30:23 2 42 4096 2879 7.9 2.3 16 7
03:30:24 2 40 4096 2879 8.8 2.4 16 7
03:30:25 2 41 4096 2879 8.7 2.5 16 7
03:30:26 2 35 4096 2879 10.0 2.3 16 7
03:30:27 2 44 4096 2879 7.3 2.1 16 7
03:30:28 2 33 4096 2871 10.2 1.7 16 7
03:30:30 2 36 4096 2871 9.5 1.8 16 7
03:30:31 2 36 4096 2871 9.3 1.9 16 7
03:30:32 2 34 4096 2871 9.7 1.6 16 7
03:30:33 2 34 4096 2871 9.9 1.7 16 7
03:30:34 2 35 4096 2871 9.8 1.9 16 7
03:30:35 2 35 4096 2871 9.9 2.0 16 7
03:30:36 2 38 4096 2871 9.2 2.1 16 7
03:30:37 2 43 4096 2871 7.6 2.1 16 7
03:30:38 2 43 4096 2871 7.7 2.2 16 7
03:30:39 2 43 4096 2871 7.6 2.2 16 7
03:30:40 2 43 4096 2871 7.7 2.3 16 7
03:30:41 2 43 4096 2871 7.7 2.3 16 7
03:30:42 2 43 4096 2871 7.7 2.3 16 7
03:30:43 2 44 4096 2871 7.7 2.4 16 7
03:30:44 2 44 4096 2871 7.7 2.4 16 7
03:30:46 2 44 4096 2871 7.7 2.4 16 7
03:30:47 2 44 4096 2871 7.6 2.4 16 7
03:30:48 2 44 4096 2871 7.7 2.4 16 7
03:30:49 2 44 4096 2871 7.7 2.4 16 7
03:30:50 2 44 4096 2871 7.7 2.4 16 7
03:30:51 2 44 4096 2871 7.7 2.4 16 7
03:30:52 2 45 4096 2871 7.4 2.4 16 7
03:30:53 2 45 4096 2871 7.5 2.4 16 7
03:30:54 2 45 4096 2871 7.4 2.4 16 7
03:30:55 2 45 4096 2871 7.4 2.4 16 7
03:30:56 2 45 4096 2871 7.4 2.4 16 7
03:30:57 2 45 4096 2871 7.4 2.4 16 7
03:30:58 2 46 4096 2871 7.3 2.4 16 7
03:30:59 2 45 4096 2871 7.6 2.4 16 7
03:31:00 2 45 4096 2871 7.5 2.4 16 7
03:31:02 2 46 4096 2871 7.4 2.4 16 7
03:31:03 2 45 4096 2871 7.6 2.4 16 7
03:31:04 2 45 4096 2871 7.4 2.4 16 7
03:31:05 2 46 4096 2871 7.4 2.4 16 7
03:31:06 2 45 4096 2871 7.6 2.4 16 7
03:31:07 2 46 4096 2871 7.4 2.4 16 7
03:31:08 2 45 4096 2871 7.6 2.4 16 7
03:31:09 2 45 4096 2871 7.5 2.4 16 7
03:31:10 2 46 4096 2871 7.4 2.4 16 7
03:31:11 2 46 4096 2871 7.4 2.4 16 7
03:31:12 2 46 4096 2871 7.3 2.4 16 7
03:31:13 2 42 4096 2871 9.0 2.4 16 7
03:31:14 1 49 4096 2871 6.4 2.4 16 7
03:31:15 1 49 4096 2871 6.3 2.4 16 7
03:31:16 1 49 4096 2871 6.4 2.4 16 7
03:31:17 1 50 4096 2871 6.2 2.4 16 7
03:31:19 1 50 4096 2871 6.1 2.4 16 7
03:31:20 1 46 4096 2871 7.6 2.6 16 7
03:31:21 1 46 4096 2871 7.7 2.7 16 7
03:31:22 1 47 4096 2871 7.5 2.8 16 7
03:31:23 1 47 4096 2871 7.7 2.9 16 7
03:31:24 1 44 4096 2871 9.0 3.0 16 7
03:31:25 1 52 4096 2871 6.1 3.0 16 7
03:31:26 1 44 4096 2871 8.7 3.0 16 7
03:31:27 1 47 4096 2871 7.8 3.0 16 7
03:31:28 1 48 4096 2871 7.7 3.0 16 7
03:31:29 1 47 4096 2871 8.0 3.0 16 7
03:31:30 1 47 4096 2871 7.7 3.0 16 7
03:31:31 1 47 4096 2871 7.9 3.0 16 7
03:31:32 1 47 4096 2871 7.9 3.0 16 7
03:31:33 1 48 4096 2871 7.7 3.0 16 7
03:31:34 1 48 4096 2871 7.6 3.0 16 7
03:31:36 1 48 4096 2871 7.7 3.0 16 7
03:31:37 1 48 4096 2871 7.6 3.0 16 7
03:31:38 1 48 4096 2871 7.6 3.0 16 7
03:31:39 1 48 4096 2871 7.7 3.0 16 7
03:31:40 1 48 4096 2871 7.6 3.0 16 7
03:31:41 1 48 4096 2871 7.7 3.0 16 7
03:31:42 1 48 4096 2871 7.6 3.0 16 7
03:31:43 1 48 4096 2871 7.6 3.0 16 7
03:31:44 1 48 4096 2871 7.7 3.0 16 7
03:31:45 1 48 4096 2871 7.6 3.0 16 7
03:31:46 1 48 4096 2871 7.5 3.0 16 7
03:31:47 1 48 4096 2871 7.6 3.0 16 7
03:31:48 1 48 4096 2871 7.5 3.0 16 7
03:31:49 1 49 4096 2871 7.3 3.0 16 7
03:31:50 1 48 4096 2871 7.5 3.0 16 7
03:31:51 1 49 4096 2871 7.3 3.0 16 7
03:31:53 1 49 4096 2871 7.3 3.0 16 7
03:31:54 1 48 4096 2871 7.5 3.0 16 7
03:31:55 1 49 4096 2871 7.3 3.0 16 7
03:31:56 1 49 4096 2871 7.3 3.0 16 7
03:31:57 1 49 4096 2871 7.4 3.0 16 7
03:31:58 1 49 4096 2871 7.3 3.0 16 7
03:31:59 1 49 4096 2871 7.4 3.0 16 7
03:32:00 1 49 4096 2871 7.3 3.0 16 7
03:32:01 1 49 4096 2871 7.3 3.0 16 7
03:32:02 1 49 4096 2871 7.4 3.0 16 7
03:32:03 1 49 4096 2871 7.3 3.0 16 7
03:32:04 1 49 4096 2871 7.3 3.0 16 7
03:32:05 1 49 4096 2871 7.4 3.0 16 7
03:32:06 1 49 4096 2871 7.3 3.0 16 7
03:32:07 1 49 4096 2871 7.3 3.0 16 7
03:32:08 1 49 4096 2871 7.4 3.0 16 7
03:32:10 1 49 4096 2871 7.3 3.0 16 7
03:32:11 1 45 4096 2871 8.7 3.0 16 7
03:32:12 1 52 4096 2871 6.1 3.0 16 7
03:32:13 1 53 4096 2871 6.0 3.0 16 7
03:32:14 1 52 4096 2871 6.1 3.0 16 7
03:32:15 1 52 4096 2871 6.2 3.0 16 7
03:32:16 1 53 4096 2871 6.0 3.0 16 7
03:32:17 1 48 4096 2871 7.7 3.0 16 7
03:32:18 1 48 4096 2871 7.5 3.0 16 7
03:32:19 1 48 4096 2871 7.5 3.0 16 7
03:32:20 1 48 4096 2871 7.6 3.0 16 7
03:32:21 1 45 4096 2871 8.6 3.0 16 7
03:32:22 1 53 4096 2871 6.0 3.0 16 7
03:32:23 1 45 4096 2871 8.7 3.0 16 7
03:32:24 1 48 4096 2871 7.7 3.0 16 7
03:32:25 1 48 4096 2871 7.7 3.0 16 7
03:32:26 1 47 4096 2871 7.9 3.0 16 7
03:32:27 1 48 4096 2871 7.7 3.0 16 7
03:32:29 1 48 4096 2871 7.7 3.0 16 7
03:32:30 1 48 4096 2871 7.8 3.0 16 7
03:32:31 1 48 4096 2871 7.7 3.0 16 7
03:32:32 1 48 4096 2871 7.5 3.0 16 7
03:32:33 1 48 4096 2871 7.6 3.0 16 7
03:32:34 1 48 4096 2871 7.7 3.0 16 7
03:32:35 1 48 4096 2871 7.7 3.0 16 7
03:32:36 1 48 4096 2871 7.7 3.0 16 7
03:32:37 1 48 4096 2871 7.6 3.0 16 7
03:32:38 1 48 4096 2871 7.7 3.0 16 7
03:32:39 1 48 4096 2871 7.6 3.0 16 7
03:32:40 1 48 4096 2871 7.5 3.0 16 7
03:32:41 1 48 4096 2871 7.6 3.0 16 7
03:32:42 1 48 4096 2871 7.5 3.0 16 7
03:32:43 1 48 4096 2871 7.5 3.0 16 7
03:32:44 1 48 4096 2871 7.6 3.0 16 7
03:32:45 1 49 4096 2871 7.3 3.0 16 7
03:32:47 1 49 4096 2871 7.3 3.0 16 7
03:32:48 1 49 4096 2871 7.4 3.0 16 7
03:32:49 1 49 4096 2871 7.3 3.0 16 7
03:32:50 1 49 4096 2871 7.3 3.0 16 7
03:32:51 1 49 4096 2871 7.4 3.0 16 7
03:32:52 1 49 4096 2871 7.3 3.0 16 7
03:32:53 1 49 4096 2871 7.5 3.0 16 7
03:32:54 1 49 4096 2871 7.3 3.0 16 7
03:32:55 1 49 4096 2871 7.4 3.0 16 7
03:32:56 1 49 4096 2871 7.4 3.0 16 7
03:32:57 1 49 4096 2871 7.3 3.0 16 7
03:32:58 1 49 4096 2871 7.3 3.0 16 7
03:32:59 1 49 4096 2871 7.4 3.0 16 7
03:33:00 1 49 4096 2871 7.3 3.0 16 7
03:33:01 1 49 4096 2871 7.3 3.0 16 7
03:33:02 1 49 4096 2871 7.5 3.0 16 7
03:33:04 1 49 4096 2871 7.3 3.0 16 7
03:33:05 1 49 4096 2871 7.3 3.0 16 7
03:33:06 1 49 4096 2871 7.5 3.0 16 7
03:33:07 1 49 4096 2871 7.3 3.0 16 7
03:33:08 1 44 4096 2871 8.9 3.0 16 7
03:33:09 1 52 4096 2871 6.4 3.0 16 7
03:33:10 1 52 4096 2871 6.3 3.0 16 7
03:33:11 1 52 4096 2871 6.5 3.0 16 7
03:33:12 1 52 4096 2871 6.2 3.0 16 7
03:33:13 1 53 4096 2871 6.1 3.0 16 7
03:33:14 1 48 4096 2871 7.7 3.0 16 7
03:33:15 1 48 4096 2871 7.6 3.0 16 7
03:33:16 1 48 4096 2871 7.6 3.0 16 7
03:33:17 1 48 4096 2871 7.6 3.0 16 7
03:33:18 1 45 4096 2871 8.7 3.0 16 7
03:33:19 1 46 4096 2871 8.3 3.0 16 7
03:33:20 1 46 4096 2871 8.5 3.0 16 7
03:33:21 1 48 4096 2871 7.8 3.0 16 7
03:33:23 1 48 4096 2871 7.7 3.0 16 7
03:33:24 1 48 4096 2871 7.8 3.0 16 7
03:33:25 1 48 4096 2871 7.8 3.0 16 7
03:33:26 1 48 4096 2871 7.7 3.0 16 7
03:33:27 1 48 4096 2871 7.8 3.0 16 7
03:33:28 1 48 4096 2871 7.7 3.0 16 7
03:33:29 1 48 4096 2871 7.7 3.0 16 7
03:33:30 1 48 4096 2871 7.8 3.0 16 7
03:33:31 1 47 4096 2871 7.9 3.0 16 7
03:33:32 1 48 4096 2871 7.9 3.0 16 7
03:33:33 1 48 4096 2871 7.9 3.0 16 7
03:33:34 1 48 4096 2871 7.9 3.0 16 7
03:33:35 1 48 4096 2871 7.9 3.0 16 7
03:33:36 1 48 4096 2871 7.8 3.0 16 7
03:33:37 1 48 4096 2871 7.9 3.0 16 7
03:33:38 1 48 4096 2871 7.9 3.0 16 7
03:33:40 1 48 4096 2871 7.8 3.0 16 7
03:33:41 1 48 4096 2871 7.8 3.0 16 7
03:33:42 1 48 4096 2871 7.9 3.0 16 7
03:33:43 1 49 4096 2871 7.5 3.0 16 7
03:33:44 1 49 4096 2871 7.5 3.0 16 7
03:33:45 1 49 4096 2871 7.5 3.0 16 7
03:33:46 1 49 4096 2871 7.4 3.0 16 7
03:33:47 1 49 4096 2871 7.4 3.0 16 7
03:33:48 1 49 4096 2871 7.4 3.0 16 7
03:33:49 1 50 4096 2871 7.3 3.0 16 7
03:33:50 1 49 4096 2871 7.4 3.0 16 7
03:33:51 1 49 4096 2871 7.3 3.0 16 7
03:33:52 1 49 4096 2871 7.4 3.0 16 7
03:33:53 1 49 4096 2871 7.4 3.0 16 7
03:33:54 1 49 4096 2871 7.4 3.0 16 7
03:33:55 1 49 4096 2871 7.3 3.0 16 7
03:33:57 1 49 4096 2871 7.6 3.0 16 7
03:33:58 1 49 4096 2871 7.3 3.0 16 7
03:33:59 1 49 4096 2871 7.3 3.0 16 7
03:34:00 1 49 4096 2871 7.4 3.0 16 7
03:34:01 1 50 4096 2871 7.3 3.0 16 7
03:34:02 1 49 4096 2871 7.5 3.0 16 7
03:34:03 1 49 4096 2871 7.4 3.0 16 7
03:34:04 1 49 4096 2871 7.3 3.0 16 7
03:34:05 1 45 4096 2871 8.9 3.0 16 7
03:34:06 1 53 4096 2871 6.2 3.0 16 7
03:34:07 1 53 4096 2871 6.0 3.0 16 7
03:34:08 1 53 4096 2871 6.2 3.0 16 7
03:34:09 1 53 4096 2871 6.1 3.0 16 7
03:34:10 1 53 4096 2871 6.0 3.0 16 7
03:34:11 1 48 4096 2871 7.7 3.0 16 7
03:34:12 1 48 4096 2871 7.6 3.0 16 7
03:34:13 1 49 4096 2871 7.5 3.0 16 7
03:34:15 1 49 4096 2871 7.6 3.0 16 7
03:34:16 1 45 4096 2871 8.7 3.0 16 7
03:34:17 1 53 4096 2871 6.0 3.0 16 7
03:34:18 1 46 4096 2871 8.5 3.0 16 7
03:34:19 1 48 4096 2871 7.7 3.0 16 7
03:34:20 1 48 4096 2871 7.8 3.0 16 7
03:34:21 1 48 4096 2871 7.8 3.0 16 7
03:34:22 1 48 4096 2871 7.7 3.0 16 7
03:34:23 1 48 4096 2871 7.8 3.0 16 7
03:34:24 1 48 4096 2871 7.7 3.0 16 7
03:34:25 1 48 4096 2871 7.7 3.0 16 7
03:34:26 1 48 4096 2871 7.7 3.0 16 7
03:34:27 1 49 4096 2871 7.5 3.0 16 7
03:34:28 1 49 4096 2871 7.6 3.0 16 7
03:34:29 1 48 4096 2871 7.7 3.0 16 7
03:34:30 1 49 4096 2871 7.6 3.0 16 7
03:34:32 1 49 4096 2871 7.6 3.0 16 7
03:34:33 1 48 4096 2871 7.7 3.0 16 7
03:34:34 1 49 4096 2871 7.6 3.0 16 7
03:34:35 1 49 4096 2871 7.6 3.0 16 7
03:34:36 1 48 4096 2871 7.7 3.0 16 7
03:34:37 1 49 4096 2871 7.5 3.0 16 7
03:34:38 1 48 4096 2871 7.8 3.0 16 7
03:34:39 1 48 4096 2871 7.7 3.0 16 7
03:34:40 1 49 4096 2871 7.3 3.0 16 7
03:34:41 1 49 4096 2871 7.5 3.0 16 7
03:34:42 1 49 4096 2871 7.4 3.0 16 7
03:34:43 1 49 4096 2871 7.4 3.0 16 7
03:34:44 1 49 4096 2871 7.5 3.0 16 7
03:34:45 1 49 4096 2871 7.3 3.0 16 7
03:34:46 1 50 4096 2871 7.3 3.0 16 7
03:34:47 1 49 4096 2871 7.5 3.0 16 7
03:34:49 1 49 4096 2871 7.3 3.0 16 7
03:34:50 1 49 4096 2871 7.3 3.0 16 7
03:34:51 1 49 4096 2871 7.4 3.0 16 7
03:34:52 1 49 4096 2871 7.3 3.0 16 7
03:34:53 1 49 4096 2871 7.4 3.0 16 7
03:34:54 1 49 4096 2871 7.4 3.0 16 7
03:34:55 1 49 4096 2871 7.3 3.0 16 7
03:34:56 1 49 4096 2871 7.4 3.0 16 7
03:34:57 1 50 4096 2871 7.3 3.0 16 7
03:34:58 1 50 4096 2871 7.3 3.0 16 7
03:34:59 1 49 4096 2871 7.4 3.0 16 7
03:35:00 1 50 4096 2871 7.3 3.0 16 7
03:35:01 1 50 4096 2871 7.3 3.0 16 7
03:35:02 1 44 4096 2871 9.1 3.0 16 7
03:35:03 1 53 4096 2871 6.3 3.0 16 7
03:35:04 1 53 4096 2871 6.3 3.0 16 7
03:35:05 1 52 4096 2871 6.6 3.0 16 7
03:35:07 1 53 4096 2871 6.0 3.0 16 7
03:35:08 1 53 4096 2871 6.0 3.0 16 7
03:35:09 1 48 4096 2871 7.7 3.0 16 7
03:35:10 1 49 4096 2871 7.5 3.0 16 7
03:35:11 1 49 4096 2871 7.5 3.0 16 7
03:35:12 1 49 4096 2871 7.5 3.0 16 7
03:35:13 1 46 4096 2871 8.6 3.0 16 7
03:35:14 1 46 4096 2871 8.5 3.0 16 7
03:35:15 1 49 4096 2871 7.3 3.0 16 7
03:35:16 1 48 4096 2871 7.7 3.0 16 7
03:35:17 1 48 4096 2871 7.8 3.0 16 7
03:35:18 1 48 4096 2871 7.7 3.0 16 7
03:35:19 1 48 4096 2871 7.7 3.0 16 7
03:35:20 1 47 4096 2871 7.8 3.0 16 7
03:35:21 1 48 4096 2871 7.7 3.0 16 7
03:35:22 1 48 4096 2871 7.7 3.0 16 7
03:35:23 1 48 4096 2871 7.7 3.0 16 7
03:35:25 1 48 4096 2871 7.6 3.0 16 7
03:35:26 1 48 4096 2871 7.7 3.0 16 7
03:35:27 1 48 4096 2871 7.7 3.0 16 7
03:35:28 1 48 4096 2871 7.7 3.0 16 7
03:35:29 1 48 4096 2871 7.7 3.0 16 7
03:35:30 1 48 4096 2871 7.7 3.0 16 7
03:35:31 1 48 4096 2871 7.6 3.0 16 7
03:35:32 1 48 4096 2871 7.7 3.0 16 7
03:35:33 1 48 4096 2871 7.6 3.0 16 7
03:35:34 1 48 4096 2871 7.5 3.0 16 7
03:35:35 1 48 4096 2871 7.7 3.0 16 7
03:35:36 1 48 4096 2871 7.5 3.0 16 7
03:35:37 1 49 4096 2871 7.3 3.0 16 7
03:35:38 1 48 4096 2871 7.6 3.0 16 7
03:35:39 1 49 4096 2871 7.4 3.0 16 7
03:35:41 1 49 4096 2871 7.3 3.0 16 7
03:35:42 1 48 4096 2871 7.5 3.0 16 7
03:35:43 1 49 4096 2871 7.3 3.0 16 7
03:35:44 1 49 4096 2871 7.3 3.0 16 7
03:35:45 1 48 4096 2871 7.4 3.0 16 7
03:35:46 1 48 4096 2871 7.4 3.0 16 7
03:35:47 1 48 4096 2871 7.5 3.0 16 7
03:35:48 1 48 4096 2871 7.4 3.0 16 7
03:35:49 1 48 4096 2871 7.3 3.0 16 7
03:35:50 1 48 4096 2871 7.4 3.0 16 7
03:35:51 1 48 4096 2871 7.4 3.0 16 7
03:35:52 1 48 4096 2871 7.3 3.0 16 7
03:35:53 1 48 4096 2871 7.4 3.0 16 7
03:35:54 1 49 4096 2871 7.3 3.0 16 7
03:35:55 1 48 4096 2871 7.3 3.0 16 7
03:35:56 1 47 4096 2871 7.4 3.0 16 7
03:35:58 1 48 4096 2871 7.3 3.0 16 7
03:35:59 1 48 4096 2871 7.3 3.0 16 7
03:36:00 1 43 4096 2871 8.7 3.0 16 7
03:36:01 1 51 4096 2871 6.0 3.0 16 7
03:36:02 1 51 4096 2871 6.1 3.0 16 7
03:36:03 1 50 4096 2871 6.4 3.0 16 7
03:36:04 1 51 4096 2871 6.1 3.0 16 7
03:36:05 1 50 4096 2871 6.2 3.0 16 7
03:36:06 1 46 4096 2871 7.7 3.0 16 7
03:36:07 1 46 4096 2871 7.6 2.9 16 7
03:36:08 1 46 4096 2871 7.7 2.9 16 7
03:36:09 1 46 4096 2871 7.5 2.9 16 7
03:36:10 1 43 4096 2871 8.7 2.9 16 7
03:36:11 1 54 4096 2871 5.0 2.9 16 7
03:36:12 1 43 4096 2871 8.4 3.0 16 7
03:36:13 1 46 4096 2871 7.7 3.0 16 7
03:36:14 1 45 4096 2871 7.8 3.0 16 7
03:36:16 1 46 4096 2871 7.7 3.0 16 7
03:36:17 1 45 4096 2871 7.7 3.0 16 7
03:36:18 1 45 4096 2871 7.8 3.0 16 7
03:36:19 1 45 4096 2871 7.7 3.0 16 7
03:36:20 1 45 4096 2871 7.8 3.0 16 7
03:36:21 1 45 4096 2871 7.7 3.0 16 7
03:36:22 1 46 4096 2871 7.6 3.0 16 7
03:36:23 1 45 4096 2871 7.7 3.0 16 7
03:36:24 1 46 4096 2871 7.6 3.0 16 7
03:36:25 1 46 4096 2871 7.6 3.0 16 7
03:36:26 1 45 4096 2871 7.7 3.0 16 7
03:36:27 1 46 4096 2871 7.6 3.0 16 7
03:36:28 1 46 4096 2871 7.6 3.0 16 7
03:36:29 1 46 4096 2871 7.7 3.0 16 7
03:36:30 1 46 4096 2871 7.6 3.0 16 7
03:36:32 1 46 4096 2871 7.6 3.0 16 7
03:36:33 1 46 4096 2871 7.7 3.0 16 7
03:36:34 1 46 4096 2871 7.5 3.0 16 7
03:36:35 1 46 4096 2871 7.5 3.0 16 7
03:36:36 1 46 4096 2871 7.4 3.0 16 7
03:36:37 1 46 4096 2871 7.3 3.0 16 7
03:36:38 1 46 4096 2871 7.6 3.0 16 7
03:36:39 1 46 4096 2871 7.4 3.0 16 7
03:36:40 1 46 4096 2871 7.3 3.0 16 7
03:36:41 1 46 4096 2871 7.5 3.0 16 7
03:36:42 1 47 4096 2871 7.3 3.0 16 7
03:36:43 1 46 4096 2871 7.3 3.0 16 7
03:36:44 1 46 4096 2871 7.4 3.0 16 7
03:36:45 1 46 4096 2871 7.3 3.0 16 7
03:36:46 1 46 4096 2871 7.3 3.0 16 7
03:36:47 1 46 4096 2871 7.5 3.0 16 7
03:36:49 1 46 4096 2871 7.4 3.0 16 7
03:36:50 1 46 4096 2871 7.5 3.0 16 7
03:36:51 1 46 4096 2871 7.5 3.0 16 7
03:36:52 1 47 4096 2871 7.3 3.0 16 7
03:36:53 1 46 4096 2871 7.5 3.0 16 7
03:36:54 1 46 4096 2871 7.5 3.0 16 7
03:36:55 1 46 4096 2871 7.3 3.0 16 7
03:36:56 1 46 4096 2871 7.4 3.0 16 7
03:36:57 1 43 4096 2871 8.6 3.0 16 7
03:36:58 1 42 4096 2871 8.7 3.0 16 7
03:36:59 1 49 4096 2871 6.4 3.0 16 7
03:37:00 1 49 4096 2871 6.4 3.0 16 7
03:37:01 1 50 4096 2871 6.1 3.0 16 7
03:37:02 1 50 4096 2871 6.3 3.0 16 7
03:37:03 1 46 4096 2871 7.6 3.0 16 7
03:37:04 1 46 4096 2871 7.6 3.0 16 7
03:37:06 1 45 4096 2871 7.7 3.0 16 7
03:37:07 1 46 4096 2871 7.5 3.0 16 7
03:37:08 1 44 4096 2871 8.6 3.0 16 7
03:37:09 1 42 4096 2871 8.8 3.0 16 7
03:37:10 1 43 4096 2871 8.5 3.0 16 7
03:37:11 1 45 4096 2871 7.8 3.0 16 7
03:37:12 1 45 4096 2871 7.7 3.0 16 7
03:37:13 1 45 4096 2871 7.7 3.0 16 7
03:37:14 1 45 4096 2871 7.8 3.0 16 7
03:37:15 1 45 4096 2871 7.7 3.0 16 7
03:37:16 1 45 4096 2871 7.7 3.0 16 7
03:37:17 1 45 4096 2871 7.8 3.0 16 7
03:37:18 1 45 4096 2871 7.7 3.0 16 7
03:37:19 1 46 4096 2871 7.6 3.0 16 7
03:37:20 1 45 4096 2871 7.7 3.0 16 7
03:37:21 1 46 4096 2871 7.6 3.0 16 7
03:37:23 1 46 4096 2871 7.6 3.0 16 7
03:37:24 1 45 4096 2871 7.8 3.0 16 7
03:37:25 1 45 4096 2871 7.6 3.0 16 7
03:37:26 1 45 4096 2871 7.6 3.0 16 7
03:37:27 1 45 4096 2871 7.8 3.0 16 7
03:37:28 1 45 4096 2871 7.6 3.0 16 7
03:37:29 1 45 4096 2871 7.7 3.0 16 7
03:37:30 1 45 4096 2871 7.6 3.0 16 7
03:37:31 1 45 4096 2871 7.6 3.0 16 7
03:37:32 1 45 4096 2871 7.6 3.0 16 7
03:37:33 1 46 4096 2871 7.3 3.0 16 7
03:37:34 1 46 4096 2871 7.3 3.0 16 7
03:37:35 1 46 4096 2871 7.4 3.0 16 7
03:37:36 1 46 4096 2871 7.3 3.0 16 7
03:37:37 1 46 4096 2871 7.3 3.0 16 7
03:37:38 1 46 4096 2871 7.4 3.0 16 7
03:37:40 1 46 4096 2871 7.3 3.0 16 7
03:37:41 1 46 4096 2871 7.3 3.0 16 7
03:37:42 1 46 4096 2871 7.4 3.0 16 7
03:37:43 1 46 4096 2871 7.3 3.0 16 7
03:37:44 1 46 4096 2871 7.4 3.0 16 7
03:37:45 1 46 4096 2871 7.3 3.0 16 7
03:37:46 1 46 4096 2871 7.3 3.0 16 7
03:37:47 1 46 4096 2871 7.4 3.0 16 7
03:37:48 1 46 4096 2871 7.4 3.0 16 7
03:37:49 1 46 4096 2871 7.3 3.0 16 7
03:37:50 1 46 4096 2871 7.4 3.0 16 7
03:37:51 1 46 4096 2871 7.3 3.0 16 7
03:37:52 1 46 4096 2871 7.3 3.0 16 7
03:37:53 1 46 4096 2871 7.4 3.0 16 7
03:37:54 1 46 4096 2871 7.5 3.0 16 7
03:37:55 1 42 4096 2871 8.6 3.0 16 7
03:37:57 1 49 4096 2871 6.3 3.0 16 7
03:37:58 1 50 4096 2871 6.2 3.0 16 7
03:37:59 1 50 4096 2871 6.1 3.0 16 7
03:38:00 1 49 4096 2871 6.3 3.0 16 7
03:38:01 1 46 4096 2871 7.6 3.0 16 7
03:38:02 1 45 4096 2871 7.6 3.0 16 7
03:38:03 1 45 4096 2871 7.7 3.0 16 7
03:38:04 1 45 4096 2871 7.5 3.0 16 7
03:38:05 1 45 4096 2871 7.6 3.0 16 7
03:38:06 1 43 4096 2871 8.3 3.0 16 7
03:38:07 1 43 4096 2871 8.5 3.0 16 7
03:38:08 1 46 4096 2871 7.5 3.0 16 7
03:38:09 1 45 4096 2871 7.7 3.0 16 7
03:38:10 1 45 4096 2871 7.7 3.0 16 7
03:38:11 1 45 4096 2871 7.8 3.0 16 7
03:38:12 1 45 4096 2871 7.7 3.0 16 7
03:38:14 1 45 4096 2871 7.7 3.0 16 7
03:38:15 1 45 4096 2871 7.8 3.0 16 7
03:38:16 1 45 4096 2871 7.6 3.0 16 7
03:38:17 1 45 4096 2871 7.6 3.0 16 7
03:38:18 1 45 4096 2871 7.7 3.0 16 7
03:38:19 1 45 4096 2871 7.6 3.0 16 7
03:38:20 1 45 4096 2871 7.7 3.0 16 7
03:38:21 1 45 4096 2871 7.6 3.0 16 7
03:38:22 1 45 4096 2871 7.6 3.0 16 7
03:38:23 1 45 4096 2871 7.7 3.0 16 7
03:38:24 1 45 4096 2871 7.6 3.0 16 7
03:38:25 1 45 4096 2871 7.6 3.0 16 7
03:38:26 1 45 4096 2871 7.7 3.0 16 7
03:38:27 1 45 4096 2871 7.5 3.0 16 7
03:38:28 1 45 4096 2871 7.5 3.0 16 7
03:38:29 1 45 4096 2871 7.6 3.0 16 7
03:38:31 1 46 4096 2871 7.3 3.0 16 7
03:38:32 1 46 4096 2871 7.3 3.0 16 7
03:38:33 1 46 4096 2871 7.4 3.0 16 7
03:38:34 1 46 4096 2871 7.3 3.0 16 7
03:38:35 1 45 4096 2871 7.4 3.0 16 7
03:38:36 1 45 4096 2871 7.4 3.0 16 7
03:38:37 1 46 4096 2871 7.3 3.0 16 7
03:38:38 1 45 4096 2871 7.4 3.0 16 7
03:38:39 1 46 4096 2871 7.3 3.0 16 7
03:38:40 1 46 4096 2871 7.3 3.0 16 7
03:38:41 1 45 4096 2871 7.4 3.0 16 7
03:38:42 1 46 4096 2871 7.3 3.0 16 7
03:38:43 1 46 4096 2871 7.3 3.0 16 7
03:38:44 1 45 4096 2871 7.4 3.0 16 7
03:38:45 1 46 4096 2871 7.3 3.0 16 7
03:38:47 1 46 4096 2871 7.3 3.0 16 7
03:38:48 1 45 4096 2871 7.4 3.0 16 7
03:38:49 1 46 4096 2871 7.3 3.0 16 7
03:38:50 1 45 4096 2871 7.5 3.0 16 7
03:38:51 1 45 4096 2871 7.4 3.0 16 7
03:38:52 1 46 4096 2871 7.3 3.0 16 7
03:38:53 1 41 4096 2871 9.1 3.0 16 7
03:38:54 1 48 4096 2871 6.5 3.0 16 7
03:38:55 1 49 4096 2871 6.3 3.0 16 7
03:38:56 1 49 4096 2871 6.5 3.0 16 7
03:38:57 1 50 4096 2871 6.0 3.0 16 7
03:38:58 1 50 4096 2871 6.2 3.0 16 7
03:38:59 1 45 4096 2871 7.7 3.0 16 7
03:39:00 1 45 4096 2871 7.7 3.0 16 7
03:39:01 1 46 4096 2871 7.5 3.0 16 7
03:39:02 1 44 4096 2871 7.9 3.0 16 7
03:39:03 1 42 4096 2871 8.7 3.0 16 7
03:39:04 1 53 4096 2871 5.8 3.0 16 7
03:39:06 1 42 4096 2871 8.7 3.0 16 7
03:39:07 1 44 4096 2871 7.7 2.9 16 7
03:39:08 1 44 4096 2871 7.7 2.8 16 7
03:39:09 1 44 4096 2871 7.8 2.9 16 7
03:39:10 1 44 4096 2871 7.7 2.9 16 7
03:39:11 1 44 4096 2871 7.8 2.9 16 7
03:39:12 1 44 4096 2871 7.8 2.9 16 7
03:39:13 1 44 4096 2871 7.7 2.9 16 7
03:39:14 1 44 4096 2871 7.7 3.0 16 7
03:39:15 1 44 4096 2871 7.6 3.0 16 7
03:39:16 1 45 4096 2871 7.6 3.0 16 7
03:39:17 1 44 4096 2871 7.7 3.0 16 7
03:39:18 1 45 4096 2871 7.6 3.0 16 7
03:39:19 1 45 4096 2871 7.6 3.0 16 7
03:39:21 1 44 4096 2871 7.7 3.0 16 7
03:39:22 1 45 4096 2871 7.6 3.0 16 7
03:39:23 1 45 4096 2871 7.6 3.0 16 7
03:39:24 1 45 4096 2871 7.7 3.0 16 7
03:39:25 1 45 4096 2871 7.6 3.0 16 7
03:39:26 1 45 4096 2871 7.7 3.0 16 7
03:39:27 1 45 4096 2871 7.7 3.0 16 7
03:39:28 1 45 4096 2871 7.5 3.0 16 7
03:39:29 1 46 4096 2871 7.4 3.0 16 7
03:39:30 1 46 4096 2871 7.3 3.0 16 7
03:39:31 1 46 4096 2871 7.3 3.0 16 7
03:39:32 1 45 4096 2871 7.4 3.0 16 7
03:39:33 1 46 4096 2871 7.3 3.0 16 7
03:39:34 1 46 4096 2871 7.3 3.0 16 7
03:39:35 1 46 4096 2871 7.4 3.0 16 7
03:39:37 1 46 4096 2871 7.3 3.0 16 7
03:39:38 1 46 4096 2871 7.3 3.0 16 7
03:39:39 1 45 4096 2871 7.4 3.0 16 7
03:39:40 1 46 4096 2871 7.3 3.0 16 7
03:39:41 1 46 4096 2871 7.3 3.0 16 7
03:39:42 1 46 4096 2871 7.4 3.0 16 7
03:39:43 1 46 4096 2871 7.3 3.0 16 7
03:39:44 1 46 4096 2871 7.4 3.0 16 7
03:39:45 1 46 4096 2871 7.3 3.0 16 7
03:39:46 1 46 4096 2871 7.3 3.0 16 7
03:39:47 1 46 4096 2871 7.4 3.0 16 7
03:39:48 1 46 4096 2871 7.3 3.0 16 7
03:39:49 1 46 4096 2871 7.3 3.0 16 7
03:39:50 1 41 4096 2871 8.9 3.0 16 7
03:39:51 1 43 4096 2871 8.3 3.0 16 7
03:39:53 1 50 4096 2871 6.0 3.0 16 7
03:39:54 1 49 4096 2871 6.3 3.0 16 7
03:39:55 1 50 4096 2871 6.1 3.0 16 7
03:39:56 1 50 4096 2871 6.0 3.0 16 7
03:39:57 1 46 4096 2871 7.6 3.0 16 7
03:39:58 1 46 4096 2871 7.5 3.0 16 7
03:39:59 1 45 4096 2871 7.7 3.0 16 7
03:40:00 1 45 4096 2871 7.7 3.0 16 7
03:40:01 1 43 4096 2871 8.6 3.0 16 7
03:40:02 1 43 4096 2871 8.6 3.0 16 7
03:40:03 1 43 4096 2871 8.5 3.0 16 7
03:40:04 1 45 4096 2871 7.7 3.0 16 7
03:40:05 1 45 4096 2871 7.9 3.0 16 7
03:40:06 1 45 4096 2871 7.7 3.0 16 7
03:40:07 1 45 4096 2871 7.7 2.9 16 7
03:40:08 1 44 4096 2871 7.8 3.0 16 7
03:40:09 1 45 4096 2871 7.7 3.0 16 7
03:40:11 1 45 4096 2871 7.7 3.0 16 7
03:40:12 1 44 4096 2871 7.8 3.0 16 7
03:40:13 1 45 4096 2871 7.5 3.0 16 7
03:40:14 1 45 4096 2871 7.6 3.0 16 7
03:40:15 1 45 4096 2871 7.7 3.0 16 7
03:40:16 1 45 4096 2871 7.6 3.0 16 7
03:40:17 1 45 4096 2871 7.7 3.0 16 7
03:40:18 1 45 4096 2871 7.6 3.0 16 7
03:40:19 1 45 4096 2871 7.6 3.0 16 7
03:40:20 1 45 4096 2871 7.7 3.0 16 7
03:40:21 1 45 4096 2871 7.5 3.0 16 7
03:40:22 1 45 4096 2871 7.5 3.0 16 7
03:40:23 1 45 4096 2871 7.7 3.0 16 7
03:40:24 1 45 4096 2871 7.5 3.0 16 7
03:40:25 1 45 4096 2871 7.5 3.0 16 7
03:40:26 1 45 4096 2871 7.5 3.0 16 7
03:40:28 1 46 4096 2871 7.3 3.0 16 7
03:40:29 1 46 4096 2871 7.3 3.0 16 7
03:40:30 1 46 4096 2871 7.4 3.0 16 7
03:40:31 1 46 4096 2871 7.3 3.0 16 7
03:40:32 1 46 4096 2871 7.4 3.0 16 7
03:40:33 1 46 4096 2871 7.4 3.0 16 7
03:40:34 1 46 4096 2871 7.3 3.0 16 7
03:40:35 1 46 4096 2871 7.4 3.0 16 7
03:40:36 1 46 4096 2871 7.3 3.0 16 7
03:40:37 1 46 4096 2871 7.3 3.0 16 7
03:40:38 1 46 4096 2871 7.4 3.0 16 7
03:40:39 1 46 4096 2871 7.3 3.0 16 7
03:40:40 1 46 4096 2871 7.3 3.0 16 7
03:40:41 1 46 4096 2871 7.4 3.0 16 7
03:40:42 1 46 4096 2871 7.3 3.0 16 7
03:40:43 1 46 4096 2871 7.3 3.0 16 7
03:40:45 1 46 4096 2871 7.4 3.0 16 7
03:40:46 1 46 4096 2871 7.3 3.0 16 7
03:40:47 1 46 4096 2871 7.3 3.0 16 7
03:40:48 1 46 4096 2871 7.4 3.0 16 7
03:40:49 1 42 4096 2871 8.8 3.0 16 7
03:40:50 1 49 4096 2871 6.5 3.0 16 7
03:40:51 1 49 4096 2871 6.3 3.0 16 7
03:40:52 1 49 4096 2871 6.3 3.0 16 7
03:40:53 1 50 4096 2871 6.2 3.0 16 7
03:40:54 1 50 4096 2871 6.0 3.0 16 7
03:40:55 1 46 4096 2871 7.6 3.0 16 7
03:40:56 1 45 4096 2871 7.7 3.0 16 7
03:40:57 1 46 4096 2871 7.5 3.0 16 7
03:40:58 1 46 4096 2871 7.5 3.0 16 7
03:40:59 1 42 4096 2871 8.9 3.0 16 7
03:41:00 1 43 4096 2871 8.4 3.0 16 7
03:41:01 1 46 4096 2871 7.4 3.0 16 7
03:41:03 1 45 4096 2871 7.8 3.0 16 7
03:41:04 1 46 4096 2871 7.6 3.0 16 7
03:41:05 1 46 4096 2871 7.6 3.0 16 7
03:41:06 1 46 4096 2871 7.9 3.0 16 7
03:41:07 1 46 4096 2871 7.7 3.0 16 7
03:41:08 1 46 4096 2871 7.9 3.0 16 7
03:41:09 1 46 4096 2871 7.7 3.0 16 7
03:41:10 1 47 4096 2871 7.5 3.0 16 7
03:41:11 1 47 4096 2871 7.7 3.0 16 7
03:41:12 1 47 4096 2871 7.6 3.0 16 7
03:41:13 1 47 4096 2871 7.6 3.0 16 7
03:41:14 1 47 4096 2871 7.7 3.0 16 7
03:41:15 1 47 4096 2871 7.5 3.0 16 7
03:41:16 1 47 4096 2871 7.5 3.0 16 7
03:41:17 1 47 4096 2871 7.6 3.0 16 7
03:41:18 1 47 4096 2871 7.5 3.0 16 7
03:41:19 1 47 4096 2871 7.5 3.0 16 7
03:41:21 1 47 4096 2871 7.6 3.0 16 7
03:41:22 1 47 4096 2871 7.5 3.0 16 7
03:41:23 1 47 4096 2871 7.5 3.0 16 7
03:41:24 1 48 4096 2871 7.4 3.0 16 7
03:41:25 1 48 4096 2871 7.3 3.0 16 7
03:41:26 1 48 4096 2871 7.4 3.0 16 7
03:41:27 1 48 4096 2871 7.3 3.0 16 7
03:41:28 1 48 4096 2871 7.3 3.0 16 7
03:41:29 1 48 4096 2871 7.4 3.0 16 7
03:41:30 1 48 4096 2871 7.3 3.0 16 7
03:41:31 1 48 4096 2871 7.3 3.0 16 7
03:41:32 1 47 4096 2871 7.4 3.0 16 7
03:41:33 1 48 4096 2871 7.3 3.0 16 7
03:41:34 1 48 4096 2871 7.3 3.0 16 7
03:41:35 1 48 4096 2871 7.4 3.0 16 7
03:41:37 1 48 4096 2871 7.3 3.0 16 7
03:41:38 1 48 4096 2871 7.3 3.0 16 7
03:41:39 1 47 4096 2871 7.4 3.0 16 7
03:41:40 1 48 4096 2871 7.3 3.0 16 7
03:41:41 1 48 4096 2871 7.3 3.0 16 7
03:41:42 1 48 4096 2871 7.4 3.0 16 7
03:41:43 1 48 4096 2871 7.3 3.0 16 7
03:41:44 1 48 4096 2871 7.4 3.0 16 7
03:41:45 1 48 4096 2871 7.3 3.0 16 7
03:41:46 1 44 4096 2871 8.5 3.0 16 7
03:41:47 1 51 4096 2871 6.1 3.0 16 7
03:41:48 1 51 4096 2871 6.2 3.0 16 7
03:41:49 1 51 4096 2871 6.1 3.0 16 7
03:41:50 1 51 4096 2871 6.2 3.0 16 7
03:41:51 1 50 4096 2871 7.1 3.0 16 7
03:41:52 1 47 4096 2871 7.5 3.0 16 7
03:41:53 1 47 4096 2871 7.6 3.0 16 7
03:41:54 1 47 4096 2871 7.5 3.0 16 7
03:41:56 1 47 4096 2871 7.4 3.0 16 7
03:41:57 1 44 4096 2871 8.7 3.0 16 7
03:41:58 1 44 4096 2871 8.4 3.0 16 7
03:41:59 1 48 4096 2871 7.3 3.0 16 7
03:42:00 1 46 4096 2871 7.9 3.0 16 7
03:42:01 1 47 4096 2871 7.6 3.0 16 7
03:42:02 1 46 4096 2871 7.9 3.0 16 7
03:42:03 1 47 4096 2871 7.7 3.0 16 7
03:42:04 1 47 4096 2871 7.7 3.0 16 7
03:42:05 1 46 4096 2871 7.7 3.0 16 7
03:42:06 1 47 4096 2871 7.5 3.0 16 7
03:42:07 1 47 4096 2871 7.5 3.0 16 7
03:42:08 1 47 4096 2871 7.6 3.0 16 7
03:42:09 1 47 4096 2871 7.5 3.0 16 7
03:42:10 1 47 4096 2871 7.7 3.0 16 7
03:42:11 1 47 4096 2871 7.7 3.0 16 7
03:42:13 1 47 4096 2871 7.6 3.0 16 7
03:42:14 1 47 4096 2871 7.5 3.0 16 7
03:42:15 1 47 4096 2871 7.6 3.0 16 7
03:42:16 1 47 4096 2871 7.5 3.0 16 7
03:42:17 1 47 4096 2871 7.6 3.0 16 7
03:42:18 1 47 4096 2871 7.6 3.0 16 7
03:42:19 1 47 4096 2871 7.5 3.0 16 7
03:42:20 1 47 4096 2871 7.6 3.0 16 7
03:42:21 1 48 4096 2871 7.3 3.0 16 7
03:42:22 1 48 4096 2871 7.3 3.0 16 7
03:42:23 1 47 4096 2871 7.4 3.0 16 7
03:42:24 1 48 4096 2871 7.3 3.0 16 7
03:42:25 1 47 4096 2871 7.3 3.0 16 7
03:42:26 1 47 4096 2871 7.4 3.0 16 7
03:42:27 1 47 4096 2871 7.3 3.0 16 7
03:42:29 1 47 4096 2871 7.3 3.0 16 7
03:42:30 1 47 4096 2871 7.4 3.0 16 7
03:42:31 1 47 4096 2871 7.4 3.0 16 7
03:42:32 1 47 4096 2871 7.3 3.0 16 7
03:42:33 1 47 4096 2871 7.5 3.0 16 7
03:42:34 1 47 4096 2871 7.3 3.0 16 7
03:42:35 1 47 4096 2871 7.5 3.0 16 7
03:42:36 1 47 4096 2871 7.3 3.0 16 7
03:42:37 1 47 4096 2871 7.3 3.0 16 7
03:42:38 1 47 4096 2871 7.3 3.0 16 7
03:42:39 1 47 4096 2871 7.3 3.0 16 7
03:42:40 1 47 4096 2871 7.3 3.0 16 7
03:42:41 1 47 4096 2871 7.3 3.0 16 7
03:42:42 1 47 4096 2871 7.2 3.0 16 7
03:42:43 1 42 4096 2871 8.8 3.0 16 7
03:42:44 1 50 4096 2871 6.3 3.0 16 7
03:42:46 1 50 4096 2871 6.2 3.0 16 7
03:42:47 1 50 4096 2871 6.3 3.0 16 7
03:42:48 1 50 4096 2871 6.2 3.0 16 7
03:42:49 1 51 4096 2871 6.0 3.0 16 7
03:42:50 1 46 4096 2871 7.5 3.0 16 7
03:42:51 1 46 4096 2871 7.7 3.0 16 7
03:42:52 1 46 4096 2871 7.4 3.0 16 7
03:42:53 1 46 4096 2871 7.5 3.0 16 7
03:42:54 1 43 4096 2871 8.6 3.0 16 7
03:42:55 1 44 4096 2871 8.3 3.0 16 7
03:42:56 1 47 4096 2871 7.4 3.0 16 7
03:42:57 1 46 4096 2871 7.6 3.0 16 7
03:42:58 1 46 4096 2871 7.6 3.0 16 7
03:42:59 1 45 4096 2871 7.7 3.0 16 7
03:43:00 1 46 4096 2871 7.6 3.0 16 7
03:43:01 1 46 4096 2871 7.6 3.0 16 7
03:43:02 1 45 4096 2871 7.8 3.0 16 7
03:43:04 1 46 4096 2871 7.6 3.0 16 7
03:43:05 1 46 4096 2871 7.5 3.0 16 7
03:43:06 1 45 4096 2871 7.7 3.0 16 7
03:43:07 1 46 4096 2871 7.5 3.0 16 7
03:43:08 1 46 4096 2871 7.6 3.0 16 7
03:43:09 1 46 4096 2871 7.6 3.0 16 7
03:43:10 1 46 4096 2871 7.5 3.0 16 7
03:43:11 1 46 4096 2871 7.6 3.0 16 7
03:43:12 1 46 4096 2871 7.5 3.0 16 7
03:43:13 1 46 4096 2871 7.5 3.0 16 7
03:43:14 1 45 4096 2871 7.7 3.0 16 7
03:43:15 1 46 4096 2871 7.5 3.0 16 7
03:43:16 1 46 4096 2871 7.5 3.0 16 7
03:43:17 1 46 4096 2871 7.7 3.0 16 7
03:43:18 1 47 4096 2871 7.2 3.0 16 7
03:43:20 1 47 4096 2871 7.2 3.0 16 7
03:43:21 1 46 4096 2871 7.5 3.0 16 7
03:43:22 1 46 4096 2871 7.3 3.0 16 7
03:43:23 1 46 4096 2871 7.3 3.0 16 7
03:43:24 1 46 4096 2871 7.5 3.0 16 7
03:43:25 1 46 4096 2871 7.2 3.0 16 7
03:43:26 1 46 4096 2871 7.3 3.0 16 7
03:43:27 1 46 4096 2871 7.3 3.0 16 7
03:43:28 1 46 4096 2871 7.2 3.0 16 7
03:43:29 1 46 4096 2871 7.3 3.0 16 7
03:43:30 1 46 4096 2871 7.2 3.0 16 7
03:43:31 1 46 4096 2871 7.4 3.0 16 7
03:43:32 1 45 4096 2871 7.5 3.0 16 7
03:43:33 1 46 4096 2871 7.4 3.0 16 7
03:43:34 1 46 4096 2871 7.3 3.0 16 7
03:43:35 1 46 4096 2871 7.4 3.0 16 7
03:43:37 1 46 4096 2871 7.2 3.0 16 7
03:43:38 1 46 4096 2871 7.2 3.0 16 7
03:43:39 1 46 4096 2871 7.3 3.0 16 7
03:43:40 1 46 4096 2871 7.2 3.0 16 7
03:43:41 1 42 4096 2871 8.7 3.0 16 7
03:43:42 1 42 4096 2871 7.4 3.0 16 7
03:43:43 1 50 4096 2871 6.0 3.0 16 7
03:43:44 1 49 4096 2871 6.1 3.0 16 7
03:43:45 1 50 4096 2871 6.0 3.0 16 7
03:43:46 1 50 4096 2871 5.9 3.0 16 7
03:43:47 1 44 4096 2871 7.7 3.0 16 7
03:43:48 1 45 4096 2871 7.5 2.9 16 7
03:43:49 1 45 4096 2871 7.4 2.9 16 7
03:43:50 1 44 4096 2871 7.6 2.9 16 7
03:43:51 1 44 4096 2871 8.1 2.9 16 7
03:43:52 1 46 4096 2871 7.0 2.9 16 7
03:43:54 1 42 4096 2871 8.5 3.0 16 7
03:43:55 1 44 4096 2871 7.6 3.0 16 7
03:43:56 1 44 4096 2871 7.6 3.0 16 7
03:43:57 1 44 4096 2871 7.7 3.0 16 7
03:43:58 1 44 4096 2871 7.6 3.0 16 7
03:43:59 1 44 4096 2871 7.7 3.0 16 7
03:44:00 1 44 4096 2871 7.7 3.0 16 7
03:44:01 1 44 4096 2871 7.6 3.0 16 7
03:44:02 1 44 4096 2871 7.7 3.0 16 7
03:44:03 1 45 4096 2871 7.5 3.0 16 7
03:44:04 1 45 4096 2871 7.5 3.0 16 7
03:44:05 1 44 4096 2871 7.7 3.0 16 7
03:44:06 1 45 4096 2871 7.5 3.0 16 7
03:44:07 1 45 4096 2871 7.5 3.0 16 7
03:44:08 1 44 4096 2871 7.7 3.0 16 7
03:44:10 1 45 4096 2871 7.5 3.0 16 7
03:44:11 1 45 4096 2871 7.5 3.0 16 7
03:44:12 1 45 4096 2871 7.6 3.0 16 7
03:44:13 1 45 4096 2871 7.5 3.0 16 7
03:44:14 1 45 4096 2871 7.5 3.0 16 7
03:44:15 1 44 4096 2871 7.7 3.0 16 7
03:44:16 1 45 4096 2871 7.5 3.0 16 7
03:44:17 1 45 4096 2871 7.4 3.0 16 7
03:44:18 1 45 4096 2871 7.3 3.0 16 7
03:44:19 1 46 4096 2871 7.2 3.0 16 7
03:44:20 1 45 4096 2871 7.5 3.0 16 7
03:44:21 1 46 4096 2871 7.3 3.0 16 7
03:44:22 1 46 4096 2871 7.2 3.0 16 7
03:44:23 1 45 4096 2871 7.4 3.0 16 7
03:44:24 1 46 4096 2871 7.2 3.0 16 7
03:44:26 1 46 4096 2871 7.2 3.0 16 7
03:44:27 1 45 4096 2871 7.4 3.0 16 7
03:44:28 1 46 4096 2871 7.2 3.0 16 7
03:44:29 1 46 4096 2871 7.2 3.0 16 7
03:44:30 1 46 4096 2871 7.3 3.0 16 7
03:44:31 1 46 4096 2871 7.2 3.0 16 7
03:44:32 1 46 4096 2871 7.3 3.0 16 7
03:44:33 1 46 4096 2871 7.2 3.0 16 7
03:44:34 1 46 4096 2871 7.2 3.0 16 7
03:44:35 1 46 4096 2871 7.3 3.0 16 7
03:44:36 1 46 4096 2871 7.2 3.0 16 7
03:44:37 1 46 4096 2871 7.2 3.0 16 7
03:44:38 1 45 4096 2871 7.4 3.0 16 7
03:44:39 1 42 4096 2871 8.8 3.0 16 7
03:44:40 1 50 4096 2871 6.2 3.0 16 7
03:44:41 1 49 4096 2871 6.4 3.0 16 7
03:44:42 1 49 4096 2871 6.3 3.0 16 7
03:44:44 1 50 4096 2871 6.0 3.0 16 7
03:44:45 1 50 4096 2871 6.0 3.0 16 7
03:44:46 1 46 4096 2871 7.4 3.0 16 7
03:44:47 1 46 4096 2871 7.5 3.0 16 7
03:44:48 1 45 4096 2871 7.6 3.0 16 7
03:44:49 1 46 4096 2871 7.4 3.0 16 7
03:44:50 1 42 4096 2871 8.7 3.0 16 7
03:44:51 1 53 4096 2871 5.0 3.0 16 7
03:44:52 1 43 4096 2871 8.4 3.0 16 7
03:44:53 1 45 4096 2871 7.8 3.0 16 7
03:44:54 1 45 4096 2871 7.6 3.0 16 7
03:44:55 1 45 4096 2871 7.5 3.0 16 7
03:44:56 1 45 4096 2871 7.7 3.0 16 7
03:44:57 1 45 4096 2871 7.6 3.0 16 7
03:44:58 1 45 4096 2871 7.6 3.0 16 7
03:44:59 1 45 4096 2871 7.7 3.0 16 7
03:45:01 1 46 4096 2871 7.5 3.0 16 7
03:45:02 1 45 4096 2871 7.7 3.0 16 7
03:45:03 1 45 4096 2871 7.8 3.0 16 7
03:45:04 1 45 4096 2871 7.7 3.0 16 7
03:45:05 1 45 4096 2871 7.8 3.0 16 7
03:45:06 1 45 4096 2871 7.8 3.0 16 7
03:45:07 1 46 4096 2871 7.6 3.0 16 7
03:45:08 1 46 4096 2871 7.7 3.0 16 7
03:45:09 1 46 4096 2871 7.5 3.0 16 7
03:45:10 1 46 4096 2871 7.4 3.0 16 7
03:45:11 1 46 4096 2871 7.5 3.0 16 7
03:45:12 1 46 4096 2871 7.4 3.0 16 7
03:45:13 1 46 4096 2871 7.4 3.0 16 7
03:45:14 1 46 4096 2871 7.5 3.0 16 7
03:45:16 1 47 4096 2871 7.2 3.0 16 7
03:45:17 1 47 4096 2871 7.2 3.0 16 7
03:45:18 1 46 4096 2871 7.4 3.0 16 7
03:45:19 1 47 4096 2871 7.2 3.0 16 7
03:45:20 1 46 4096 2871 7.3 3.0 16 7
03:45:21 1 46 4096 2871 7.4 3.0 16 7
03:45:22 1 46 4096 2871 7.3 3.0 16 7
03:45:23 1 46 4096 2871 7.4 3.0 16 7
03:45:24 1 47 4096 2871 7.2 3.0 16 7
03:45:25 1 47 4096 2871 7.2 3.0 16 7
03:45:26 1 46 4096 2871 7.3 3.0 16 7
03:45:27 1 47 4096 2871 7.2 3.0 16 7
03:45:28 1 47 4096 2871 7.2 3.0 16 7
03:45:30 1 46 4096 2871 7.3 3.0 16 7
03:45:31 1 47 4096 2871 7.2 3.0 16 7
03:45:32 1 47 4096 2871 7.2 3.0 16 7
03:45:33 1 47 4096 2871 7.2 3.0 16 7
03:45:34 1 47 4096 2871 7.2 3.0 16 7
03:45:35 1 47 4096 2871 7.3 3.0 16 7
03:45:36 1 47 4096 2871 7.2 3.0 16 7
03:45:37 1 43 4096 2871 8.5 3.0 16 7
03:45:38 1 44 4096 2871 8.2 3.0 16 7
03:45:39 1 51 4096 2871 5.9 3.0 16 7
03:45:40 1 51 4096 2871 6.0 3.0 16 7
03:45:41 1 50 4096 2871 6.0 3.0 16 7
03:45:42 1 51 4096 2871 5.9 3.0 16 7
03:45:43 1 46 4096 2871 7.4 3.0 16 7
03:45:44 1 46 4096 2871 7.5 3.0 16 7
03:45:45 1 46 4096 2871 7.3 3.0 16 7
03:45:47 1 46 4096 2871 7.3 3.0 16 7
03:45:48 1 43 4096 2871 8.6 3.0 16 7
03:45:49 1 44 4096 2871 8.2 3.0 16 7
03:45:50 1 44 4096 2871 8.3 3.0 16 7
03:45:51 1 45 4096 2871 7.7 3.0 16 7
03:45:52 1 46 4096 2871 7.5 3.0 16 7
03:45:53 1 45 4096 2871 7.8 3.0 16 7
03:45:54 1 45 4096 2871 7.8 3.0 16 7
03:45:55 1 46 4096 2871 7.5 3.0 16 7
03:45:56 1 45 4096 2871 7.8 3.0 16 7
03:45:57 1 46 4096 2871 7.6 3.0 16 7
03:45:58 1 46 4096 2871 7.6 3.0 16 7
03:45:59 1 46 4096 2871 7.5 3.0 16 7
03:46:00 1 46 4096 2871 7.4 3.0 16 7
03:46:01 1 46 4096 2871 7.4 3.0 16 7
03:46:02 1 46 4096 2871 7.6 3.0 16 7
03:46:04 1 46 4096 2871 7.4 3.0 16 7
03:46:05 1 46 4096 2871 7.4 3.0 16 7
03:46:06 1 46 4096 2871 7.6 3.0 16 7
03:46:07 1 46 4096 2871 7.5 3.0 16 7
03:46:08 1 46 4096 2871 7.5 3.0 16 7
03:46:09 1 46 4096 2871 7.5 3.0 16 7
03:46:10 1 46 4096 2871 7.4 3.0 16 7
03:46:11 1 46 4096 2871 7.6 3.0 16 7
03:46:12 1 46 4096 2871 7.4 3.0 16 7
03:46:13 1 47 4096 2871 7.2 3.0 16 7
03:46:14 1 47 4096 2871 7.2 3.0 16 7
03:46:15 1 47 4096 2871 7.2 3.0 16 7
03:46:16 1 47 4096 2871 7.2 3.0 16 7
03:46:17 1 47 4096 2871 7.3 3.0 16 7
03:46:18 1 47 4096 2871 7.2 3.0 16 7
03:46:19 1 47 4096 2871 7.1 3.0 16 7
03:46:21 1 47 4096 2871 7.2 3.0 16 7
03:46:22 1 47 4096 2871 7.2 3.0 16 7
03:46:23 1 47 4096 2871 7.2 3.0 16 7
03:46:24 1 47 4096 2871 7.3 3.0 16 7
03:46:25 1 47 4096 2871 7.2 3.0 16 7
03:46:26 1 46 4096 2871 7.4 3.0 16 7
03:46:27 1 47 4096 2871 7.3 3.0 16 7
03:46:28 1 47 4096 2871 7.2 3.0 16 7
03:46:29 1 47 4096 2871 7.3 3.0 16 7
03:46:30 1 47 4096 2871 7.1 3.0 16 7
03:46:31 1 47 4096 2871 7.2 3.0 16 7
03:46:32 1 47 4096 2871 7.3 3.0 16 7
03:46:33 1 47 4096 2871 7.1 3.0 16 7
03:46:34 1 46 4096 2871 7.5 3.0 16 7
03:46:35 1 42 4096 2871 8.8 3.0 16 7
03:46:36 1 50 4096 2871 6.1 3.0 16 7
03:46:38 1 50 4096 2871 6.2 3.0 16 7
03:46:39 1 50 4096 2871 6.0 3.0 16 7
03:46:40 1 51 4096 2871 6.0 3.0 16 7
03:46:41 1 46 4096 2871 7.5 3.0 16 7
03:46:42 1 46 4096 2871 7.5 3.0 16 7
03:46:43 1 46 4096 2871 7.4 3.0 16 7
03:46:44 1 46 4096 2871 7.5 3.0 16 7
03:46:45 1 46 4096 2871 8.0 3.0 16 7
03:46:46 1 43 4096 2871 8.6 3.0 16 7
03:46:47 1 44 4096 2871 8.2 3.0 16 7
03:46:48 1 47 4096 2871 7.1 3.0 16 7
03:46:49 1 47 4096 2871 7.1 3.0 16 7
03:46:50 1 47 4096 2871 7.1 3.0 16 7
03:46:51 1 47 4096 2871 7.1 3.0 16 7
03:46:52 1 48 4096 2871 6.9 3.0 16 7
03:46:53 1 48 4096 2871 6.9 3.0 16 7
03:46:54 1 48 4096 2871 6.9 3.0 16 7
03:46:55 1 45 4096 2871 8.1 3.3 16 7
03:46:57 1 60 4096 2871 2.9 3.3 16 7
03:46:58 1 61 4096 2871 2.7 3.3 16 7
03:46:59 1 59 4096 2871 3.4 3.3 16 7
03:47:00 1 74 4096 2871 3.0 0.6 16 7
