{
    "model": {
        "joint_score": {
            "mean": 0.5119826197624207,
            "std": 0,
            "min": 0.5119826197624207,
            "max": 0.5119826197624207
        },
        "loss": {
            "mean": 1.0533151626586914,
            "std": 0,
            "min": 1.0533151626586914,
            "max": 1.0533151626586914
        }
    },
    "category": {
        "accuracy": {
            "mean": 0.835579514503479,
            "std": 0,
            "min": 0.835579514503479,
            "max": 0.835579514503479
        },
        "accuracy_macro": {
            "mean": 0.7527456879615784,
            "std": 0,
            "min": 0.7527456879615784,
            "max": 0.7527456879615784
        },
        "f1": {
            "mean": 0.7663781046867371,
            "std": 0,
            "min": 0.7663781046867371,
            "max": 0.7663781046867371
        },
        "f1_weighted": {
            "mean": 0.8342059850692749,
            "std": 0,
            "min": 0.8342059850692749,
            "max": 0.8342059850692749
        },
        "mrr": {
            "mean": 0.9052368402481079,
            "std": 0,
            "min": 0.9052368402481079,
            "max": 0.9052368402481079
        },
        "top3_acc": {
            "mean": 0.9743935465812683,
            "std": 0,
            "min": 0.9743935465812683,
            "max": 0.9743935465812683
        },
        "ndcg_3": {
            "mean": 0.9189265370368958,
            "std": 0,
            "min": 0.9189265370368958,
            "max": 0.9189265370368958
        },
        "top5_acc": {
            "mean": 0.9973045587539673,
            "std": 0,
            "min": 0.9973045587539673,
            "max": 0.9973045587539673
        },
        "ndcg_5": {
            "mean": 0.9283802509307861,
            "std": 0,
            "min": 0.9283802509307861,
            "max": 0.9283802509307861
        },
        "loss": {
            "mean": 0.5505456924438477,
            "std": 0,
            "min": 0.5505456924438477,
            "max": 0.5505456924438477
        }
    },
    "next": {
        "accuracy": {
            "mean": 0.3768686056137085,
            "std": 0,
            "min": 0.3768686056137085,
            "max": 0.3768686056137085
        },
        "accuracy_macro": {
            "mean": 0.24836643040180206,
            "std": 0,
            "min": 0.24836643040180206,
            "max": 0.24836643040180206
        },
        "f1": {
            "mean": 0.25758713483810425,
            "std": 0,
            "min": 0.25758713483810425,
            "max": 0.25758713483810425
        },
        "f1_weighted": {
            "mean": 0.34555548429489136,
            "std": 0,
            "min": 0.34555548429489136,
            "max": 0.34555548429489136
        },
        "mrr": {
            "mean": 0.6044678092002869,
            "std": 0,
            "min": 0.6044678092002869,
            "max": 0.6044678092002869
        },
        "top3_acc": {
            "mean": 0.7966168522834778,
            "std": 0,
            "min": 0.7966168522834778,
            "max": 0.7966168522834778
        },
        "ndcg_3": {
            "mean": 0.6222307682037354,
            "std": 0,
            "min": 0.6222307682037354,
            "max": 0.6222307682037354
        },
        "top5_acc": {
            "mean": 0.9405979514122009,
            "std": 0,
            "min": 0.9405979514122009,
            "max": 0.9405979514122009
        },
        "ndcg_5": {
            "mean": 0.6817230582237244,
            "std": 0,
            "min": 0.6817230582237244,
            "max": 0.6817230582237244
        },
        "loss": {
            "mean": 1.5560847520828247,
            "std": 0,
            "min": 1.5560847520828247,
            "max": 1.5560847520828247
        }
    },
    "_selection": {
        "primary": "joint_score",
        "diagnostic_task_best": "per-task best validation f1"
    },
    "diagnostic_task_best": {
        "category": {
            "accuracy": {
                "mean": 0.8315364122390747,
                "std": 0,
                "min": 0.8315364122390747,
                "max": 0.8315364122390747
            },
            "accuracy_macro": {
                "mean": 0.7606164813041687,
                "std": 0,
                "min": 0.7606164813041687,
                "max": 0.7606164813041687
            },
            "f1": {
                "mean": 0.7690877914428711,
                "std": 0,
                "min": 0.7690877914428711,
                "max": 0.7690877914428711
            },
            "f1_weighted": {
                "mean": 0.8308665752410889,
                "std": 0,
                "min": 0.8308665752410889,
                "max": 0.8308665752410889
            },
            "mrr": {
                "mean": 0.9028783440589905,
                "std": 0,
                "min": 0.9028783440589905,
                "max": 0.9028783440589905
            },
            "top3_acc": {
                "mean": 0.9716981053352356,
                "std": 0,
                "min": 0.9716981053352356,
                "max": 0.9716981053352356
            },
            "ndcg_3": {
                "mean": 0.9160866141319275,
                "std": 0,
                "min": 0.9160866141319275,
                "max": 0.9160866141319275
            },
            "top5_acc": {
                "mean": 0.9959568977355957,
                "std": 0,
                "min": 0.9959568977355957,
                "max": 0.9959568977355957
            },
            "ndcg_5": {
                "mean": 0.9261208176612854,
                "std": 0,
                "min": 0.9261208176612854,
                "max": 0.9261208176612854
            },
            "loss": {
                "mean": 0.5579037666320801,
                "std": 0,
                "min": 0.5579037666320801,
                "max": 0.5579037666320801
            }
        },
        "next": {
            "accuracy": {
                "mean": 0.3768686056137085,
                "std": 0,
                "min": 0.3768686056137085,
                "max": 0.3768686056137085
            },
            "accuracy_macro": {
                "mean": 0.24836643040180206,
                "std": 0,
                "min": 0.24836643040180206,
                "max": 0.24836643040180206
            },
            "f1": {
                "mean": 0.25758713483810425,
                "std": 0,
                "min": 0.25758713483810425,
                "max": 0.25758713483810425
            },
            "f1_weighted": {
                "mean": 0.34555548429489136,
                "std": 0,
                "min": 0.34555548429489136,
                "max": 0.34555548429489136
            },
            "mrr": {
                "mean": 0.6044678092002869,
                "std": 0,
                "min": 0.6044678092002869,
                "max": 0.6044678092002869
            },
            "top3_acc": {
                "mean": 0.7966168522834778,
                "std": 0,
                "min": 0.7966168522834778,
                "max": 0.7966168522834778
            },
            "ndcg_3": {
                "mean": 0.6222307682037354,
                "std": 0,
                "min": 0.6222307682037354,
                "max": 0.6222307682037354
            },
            "top5_acc": {
                "mean": 0.9405979514122009,
                "std": 0,
                "min": 0.9405979514122009,
                "max": 0.9405979514122009
            },
            "ndcg_5": {
                "mean": 0.6817230582237244,
                "std": 0,
                "min": 0.6817230582237244,
                "max": 0.6817230582237244
            },
            "loss": {
                "mean": 1.5560847520828247,
                "std": 0,
                "min": 1.5560847520828247,
                "max": 1.5560847520828247
            }
        }
    }
}