{
    "fold_number": 2,
    "duration": 444.90590596199036,
    "best_epochs": {
        "next": {
            "epoch": 70,
            "accuracy": 0.39333398304258843,
            "f1": 0.34550780613106724
        }
    }
}