{
    "Community": {
        "precision": 0.6044181864885693,
        "recall": 0.7481717011128776,
        "f1-score": 0.6686558681443592,
        "support": 3145.0
    },
    "Entertainment": {
        "precision": 0.6734143049932524,
        "recall": 0.7203175748827139,
        "f1-score": 0.6960767218831735,
        "support": 2771.0
    },
    "Food": {
        "precision": 0.7747546833184656,
        "recall": 0.6630614582007889,
        "f1-score": 0.7145697634556051,
        "support": 7859.0
    },
    "Nightlife": {
        "precision": 0.43618392780403953,
        "recall": 0.7198581560283688,
        "f1-score": 0.5432164838105432,
        "support": 1410.0
    },
    "Outdoors": {
        "precision": 0.7106054100472305,
        "recall": 0.746841155234657,
        "f1-score": 0.7282728272827282,
        "support": 2216.0
    },
    "Shopping": {
        "precision": 0.7969055374592834,
        "recall": 0.7300805729632945,
        "f1-score": 0.7620308363183305,
        "support": 6702.0
    },
    "Travel": {
        "precision": 0.8555525751072961,
        "recall": 0.8250129332643559,
        "f1-score": 0.8400052673163023,
        "support": 7732.0
    },
    "macro avg": {
        "precision": 0.6931192321740196,
        "recall": 0.7361919359552938,
        "f1-score": 0.7075468240301488,
        "support": 31835.0
    },
    "weighted avg": {
        "precision": 0.7539323901835328,
        "recall": 0.7382440709910476,
        "f1-score": 0.74224577640887,
        "support": 31835.0
    }
}