{
    "fold_number": 5,
    "duration": 168.04241299629211,
    "primary_checkpoint": {
        "selection_metric": "joint_score",
        "epoch": 28,
        "joint_score": 0.4374369978904724,
        "loss": 2.4161784648895264,
        "time": 97.85629558563232,
        "task_metrics": {
            "next_category": {
                "accuracy": 0.735974133014679,
                "f1": 0.7075717449188232
            },
            "next_region": {
                "accuracy": 0.2538166642189026,
                "f1": 0.16730225086212158
            }
        }
    },
    "diagnostic_best_epochs": {
        "next_category": {
            "epoch": 28,
            "time": 97.88260865211487,
            "metrics": {
                "accuracy": 0.735974133014679,
                "accuracy_macro": 0.7321174144744873,
                "f1": 0.7075717449188232,
                "f1_weighted": 0.7399532198905945,
                "mrr": 0.8315634727478027,
                "top3_acc": 0.9099704623222351,
                "ndcg_3": 0.8381193280220032,
                "top5_acc": 0.9674561619758606,
                "ndcg_5": 0.8618870377540588,
                "loss": 0.778046727180481
            },
            "accuracy": 0.735974133014679,
            "f1": 0.7075717449188232,
            "per_metric_best": {
                "top5_acc": {
                    "epoch": 39,
                    "best_value": 0.9684928059577942,
                    "metrics": {
                        "accuracy": 0.7330213189125061,
                        "accuracy_macro": 0.7322776317596436,
                        "f1": 0.7003973722457886,
                        "f1_weighted": 0.7387491464614868,
                        "mrr": 0.8290663361549377,
                        "top3_acc": 0.9077087044715881,
                        "ndcg_3": 0.8352323770523071,
                        "top5_acc": 0.9684928059577942,
                        "ndcg_5": 0.8603286147117615,
                        "loss": 0.7810198068618774
                    }
                },
                "top3_acc": {
                    "epoch": 28,
                    "best_value": 0.9099704623222351,
                    "metrics": {
                        "accuracy": 0.735974133014679,
                        "accuracy_macro": 0.7321174144744873,
                        "f1": 0.7075717449188232,
                        "f1_weighted": 0.7399532198905945,
                        "mrr": 0.8315634727478027,
                        "top3_acc": 0.9099704623222351,
                        "ndcg_3": 0.8381193280220032,
                        "top5_acc": 0.9674561619758606,
                        "ndcg_5": 0.8618870377540588,
                        "loss": 0.778046727180481
                    }
                },
                "mrr": {
                    "epoch": 28,
                    "best_value": 0.8315634727478027,
                    "metrics": {
                        "accuracy": 0.735974133014679,
                        "accuracy_macro": 0.7321174144744873,
                        "f1": 0.7075717449188232,
                        "f1_weighted": 0.7399532198905945,
                        "mrr": 0.8315634727478027,
                        "top3_acc": 0.9099704623222351,
                        "ndcg_3": 0.8381193280220032,
                        "top5_acc": 0.9674561619758606,
                        "ndcg_5": 0.8618870377540588,
                        "loss": 0.778046727180481
                    }
                },
                "accuracy": {
                    "epoch": 28,
                    "best_value": 0.735974133014679,
                    "metrics": {
                        "accuracy": 0.735974133014679,
                        "accuracy_macro": 0.7321174144744873,
                        "f1": 0.7075717449188232,
                        "f1_weighted": 0.7399532198905945,
                        "mrr": 0.8315634727478027,
                        "top3_acc": 0.9099704623222351,
                        "ndcg_3": 0.8381193280220032,
                        "top5_acc": 0.9674561619758606,
                        "ndcg_5": 0.8618870377540588,
                        "loss": 0.778046727180481
                    }
                },
                "accuracy_macro": {
                    "epoch": 43,
                    "best_value": 0.7344361543655396,
                    "metrics": {
                        "accuracy": 0.7337437868118286,
                        "accuracy_macro": 0.7344361543655396,
                        "f1": 0.7024526596069336,
                        "f1_weighted": 0.7384628057479858,
                        "mrr": 0.8289226293563843,
                        "top3_acc": 0.9049129486083984,
                        "ndcg_3": 0.8339811563491821,
                        "top5_acc": 0.9669535160064697,
                        "ndcg_5": 0.8596309423446655,
                        "loss": 0.780566394329071
                    }
                },
                "f1_weighted": {
                    "epoch": 28,
                    "best_value": 0.7399532198905945,
                    "metrics": {
                        "accuracy": 0.735974133014679,
                        "accuracy_macro": 0.7321174144744873,
                        "f1": 0.7075717449188232,
                        "f1_weighted": 0.7399532198905945,
                        "mrr": 0.8315634727478027,
                        "top3_acc": 0.9099704623222351,
                        "ndcg_3": 0.8381193280220032,
                        "top5_acc": 0.9674561619758606,
                        "ndcg_5": 0.8618870377540588,
                        "loss": 0.778046727180481
                    }
                }
            }
        },
        "next_region": {
            "epoch": 8,
            "time": 31.314869165420532,
            "metrics": {
                "accuracy": 0.5035496354103088,
                "accuracy_macro": 0.2138012938238495,
                "f1": 0.18314078450202942,
                "f1_weighted": 0.4926716685295105,
                "mrr": 0.5781046152114868,
                "top3_acc": 0.6099452972412109,
                "ndcg_3": 0.5645702481269836,
                "top5_acc": 0.6625306010246277,
                "ndcg_5": 0.5861836075782776,
                "loss": 4.985126972198486,
                "n_indist": 31514.0,
                "n_ood": 320.0,
                "ood_fraction": 0.010052145504806181,
                "top1_acc_indist": 0.5083454847335815,
                "top5_acc_indist": 0.6672907471656799,
                "top10_acc_indist": 0.7393221855163574,
                "mrr_indist": 0.5827736854553223
            },
            "accuracy": 0.5035496354103088,
            "f1": 0.18314078450202942,
            "per_metric_best": {
                "top10_acc_indist": {
                    "epoch": 3,
                    "best_value": 0.7631846070289612,
                    "metrics": {
                        "accuracy": 0.4966702163219452,
                        "accuracy_macro": 0.19163219823697222,
                        "f1": 0.15689624845981598,
                        "f1_weighted": 0.47752517461776733,
                        "mrr": 0.5790250897407532,
                        "top3_acc": 0.6145630478858948,
                        "ndcg_3": 0.5647348761558533,
                        "top5_acc": 0.6724885106086731,
                        "ndcg_5": 0.588597297668457,
                        "loss": 6.547682762145996,
                        "n_indist": 31514.0,
                        "n_ood": 320.0,
                        "ood_fraction": 0.010052145504806181,
                        "top1_acc_indist": 0.5017135143280029,
                        "top5_acc_indist": 0.6793171167373657,
                        "top10_acc_indist": 0.7631846070289612,
                        "mrr_indist": 0.5848742127418518
                    }
                },