{
    "Community": {
        "precision": 0.542042755344418,
        "recall": 0.7258269720101781,
        "f1-score": 0.620614631493065,
        "support": 3144.0
    },
    "Entertainment": {
        "precision": 0.6734417344173442,
        "recall": 0.7171717171717171,
        "f1-score": 0.6946191474493362,
        "support": 2772.0
    },
    "Food": {
        "precision": 0.7566716641679161,
        "recall": 0.6421936633159435,
        "f1-score": 0.6947484341661505,
        "support": 7859.0
    },
    "Nightlife": {
        "precision": 0.45286594031264804,
        "recall": 0.6780141843971631,
        "f1-score": 0.5430275489917638,
        "support": 1410.0
    },
    "Outdoors": {
        "precision": 0.6906816220880069,
        "recall": 0.7224729241877257,
        "f1-score": 0.7062196735774151,
        "support": 2216.0
    },
    "Shopping": {
        "precision": 0.7724385079003095,
        "recall": 0.7075499850790808,
        "f1-score": 0.7385717623238065,
        "support": 6702.0
    },
    "Travel": {
        "precision": 0.8581035642232683,
        "recall": 0.8251422659079152,
        "f1-score": 0.8413001912045889,
        "support": 7732.0
    },
    "macro avg": {
        "precision": 0.678035112636273,
        "recall": 0.7169102445813891,
        "f1-score": 0.691300198458018,
        "support": 31835.0
    },
    "weighted avg": {
        "precision": 0.7381333943211378,
        "recall": 0.7223496152033925,
        "f1-score": 0.7263143487504163,
        "support": 31835.0
    }
}