{
    "model": {
        "joint_score": {
            "mean": 0.5219201773405076,
            "std": 0.012392572580976483,
            "min": 0.5023073256015778,
            "max": 0.5350807160139084
        },
        "loss": {
            "mean": 1.1554238557815553,
            "std": 0.015945097772973996,
            "min": 1.1368939876556396,
            "max": 1.1739795207977295
        }
    },
    "next": {
        "accuracy": {
            "mean": 0.38638458847999574,
            "std": 0.00681885993801543,
            "min": 0.3787878751754761,
            "max": 0.3945823013782501
        },
        "accuracy_macro": {
            "mean": 0.31533786058425906,
            "std": 0.01679393826131256,
            "min": 0.2959831953048706,
            "max": 0.3335767984390259
        },
        "f1": {
            "mean": 0.31189133524894713,
            "std": 0.013893176214539392,
            "min": 0.2954733967781067,
            "max": 0.3300192952156067
        },
        "f1_weighted": {
            "mean": 0.3759043037891388,
            "std": 0.006552602373854761,
            "min": 0.36591291427612305,
            "max": 0.38377827405929565
        },
        "mrr": {
            "mean": 0.6080509066581726,
            "std": 0.0055214537254136735,
            "min": 0.6012944579124451,
            "max": 0.6136859059333801
        },
        "top3_acc": {
            "mean": 0.7893998503684998,
            "std": 0.008725773597965789,
            "min": 0.778935432434082,
            "max": 0.8007198572158813
        },
        "ndcg_3": {
            "mean": 0.6227426052093505,
            "std": 0.007164808946601838,
            "min": 0.6135189533233643,
            "max": 0.6316001415252686
        },
        "top5_acc": {
            "mean": 0.9255570054054261,
            "std": 0.003837631197251377,
            "min": 0.9223337769508362,
            "max": 0.9302898049354553
        },
        "ndcg_5": {
            "mean": 0.6789998769760132,
            "std": 0.005537447167037619,
            "min": 0.6726456880569458,
            "max": 0.6847612857818604
        },
        "loss": {
            "mean": 1.6216521978378295,
            "std": 0.03970534178759998,
            "min": 1.594823956489563,
            "max": 1.685779094696045
        }
    },
    "category": {
        "accuracy": {
            "mean": 0.7730386972427368,
            "std": 0.007264792685083931,
            "min": 0.7620396614074707,
            "max": 0.7812798619270325
        },
        "accuracy_macro": {
            "mean": 0.7448797702789307,
            "std": 0.009254300460587214,
            "min": 0.7317802906036377,
            "max": 0.7559698820114136
        },
        "f1": {
            "mean": 0.7319490194320679,
            "std": 0.0146176359941416,
            "min": 0.7091412544250488,
            "max": 0.7482926845550537
        },
        "f1_weighted": {
            "mean": 0.7741377115249634,
            "std": 0.006441627313688914,
            "min": 0.7638950347900391,
            "max": 0.7810550928115845
        },
        "mrr": {
            "mean": 0.8686670064926147,
            "std": 0.003232292284255081,
            "min": 0.865731418132782,
            "max": 0.8738254308700562
        },
        "top3_acc": {
            "mean": 0.962379002571106,
            "std": 0.00454443531560886,
            "min": 0.9556285738945007,
            "max": 0.9678942561149597
        },
        "ndcg_3": {
            "mean": 0.8866936922073364,
            "std": 0.002703236958889806,
            "min": 0.8827099800109863,
            "max": 0.8902955651283264
        },
        "top5_acc": {
            "mean": 0.992307710647583,
            "std": 0.0021174009465210046,
            "min": 0.9898045659065247,
            "max": 0.995278537273407
        },
        "ndcg_5": {
            "mean": 0.8992711305618286,
            "std": 0.0024255951263413506,
            "min": 0.8976388573646545,
            "max": 0.9034932255744934
        },
        "loss": {
            "mean": 0.6891953945159912,
            "std": 0.023596968556510292,
            "min": 0.6538160443305969,
            "max": 0.7128090858459473
        }
    },
    "_selection": {
        "primary": "joint_score",
        "diagnostic_task_best": "per-task best validation f1"
    },
    "diagnostic_task_best": {
        "next": {
            "accuracy": {
                "mean": 0.38411102890968324,
                "std": 0.01057323490825931,
                "min": 0.3676832616329193,
                "max": 0.3945823013782501
            },
            "accuracy_macro": {
                "mean": 0.3147477626800537,
                "std": 0.019510904974043095,
                "min": 0.288072794675827,
                "max": 0.3335767984390259
            },
            "f1": {
                "mean": 0.312822562456131,
                "std": 0.013583327164343758,
                "min": 0.2957863509654999,
                "max": 0.3300192952156067
            },
            "f1_weighted": {
                "mean": 0.3769775152206421,
                "std": 0.005479334913832444,
                "min": 0.3688395023345947,
                "max": 0.38377827405929565
            },
            "mrr": {
                "mean": 0.6039257407188415,
                "std": 0.010159726066234514,
                "min": 0.5876708626747131,
                "max": 0.6134387254714966
            },
            "top3_acc": {
                "mean": 0.7811030745506287,
                "std": 0.014778954448781745,
                "min": 0.7567721009254456,
                "max": 0.7933320999145508
            },
            "ndcg_3": {
                "mean": 0.6163860917091369,
                "std": 0.013605655607050538,
                "min": 0.594247043132782,
                "max": 0.6281095147132874
            },
            "top5_acc": {
                "mean": 0.9210487246513367,
                "std": 0.0059805410464316595,
                "min": 0.9139988422393799,
                "max": 0.9302898049354553
            },
            "ndcg_5": {
                "mean": 0.6741753578186035,
                "std": 0.00953435633028745,
                "min": 0.659155011177063,
                "max": 0.6847612857818604
            },
            "loss": {
                "mean": 1.6758150100708007,
                "std": 0.06729749799761608,
                "min": 1.5971853733062744,
                "max": 1.7793973684310913
            }
        },
        "category": {
            "accuracy": {
                "mean": 0.7823348879814148,
                "std": 0.007445873845372496,
                "min": 0.7743154168128967,
                "max": 0.7937551140785217
            },
            "accuracy_macro": {
                "mean": 0.7523229956626892,
                "std": 0.013588435299206275,
                "min": 0.7399752140045166,
                "max": 0.7689807415008545
            },
            "f1": {
                "mean": 0.7412360548973084,
                "std": 0.017213889665828257,
                "min": 0.7171039581298828,
                "max": 0.759135365486145
            },
            "f1_weighted": {
                "mean": 0.7831246137619019,
                "std": 0.007193465440787118,
                "min": 0.7761507034301758,
                "max": 0.7943742275238037
            },
            "mrr": {
                "mean": 0.8732560038566589,
                "std": 0.002909870703997885,
                "min": 0.8697212338447571,
                "max": 0.8759029507637024
            },
            "top3_acc": {
                "mean": 0.9631901144981384,
                "std": 0.008460158740908585,
                "min": 0.9490550756454468,
                "max": 0.9696969985961914
            },
            "ndcg_3": {
                "mean": 0.8905915856361389,
                "std": 0.003680084442205189,