{
    "model": {
        "joint_score": {
            "mean": 0.4708738923072815,
            "std": 0,
            "min": 0.4708738923072815,
            "max": 0.4708738923072815
        },
        "loss": {
            "mean": 1.1228408813476562,
            "std": 0,
            "min": 1.1228408813476562,
            "max": 1.1228408813476562
        }
    },
    "category": {
        "accuracy": {
            "mean": 0.7978436946868896,
            "std": 0,
            "min": 0.7978436946868896,
            "max": 0.7978436946868896
        },
        "accuracy_macro": {
            "mean": 0.6844042539596558,
            "std": 0,
            "min": 0.6844042539596558,
            "max": 0.6844042539596558
        },
        "f1": {
            "mean": 0.6991031765937805,
            "std": 0,
            "min": 0.6991031765937805,
            "max": 0.6991031765937805
        },
        "f1_weighted": {
            "mean": 0.7963263988494873,
            "std": 0,
            "min": 0.7963263988494873,
            "max": 0.7963263988494873
        },
        "mrr": {
            "mean": 0.8777788281440735,
            "std": 0,
            "min": 0.8777788281440735,
            "max": 0.8777788281440735
        },
        "top3_acc": {
            "mean": 0.9528301954269409,
            "std": 0,
            "min": 0.9528301954269409,
            "max": 0.9528301954269409
        },
        "ndcg_3": {
            "mean": 0.8896297812461853,
            "std": 0,
            "min": 0.8896297812461853,
            "max": 0.8896297812461853
        },
        "top5_acc": {
            "mean": 0.9919137358665466,
            "std": 0,
            "min": 0.9919137358665466,
            "max": 0.9919137358665466
        },
        "ndcg_5": {
            "mean": 0.9056352972984314,
            "std": 0,
            "min": 0.9056352972984314,
            "max": 0.9056352972984314
        },
        "loss": {
            "mean": 0.6854234933853149,
            "std": 0,
            "min": 0.6854234933853149,
            "max": 0.6854234933853149
        }
    },
    "next": {
        "accuracy": {
            "mean": 0.3772619962692261,
            "std": 0,
            "min": 0.3772619962692261,
            "max": 0.3772619962692261
        },
        "accuracy_macro": {
            "mean": 0.24316108226776123,
            "std": 0,
            "min": 0.24316108226776123,
            "max": 0.24316108226776123
        },
        "f1": {
            "mean": 0.24264460802078247,
            "std": 0,
            "min": 0.24264460802078247,
            "max": 0.24264460802078247
        },
        "f1_weighted": {
            "mean": 0.34766504168510437,
            "std": 0,
            "min": 0.34766504168510437,
            "max": 0.34766504168510437
        },
        "mrr": {
            "mean": 0.6019389033317566,
            "std": 0,
            "min": 0.6019389033317566,
            "max": 0.6019389033317566
        },
        "top3_acc": {
            "mean": 0.7962234616279602,
            "std": 0,
            "min": 0.7962234616279602,
            "max": 0.7962234616279602
        },
        "ndcg_3": {
            "mean": 0.6205825209617615,
            "std": 0,
            "min": 0.6205825209617615,
            "max": 0.6205825209617615
        },
        "top5_acc": {
            "mean": 0.9303697943687439,
            "std": 0,
            "min": 0.9303697943687439,
            "max": 0.9303697943687439
        },
        "ndcg_5": {
            "mean": 0.6760978102684021,
            "std": 0,
            "min": 0.6760978102684021,
            "max": 0.6760978102684021
        },
        "loss": {
            "mean": 1.560258150100708,
            "std": 0,
            "min": 1.560258150100708,
            "max": 1.560258150100708
        }
    },
    "_selection": {
        "primary": "joint_score",
        "diagnostic_task_best": "per-task best validation f1"
    },
    "diagnostic_task_best": {
        "category": {
            "accuracy": {
                "mean": 0.7978436946868896,
                "std": 0,
                "min": 0.7978436946868896,
                "max": 0.7978436946868896
            },
            "accuracy_macro": {
                "mean": 0.6844042539596558,
                "std": 0,
                "min": 0.6844042539596558,
                "max": 0.6844042539596558
            },
            "f1": {
                "mean": 0.6991031765937805,
                "std": 0,
                "min": 0.6991031765937805,
                "max": 0.6991031765937805
            },
            "f1_weighted": {
                "mean": 0.7963263988494873,
                "std": 0,
                "min": 0.7963263988494873,
                "max": 0.7963263988494873
            },
            "mrr": {
                "mean": 0.8777788281440735,
                "std": 0,
                "min": 0.8777788281440735,
                "max": 0.8777788281440735
            },
            "top3_acc": {
                "mean": 0.9528301954269409,
                "std": 0,
                "min": 0.9528301954269409,
                "max": 0.9528301954269409
            },
            "ndcg_3": {
                "mean": 0.8896297812461853,
                "std": 0,
                "min": 0.8896297812461853,
                "max": 0.8896297812461853
            },
            "top5_acc": {
                "mean": 0.9919137358665466,
                "std": 0,
                "min": 0.9919137358665466,
                "max": 0.9919137358665466
            },
            "ndcg_5": {
                "mean": 0.9056352972984314,
                "std": 0,
                "min": 0.9056352972984314,
                "max": 0.9056352972984314
            },
            "loss": {
                "mean": 0.6854234933853149,
                "std": 0,
                "min": 0.6854234933853149,
                "max": 0.6854234933853149
            }
        },
        "next": {
            "accuracy": {
                "mean": 0.3772619962692261,
                "std": 0,
                "min": 0.3772619962692261,
                "max": 0.3772619962692261
            },
            "accuracy_macro": {
                "mean": 0.24316108226776123,
                "std": 0,
                "min": 0.24316108226776123,
                "max": 0.24316108226776123
            },
            "f1": {
                "mean": 0.24264460802078247,
                "std": 0,
                "min": 0.24264460802078247,
                "max": 0.24264460802078247
            },
            "f1_weighted": {
                "mean": 0.34766504168510437,
                "std": 0,
                "min": 0.34766504168510437,
                "max": 0.34766504168510437
            },
            "mrr": {
                "mean": 0.6019389033317566,
                "std": 0,
                "min": 0.6019389033317566,
                "max": 0.6019389033317566
            },
            "top3_acc": {
                "mean": 0.7962234616279602,
                "std": 0,
                "min": 0.7962234616279602,
                "max": 0.7962234616279602
            },
            "ndcg_3": {
                "mean": 0.6205825209617615,
                "std": 0,
                "min": 0.6205825209617615,
                "max": 0.6205825209617615
            },
            "top5_acc": {
                "mean": 0.9303697943687439,
                "std": 0,
                "min": 0.9303697943687439,
                "max": 0.9303697943687439
            },
            "ndcg_5": {
                "mean": 0.6760978102684021,
                "std": 0,
                "min": 0.6760978102684021,
                "max": 0.6760978102684021
            },
            "loss": {
                "mean": 1.560258150100708,
                "std": 0,
                "min": 1.560258150100708,
                "max": 1.560258150100708
            }
        }
    }
}