{
    "model": {
        "joint_score": {
            "mean": 0.5232499241828918,
            "std": 0,
            "min": 0.5232499241828918,
            "max": 0.5232499241828918
        },
        "loss": {
            "mean": 1.0670795440673828,
            "std": 0,
            "min": 1.0670795440673828,
            "max": 1.0670795440673828
        }
    },
    "next": {
        "accuracy": {
            "mean": 0.37804877758026123,
            "std": 0,
            "min": 0.37804877758026123,
            "max": 0.37804877758026123
        },
        "accuracy_macro": {
            "mean": 0.2606852054595947,
            "std": 0,
            "min": 0.2606852054595947,
            "max": 0.2606852054595947
        },
        "f1": {
            "mean": 0.273187518119812,
            "std": 0,
            "min": 0.273187518119812,
            "max": 0.273187518119812
        },
        "f1_weighted": {
            "mean": 0.3564332127571106,
            "std": 0,
            "min": 0.3564332127571106,
            "max": 0.3564332127571106
        },
        "mrr": {
            "mean": 0.604762852191925,
            "std": 0,
            "min": 0.604762852191925,
            "max": 0.604762852191925
        },
        "top3_acc": {
            "mean": 0.7950432896614075,
            "std": 0,
            "min": 0.7950432896614075,
            "max": 0.7950432896614075
        },
        "ndcg_3": {
            "mean": 0.6220340728759766,
            "std": 0,
            "min": 0.6220340728759766,
            "max": 0.6220340728759766
        },
        "top5_acc": {
            "mean": 0.9350904822349548,
            "std": 0,
            "min": 0.9350904822349548,
            "max": 0.9350904822349548
        },
        "ndcg_5": {
            "mean": 0.6799182891845703,
            "std": 0,
            "min": 0.6799182891845703,
            "max": 0.6799182891845703
        },
        "loss": {
            "mean": 1.5562403202056885,
            "std": 0,
            "min": 1.5562403202056885,
            "max": 1.5562403202056885
        }
    },
    "category": {
        "accuracy": {
            "mean": 0.828840970993042,
            "std": 0,
            "min": 0.828840970993042,
            "max": 0.828840970993042
        },
        "accuracy_macro": {
            "mean": 0.7798190116882324,
            "std": 0,
            "min": 0.7798190116882324,
            "max": 0.7798190116882324
        },
        "f1": {
            "mean": 0.7733123302459717,
            "std": 0,
            "min": 0.7733123302459717,
            "max": 0.7733123302459717
        },
        "f1_weighted": {
            "mean": 0.8299016952514648,
            "std": 0,
            "min": 0.8299016952514648,
            "max": 0.8299016952514648
        },
        "mrr": {
            "mean": 0.8993069529533386,
            "std": 0,
            "min": 0.8993069529533386,
            "max": 0.8993069529533386
        },
        "top3_acc": {
            "mean": 0.9636118412017822,
            "std": 0,
            "min": 0.9636118412017822,
            "max": 0.9636118412017822
        },
        "ndcg_3": {
            "mean": 0.9101663827896118,
            "std": 0,
            "min": 0.9101663827896118,
            "max": 0.9101663827896118
        },
        "top5_acc": {
            "mean": 0.993261456489563,
            "std": 0,
            "min": 0.993261456489563,
            "max": 0.993261456489563
        },
        "ndcg_5": {
            "mean": 0.9223451614379883,
            "std": 0,
            "min": 0.9223451614379883,
            "max": 0.9223451614379883
        },
        "loss": {
            "mean": 0.5779188871383667,
            "std": 0,
            "min": 0.5779188871383667,
            "max": 0.5779188871383667
        }
    },
    "_selection": {
        "primary": "joint_score",
        "diagnostic_task_best": "per-task best validation f1"
    },
    "diagnostic_task_best": {
        "next": {
            "accuracy": {
                "mean": 0.37804877758026123,
                "std": 0,
                "min": 0.37804877758026123,
                "max": 0.37804877758026123
            },
            "accuracy_macro": {
                "mean": 0.2606852054595947,
                "std": 0,
                "min": 0.2606852054595947,
                "max": 0.2606852054595947
            },
            "f1": {
                "mean": 0.273187518119812,
                "std": 0,
                "min": 0.273187518119812,
                "max": 0.273187518119812
            },
            "f1_weighted": {
                "mean": 0.3564332127571106,
                "std": 0,
                "min": 0.3564332127571106,
                "max": 0.3564332127571106
            },
            "mrr": {
                "mean": 0.604762852191925,
                "std": 0,
                "min": 0.604762852191925,
                "max": 0.604762852191925
            },
            "top3_acc": {
                "mean": 0.7950432896614075,
                "std": 0,
                "min": 0.7950432896614075,
                "max": 0.7950432896614075
            },
            "ndcg_3": {
                "mean": 0.6220340728759766,
                "std": 0,
                "min": 0.6220340728759766,
                "max": 0.6220340728759766
            },
            "top5_acc": {
                "mean": 0.9350904822349548,
                "std": 0,
                "min": 0.9350904822349548,
                "max": 0.9350904822349548
            },
            "ndcg_5": {
                "mean": 0.6799182891845703,
                "std": 0,
                "min": 0.6799182891845703,
                "max": 0.6799182891845703
            },
            "loss": {
                "mean": 1.5562403202056885,
                "std": 0,
                "min": 1.5562403202056885,
                "max": 1.5562403202056885
            }
        },
        "category": {
            "accuracy": {
                "mean": 0.828840970993042,
                "std": 0,
                "min": 0.828840970993042,
                "max": 0.828840970993042
            },
            "accuracy_macro": {
                "mean": 0.7798190116882324,
                "std": 0,
                "min": 0.7798190116882324,
                "max": 0.7798190116882324
            },
            "f1": {
                "mean": 0.7733123302459717,
                "std": 0,
                "min": 0.7733123302459717,
                "max": 0.7733123302459717
            },
            "f1_weighted": {
                "mean": 0.8299016952514648,
                "std": 0,
                "min": 0.8299016952514648,
                "max": 0.8299016952514648
            },
            "mrr": {
                "mean": 0.8993069529533386,
                "std": 0,
                "min": 0.8993069529533386,
                "max": 0.8993069529533386
            },
            "top3_acc": {
                "mean": 0.9636118412017822,
                "std": 0,
                "min": 0.9636118412017822,
                "max": 0.9636118412017822
            },
            "ndcg_3": {
                "mean": 0.9101663827896118,
                "std": 0,
                "min": 0.9101663827896118,
                "max": 0.9101663827896118
            },
            "top5_acc": {
                "mean": 0.993261456489563,
                "std": 0,
                "min": 0.993261456489563,
                "max": 0.993261456489563
            },
            "ndcg_5": {
                "mean": 0.9223451614379883,
                "std": 0,
                "min": 0.9223451614379883,
                "max": 0.9223451614379883
            },
            "loss": {
                "mean": 0.5779188871383667,
                "std": 0,
                "min": 0.5779188871383667,
                "max": 0.5779188871383667
            }
        }
    }
}