{
    "Community": {
        "precision": 0.5346028797027403,
        "recall": 0.7319554848966614,
        "f1-score": 0.6179036370956918,
        "support": 3145.0
    },
    "Entertainment": {
        "precision": 0.6703406813627254,
        "recall": 0.724025974025974,
        "f1-score": 0.696149843912591,
        "support": 2772.0
    },
    "Food": {
        "precision": 0.7414482452243447,
        "recall": 0.6371039572464691,
        "f1-score": 0.6853271283876267,
        "support": 7859.0
    },
    "Nightlife": {
        "precision": 0.46993746993746993,
        "recall": 0.6933995741660752,
        "f1-score": 0.5602064220183486,
        "support": 1409.0
    },
    "Outdoors": {
        "precision": 0.6887244231606443,
        "recall": 0.7138989169675091,
        "f1-score": 0.7010857522712165,
        "support": 2216.0
    },
    "Shopping": {
        "precision": 0.7563188593648736,
        "recall": 0.6965085049239033,
        "f1-score": 0.7251825384495884,
        "support": 6702.0
    },
    "Travel": {
        "precision": 0.8518108930052529,
        "recall": 0.7969477496120021,
        "f1-score": 0.8234665241213417,
        "support": 7732.0
    },
    "macro avg": {
        "precision": 0.6733119216797216,
        "recall": 0.7134057374055135,
        "f1-score": 0.6870459780366291,
        "support": 31835.0
    },
    "weighted avg": {
        "precision": 0.729070464007118,
        "recall": 0.7132087325270928,
        "f1-score": 0.7171092703264405,
        "support": 31835.0
    }
}