{
    "fold_number": 3,
    "duration": 168.54037070274353,
    "primary_checkpoint": {
        "selection_metric": "joint_score",
        "epoch": 32,
        "joint_score": 0.41931163519620895,
        "loss": 2.4966273307800293,
        "time": 111.3302264213562,
        "task_metrics": {
            "next_category": {
                "accuracy": 0.7027264833450317,
                "f1": 0.6725236177444458
            },
            "next_region": {
                "accuracy": 0.27035433053970337,
                "f1": 0.1660996526479721
            }
        }
    },
    "diagnostic_best_epochs": {
        "next_category": {
            "epoch": 38,
            "time": 131.16834020614624,
            "metrics": {
                "accuracy": 0.7084118723869324,
                "accuracy_macro": 0.7065030336380005,
                "f1": 0.6793591976165771,
                "f1_weighted": 0.7113568782806396,
                "mrr": 0.8142105937004089,
                "top3_acc": 0.9013067483901978,
                "ndcg_3": 0.8215610980987549,
                "top5_acc": 0.9667357802391052,
                "ndcg_5": 0.8485863208770752,
                "loss": 0.8645407557487488
            },
            "accuracy": 0.7084118723869324,
            "f1": 0.6793591976165771,
            "per_metric_best": {
                "top5_acc": {
                    "epoch": 38,
                    "best_value": 0.9667357802391052,
                    "metrics": {
                        "accuracy": 0.7084118723869324,
                        "accuracy_macro": 0.7065030336380005,
                        "f1": 0.6793591976165771,
                        "f1_weighted": 0.7113568782806396,
                        "mrr": 0.8142105937004089,
                        "top3_acc": 0.9013067483901978,
                        "ndcg_3": 0.8215610980987549,
                        "top5_acc": 0.9667357802391052,
                        "ndcg_5": 0.8485863208770752,
                        "loss": 0.8645407557487488
                    }
                },
                "top3_acc": {
                    "epoch": 38,
                    "best_value": 0.9013067483901978,
                    "metrics": {
                        "accuracy": 0.7084118723869324,
                        "accuracy_macro": 0.7065030336380005,
                        "f1": 0.6793591976165771,
                        "f1_weighted": 0.7113568782806396,
                        "mrr": 0.8142105937004089,
                        "top3_acc": 0.9013067483901978,
                        "ndcg_3": 0.8215610980987549,
                        "top5_acc": 0.9667357802391052,
                        "ndcg_5": 0.8485863208770752,
                        "loss": 0.8645407557487488
                    }
                },
                "mrr": {
                    "epoch": 38,
                    "best_value": 0.8142105937004089,
                    "metrics": {
                        "accuracy": 0.7084118723869324,
                        "accuracy_macro": 0.7065030336380005,
                        "f1": 0.6793591976165771,
                        "f1_weighted": 0.7113568782806396,
                        "mrr": 0.8142105937004089,
                        "top3_acc": 0.9013067483901978,
                        "ndcg_3": 0.8215610980987549,
                        "top5_acc": 0.9667357802391052,
                        "ndcg_5": 0.8485863208770752,
                        "loss": 0.8645407557487488
                    }
                },
                "accuracy": {
                    "epoch": 38,
                    "best_value": 0.7084118723869324,
                    "metrics": {
                        "accuracy": 0.7084118723869324,
                        "accuracy_macro": 0.7065030336380005,
                        "f1": 0.6793591976165771,
                        "f1_weighted": 0.7113568782806396,
                        "mrr": 0.8142105937004089,
                        "top3_acc": 0.9013067483901978,
                        "ndcg_3": 0.8215610980987549,
                        "top5_acc": 0.9667357802391052,
                        "ndcg_5": 0.8485863208770752,
                        "loss": 0.8645407557487488
                    }
                },
                "accuracy_macro": {
                    "epoch": 46,
                    "best_value": 0.7095967531204224,
                    "metrics": {
                        "accuracy": 0.7059932351112366,
                        "accuracy_macro": 0.7095967531204224,
                        "f1": 0.6743311285972595,
                        "f1_weighted": 0.7109977006912231,
                        "mrr": 0.8118016123771667,
                        "top3_acc": 0.8982598781585693,
                        "ndcg_3": 0.8185303807258606,
                        "top5_acc": 0.9655736088752747,
                        "ndcg_5": 0.8463249802589417,
                        "loss": 0.857063353061676
                    }
                },
                "f1_weighted": {
                    "epoch": 43,
                    "best_value": 0.7114078402519226,
                    "metrics": {
                        "accuracy": 0.7066842317581177,
                        "accuracy_macro": 0.708016037940979,
                        "f1": 0.6749501824378967,
                        "f1_weighted": 0.7114078402519226,
                        "mrr": 0.8126511573791504,
                        "top3_acc": 0.8996419310569763,
                        "ndcg_3": 0.819720983505249,
                        "top5_acc": 0.9665787220001221,
                        "ndcg_5": 0.8473395705223083,
                        "loss": 0.8582402467727661
                    }
                }
            }
        },
        "next_region": {
            "epoch": 6,
            "time": 24.317784786224365,
            "metrics": {
                "accuracy": 0.5126272439956665,
                "accuracy_macro": 0.20335622169141296,
                "f1": 0.17597298324108124,
                "f1_weighted": 0.5025755763053894,
                "mrr": 0.586961567401886,
                "top3_acc": 0.6152783036231995,
                "ndcg_3": 0.5723548531532288,
                "top5_acc": 0.6688968539237976,
                "ndcg_5": 0.5944739580154419,
                "loss": 5.5185346603393555,
                "n_indist": 31551.0,
                "n_ood": 285.0,
                "ood_fraction": 0.00895212966453072,
                "top1_acc_indist": 0.5167823433876038,
                "top5_acc_indist": 0.6723399758338928,
                "top10_acc_indist": 0.7442870140075684,
                "mrr_indist": 0.5907184481620789
            },
            "accuracy": 0.5126272439956665,
            "f1": 0.17597298324108124,
            "per_metric_best": {
                "top10_acc_indist": {
                    "epoch": 3,
                    "best_value": 0.7676143050193787,
                    "metrics": {
                        "accuracy": 0.5070360898971558,
                        "accuracy_macro": 0.18802707730643087,
                        "f1": 0.155634805560112,
                        "f1_weighted": 0.49076250195503235,
                        "mrr": 0.5888817310333252,
                        "top3_acc": 0.6223458051681519,
                        "ndcg_3": 0.5745447874069214,
                        "top5_acc": 0.6790112257003784,
                        "ndcg_5": 0.5978973507881165,
                        "loss": 6.591432571411133,
                        "n_indist": 31551.0,
                        "n_ood": 285.0,
                        "ood_fraction": 0.00895212966453072,
                        "top1_acc_indist": 0.5116161108016968,
                        "top5_acc_indist": 0.6851446628570557,
                        "top10_acc_indist": 0.7676143050193787,
                        "mrr_indist": 0.59419184923172
                    }
                },