{
    "model": {
        "joint_score": {
            "mean": 0.5218352675437927,
            "std": 0,
            "min": 0.5218352675437927,
            "max": 0.5218352675437927
        },
        "loss": {
            "mean": 1.0510227680206299,
            "std": 0,
            "min": 1.0510227680206299,
            "max": 1.0510227680206299
        }
    },
    "next": {
        "accuracy": {
            "mean": 0.37765538692474365,
            "std": 0,
            "min": 0.37765538692474365,
            "max": 0.37765538692474365
        },
        "accuracy_macro": {
            "mean": 0.25830990076065063,
            "std": 0,
            "min": 0.25830990076065063,
            "max": 0.25830990076065063
        },
        "f1": {
            "mean": 0.26891660690307617,
            "std": 0,
            "min": 0.26891660690307617,
            "max": 0.26891660690307617
        },
        "f1_weighted": {
            "mean": 0.3546028733253479,
            "std": 0,
            "min": 0.3546028733253479,
            "max": 0.3546028733253479
        },
        "mrr": {
            "mean": 0.6043151617050171,
            "std": 0,
            "min": 0.6043151617050171,
            "max": 0.6043151617050171
        },
        "top3_acc": {
            "mean": 0.7934697270393372,
            "std": 0,
            "min": 0.7934697270393372,
            "max": 0.7934697270393372
        },
        "ndcg_3": {
            "mean": 0.6206900477409363,
            "std": 0,
            "min": 0.6206900477409363,
            "max": 0.6206900477409363
        },
        "top5_acc": {
            "mean": 0.9425649046897888,
            "std": 0,
            "min": 0.9425649046897888,
            "max": 0.9425649046897888
        },
        "ndcg_5": {
            "mean": 0.6822469234466553,
            "std": 0,
            "min": 0.6822469234466553,
            "max": 0.6822469234466553
        },
        "loss": {
            "mean": 1.5547481775283813,
            "std": 0,
            "min": 1.5547481775283813,
            "max": 1.5547481775283813
        }
    },
    "category": {
        "accuracy": {
            "mean": 0.8369272351264954,
            "std": 0,
            "min": 0.8369272351264954,
            "max": 0.8369272351264954
        },
        "accuracy_macro": {
            "mean": 0.763330340385437,
            "std": 0,
            "min": 0.763330340385437,
            "max": 0.763330340385437
        },
        "f1": {
            "mean": 0.7747539281845093,
            "std": 0,
            "min": 0.7747539281845093,
            "max": 0.7747539281845093
        },
        "f1_weighted": {
            "mean": 0.836025595664978,
            "std": 0,
            "min": 0.836025595664978,
            "max": 0.836025595664978
        },
        "mrr": {
            "mean": 0.9056860208511353,
            "std": 0,
            "min": 0.9056860208511353,
            "max": 0.9056860208511353
        },
        "top3_acc": {
            "mean": 0.973045825958252,
            "std": 0,
            "min": 0.973045825958252,
            "max": 0.973045825958252
        },
        "ndcg_3": {
            "mean": 0.9187500476837158,
            "std": 0,
            "min": 0.9187500476837158,
            "max": 0.9187500476837158
        },
        "top5_acc": {
            "mean": 0.9959568977355957,
            "std": 0,
            "min": 0.9959568977355957,
            "max": 0.9959568977355957
        },
        "ndcg_5": {
            "mean": 0.928203821182251,
            "std": 0,
            "min": 0.928203821182251,
            "max": 0.928203821182251
        },
        "loss": {
            "mean": 0.5472974181175232,
            "std": 0,
            "min": 0.5472974181175232,
            "max": 0.5472974181175232
        }
    },
    "_selection": {
        "primary": "joint_score",
        "diagnostic_task_best": "per-task best validation f1"
    },
    "diagnostic_task_best": {
        "next": {
            "accuracy": {
                "mean": 0.37765538692474365,
                "std": 0,
                "min": 0.37765538692474365,
                "max": 0.37765538692474365
            },
            "accuracy_macro": {
                "mean": 0.25830990076065063,
                "std": 0,
                "min": 0.25830990076065063,
                "max": 0.25830990076065063
            },
            "f1": {
                "mean": 0.26891660690307617,
                "std": 0,
                "min": 0.26891660690307617,
                "max": 0.26891660690307617
            },
            "f1_weighted": {
                "mean": 0.3546028733253479,
                "std": 0,
                "min": 0.3546028733253479,
                "max": 0.3546028733253479
            },
            "mrr": {
                "mean": 0.6043151617050171,
                "std": 0,
                "min": 0.6043151617050171,
                "max": 0.6043151617050171
            },
            "top3_acc": {
                "mean": 0.7934697270393372,
                "std": 0,
                "min": 0.7934697270393372,
                "max": 0.7934697270393372
            },
            "ndcg_3": {
                "mean": 0.6206900477409363,
                "std": 0,
                "min": 0.6206900477409363,
                "max": 0.6206900477409363
            },
            "top5_acc": {
                "mean": 0.9425649046897888,
                "std": 0,
                "min": 0.9425649046897888,
                "max": 0.9425649046897888
            },
            "ndcg_5": {
                "mean": 0.6822469234466553,
                "std": 0,
                "min": 0.6822469234466553,
                "max": 0.6822469234466553
            },
            "loss": {
                "mean": 1.5547481775283813,
                "std": 0,
                "min": 1.5547481775283813,
                "max": 1.5547481775283813
            }
        },
        "category": {
            "accuracy": {
                "mean": 0.8369272351264954,
                "std": 0,
                "min": 0.8369272351264954,
                "max": 0.8369272351264954
            },
            "accuracy_macro": {
                "mean": 0.763330340385437,
                "std": 0,
                "min": 0.763330340385437,
                "max": 0.763330340385437
            },
            "f1": {
                "mean": 0.7747539281845093,
                "std": 0,
                "min": 0.7747539281845093,
                "max": 0.7747539281845093
            },
            "f1_weighted": {
                "mean": 0.836025595664978,
                "std": 0,
                "min": 0.836025595664978,
                "max": 0.836025595664978
            },
            "mrr": {
                "mean": 0.9056860208511353,
                "std": 0,
                "min": 0.9056860208511353,
                "max": 0.9056860208511353
            },
            "top3_acc": {
                "mean": 0.973045825958252,
                "std": 0,
                "min": 0.973045825958252,
                "max": 0.973045825958252
            },
            "ndcg_3": {
                "mean": 0.9187500476837158,
                "std": 0,
                "min": 0.9187500476837158,
                "max": 0.9187500476837158
            },
            "top5_acc": {
                "mean": 0.9959568977355957,
                "std": 0,
                "min": 0.9959568977355957,
                "max": 0.9959568977355957
            },
            "ndcg_5": {
                "mean": 0.928203821182251,
                "std": 0,
                "min": 0.928203821182251,
                "max": 0.928203821182251
            },
            "loss": {
                "mean": 0.5472974181175232,
                "std": 0,
                "min": 0.5472974181175232,
                "max": 0.5472974181175232
            }
        }
    }
}