{
    "fold_number": 4,
    "duration": 28.452048778533936,
    "best_epochs": {
        "category": {
            "epoch": 24,
            "accuracy": 0.5446390431439556,
            "f1": 0.46899427217515005,
            "time": 14.820929050445557
        }
    }
}