{
    "fold_number": 3,
    "duration": 9.58067798614502,
    "primary_checkpoint": {
        "selection_metric": "task_best_f1",
        "epoch": 43,
        "joint_score": null,
        "loss": null,
        "time": 8.43779706954956,
        "task_metrics": {
            "category": {
                "accuracy": 0.7805468440055847,
                "f1": 0.7571606040000916
            }
        }
    },
    "diagnostic_best_epochs": {
        "category": {
            "epoch": 43,
            "time": 8.43779706954956,
            "metrics": {
                "loss": 0.6526942775753085,
                "accuracy": 0.7805468440055847,
                "accuracy_macro": 0.7519178986549377,
                "f1": 0.7571606040000916,
                "f1_weighted": 0.7800821661949158,
                "mrr": 0.875010073184967,
                "top3_acc": 0.9709653854370117,
                "ndcg_3": 0.8950803875923157,
                "top5_acc": 0.9951608777046204,
                "ndcg_5": 0.9051297307014465
            },
            "accuracy": 0.7805468440055847,
            "f1": 0.7571606040000916
        }
    },
    "best_epochs": {
        "category": {
            "epoch": 43,
            "time": 8.43779706954956,
            "metrics": {
                "loss": 0.6526942775753085,
                "accuracy": 0.7805468440055847,
                "accuracy_macro": 0.7519178986549377,
                "f1": 0.7571606040000916,
                "f1_weighted": 0.7800821661949158,
                "mrr": 0.875010073184967,
                "top3_acc": 0.9709653854370117,
                "ndcg_3": 0.8950803875923157,
                "top5_acc": 0.9951608777046204,
                "ndcg_5": 0.9051297307014465
            },
            "accuracy": 0.7805468440055847,
            "f1": 0.7571606040000916
        }
    }
}