{
    "fold_number": 1,
    "duration": 65.727548122406,
    "primary_checkpoint": {
        "selection_metric": "joint_score",
        "epoch": 9,
        "joint_score": 0.5110107660293579,
        "loss": 1.0529721975326538,
        "time": 65.2276680469513,
        "task_metrics": {
            "next": {
                "accuracy": 0.3764752149581909,
                "f1": 0.2597239017486572
            },
            "category": {
                "accuracy": 0.8301886916160583,
                "f1": 0.7622976303100586
            }
        }
    },
    "diagnostic_best_epochs": {
        "next": {
            "epoch": 9,
            "time": 65.28748607635498,
            "metrics": {
                "accuracy": 0.3764752149581909,
                "accuracy_macro": 0.24940088391304016,
                "f1": 0.2597239017486572,
                "f1_weighted": 0.3485546112060547,
                "mrr": 0.6044809222221375,
                "top3_acc": 0.7981904149055481,
                "ndcg_3": 0.6228209137916565,
                "top5_acc": 0.9425649046897888,
                "ndcg_5": 0.6824653148651123,
                "loss": 1.5549288988113403
            },
            "accuracy": 0.3764752149581909,
            "f1": 0.2597239017486572
        },
        "category": {
            "epoch": 8,
            "time": 58.657203912734985,
            "metrics": {
                "accuracy": 0.8315364122390747,
                "accuracy_macro": 0.7508243918418884,
                "f1": 0.7629783153533936,
                "f1_weighted": 0.8304541707038879,
                "mrr": 0.9025413393974304,
                "top3_acc": 0.973045825958252,
                "ndcg_3": 0.9164075255393982,
                "top5_acc": 0.9959568977355957,
                "ndcg_5": 0.9258613586425781,
                "loss": 0.5520339608192444
            },
            "accuracy": 0.8315364122390747,
            "f1": 0.7629783153533936
        }
    }
}