{
    "Community": {
        "precision": 0.4395017793594306,
        "recall": 0.5639269406392694,
        "f1-score": 0.494,
        "support": 438.0
    },
    "Entertainment": {
        "precision": 0.3592233009708738,
        "recall": 0.4431137724550898,
        "f1-score": 0.3967828418230563,
        "support": 167.0
    },
    "Food": {
        "precision": 0.5565529622980251,
        "recall": 0.3567318757192175,
        "f1-score": 0.43478260869565216,
        "support": 869.0
    },
    "Nightlife": {
        "precision": 0.3135593220338983,
        "recall": 0.4111111111111111,
        "f1-score": 0.3557692307692308,
        "support": 90.0
    },
    "Outdoors": {
        "precision": 0.3961038961038961,
        "recall": 0.42657342657342656,
        "f1-score": 0.4107744107744108,
        "support": 143.0
    },
    "Shopping": {
        "precision": 0.48,
        "recall": 0.5106382978723404,
        "f1-score": 0.4948453608247423,
        "support": 658.0
    },
    "Travel": {
        "precision": 0.3483606557377049,
        "recall": 0.48295454545454547,
        "f1-score": 0.40476190476190477,
        "support": 176.0
    },
    "macro avg": {
        "precision": 0.4133288452148327,
        "recall": 0.45643570997500005,
        "f1-score": 0.4273880510927138,
        "support": 2541.0
    },
    "weighted avg": {
        "precision": 0.4715274562748108,
        "recall": 0.452577725304998,
        "f1-score": 0.4518170545894212,
        "support": 2541.0
    }
}