{
    "fold_number": 1,
    "duration": 97.28827285766602,
    "primary_checkpoint": {
        "selection_metric": "joint_score",
        "epoch": 12,
        "joint_score": 0.5498480647802353,
        "loss": 1.0476610660552979,
        "time": 83.94364905357361,
        "task_metrics": {
            "category": {
                "accuracy": 0.8517520427703857,
                "f1": 0.8100127577781677
            },
            "next": {
                "accuracy": 0.3772619962692261,
                "f1": 0.28968337178230286
            }
        }
    },
    "diagnostic_best_epochs": {
        "category": {
            "epoch": 11,
            "time": 77.54724979400635,
            "metrics": {
                "accuracy": 0.8517520427703857,
                "accuracy_macro": 0.8113508820533752,
                "f1": 0.8108189105987549,
                "f1_weighted": 0.8529654741287231,
                "mrr": 0.9142568111419678,
                "top3_acc": 0.9743935465812683,
                "ndcg_3": 0.9259539842605591,
                "top5_acc": 0.9919137358665466,
                "ndcg_5": 0.9331452250480652,
                "loss": 0.49925434589385986
            },
            "accuracy": 0.8517520427703857,
            "f1": 0.8108189105987549
        },
        "next": {
            "epoch": 12,
            "time": 84.00689101219177,
            "metrics": {
                "accuracy": 0.3772619962692261,
                "accuracy_macro": 0.2747737169265747,
                "f1": 0.28968337178230286,
                "f1_weighted": 0.36198970675468445,
                "mrr": 0.6051749587059021,
                "top3_acc": 0.7989771962165833,
                "ndcg_3": 0.6242256760597229,
                "top5_acc": 0.9339103102684021,
                "ndcg_5": 0.679821252822876,
                "loss": 1.6032335758209229
            },
            "accuracy": 0.3772619962692261,
            "f1": 0.28968337178230286
        }
    }
}