{
    "model": {
        "aggregation_basis": "joint_best",
        "joint_score": {
            "mean": 0.26775163784623146,
            "std": 0.00907726942775314,
            "min": 0.25295060127973557,
            "max": 0.2759556360542774
        },
        "loss": {
            "mean": 3.8456467151641847,
            "std": 0.06425511610205167,
            "min": 3.7924299240112305,
            "max": 3.9525346755981445
        }
    },
    "next_region": {
        "aggregation_basis": "joint_best",
        "accuracy": {
            "mean": 0.26980639696121217,
            "std": 0.019588357706278696,
            "min": 0.23927587270736694,
            "max": 0.2911093533039093
        },
        "accuracy_macro": {
            "mean": 0.11816027554746883,
            "std": 0.009459473463087885,
            "min": 0.10756852076603816,
            "max": 0.13315884179306775
        },
        "f1": {
            "mean": 0.10279359370470047,
            "std": 0.008336791085953858,
            "min": 0.09079645574092865,
            "max": 0.11165829002857208
        },
        "f1_weighted": {
            "mean": 0.2586026281118393,
            "std": 0.021666046553259034,
            "min": 0.22609920799732208,
            "max": 0.28538498282432556
        },
        "mrr": {
            "mean": 0.33084591627120974,
            "std": 0.02292024059423361,
            "min": 0.2935895323753357,
            "max": 0.3505595326423645
        },
        "top3_acc": {
            "mean": 0.3467589795589447,
            "std": 0.026167529300933242,
            "min": 0.30657219886779785,
            "max": 0.37175452709198
        },
        "ndcg_3": {
            "mean": 0.31481421589851377,
            "std": 0.02266397860033781,
            "min": 0.27905574440956116,
            "max": 0.33302754163742065
        },
        "top5_acc": {
            "mean": 0.3943625032901764,
            "std": 0.02956086314755068,
            "min": 0.3475009799003601,
            "max": 0.417781263589859
        },
        "ndcg_5": {
            "mean": 0.3344469785690308,
            "std": 0.024343717723380263,
            "min": 0.2959066927433014,
            "max": 0.35511407256126404
        },
        "loss": {
            "mean": 6.204472541809082,
            "std": 0.14588341355558004,
            "min": 6.012747764587402,
            "max": 6.412352561950684
        },
        "n_indist": {
            "mean": 2462.6,
            "std": 3.7815340802378072,
            "min": 2459.0,
            "max": 2467.0
        },
        "n_ood": {
            "mean": 79.2,
            "std": 3.5637059362410923,
            "min": 75.0,
            "max": 83.0
        },
        "ood_fraction": {
            "mean": 0.03115910863568399,
            "std": 0.0014044328303595656,
            "min": 0.029504327301337528,
            "max": 0.032651455546813535
        },
        "top1_acc_indist": {
            "mean": 0.2784710943698883,
            "std": 0.020003171823585422,
            "min": 0.24725496768951416,
            "max": 0.3000811040401459
        },
        "top5_acc_indist": {
            "mean": 0.40702840089797976,
            "std": 0.03023358635878444,
            "min": 0.35908904671669006,
            "max": 0.43065690994262695
        },
        "top10_acc_indist": {
            "mean": 0.4744334638118744,
            "std": 0.0345774883955461,
            "min": 0.41602274775505066,
            "max": 0.49959447979927063
        },
        "mrr_indist": {
            "mean": 0.34143841862678526,
            "std": 0.023428572354840957,
            "min": 0.3033440113067627,
            "max": 0.36133071780204773
        }
    },
    "next_category": {
        "aggregation_basis": "joint_best",
        "accuracy": {
            "mean": 0.43795540928840637,
            "std": 0.015165600812381566,
            "min": 0.41322314739227295,
            "max": 0.45397326350212097
        },
        "accuracy_macro": {
            "mean": 0.49943817853927613,
            "std": 0.01282292209396884,
            "min": 0.48700326681137085,
            "max": 0.517571747303009
        },
        "f1": {
            "mean": 0.43270968198776244,
            "std": 0.011820267465218852,
            "min": 0.4151047468185425,
            "max": 0.44840478897094727
        },
        "f1_weighted": {
            "mean": 0.4335715651512146,
            "std": 0.01693815575213417,
            "min": 0.40678104758262634,
            "max": 0.4535664916038513
        },
        "mrr": {
            "mean": 0.6520660996437073,
            "std": 0.010858756762177402,
            "min": 0.6340276002883911,
            "max": 0.6631439328193665
        },
        "top3_acc": {
            "mean": 0.8527802944183349,
            "std": 0.009349648807412759,
            "min": 0.8374655246734619,
            "max": 0.8623131513595581
        },
        "ndcg_3": {
            "mean": 0.6804016590118408,
            "std": 0.011820009854284384,
            "min": 0.6604247689247131,
            "max": 0.6906106472015381
        },
        "top5_acc": {
            "mean": 0.9599493741989136,
            "std": 0.0034938575119319243,
            "min": 0.9567099213600159,
            "max": 0.9657750129699707
        },
        "ndcg_5": {
            "mean": 0.7249120593070983,
            "std": 0.008880579801980943,
            "min": 0.7100903391838074,
            "max": 0.7331753373146057
        },
        "loss": {
            "mean": 1.4868207693099975,
            "std": 0.05860840544966122,
            "min": 1.407314658164978,
            "max": 1.5721123218536377
        }
    },
    "_selection": {
        "primary": "joint_score",
        "primary_basis": "joint_best",
        "diagnostic_task_best": "per-task best validation f1",
        "diagnostic_basis": "per_task_f1_best",
        "per_metric_best": "each (task,metric) aggregated at its own best epoch",
        "per_metric_basis": "per_metric_best"
    },
    "diagnostic_task_best": {
        "next_region": {
            "aggregation_basis": "per_task_f1_best",
            "accuracy": {
                "mean": 0.2789337784051895,
                "std": 0.019786549268655536,
                "min": 0.24832741916179657,
                "max": 0.3033044934272766
            },
            "accuracy_macro": {
                "mean": 0.11923769904574141,
                "std": 0.008400204636267674,
                "min": 0.10920342565036092,
                "max": 0.13177659606933595
            },
            "f1": {
                "mean": 0.10129444450139999,
                "std": 0.007216349386343561,
                "min": 0.09352940320968628,
                "max": 0.10953988134860992
            },
            "f1_weighted": {
                "mean": 0.2619777530431747,
                "std": 0.022312511343717478,
                "min": 0.22951440513134003,
                "max": 0.2910704016685486
            },
            "mrr": {
                "mean": 0.3464634299278259,
                "std": 0.024772395265122177,
                "min": 0.30482110381126404,
                "max": 0.370145320892334
            },
            "top3_acc": {
                "mean": 0.3773662507534027,
                "std": 0.030491164629595408,
                "min": 0.325068861246109,
                "max": 0.400078684091568
            },
            "ndcg_3": {
                "mean": 0.33610312938690184,
                "std": 0.025486973450005272,
                "min": 0.2929328978061676,
                "max": 0.3587994873523712
            },
            "top5_acc": {
                "mean": 0.422530859708786,
                "std": 0.033468641423416365,
                "min": 0.3671782612800598,
                "max": 0.45279309153556824
            },
            "ndcg_5": {
                "mean": 0.3546711027622223,
                "std": 0.02674323302943379,