{
  "state": "california",
  "task": "next_region",
  "n_classes": 8497,
  "n_folds": 5,
  "seed": 42,
  "majority_fraction": 0.05389308460460729,
  "best_simple_baseline": "markov_1step_region",
  "best_simple_acc10_mean": 0.5208956360464413,
  "per_fold": [
    {
      "fold": 0,
      "n_train": 286644,
      "n_val": 71658,
      "random": {
        "acc1": 0.00011768859597505002,
        "acc5": 0.0005884429798752501,
        "acc10": 0.0011768859597505001,
        "mrr": 0.0011327224840589436
      },
      "majority": {
        "acc1": 0.05082475090010885,
        "acc5": 0.05082475090010885,
        "acc10": 0.05082475090010885,
        "mrr": 0.05082475090010885
      },
      "top_k_popular": {
        "acc1": 0.05082475090010885,
        "acc5": 0.10410561277177705,
        "acc10": 0.1342348377013034,
        "mrr": 0.07237083930858527
      },
      "markov_1step": {
        "acc1": 0.2109603952105836,
        "acc5": 0.2934215300454939,
        "acc10": 0.30962348935220074,
        "mrr": 0.24533735973386814
      },
      "user_history": {
        "acc1": 0.05082475090010885,
        "acc5": 0.10410561277177705,
        "acc10": 0.1342348377013034,
        "mrr": 0.07237083930858527
      },
      "markov_1step_region": {
        "acc1": 0.31025147227106536,
        "acc5": 0.46013006224008485,
        "acc10": 0.5096290714225906,
        "mrr": 0.37375508200991747
      },
      "markov_2step_region": {
        "acc1": 0.28495073822880906,
        "acc5": 0.4046163722124536,
        "acc10": 0.43374082447179657,
        "mrr": 0.33591307498093903
      },
      "markov_3step_region": {
        "acc1": 0.27435875966395934,
        "acc5": 0.3798598900332133,
        "acc10": 0.40341622707862346,
        "mrr": 0.31933740492205703
      },
      "markov_5step_region": {
        "acc1": 0.2673253509726758,
        "acc5": 0.3645510619888917,
        "acc10": 0.3865025537972034,
        "mrr": 0.30867745025201276
      },
      "markov_7step_region": {
        "acc1": 0.26530185045633425,
        "acc5": 0.3605319713081582,
        "acc10": 0.3820368974852773,
        "mrr": 0.3057452407312158
      },
      "markov_9step_region": {
        "acc1": 0.2648413296491669,
        "acc5": 0.3593318261743281,
        "acc10": 0.38079488682352286,
        "mrr": 0.30501247769940726
      }
    },
    {
      "fold": 1,
      "n_train": 286644,
      "n_val": 71658,
      "random": {
        "acc1": 0.00011768859597505002,
        "acc5": 0.0005884429798752501,
        "acc10": 0.0011768859597505001,
        "mrr": 0.0011327224840589436
      },
      "majority": {
        "acc1": 0.06060732925842195,
        "acc5": 0.06060732925842195,
        "acc10": 0.06060732925842195,
        "mrr": 0.06060732925842195
      },
      "top_k_popular": {
        "acc1": 0.06060732925842195,
        "acc5": 0.10924111753049207,
        "acc10": 0.1399704150269335,
        "mrr": 0.08117388614437096
      },
      "markov_1step": {
        "acc1": 0.21242568868793435,
        "acc5": 0.2923190711434871,
        "acc10": 0.3078372268274303,
        "mrr": 0.24584081485823092
      },
      "user_history": {
        "acc1": 0.06060732925842195,
        "acc5": 0.10924111753049207,
        "acc10": 0.1399704150269335,
        "mrr": 0.08117388614437096
      },
      "markov_1step_region": {
        "acc1": 0.3214853889307544,
        "acc5": 0.4677774986742583,
        "acc10": 0.5171090457450669,
        "mrr": 0.3836368030331021
      },
      "markov_2step_region": {
        "acc1": 0.2975941276619498,
        "acc5": 0.41453850233051437,
        "acc10": 0.4440676546931257,
        "mrr": 0.34770661634828925
      },
      "markov_3step_region": {
        "acc1": 0.2861090178347149,
        "acc5": 0.38980993050322366,
        "acc10": 0.41374305729995253,
        "mrr": 0.3305126655405061
      },
      "markov_5step_region": {
        "acc1": 0.27914538502330516,
        "acc5": 0.37275670546205586,
        "acc10": 0.3950710318457116,
        "mrr": 0.3192259462606109
      },
      "markov_7step_region": {
        "acc1": 0.27680091545954394,
        "acc5": 0.3683608250300036,
        "acc10": 0.39029836166234055,
        "mrr": 0.3160199827044422
      },
      "markov_9step_region": {
        "acc1": 0.2757821876133858,
        "acc5": 0.3664210555695107,
        "acc10": 0.3882329956180747,
        "mrr": 0.3145919362563003
      }
    },
    {
      "fold": 2,
      "n_train": 286635,
      "n_val": 71667,
      "random": {
        "acc1": 0.00011768859597505002,
        "acc5": 0.0005884429798752501,
        "acc10": 0.0011768859597505001,
        "mrr": 0.0011327224840589436
      },
      "majority": {
        "acc1": 0.054711373435472395,
        "acc5": 0.054711373435472395,
        "acc10": 0.054711373435472395,
        "mrr": 0.054711373435472395
      },
      "top_k_popular": {
        "acc1": 0.054711373435472395,
        "acc5": 0.11217157129501723,
        "acc10": 0.14426444528164986,
        "mrr": 0.07778688626254451
      },
      "markov_1step": {
        "acc1": 0.21584550769531305,
        "acc5": 0.2982125664531793,
        "acc10": 0.3139799349770466,
        "mrr": 0.2506226161517299
      },
      "user_history": {
        "acc1": 0.054711373435472395,
        "acc5": 0.11217157129501723,
        "acc10": 0.14426444528164986,
        "mrr": 0.07778688626254451
      },
      "markov_1step_region": {
        "acc1": 0.3241519806884619,
        "acc5": 0.47320245022116175,
        "acc10": 0.5238812842730964,
        "mrr": 0.38835486590206336
      },
      "markov_2step_region": {
        "acc1": 0.30011023204543236,
        "acc5": 0.4202910684136353,
        "acc10": 0.44920256184854956,
        "mrr": 0.3517961488994182
      },
      "markov_3step_region": {
        "acc1": 0.28794284677745685,
        "acc5": 0.3941423528262659,
        "acc10": 0.41752829056609037,
        "mrr": 0.3338942664939986
      },
      "markov_5step_region": {
        "acc1": 0.27853823935702626,
        "acc5": 0.3760168557355547,
        "acc10": 0.39694699094422814,
        "mrr": 0.32079588887847915
      },
      "markov_7step_region": {
        "acc1": 0.2761103436728201,
        "acc5": 0.37018432472407103,
        "acc10": 0.3907516709224608,
        "mrr": 0.31684363705063606
      },
      "markov_9step_region": {
        "acc1": 0.27495220952460686,
        "acc5": 0.3683424728257078,
        "acc10": 0.3888819121771527,
        "mrr": 0.31535694407622916
      }
    },
    {
      "fold": 3,
      "n_train": 286643,
      "n_val": 71659,
      "random": {
        "acc1": 0.00011768859597505002,
        "acc5": 0.0005884429798752501,
        "acc10": 0.0011768859597505001,
        "mrr": 0.0011327224840589436
      },
      "majority": {
        "acc1": 0.053182433469626984,
        "acc5": 0.053182433469626984,
        "acc10": 0.053182433469626984,
        "mrr": 0.053182433469626984
      },
      "top_k_popular": {
        "acc1": 0.053182433469626984,
        "acc5": 0.10981174730319988,
        "acc10": 0.14066621080394648,
        "mrr": 0.07603086332380628
      },
      "markov_1step": {
        "acc1": 0.21418105192648515,
        "acc5": 0.29795280425347825,
        "acc10": 0.3150337012796718,
        "mrr": 0.2497565132659817
      },
      "user_history": {
        "acc1": 0.053182433469626984,
        "acc5": 0.10981174730319988,
        "acc10": 0.14066621080394648,
        "mrr": 0.07603086332380628
      },
      "markov_1step_region": {
        "acc1": 0.32050405392204745,
        "acc5": 0.470757336831382,
        "acc10": 0.5200881954813771,
        "mrr": 0.38452627933397965
      },
      "markov_2step_region": {
        "acc1": 0.2941291393963075,
        "acc5": 0.41429548277257566,
        "acc10": 0.4433497536945813,
        "mrr": 0.34553961697342156
      },
      "markov_3step_region": {
        "acc1": 0.2829511994306368,
        "acc5": 0.38829735274006055,
        "acc10": 0.4122022355879931,