{
    "fold_number": 4,
    "duration": 229.56379508972168,
    "best_epochs": {
        "category": {
            "epoch": 13,
            "accuracy": 0.5589281408246926,
            "f1": 0.48107241704575976,
            "time": 41.43763017654419
        }
    }
}