{
    "Community": {
        "precision": 0.5295070585512612,
        "recall": 0.5343297524521252,
        "f1-score": 0.531907474136929,
        "support": 4282.0
    },
    "Entertainment": {
        "precision": 0.4186046511627907,
        "recall": 0.3738019169329074,
        "f1-score": 0.3949367088607595,
        "support": 1878.0
    },
    "Food": {
        "precision": 0.6066243194192378,
        "recall": 0.5936417724891218,
        "f1-score": 0.6000628338045869,
        "support": 11261.0
    },
    "Nightlife": {
        "precision": 0.3014154870940883,
        "recall": 0.3267148014440433,
        "f1-score": 0.31355565179731487,
        "support": 1108.0
    },
    "Outdoors": {
        "precision": 0.45691906005221933,
        "recall": 0.5763688760806917,
        "f1-score": 0.5097396686692154,
        "support": 2429.0
    },
    "Shopping": {
        "precision": 0.6185353335965259,
        "recall": 0.5982245131729668,
        "f1-score": 0.6082104037267081,
        "support": 10476.0
    },
    "Travel": {
        "precision": 0.39579784213515046,
        "recall": 0.40011481056257175,
        "f1-score": 0.39794461889808735,
        "support": 1742.0
    },
    "macro avg": {
        "precision": 0.47534339314446766,
        "recall": 0.4861709204477754,
        "f1-score": 0.479479622841943,
        "support": 33176.0
    },
    "weighted avg": {
        "precision": 0.5575646844979499,
        "recall": 0.5546479382686279,
        "f1-score": 0.5554327088232066,
        "support": 33176.0
    }
}