{
    "Community": {
        "precision": 0.5214762301918265,
        "recall": 0.5840728631480616,
        "f1-score": 0.5510024234412866,
        "support": 4282.0
    },
    "Entertainment": {
        "precision": 0.4760501105379514,
        "recall": 0.34379989356040447,
        "f1-score": 0.3992583436341162,
        "support": 1879.0
    },
    "Food": {
        "precision": 0.5965391621129326,
        "recall": 0.6397620316107263,
        "f1-score": 0.617395029991431,
        "support": 11262.0
    },
    "Nightlife": {
        "precision": 0.34185303514376997,
        "recall": 0.19296663660955815,
        "f1-score": 0.24668587896253602,
        "support": 1109.0
    },
    "Outdoors": {
        "precision": 0.5353846153846153,
        "recall": 0.5014409221902018,
        "f1-score": 0.5178571428571429,
        "support": 2429.0
    },
    "Shopping": {
        "precision": 0.5953741245853299,
        "recall": 0.6168019093078759,
        "f1-score": 0.6058986261546396,
        "support": 10475.0
    },
    "Travel": {
        "precision": 0.4744341994970662,
        "recall": 0.3251005169442849,
        "f1-score": 0.3858214042263122,
        "support": 1741.0
    },
    "macro avg": {
        "precision": 0.5058730682076417,
        "recall": 0.4577063961958733,
        "f1-score": 0.4748455498953521,
        "support": 33177.0
    },
    "weighted avg": {
        "precision": 0.5602610712902749,
        "recall": 0.5669891792506857,
        "f1-score": 0.5610107739134009,
        "support": 33177.0
    }
}