{
    "fold_number": 1,
    "duration": 344.1796438694,
    "primary_checkpoint": {
        "selection_metric": "joint_score",
        "epoch": 15,
        "joint_score": 0.5180571973323822,
        "loss": 1.1734137535095215,
        "time": 113.2742269039154,
        "task_metrics": {
            "next": {
                "accuracy": 0.39893919229507446,
                "f1": 0.29677098989486694
            },
            "category": {
                "accuracy": 0.7740017175674438,
                "f1": 0.7393434047698975
            }
        }
    },
    "diagnostic_best_epochs": {
        "next": {
            "epoch": 7,
            "time": 57.6042377948761,
            "metrics": {
                "accuracy": 0.3964765965938568,
                "accuracy_macro": 0.29879510402679443,
                "f1": 0.30651459097862244,
                "f1_weighted": 0.3826369047164917,
                "mrr": 0.6177580952644348,
                "top3_acc": 0.8024247288703918,
                "ndcg_3": 0.6353639960289001,
                "top5_acc": 0.9306687116622925,
                "ndcg_5": 0.688321053981781,
                "loss": 1.5498812198638916
            },
            "accuracy": 0.3964765965938568,
            "f1": 0.30651459097862244
        },
        "category": {
            "epoch": 15,
            "time": 113.32139086723328,
            "metrics": {
                "accuracy": 0.7740017175674438,
                "accuracy_macro": 0.755915641784668,
                "f1": 0.7393434047698975,
                "f1_weighted": 0.7758344411849976,
                "mrr": 0.8697232604026794,
                "top3_acc": 0.9600679874420166,
                "ndcg_3": 0.8863906264305115,
                "top5_acc": 0.9932030439376831,
                "ndcg_5": 0.9004377126693726,
                "loss": 0.6984849572181702
            },
            "accuracy": 0.7740017175674438,
            "f1": 0.7393434047698975
        }
    }
}