{
  "metric": "mrr",
  "task": "reg",
  "state": "alabama_mrr",
  "check2hgi_per_fold": [
    0.4420294761657715,
    0.4094776213169098,
    0.42143359780311584,
    0.4136020839214325,
    0.3719753324985504
  ],
  "hgi_per_fold": [
    0.44227519631385803,
    0.39238354563713074,
    0.41829103231430054,
    0.41078582406044006,
    0.37385067343711853
  ],
  "deltas": [
    -0.00024572014808654785,
    0.017094075679779053,
    0.0031425654888153076,
    0.0028162598609924316,
    -0.0018753409385681152
  ],
  "superiority": {
    "n": 5,
    "mean": 0.004186367988586426,
    "std": 0.00751603881958248,
    "median": 0.0028162598609924316,
    "min": -0.0018753409385681152,
    "max": 0.017094075679779053,
    "n_positive": 3,
    "n_negative": 2,
    "n_zero": 0,
    "shapiro_w": 0.797683119681391,
    "shapiro_p": 0.07757631857072754,
    "normality_assumed": true,
    "paired_t_stat": 1.2454703369704418,
    "paired_t_p_two_sided": 0.2809331499161472,
    "paired_t_p_greater": 0.1404665749580736,
    "wilcoxon_stat": 12.0,
    "wilcoxon_p_greater": 0.15625
  },
  "non_inferiority_tost": {
    "margin": 0.02,
    "p_lower_one_sided": 0.000988340725274502,
    "non_inferior_at_alpha_0.05": true,
    "shifted_mean": 0.02418636798858643
  }
}