{
  "metric": "f1",
  "task": "cat",
  "state": "alabama",
  "check2hgi_per_fold": [
    0.4017708897590637,
    0.3849932551383972,
    0.42459556460380554,
    0.4240056574344635,
    0.4026218354701996
  ],
  "hgi_per_fold": [
    0.2633930444717407,
    0.26435181498527527,
    0.2528989315032959,
    0.23678751289844513,
    0.24532753229141235
  ],
  "deltas": [
    0.138377845287323,
    0.12064144015312195,
    0.17169663310050964,
    0.18721814453601837,
    0.15729430317878723
  ],
  "superiority": {
    "n": 5,
    "mean": 0.15504567325115204,
    "std": 0.02635738251954903,
    "median": 0.15729430317878723,
    "min": 0.12064144015312195,
    "max": 0.18721814453601837,
    "n_positive": 5,
    "n_negative": 0,
    "n_zero": 0,
    "shapiro_w": 0.983998797097584,
    "shapiro_p": 0.9548096942071438,
    "normality_assumed": true,
    "paired_t_stat": 13.15353164335108,
    "paired_t_p_two_sided": 0.00019294345565270496,
    "paired_t_p_greater": 9.647172782635248e-05,
    "wilcoxon_stat": 15.0,
    "wilcoxon_p_greater": 0.03125
  },
  "non_inferiority_tost": {
    "margin": 0.02,
    "p_lower_one_sided": 5.9864425164478746e-05,
    "non_inferior_at_alpha_0.05": true,
    "shifted_mean": 0.17504567325115203
  }
}