{
  "metric": "mrr",
  "task": "reg",
  "state": "arizona",
  "check2hgi_per_fold": [
    0.3131762742996216,
    0.30726754665374756,
    0.32821136713027954,
    0.3341379165649414,
    0.34967970848083496
  ],
  "hgi_per_fold": [
    0.3245445787906647,
    0.3285175859928131,
    0.33924081921577454,
    0.34814372658729553,
    0.37602654099464417
  ],
  "deltas": [
    -0.01136830449104309,
    -0.021250039339065552,
    -0.011029452085494995,
    -0.014005810022354126,
    -0.026346832513809204
  ],
  "superiority": {
    "n": 5,
    "mean": -0.016800087690353394,
    "std": 0.006737115445320514,
    "median": -0.014005810022354126,
    "min": -0.026346832513809204,
    "max": -0.011029452085494995,
    "n_positive": 0,
    "n_negative": 5,
    "n_zero": 0,
    "shapiro_w": 0.8696763515472412,
    "shapiro_p": 0.26511576771736145,
    "normality_assumed": true,
    "paired_t_stat": -5.5759973847086775,
    "paired_t_p_two_sided": 0.005070364928261514,
    "paired_t_p_greater": 0.9974648175358692,
    "wilcoxon_stat": 0.0,
    "wilcoxon_p_greater": 1.0
  },
  "non_inferiority_tost": {
    "margin": 0.02,
    "p_lower_one_sided": 0.17403825397257108,
    "non_inferior_at_alpha_0.05": false,
    "shifted_mean": 0.003199912309646607
  }
}