{
  "metric": "acc10",
  "task": "reg",
  "state": "arizona",
  "check2hgi_per_fold": [
    0.47839218378067017,
    0.4930530786514282,
    0.5019399523735046,
    0.49388349056243896,
    0.5447247624397278
  ],
  "hgi_per_fold": [
    0.5051115155220032,
    0.532418966293335,
    0.527057409286499,
    0.5291217565536499,
    0.5750327706336975
  ],
  "deltas": [
    -0.026719331741333008,
    -0.03936588764190674,
    -0.025117456912994385,
    -0.03523826599121094,
    -0.030308008193969727
  ],
  "superiority": {
    "n": 5,
    "mean": -0.031349790096282956,
    "std": 0.0059318314132910215,
    "median": -0.030308008193969727,
    "min": -0.03936588764190674,
    "max": -0.025117456912994385,
    "n_positive": 0,
    "n_negative": 5,
    "n_zero": 0,
    "shapiro_w": 0.9439182877540588,
    "shapiro_p": 0.6937564611434937,
    "normality_assumed": true,
    "paired_t_stat": -11.81764228473686,
    "paired_t_p_two_sided": 0.00029347807546157873,
    "paired_t_p_greater": 0.9998532609622692,
    "wilcoxon_stat": 0.0,
    "wilcoxon_p_greater": 1.0
  },
  "non_inferiority_tost": {
    "margin": 0.02,
    "p_lower_one_sided": 0.9935681399870395,
    "non_inferior_at_alpha_0.05": false,
    "shifted_mean": -0.011349790096282958
  }
}