{
  "metric": "mrr",
  "task": "reg",
  "state": "california",
  "check2hgi_per_fold": [
    0.4017496109008789,
    0.3921867907047272,
    0.39348775148391724,
    0.3973085582256317,
    0.41281893849372864
  ],
  "hgi_per_fold": [
    0.4093107283115387,
    0.3980301022529602,
    0.4014163315296173,
    0.40143394470214844,
    0.42153501510620117
  ],
  "deltas": [
    -0.00756111741065979,
    -0.005843311548233032,
    -0.007928580045700073,
    -0.004125386476516724,
    -0.008716076612472534
  ],
  "superiority": {
    "n": 5,
    "mean": -0.006834894418716431,
    "std": 0.001843031769170175,
    "median": -0.00756111741065979,
    "min": -0.008716076612472534,
    "max": -0.004125386476516724,
    "n_positive": 0,
    "n_negative": 5,
    "n_zero": 0,
    "shapiro_w": 0.9298650622367859,
    "shapiro_p": 0.5954506993293762,
    "normality_assumed": true,
    "paired_t_stat": -8.292471565026332,
    "paired_t_p_two_sided": 0.0011546274174823517,
    "paired_t_p_greater": 0.9994226862912589,
    "wilcoxon_stat": 0.0,
    "wilcoxon_p_greater": 1.0
  },
  "non_inferiority_tost": {
    "margin": 0.02,
    "p_lower_one_sided": 4.491082151673636e-05,
    "non_inferior_at_alpha_0.05": true,
    "shifted_mean": 0.01316510558128357
  }
}