{
  "alabama_i": {
    "cat": {
      "design": [
        0.4216312931664916,
        0.4011897139985957,
        0.4216303882410147,
        0.42441675823650094,
        0.4123956227071522
      ],
      "canonical": [
        0.4017708897590637,
        0.3849932551383972,
        0.42459556460380554,
        0.4240056574344635,
        0.4026218354701996
      ],
      "delta": 0.008655314788765111,
      "wilcoxon_p_greater": 0.09375,
      "tost_p_lower_2pp": 0.0014310826268919552,
      "non_inferior": true,
      "strict_better": false
    },
    "reg_acc10": {
      "design": [
        0.6553894281387329,
        0.6121164560317993,
        0.6502753496170044,
        0.6046420335769653,
        0.5450609922409058
      ],
      "canonical": [
        0.5890523195266724,
        0.6000000238418579,
        0.6439628601074219,
        0.5746229887008667,
        0.550000011920929
      ],
      "hgi": [
        0.6245915293693542,
        0.625363826751709,
        0.6664789915084839,
        0.5954238176345825,
        0.5810924172401428
      ],
      "delta_vs_canonical": 0.021969211101531983,
      "p_gt_can": 0.0625,
      "delta_vs_hgi": -0.005093264579772949,
      "p_gt_hgi": 0.78125,
      "strict_better_than_can": false
    }
  },
  "arizona_i": {
    "cat": {
      "design": [
        0.4385359893113819,
        0.4256759091787211,
        0.4525255242962599,
        0.42838425755472426,
        0.44011717667933503
      ],
      "canonical": [
        0.4348736107349396,
        0.42446547746658325,
        0.44397473335266113,
        0.4225568175315857,
        0.43449410796165466
      ],
      "delta": 0.004974821994599576,
      "wilcoxon_p_greater": 0.03125,
      "tost_p_lower_2pp": 1.6881269258250953e-05,
      "non_inferior": true,
      "strict_better": true
    },
    "reg_acc10": {
      "design": [
        0.5251893997192383,
        0.5427164435386658,
        0.549535870552063,
        0.47395339608192444,
        0.5358969569206238
      ],
      "canonical": [
        0.47839218378067017,
        0.4930530786514282,
        0.5019399523735046,
        0.49388349056243896,
        0.5447247624397278
      ],
      "hgi": [
        0.5051115155220032,
        0.532418966293335,
        0.527057409286499,
        0.5291217565536499,
        0.5750327706336975
      ],
      "delta_vs_canonical": 0.023059719800949098,
      "p_gt_can": 0.15625,
      "delta_vs_hgi": -0.008290070295333862,
      "p_gt_hgi": 0.6875,
      "strict_better_than_can": false
    }
  },
  "alabama_j": {
    "cat": {
      "design": [
        0.41781626485836476,
        0.39747015017889503,
        0.42449470259762456,
        0.44572221416724533,
        0.40511148040239864
      ],
      "canonical": [
        0.4017708897590637,
        0.3849932551383972,
        0.42459556460380554,
        0.4240056574344635,
        0.4026218354701996
      ],
      "delta": 0.010525521959719753,
      "wilcoxon_p_greater": 0.0625,
      "tost_p_lower_2pp": 0.0008731183676132792,
      "non_inferior": true,
      "strict_better": false
    },
    "reg_acc10": {
      "design": [
        0.6530290842056274,
        0.620771050453186,
        0.656963050365448,
        0.6089693307876587,
        0.5580480098724365
      ],
      "canonical": [
        0.5890523195266724,
        0.6000000238418579,
        0.6439628601074219,
        0.5746229887008667,
        0.550000011920929
      ],
      "hgi": [
        0.6245915293693542,
        0.625363826751709,
        0.6664789915084839,
        0.5954238176345825,
        0.5810924172401428
      ],
      "delta_vs_canonical": 0.028028464317321776,
      "p_gt_can": 0.03125,
      "delta_vs_hgi": 0.0009659886360168457,
      "p_gt_hgi": 0.5,
      "strict_better_than_can": true
    }
  },
  "arizona_j": {
    "cat": {
      "design": [
        0.4492397797982793,
        0.4355827911273457,
        0.43957160793273264,
        0.4256624560141273,
        0.4367099584616757
      ],
      "canonical": [
        0.4348736107349396,
        0.42446547746658325,
        0.44397473335266113,
        0.4225568175315857,
        0.43449410796165466
      ],
      "delta": 0.005280369257347262,
      "wilcoxon_p_greater": 0.15625,
      "tost_p_lower_2pp": 0.0008264003799723918,
      "non_inferior": true,
      "strict_better": false
    },
    "reg_acc10": {
      "design": [
        0.5261363387107849,
        0.5389278531074524,
        0.5482099056243896,
        0.4694070816040039,
        0.524910032749176
      ],
      "canonical": [
        0.47839218378067017,
        0.4930530786514282,
        0.5019399523735046,
        0.49388349056243896,
        0.5447247624397278
      ],
      "hgi": [
        0.5051115155220032,
        0.532418966293335,
        0.527057409286499,
        0.5291217565536499,
        0.5750327706336975
      ],
      "delta_vs_canonical": 0.01911954879760742,
      "p_gt_can": 0.15625,
      "delta_vs_hgi": -0.012230241298675537,
      "p_gt_hgi": 0.6875,
      "strict_better_than_can": false
    }
  },
  "alabama_m": {
    "cat": {
      "design": [
        0.4143862045971374,
        0.3889638853512568,
        0.428792251499957,
        0.4240518309771916,
        0.40906111162296926
      ],
      "canonical": [
        0.4017708897590637,
        0.3849932551383972,
        0.42459556460380554,
        0.4240056574344635,
        0.4026218354701996
      ],
      "delta": 0.0054536163285164975,
      "wilcoxon_p_greater": 0.03125,
      "tost_p_lower_2pp": 0.00012443682548968216,
      "non_inferior": true,
      "strict_better": true
    },
    "reg_acc10": {
      "design": [
        0.6553894281387329,
        0.6176239252090454,
        0.6435877084732056,
        0.6022816896438599,
        0.5592286586761475
      ],
      "canonical": [
        0.5890523195266724,
        0.6000000238418579,
        0.6439628601074219,
        0.5746229887008667,
        0.550000011920929
      ],
      "hgi": [
        0.6245915293693542,
        0.625363826751709,
        0.6664789915084839,
        0.5954238176345825,
        0.5810924172401428
      ],
      "delta_vs_canonical": 0.02409464120864868,
      "p_gt_can": 0.0625,
      "delta_vs_hgi": -0.00296783447265625,
      "p_gt_hgi": 0.6875,
      "strict_better_than_can": false
    }
  },
  "arizona_m": {
    "cat": {
      "design": [
        0.44445449228926937,
        0.43195067735735027,
        0.4468828588753229,
        0.42498574317776844,
        0.43528984217061606
      ],
      "canonical": [
        0.4348736107349396,
        0.42446547746658325,
        0.44397473335266113,
        0.4225568175315857,
        0.43449410796165466
      ],
      "delta": 0.004639773364580546,
      "wilcoxon_p_greater": 0.03125,
      "tost_p_lower_2pp": 6.01093469229097e-05,
      "non_inferior": true,
      "strict_better": true
    },
    "reg_acc10": {
      "design": [
        0.5278409123420715,
        0.5410115718841553,
        0.5459367036819458,
        0.4728168249130249,
        0.5347603559494019
      ],
      "canonical": [
        0.47839218378067017,
        0.4930530786514282,
        0.5019399523735046,
        0.49388349056243896,
        0.5447247624397278
      ],
      "hgi": [
        0.5051115155220032,
        0.532418966293335,
        0.527057409286499,
        0.5291217565536499,
        0.5750327706336975
      ],
      "delta_vs_canonical": 0.022074580192565918,
      "p_gt_can": 0.15625,
      "delta_vs_hgi": -0.009275209903717042,
      "p_gt_hgi": 0.6875,
      "strict_better_than_can": false
    }
  }
}