{
  "metric": "f1",
  "task": "cat",
  "state": "florida",
  "check2hgi_per_fold": [
    0.6786356568336487,
    0.6912073493003845,
    0.6830919981002808,
    0.6614139080047607,
    0.706638514995575
  ],
  "hgi_per_fold": [
    0.350580096244812,
    0.34525057673454285,
    0.3496902585029602,
    0.34365469217300415,
    0.34901466965675354
  ],
  "deltas": [
    0.32805556058883667,
    0.3459567725658417,
    0.33340173959732056,
    0.3177592158317566,
    0.3576238453388214
  ],
  "superiority": {
    "n": 5,
    "mean": 0.3365594267845154,
    "std": 0.015554376371934815,
    "median": 0.33340173959732056,
    "min": 0.3177592158317566,
    "max": 0.3576238453388214,
    "n_positive": 5,
    "n_negative": 0,
    "n_zero": 0,
    "shapiro_w": 0.9812823534011841,
    "shapiro_p": 0.9413620829582214,
    "normality_assumed": true,
    "paired_t_stat": 48.38315203150298,
    "paired_t_p_two_sided": 1.0917892521836167e-06,
    "paired_t_p_greater": 5.458946260918083e-07,
    "wilcoxon_stat": 15.0,
    "wilcoxon_p_greater": 0.03125
  }
}