{
  "baseline": {
    "nextcat": {
      "mean": 0.20193808972835542,
      "std": 0.00847890005804456,
      "vals": [
        19.98,
        19.0,
        20.34,
        21.36,
        20.29
      ]
    },
    "nextreg": {
      "mean": 0.5890305638313293,
      "std": 0.02852938583243318,
      "vals": [
        60.13,
        59.99,
        60.66,
        53.83,
        59.92
      ]
    }
  },
  "A": {
    "nextcat": {
      "mean": 0.18660945296287537,
      "std": 0.022673870995435712,
      "vals": [
        16.85,
        16.15,
        19.23,
        21.88,
        19.2
      ]
    },
    "nextreg": {
      "mean": 0.5927432179450989,
      "std": 0.02817202722748267,
      "vals": [
        59.95,
        60.6,
        61.02,
        54.28,
        60.52
      ]
    }
  },
  "B": {
    "nextcat": {
      "mean": 0.1900988221168518,
      "std": 0.014025864673520296,
      "vals": [
        17.81,
        18.04,
        18.84,
        21.35,
        19.01
      ]
    },
    "nextreg": {
      "mean": 0.591265594959259,
      "std": 0.026171804131388657,
      "vals": [
        60.09,
        60.45,
        60.35,
        54.45,
        60.3
      ]
    }
  },
  "C": {
    "nextcat": {
      "mean": 0.18951462507247924,
      "std": 0.009360931519020557,
      "vals": [
        17.43,
        19.83,
        19.58,
        19.07,
        18.84
      ]
    },
    "nextreg": {
      "mean": 0.5907732844352722,
      "std": 0.029451466814886113,
      "vals": [
        59.77,
        60.5,
        61.2,
        53.9,
        60.01
      ]
    }
  }
}