{
  "metric": "mrr",
  "task": "reg",
  "state": "texas",
  "check2hgi_per_fold": [
    0.34805238246917725,
    0.30945780873298645,
    0.3322993218898773,
    0.31013181805610657,
    0.3201123774051666
  ],
  "hgi_per_fold": [
    0.34713926911354065,
    0.3036468029022217,
    0.3344195783138275,
    0.31804949045181274,
    0.3203456401824951
  ],
  "deltas": [
    0.0009131133556365967,
    0.0058110058307647705,
    -0.0021202564239501953,
    -0.007917672395706177,
    -0.0002332627773284912
  ],
  "superiority": {
    "n": 5,
    "mean": -0.0007094144821166992,
    "std": 0.004983087778189248,
    "median": -0.0002332627773284912,
    "min": -0.007917672395706177,
    "max": 0.0058110058307647705,
    "n_positive": 2,
    "n_negative": 3,
    "n_zero": 0,
    "shapiro_w": 0.9781618714332581,
    "shapiro_p": 0.9245544075965881,
    "normality_assumed": true,
    "paired_t_stat": -0.3183365569394358,
    "paired_t_p_two_sided": 0.7661576094512739,
    "paired_t_p_greater": 0.6169211952743631,
    "wilcoxon_stat": 6.0,
    "wilcoxon_p_greater": 0.6875
  }
}