{
    "fold_number": 2,
    "duration": 342.3533089160919,
    "primary_checkpoint": {
        "selection_metric": "joint_score",
        "epoch": 10,
        "joint_score": 0.5239346623420715,
        "loss": 1.1641329526901245,
        "time": 76.1500141620636,
        "task_metrics": {
            "category": {
                "accuracy": 0.7556207180023193,
                "f1": 0.7168303728103638
            },
            "next": {
                "accuracy": 0.3896571397781372,
                "f1": 0.3310389518737793
            }
        }
    },
    "diagnostic_best_epochs": {
        "category": {
            "epoch": 30,
            "time": 211.94076108932495,
            "metrics": {
                "accuracy": 0.759530782699585,
                "accuracy_macro": 0.7358646392822266,
                "f1": 0.7305736541748047,
                "f1_weighted": 0.7614116072654724,
                "mrr": 0.8599427342414856,
                "top3_acc": 0.9618768095970154,
                "ndcg_3": 0.8802856802940369,
                "top5_acc": 0.9931573867797852,
                "ndcg_5": 0.8930292129516602,
                "loss": 1.0076897144317627
            },
            "accuracy": 0.759530782699585,
            "f1": 0.7305736541748047
        },
        "next": {
            "epoch": 10,
            "time": 76.19311022758484,
            "metrics": {
                "accuracy": 0.3896571397781372,
                "accuracy_macro": 0.342518150806427,
                "f1": 0.3310389518737793,
                "f1_weighted": 0.376156747341156,
                "mrr": 0.611777126789093,
                "top3_acc": 0.8016669750213623,
                "ndcg_3": 0.6302112340927124,
                "top5_acc": 0.934646725654602,
                "ndcg_5": 0.6851580142974854,
                "loss": 1.5839426517486572
            },
            "accuracy": 0.3896571397781372,
            "f1": 0.3310389518737793
        }
    }
}