{
    "model": {
        "joint_score": {
            "mean": 0.5155103206634521,
            "std": 0,
            "min": 0.5155103206634521,
            "max": 0.5155103206634521
        },
        "loss": {
            "mean": 1.0755243301391602,
            "std": 0,
            "min": 1.0755243301391602,
            "max": 1.0755243301391602
        }
    },
    "next": {
        "accuracy": {
            "mean": 0.3749016523361206,
            "std": 0,
            "min": 0.3749016523361206,
            "max": 0.3749016523361206
        },
        "accuracy_macro": {
            "mean": 0.26055997610092163,
            "std": 0,
            "min": 0.26055997610092163,
            "max": 0.26055997610092163
        },
        "f1": {
            "mean": 0.2740364074707031,
            "std": 0,
            "min": 0.2740364074707031,
            "max": 0.2740364074707031
        },
        "f1_weighted": {
            "mean": 0.35356462001800537,
            "std": 0,
            "min": 0.35356462001800537,
            "max": 0.35356462001800537
        },
        "mrr": {
            "mean": 0.6036108136177063,
            "std": 0,
            "min": 0.6036108136177063,
            "max": 0.6036108136177063
        },
        "top3_acc": {
            "mean": 0.800157368183136,
            "std": 0,
            "min": 0.800157368183136,
            "max": 0.800157368183136
        },
        "ndcg_3": {
            "mean": 0.623223602771759,
            "std": 0,
            "min": 0.623223602771759,
            "max": 0.623223602771759
        },
        "top5_acc": {
            "mean": 0.9425649046897888,
            "std": 0,
            "min": 0.9425649046897888,
            "max": 0.9425649046897888
        },
        "ndcg_5": {
            "mean": 0.6817795634269714,
            "std": 0,
            "min": 0.6817795634269714,
            "max": 0.6817795634269714
        },
        "loss": {
            "mean": 1.5649152994155884,
            "std": 0,
            "min": 1.5649152994155884,
            "max": 1.5649152994155884
        }
    },
    "category": {
        "accuracy": {
            "mean": 0.8342317938804626,
            "std": 0,
            "min": 0.8342317938804626,
            "max": 0.8342317938804626
        },
        "accuracy_macro": {
            "mean": 0.7434530258178711,
            "std": 0,
            "min": 0.7434530258178711,
            "max": 0.7434530258178711
        },
        "f1": {
            "mean": 0.7569842338562012,
            "std": 0,
            "min": 0.7569842338562012,
            "max": 0.7569842338562012
        },
        "f1_weighted": {
            "mean": 0.8323532342910767,
            "std": 0,
            "min": 0.8323532342910767,
            "max": 0.8323532342910767
        },
        "mrr": {
            "mean": 0.9004363417625427,
            "std": 0,
            "min": 0.9004363417625427,
            "max": 0.9004363417625427
        },
        "top3_acc": {
            "mean": 0.9609164595603943,
            "std": 0,
            "min": 0.9609164595603943,
            "max": 0.9609164595603943
        },
        "ndcg_3": {
            "mean": 0.9101024270057678,
            "std": 0,
            "min": 0.9101024270057678,
            "max": 0.9101024270057678
        },
        "top5_acc": {
            "mean": 0.9878706336021423,
            "std": 0,
            "min": 0.9878706336021423,
            "max": 0.9878706336021423
        },
        "ndcg_5": {
            "mean": 0.9212384819984436,
            "std": 0,
            "min": 0.9212384819984436,
            "max": 0.9212384819984436
        },
        "loss": {
            "mean": 0.5861333608627319,
            "std": 0,
            "min": 0.5861333608627319,
            "max": 0.5861333608627319
        }
    },
    "_selection": {
        "primary": "joint_score",
        "diagnostic_task_best": "per-task best validation f1"
    },
    "diagnostic_task_best": {
        "next": {
            "accuracy": {
                "mean": 0.3749016523361206,
                "std": 0,
                "min": 0.3749016523361206,
                "max": 0.3749016523361206
            },
            "accuracy_macro": {
                "mean": 0.26055997610092163,
                "std": 0,
                "min": 0.26055997610092163,
                "max": 0.26055997610092163
            },
            "f1": {
                "mean": 0.2740364074707031,
                "std": 0,
                "min": 0.2740364074707031,
                "max": 0.2740364074707031
            },
            "f1_weighted": {
                "mean": 0.35356462001800537,
                "std": 0,
                "min": 0.35356462001800537,
                "max": 0.35356462001800537
            },
            "mrr": {
                "mean": 0.6036108136177063,
                "std": 0,
                "min": 0.6036108136177063,
                "max": 0.6036108136177063
            },
            "top3_acc": {
                "mean": 0.800157368183136,
                "std": 0,
                "min": 0.800157368183136,
                "max": 0.800157368183136
            },
            "ndcg_3": {
                "mean": 0.623223602771759,
                "std": 0,
                "min": 0.623223602771759,
                "max": 0.623223602771759
            },
            "top5_acc": {
                "mean": 0.9425649046897888,
                "std": 0,
                "min": 0.9425649046897888,
                "max": 0.9425649046897888
            },
            "ndcg_5": {
                "mean": 0.6817795634269714,
                "std": 0,
                "min": 0.6817795634269714,
                "max": 0.6817795634269714
            },
            "loss": {
                "mean": 1.5649152994155884,
                "std": 0,
                "min": 1.5649152994155884,
                "max": 1.5649152994155884
            }
        },
        "category": {
            "accuracy": {
                "mean": 0.8342317938804626,
                "std": 0,
                "min": 0.8342317938804626,
                "max": 0.8342317938804626
            },
            "accuracy_macro": {
                "mean": 0.743738055229187,
                "std": 0,
                "min": 0.743738055229187,
                "max": 0.743738055229187
            },
            "f1": {
                "mean": 0.7570562958717346,
                "std": 0,
                "min": 0.7570562958717346,
                "max": 0.7570562958717346
            },
            "f1_weighted": {
                "mean": 0.8324045538902283,
                "std": 0,
                "min": 0.8324045538902283,
                "max": 0.8324045538902283
            },
            "mrr": {
                "mean": 0.8999422192573547,
                "std": 0,
                "min": 0.8999422192573547,
                "max": 0.8999422192573547
            },
            "top3_acc": {
                "mean": 0.9609164595603943,
                "std": 0,
                "min": 0.9609164595603943,
                "max": 0.9609164595603943
            },
            "ndcg_3": {
                "mean": 0.9097495675086975,
                "std": 0,
                "min": 0.9097495675086975,
                "max": 0.9097495675086975
            },
            "top5_acc": {
                "mean": 0.986522912979126,
                "std": 0,
                "min": 0.986522912979126,
                "max": 0.986522912979126
            },
            "ndcg_5": {
                "mean": 0.920364260673523,
                "std": 0,
                "min": 0.920364260673523,
                "max": 0.920364260673523
            },
            "loss": {
                "mean": 0.5884773135185242,
                "std": 0,
                "min": 0.5884773135185242,
                "max": 0.5884773135185242
            }
        }
    }
}