{
    "fold_number": 5,
    "duration": 881.7194721698761,
    "best_epochs": {
        "next": {
            "epoch": 17,
            "accuracy": 0.3265818451531922,
            "f1": 0.2969761680260878,
            "time": 165.51844310760498
        }
    }
}