{
    "Community": {
        "precision": 0.25878552119733633,
        "recall": 0.4583138720224194,
        "f1-score": 0.3307909485483123,
        "support": 8564.0
    },
    "Entertainment": {
        "precision": 0.18733459357277882,
        "recall": 0.1986370014030868,
        "f1-score": 0.19282031326004476,
        "support": 4989.0
    },
    "Food": {
        "precision": 0.4596453130655085,
        "recall": 0.22012306092382355,
        "f1-score": 0.2976853208321125,
        "support": 23078.0
    },
    "Nightlife": {
        "precision": 0.1231496062992126,
        "recall": 0.345813679245283,
        "f1-score": 0.1816211194549818,
        "support": 3392.0
    },
    "Outdoors": {
        "precision": 0.2702394526795895,
        "recall": 0.22253521126760564,
        "f1-score": 0.24407826982492276,
        "support": 5325.0
    },
    "Shopping": {
        "precision": 0.3928414442700157,
        "recall": 0.38712871287128714,
        "f1-score": 0.3899641577060932,
        "support": 16160.0
    },
    "Travel": {
        "precision": 0.45378822455499773,
        "recall": 0.46244186046511626,
        "f1-score": 0.4580741764570376,
        "support": 8600.0
    },
    "macro avg": {
        "precision": 0.30654059366277703,
        "recall": 0.3278561997426602,
        "f1-score": 0.2992906151547864,
        "support": 70108.0
    },
    "weighted avg": {
        "precision": 0.3689477812297678,
        "recall": 0.3221743595595367,
        "f1-score": 0.3255247673654305,
        "support": 70108.0
    }
}