{
    "fold_number": 3,
    "duration": 39.1448028087616,
    "primary_checkpoint": {
        "selection_metric": "task_best_f1",
        "epoch": 19,
        "joint_score": null,
        "loss": null,
        "time": 15.454785823822021,
        "task_metrics": {
            "next": {
                "accuracy": 0.2997639775276184,
                "f1": 0.2676287293434143
            }
        }
    },
    "diagnostic_best_epochs": {
        "next": {
            "epoch": 19,
            "time": 15.454785823822021,
            "metrics": {
                "loss": 1.922622596626672,
                "accuracy": 0.2997639775276184,
                "accuracy_macro": 0.3155205547809601,
                "f1": 0.2676287293434143,
                "f1_weighted": 0.31076565384864807,
                "mrr": 0.5391695499420166,
                "top3_acc": 0.721085786819458,
                "ndcg_3": 0.5420498847961426,
                "top5_acc": 0.9272226691246033,
                "ndcg_5": 0.6270182132720947
            },
            "accuracy": 0.2997639775276184,
            "f1": 0.2676287293434143
        }
    },
    "best_epochs": {
        "next": {
            "epoch": 19,
            "time": 15.454785823822021,
            "metrics": {
                "loss": 1.922622596626672,
                "accuracy": 0.2997639775276184,
                "accuracy_macro": 0.3155205547809601,
                "f1": 0.2676287293434143,
                "f1_weighted": 0.31076565384864807,
                "mrr": 0.5391695499420166,
                "top3_acc": 0.721085786819458,
                "ndcg_3": 0.5420498847961426,
                "top5_acc": 0.9272226691246033,
                "ndcg_5": 0.6270182132720947
            },
            "accuracy": 0.2997639775276184,
            "f1": 0.2676287293434143
        }
    }
}