{
    "Community": {
        "precision": 0.6235632183908046,
        "recall": 0.6899841017488076,
        "f1-score": 0.6550943396226415,
        "support": 3145.0
    },
    "Entertainment": {
        "precision": 0.7011083303539507,
        "recall": 0.7074314574314574,
        "f1-score": 0.7042557012030886,
        "support": 2772.0
    },
    "Food": {
        "precision": 0.7049744897959184,
        "recall": 0.7032701361496374,
        "f1-score": 0.7041212816102936,
        "support": 7859.0
    },
    "Nightlife": {
        "precision": 0.5513353115727003,
        "recall": 0.6593328601845281,
        "f1-score": 0.6005171299288946,
        "support": 1409.0
    },
    "Outdoors": {
        "precision": 0.6363976083707026,
        "recall": 0.7685018050541517,
        "f1-score": 0.696238757154538,
        "support": 2216.0
    },
    "Shopping": {
        "precision": 0.791575400168492,
        "recall": 0.7009847806624888,
        "f1-score": 0.7435309013215162,
        "support": 6702.0
    },
    "Travel": {
        "precision": 0.8442468337375371,
        "recall": 0.8103983445421624,
        "f1-score": 0.8269763758743566,
        "support": 7732.0
    },
    "macro avg": {
        "precision": 0.6933144560557294,
        "recall": 0.719986212253319,
        "f1-score": 0.7043906409593327,
        "support": 31835.0
    },
    "weighted avg": {
        "precision": 0.7370792063273013,
        "recall": 0.730453902937019,
        "f1-score": 0.732290774771951,
        "support": 31835.0
    }
}