{
    "model": {
        "joint_score": {
            "mean": 0.5451349973678589,
            "std": 0.01139710362938785,
            "min": 0.5278078764677048,
            "max": 0.5567367970943451
        },
        "loss": {
            "mean": 1.2385351657867432,
            "std": 0.1320709292921356,
            "min": 1.1369786262512207,
            "max": 1.4516725540161133
        }
    },
    "category": {
        "accuracy": {
            "mean": 0.8393777132034301,
            "std": 0.012306728949510548,
            "min": 0.8241758346557617,
            "max": 0.8504043221473694
        },
        "accuracy_macro": {
            "mean": 0.8265610933303833,
            "std": 0.017459567938104385,
            "min": 0.8091154098510742,
            "max": 0.8534010052680969
        },
        "f1": {
            "mean": 0.8230751156806946,
            "std": 0.008640116459048712,
            "min": 0.8148608207702637,
            "max": 0.8328323364257812
        },
        "f1_weighted": {
            "mean": 0.8395896434783936,
            "std": 0.012608276073151913,
            "min": 0.8232892751693726,
            "max": 0.8508652448654175
        },
        "mrr": {
            "mean": 0.90527423620224,
            "std": 0.007178597235385437,
            "min": 0.8975943922996521,
            "max": 0.913830041885376
        },
        "top3_acc": {
            "mean": 0.9702947854995727,
            "std": 0.006130350747660228,
            "min": 0.9629629850387573,
            "max": 0.9784366488456726
        },
        "ndcg_3": {
            "mean": 0.917325782775879,
            "std": 0.007049909264050745,
            "min": 0.9081635475158691,
            "max": 0.9273017048835754
        },
        "top5_acc": {
            "mean": 0.9927508950233459,
            "std": 0.002547443078108638,
            "min": 0.990231990814209,
            "max": 0.9970370531082153
        },
        "ndcg_5": {
            "mean": 0.9266611576080322,
            "std": 0.0051222683826934136,
            "min": 0.920436680316925,
            "max": 0.9328697323799133
        },
        "loss": {
            "mean": 0.5753682971000671,
            "std": 0.06886584443271386,
            "min": 0.5147373080253601,
            "max": 0.6853917241096497
        }
    },
    "next": {
        "accuracy": {
            "mean": 0.3514025390148163,
            "std": 0.01807566048197015,
            "min": 0.32624951004981995,
            "max": 0.3752950429916382
        },
        "accuracy_macro": {
            "mean": 0.26558842062950133,
            "std": 0.018213488407015456,
            "min": 0.23996546864509583,
            "max": 0.2872966229915619
        },
        "f1": {
            "mean": 0.2671948790550232,
            "std": 0.020131903469795223,
            "min": 0.24075493216514587,
            "max": 0.2968193292617798
        },
        "f1_weighted": {
            "mean": 0.33799631595611573,
            "std": 0.015551834480605264,
            "min": 0.3204127848148346,
            "max": 0.3624425530433655
        },
        "mrr": {
            "mean": 0.5768454313278198,
            "std": 0.01666643667524591,
            "min": 0.5531408786773682,
            "max": 0.5980480313301086
        },
        "top3_acc": {
            "mean": 0.755996835231781,
            "std": 0.02568990779164096,
            "min": 0.7197953462600708,
            "max": 0.7856019139289856
        },
        "ndcg_3": {
            "mean": 0.5859452366828919,
            "std": 0.02269448942885902,
            "min": 0.5538870096206665,
            "max": 0.6136186718940735
        },
        "top5_acc": {
            "mean": 0.9115571022033692,
            "std": 0.01297364157033561,
            "min": 0.8905942440032959,
            "max": 0.9244689345359802
        },
        "ndcg_5": {
            "mean": 0.650110387802124,
            "std": 0.01728969615853173,
            "min": 0.6243934631347656,
            "max": 0.6709257364273071
        },
        "loss": {
            "mean": 1.901702094078064,
            "std": 0.21603487726829945,
            "min": 1.6754506826400757,
            "max": 2.2179534435272217
        }
    },
    "_selection": {
        "primary": "joint_score",
        "diagnostic_task_best": "per-task best validation f1"
    },
    "diagnostic_task_best": {
        "category": {
            "accuracy": {
                "mean": 0.8441814422607422,
                "std": 0.011612496368950585,
                "min": 0.8266178369522095,
                "max": 0.8584905862808228
            },
            "accuracy_macro": {
                "mean": 0.834780502319336,
                "std": 0.013524241830312936,
                "min": 0.8162389397621155,
                "max": 0.8487777709960938
            },
            "f1": {
                "mean": 0.829664409160614,
                "std": 0.008041429970988638,
                "min": 0.8197375535964966,
                "max": 0.8380295038223267
            },
            "f1_weighted": {
                "mean": 0.8443968653678894,
                "std": 0.011861317093615757,
                "min": 0.826004147529602,
                "max": 0.8584545850753784
            },
            "mrr": {
                "mean": 0.9091165900230408,
                "std": 0.006147397573205378,
                "min": 0.9009826183319092,
                "max": 0.9180368781089783
            },
            "top3_acc": {
                "mean": 0.9751689314842225,
                "std": 0.0024707200037185975,
                "min": 0.9721854329109192,
                "max": 0.9784366488456726
            },
            "ndcg_3": {
                "mean": 0.9222977638244629,
                "std": 0.005030350959648827,
                "min": 0.9166058301925659,
                "max": 0.9301096200942993
            },
            "top5_acc": {
                "mean": 0.9928794860839844,
                "std": 0.004042605325568334,
                "min": 0.9867549538612366,
                "max": 0.9975062608718872
            },
            "ndcg_5": {
                "mean": 0.9296266436576843,
                "std": 0.005203705754798869,
                "min": 0.9231743812561035,
                "max": 0.9368975162506104
            },
            "loss": {
                "mean": 0.6262851834297181,
                "std": 0.0553723532755861,
                "min": 0.5562368035316467,
                "max": 0.7086768746376038
            }
        },
        "next": {
            "accuracy": {
                "mean": 0.368086439371109,
                "std": 0.023715728631162076,
                "min": 0.3426435887813568,
                "max": 0.3985051214694977
            },
            "accuracy_macro": {
                "mean": 0.27814108729362486,
                "std": 0.012483545478937607,
                "min": 0.2623244524002075,
                "max": 0.2881283462047577
            },
            "f1": {
                "mean": 0.282688045501709,
                "std": 0.014430489741683464,
                "min": 0.2609836161136627,
                "max": 0.2968193292617798
            },
            "f1_weighted": {
                "mean": 0.35527092814445493,
                "std": 0.018533096926501215,
                "min": 0.331294983625412,
                "max": 0.37892311811447144
            },
            "mrr": {
                "mean": 0.5926424503326416,
                "std": 0.019075335546607678,
                "min": 0.5710285902023315,
                "max": 0.6179601550102234
            },
            "top3_acc": {
                "mean": 0.7767727136611938,
                "std": 0.02337968630276148,
                "min": 0.7427222728729248,
                "max": 0.8060582280158997
            },
            "ndcg_3": {
                "mean": 0.6060659766197205,
                "std": 0.023546926328561823,