{
    "fold_number": 1,
    "duration": 103.86983561515808,
    "primary_checkpoint": {
        "selection_metric": "joint_score",
        "epoch": 6,
        "joint_score": 0.5091621726751328,
        "loss": 1.131246566772461,
        "time": 72.81242513656616,
        "task_metrics": {
            "category": {
                "accuracy": 0.7634782791137695,
                "f1": 0.7029104828834534
            },
            "next": {
                "accuracy": 0.39401403069496155,
                "f1": 0.31541386246681213
            }
        }
    },
    "diagnostic_best_epochs": {
        "category": {
            "epoch": 9,
            "time": 103.17686486244202,
            "metrics": {
                "accuracy": 0.7660869359970093,
                "accuracy_macro": 0.7269886136054993,
                "f1": 0.7040665149688721,
                "f1_weighted": 0.7682353854179382,
                "mrr": 0.8646832704544067,
                "top3_acc": 0.9608696103096008,
                "ndcg_3": 0.8831747174263,
                "top5_acc": 0.9930434823036194,
                "ndcg_5": 0.8965357542037964,
                "loss": 0.674388587474823
            },
            "accuracy": 0.7660869359970093,
            "f1": 0.7040665149688721
        },
        "next": {
            "epoch": 6,
            "time": 72.83362221717834,
            "metrics": {
                "accuracy": 0.39401403069496155,
                "accuracy_macro": 0.3226035535335541,
                "f1": 0.31541386246681213,
                "f1_weighted": 0.38125327229499817,
                "mrr": 0.6159757375717163,
                "top3_acc": 0.8020458221435547,
                "ndcg_3": 0.6340334415435791,
                "top5_acc": 0.9265012145042419,
                "ndcg_5": 0.6855483651161194,
                "loss": 1.5661885738372803
            },
            "accuracy": 0.39401403069496155,
            "f1": 0.31541386246681213
        }
    }
}