{
    "fold_number": 3,
    "duration": 39.3783118724823,
    "primary_checkpoint": {
        "selection_metric": "task_best_f1",
        "epoch": 47,
        "joint_score": null,
        "loss": null,
        "time": 37.6917941570282,
        "task_metrics": {
            "next": {
                "accuracy": 0.3084185719490051,
                "f1": 0.26523882150650024
            }
        }
    },
    "diagnostic_best_epochs": {
        "next": {
            "epoch": 47,
            "time": 37.6917941570282,
            "metrics": {
                "loss": 2.902152048706727,
                "accuracy": 0.3084185719490051,
                "accuracy_macro": 0.2967124581336975,
                "f1": 0.26523882150650024,
                "f1_weighted": 0.3108525574207306,
                "mrr": 0.558631181716919,
                "top3_acc": 0.7832415699958801,
                "ndcg_3": 0.5827087759971619,
                "top5_acc": 0.9268292784690857,
                "ndcg_5": 0.6423419713973999
            },
            "accuracy": 0.3084185719490051,
            "f1": 0.26523882150650024
        }
    },
    "best_epochs": {
        "next": {
            "epoch": 47,
            "time": 37.6917941570282,
            "metrics": {
                "loss": 2.902152048706727,
                "accuracy": 0.3084185719490051,
                "accuracy_macro": 0.2967124581336975,
                "f1": 0.26523882150650024,
                "f1_weighted": 0.3108525574207306,
                "mrr": 0.558631181716919,
                "top3_acc": 0.7832415699958801,
                "ndcg_3": 0.5827087759971619,
                "top5_acc": 0.9268292784690857,
                "ndcg_5": 0.6423419713973999
            },
            "accuracy": 0.3084185719490051,
            "f1": 0.26523882150650024
        }
    }
}