{
    "model": {
        "aggregation_basis": "joint_best",
        "joint_score": {
            "mean": 0.2765819251537323,
            "std": 0.006013259777550335,
            "min": 0.27073686197400093,
            "max": 0.28641700372099876
        },
        "loss": {
            "mean": 4.000754674275716,
            "std": 0.04382714509235704,
            "min": 3.9452171325683594,
            "max": 4.053042729695638
        }
    },
    "next_category": {
        "aggregation_basis": "joint_best",
        "accuracy": {
            "mean": 0.47094284892082217,
            "std": 0.008048199593162773,
            "min": 0.4636363685131073,
            "max": 0.4845614731311798
        },
        "accuracy_macro": {
            "mean": 0.5236761927604675,
            "std": 0.006290920562672904,
            "min": 0.5161582231521606,
            "max": 0.5325572490692139
        },
        "f1": {
            "mean": 0.46214339733123777,
            "std": 0.009131857016880835,
            "min": 0.45313432812690735,
            "max": 0.47712069749832153
        },
        "f1_weighted": {
            "mean": 0.46576571464538574,
            "std": 0.009977857405562833,
            "min": 0.4591447412967682,
            "max": 0.4834483563899994
        },
        "mrr": {
            "mean": 0.6742339611053467,
            "std": 0.007419749815654594,
            "min": 0.6635898947715759,
            "max": 0.6840590834617615
        },
        "top3_acc": {
            "mean": 0.859941828250885,
            "std": 0.01394947759873627,
            "min": 0.835606038570404,
            "max": 0.8700511455535889
        },
        "ndcg_3": {
            "mean": 0.7001504063606262,
            "std": 0.01101977803610479,
            "min": 0.6821215152740479,
            "max": 0.7118058800697327
        },
        "top5_acc": {
            "mean": 0.9589334964752197,
            "std": 0.005408069705471938,
            "min": 0.9501893520355225,
            "max": 0.9649555087089539
        },
        "ndcg_5": {
            "mean": 0.7412463903427124,
            "std": 0.007130024521943159,
            "min": 0.7298264503479004,
            "max": 0.7487151622772217
        },
        "loss": {
            "mean": 1.359010108311971,
            "std": 0.03717350749222348,
            "min": 1.2943721612294514,
            "max": 1.3895972569783528
        }
    },
    "next_region": {
        "aggregation_basis": "joint_best",
        "accuracy": {
            "mean": 0.2588289588689804,
            "std": 0.029049810451779554,
            "min": 0.20984847843647003,
            "max": 0.281113862991333
        },
        "accuracy_macro": {
            "mean": 0.10474299004316048,
            "std": 0.005127846499782724,
            "min": 0.09927696454145513,
            "max": 0.11102731374388966
        },
        "f1": {
            "mean": 0.09102045297622681,
            "std": 0.003434120132687349,
            "min": 0.08735156804323196,
            "max": 0.095713309943676
        },
        "f1_weighted": {
            "mean": 0.2563156187534332,
            "std": 0.02757173687598512,
            "min": 0.2096146047115326,
            "max": 0.27609628438949585
        },
        "mrr": {
            "mean": 0.29963172376155855,
            "std": 0.030402628439852763,
            "min": 0.24877046048641205,
            "max": 0.32321226596832275
        },
        "top3_acc": {
            "mean": 0.31035211086273196,
            "std": 0.033425368741884155,
            "min": 0.2560606002807617,
            "max": 0.3405948281288147
        },
        "ndcg_3": {
            "mean": 0.2890547543764114,
            "std": 0.03143547473710268,
            "min": 0.2368229180574417,
            "max": 0.3151267468929291
        },
        "top5_acc": {
            "mean": 0.3370606601238251,
            "std": 0.0325847501196496,
            "min": 0.28390151262283325,
            "max": 0.3659784197807312
        },
        "ndcg_5": {
            "mean": 0.30001625418663025,
            "std": 0.03115996959508455,
            "min": 0.24815765023231506,
            "max": 0.325544148683548
        },
        "loss": {
            "mean": 6.642499160766602,
            "std": 0.0717083878480284,
            "min": 6.577238082885742,
            "max": 6.732228597005208
        },
        "n_indist": {
            "mean": 5183.0,
            "std": 19.710403344427025,
            "min": 5157.0,
            "max": 5202.0
        },
        "n_ood": {
            "mean": 96.2,
            "std": 19.639246421387966,
            "min": 77.0,
            "max": 122.0
        },
        "ood_fraction": {
            "mean": 0.0182224953647098,
            "std": 0.003720475230908287,
            "min": 0.014586095851487024,
            "max": 0.023110437582875544
        },
        "top1_acc_indist": {
            "mean": 0.2636400431394577,
            "std": 0.029627907987762575,
            "min": 0.2135286182165146,
            "max": 0.2852748930454254
        },
        "top5_acc_indist": {
            "mean": 0.3433432161808014,
            "std": 0.03350126567060065,
            "min": 0.288880318403244,
            "max": 0.3746364116668701
        },
        "top10_acc_indist": {
            "mean": 0.38523837327957156,
            "std": 0.028589876505815702,
            "min": 0.33860090374946594,
            "max": 0.4087647795677185
        },
        "mrr_indist": {
            "mean": 0.3051954388618469,
            "std": 0.0311287520425213,
            "min": 0.2531203031539917,
            "max": 0.3308408856391907
        }
    },
    "_selection": {
        "primary": "joint_score",
        "primary_basis": "joint_best",
        "diagnostic_task_best": "per-task best validation f1",
        "diagnostic_basis": "per_task_f1_best",
        "per_metric_best": "each (task,metric) aggregated at its own best epoch",
        "per_metric_basis": "per_metric_best"
    },
    "diagnostic_task_best": {
        "next_category": {
            "aggregation_basis": "per_task_f1_best",
            "accuracy": {
                "mean": 0.47094284892082217,
                "std": 0.008048199593162773,
                "min": 0.4636363685131073,
                "max": 0.4845614731311798
            },
            "accuracy_macro": {
                "mean": 0.5236761927604675,
                "std": 0.006290920562672904,
                "min": 0.5161582231521606,
                "max": 0.5325572490692139
            },
            "f1": {
                "mean": 0.46214339733123777,
                "std": 0.009131857016880835,
                "min": 0.45313432812690735,
                "max": 0.47712069749832153
            },
            "f1_weighted": {
                "mean": 0.46576571464538574,
                "std": 0.009977857405562833,
                "min": 0.4591447412967682,
                "max": 0.4834483563899994
            },
            "mrr": {
                "mean": 0.6742339611053467,
                "std": 0.007419749815654594,
                "min": 0.6635898947715759,
                "max": 0.6840590834617615
            },
            "top3_acc": {
                "mean": 0.859941828250885,
                "std": 0.01394947759873627,
                "min": 0.835606038570404,
                "max": 0.8700511455535889
            },
            "ndcg_3": {
                "mean": 0.7001504063606262,
                "std": 0.01101977803610479,
                "min": 0.6821215152740479,
                "max": 0.7118058800697327
            },
            "top5_acc": {
                "mean": 0.9589334964752197,
                "std": 0.005408069705471938,
                "min": 0.9501893520355225,
                "max": 0.9649555087089539
            },
            "ndcg_5": {
                "mean": 0.7412463903427124,
                "std": 0.007130024521943159,
                "min": 0.7298264503479004,