{
    "fold_number": 2,
    "duration": 382.643737077713,
    "primary_checkpoint": {
        "selection_metric": "joint_score",
        "epoch": 48,
        "joint_score": 0.5511718690395355,
        "loss": 1.6281450986862183,
        "time": 374.39527893066406,
        "task_metrics": {
            "next": {
                "accuracy": 0.3371361196041107,
                "f1": 0.27264511585235596
            },
            "category": {
                "accuracy": 0.8516209721565247,
                "f1": 0.8296986222267151
            }
        }
    },
    "diagnostic_best_epochs": {
        "next": {
            "epoch": 11,
            "time": 93.11895489692688,
            "metrics": {
                "accuracy": 0.39732494950294495,
                "accuracy_macro": 0.2738383710384369,
                "f1": 0.28646692633628845,
                "f1_weighted": 0.37029239535331726,
                "mrr": 0.6171930432319641,
                "top3_acc": 0.8068450093269348,
                "ndcg_3": 0.6369034647941589,
                "top5_acc": 0.9276160597801208,
                "ndcg_5": 0.6867616772651672,
                "loss": 1.5566909313201904
            },
            "accuracy": 0.39732494950294495,
            "f1": 0.28646692633628845
        },
        "category": {
            "epoch": 47,
            "time": 366.8117399215698,
            "metrics": {
                "accuracy": 0.8516209721565247,
                "accuracy_macro": 0.8388422727584839,
                "f1": 0.8296986222267151,
                "f1_weighted": 0.8521021604537964,
                "mrr": 0.9126083254814148,
                "top3_acc": 0.971321702003479,
                "ndcg_3": 0.9233888387680054,
                "top5_acc": 0.9912717938423157,
                "ndcg_5": 0.9315984845161438,
                "loss": 0.6416868567466736
            },
            "accuracy": 0.8516209721565247,
            "f1": 0.8296986222267151
        }
    }
}