{
    "model": {
        "joint_score": {
            "mean": 0.509780690073967,
            "std": 0,
            "min": 0.509780690073967,
            "max": 0.509780690073967
        },
        "loss": {
            "mean": 1.1136581897735596,
            "std": 0,
            "min": 1.1136581897735596,
            "max": 1.1136581897735596
        }
    },
    "next": {
        "accuracy": {
            "mean": 0.40746352076530457,
            "std": 0,
            "min": 0.40746352076530457,
            "max": 0.40746352076530457
        },
        "accuracy_macro": {
            "mean": 0.30416250228881836,
            "std": 0,
            "min": 0.30416250228881836,
            "max": 0.30416250228881836
        },
        "f1": {
            "mean": 0.31287792325019836,
            "std": 0,
            "min": 0.31287792325019836,
            "max": 0.31287792325019836
        },
        "f1_weighted": {
            "mean": 0.39139115810394287,
            "std": 0,
            "min": 0.39139115810394287,
            "max": 0.39139115810394287
        },
        "mrr": {
            "mean": 0.6236751675605774,
            "std": 0,
            "min": 0.6236751675605774,
            "max": 0.6236751675605774
        },
        "top3_acc": {
            "mean": 0.8010987043380737,
            "std": 0,
            "min": 0.8010987043380737,
            "max": 0.8010987043380737
        },
        "ndcg_3": {
            "mean": 0.63910311460495,
            "std": 0,
            "min": 0.63910311460495,
            "max": 0.63910311460495
        },
        "top5_acc": {
            "mean": 0.9310475587844849,
            "std": 0,
            "min": 0.9310475587844849,
            "max": 0.9310475587844849
        },
        "ndcg_5": {
            "mean": 0.6928276419639587,
            "std": 0,
            "min": 0.6928276419639587,
            "max": 0.6928276419639587
        },
        "loss": {
            "mean": 1.542881727218628,
            "std": 0,
            "min": 1.542881727218628,
            "max": 1.542881727218628
        }
    },
    "category": {
        "accuracy": {
            "mean": 0.7643478512763977,
            "std": 0,
            "min": 0.7643478512763977,
            "max": 0.7643478512763977
        },
        "accuracy_macro": {
            "mean": 0.739553689956665,
            "std": 0,
            "min": 0.739553689956665,
            "max": 0.739553689956665
        },
        "f1": {
            "mean": 0.7066834568977356,
            "std": 0,
            "min": 0.7066834568977356,
            "max": 0.7066834568977356
        },
        "f1_weighted": {
            "mean": 0.7669236063957214,
            "std": 0,
            "min": 0.7669236063957214,
            "max": 0.7669236063957214
        },
        "mrr": {
            "mean": 0.862503170967102,
            "std": 0,
            "min": 0.862503170967102,
            "max": 0.862503170967102
        },
        "top3_acc": {
            "mean": 0.95652174949646,
            "std": 0,
            "min": 0.95652174949646,
            "max": 0.95652174949646
        },
        "ndcg_3": {
            "mean": 0.8796758055686951,
            "std": 0,
            "min": 0.8796758055686951,
            "max": 0.8796758055686951
        },
        "top5_acc": {
            "mean": 0.9939130544662476,
            "std": 0,
            "min": 0.9939130544662476,
            "max": 0.9939130544662476
        },
        "ndcg_5": {
            "mean": 0.8951696157455444,
            "std": 0,
            "min": 0.8951696157455444,
            "max": 0.8951696157455444
        },
        "loss": {
            "mean": 0.6844348311424255,
            "std": 0,
            "min": 0.6844348311424255,
            "max": 0.6844348311424255
        }
    },
    "_selection": {
        "primary": "joint_score",
        "diagnostic_task_best": "per-task best validation f1"
    },
    "diagnostic_task_best": {
        "next": {
            "accuracy": {
                "mean": 0.40746352076530457,
                "std": 0,
                "min": 0.40746352076530457,
                "max": 0.40746352076530457
            },
            "accuracy_macro": {
                "mean": 0.30416250228881836,
                "std": 0,
                "min": 0.30416250228881836,
                "max": 0.30416250228881836
            },
            "f1": {
                "mean": 0.31287792325019836,
                "std": 0,
                "min": 0.31287792325019836,
                "max": 0.31287792325019836
            },
            "f1_weighted": {
                "mean": 0.39139115810394287,
                "std": 0,
                "min": 0.39139115810394287,
                "max": 0.39139115810394287
            },
            "mrr": {
                "mean": 0.6236751675605774,
                "std": 0,
                "min": 0.6236751675605774,
                "max": 0.6236751675605774
            },
            "top3_acc": {
                "mean": 0.8010987043380737,
                "std": 0,
                "min": 0.8010987043380737,
                "max": 0.8010987043380737
            },
            "ndcg_3": {
                "mean": 0.63910311460495,
                "std": 0,
                "min": 0.63910311460495,
                "max": 0.63910311460495
            },
            "top5_acc": {
                "mean": 0.9310475587844849,
                "std": 0,
                "min": 0.9310475587844849,
                "max": 0.9310475587844849
            },
            "ndcg_5": {
                "mean": 0.6928276419639587,
                "std": 0,
                "min": 0.6928276419639587,
                "max": 0.6928276419639587
            },
            "loss": {
                "mean": 1.542881727218628,
                "std": 0,
                "min": 1.542881727218628,
                "max": 1.542881727218628
            }
        },
        "category": {
            "accuracy": {
                "mean": 0.7669565081596375,
                "std": 0,
                "min": 0.7669565081596375,
                "max": 0.7669565081596375
            },
            "accuracy_macro": {
                "mean": 0.7315784096717834,
                "std": 0,
                "min": 0.7315784096717834,
                "max": 0.7315784096717834
            },
            "f1": {
                "mean": 0.7186100482940674,
                "std": 0,
                "min": 0.7186100482940674,
                "max": 0.7186100482940674
            },
            "f1_weighted": {
                "mean": 0.7676174640655518,
                "std": 0,
                "min": 0.7676174640655518,
                "max": 0.7676174640655518
            },
            "mrr": {
                "mean": 0.863349974155426,
                "std": 0,
                "min": 0.863349974155426,
                "max": 0.863349974155426
            },
            "top3_acc": {
                "mean": 0.953043520450592,
                "std": 0,
                "min": 0.953043520450592,
                "max": 0.953043520450592
            },
            "ndcg_3": {
                "mean": 0.8786717057228088,
                "std": 0,
                "min": 0.8786717057228088,
                "max": 0.8786717057228088
            },
            "top5_acc": {
                "mean": 0.9930434823036194,
                "std": 0,
                "min": 0.9930434823036194,
                "max": 0.9930434823036194
            },
            "ndcg_5": {
                "mean": 0.895441472530365,
                "std": 0,
                "min": 0.895441472530365,
                "max": 0.895441472530365
            },
            "loss": {
                "mean": 0.6764786243438721,
                "std": 0,
                "min": 0.6764786243438721,
                "max": 0.6764786243438721
            }
        }
    }
}