{
    "fold_number": 1,
    "duration": 41.41352701187134,
    "best_epochs": {
        "next": {
            "epoch": 56,
            "accuracy": 0.3219712525667351,
            "f1": 0.25382186455719596,
            "time": 26.938855171203613
        }
    }
}