{
    "Community": {
        "precision": 0.3333333333333333,
        "recall": 0.4520547945205479,
        "f1-score": 0.38372093023255816,
        "support": 438.0
    },
    "Entertainment": {
        "precision": 0.22972972972972974,
        "recall": 0.11409395973154363,
        "f1-score": 0.15246636771300448,
        "support": 149.0
    },
    "Food": {
        "precision": 0.4551282051282051,
        "recall": 0.25478468899521534,
        "f1-score": 0.3266871165644172,
        "support": 836.0
    },
    "Nightlife": {
        "precision": 0.15337423312883436,
        "recall": 0.28735632183908044,
        "f1-score": 0.2,
        "support": 87.0
    },
    "Outdoors": {
        "precision": 0.16129032258064516,
        "recall": 0.2692307692307692,
        "f1-score": 0.2017291066282421,
        "support": 130.0
    },
    "Shopping": {
        "precision": 0.39253539253539255,
        "recall": 0.47581903276131043,
        "f1-score": 0.4301833568406206,
        "support": 641.0
    },
    "Travel": {
        "precision": 0.2127659574468085,
        "recall": 0.19607843137254902,
        "f1-score": 0.20408163265306123,
        "support": 153.0
    },
    "macro avg": {
        "precision": 0.27687959626899267,
        "recall": 0.2927739997787166,
        "f1-score": 0.271266930090272,
        "support": 2434.0
    },
    "weighted avg": {
        "precision": 0.3612147031796015,
        "recall": 0.338126540673788,
        "f1-score": 0.33463208343113326,
        "support": 2434.0
    }
}