time pressure_lvl free_pct swap_total_MB swap_used_MB wired_GB child_rss_GB disk_int_GB disk_ssd_GB
11:15:27 1 79 4096 2830 3.0 0.0 16 11
11:15:28 1 79 4096 2830 3.0 0.2 16 11
11:15:29 1 79 4096 2830 3.0 0.3 16 11
11:15:30 1 79 4096 2830 3.0 1.5 16 11
11:15:31 1 79 4096 2830 3.1 6.8 16 11
11:15:32 1 78 4096 2830 3.1 9.4 16 11
11:15:33 1 69 4096 2830 3.1 9.8 16 11
11:15:34 1 77 4096 2830 3.1 12.7 16 11
11:15:35 1 78 4096 2830 3.0 13.1 16 11
11:15:36 1 78 4096 2830 3.0 13.2 16 11
11:15:37 1 78 4096 2830 3.0 13.2 16 11
11:15:39 1 72 4096 2830 4.0 7.2 16 11
11:15:40 2 32 4096 2830 7.6 3.5 16 11
11:15:42 2 36 4096 2830 7.6 3.7 16 11
11:15:43 2 38 4096 2830 7.2 3.9 16 11
11:15:44 2 38 4096 2830 7.2 4.0 16 11
11:15:45 2 39 4096 2830 7.2 4.1 16 11
11:15:46 2 39 4096 2830 7.2 4.2 16 11
11:15:47 1 47 4096 2830 7.2 3.5 16 11
11:15:48 1 47 4096 2830 7.1 3.6 16 11
11:15:49 1 48 4096 2830 7.1 3.6 16 11
11:15:50 1 48 4096 2830 7.1 3.7 16 11
11:15:51 1 48 4096 2830 7.1 3.7 16 11
11:15:52 1 48 4096 2830 7.1 3.7 16 11
11:15:53 1 48 4096 2830 7.1 3.7 16 11
11:15:54 1 48 4096 2830 7.1 3.8 16 11
11:15:55 1 48 4096 2830 7.1 3.8 16 11
11:15:57 1 48 4096 2830 7.1 3.8 16 11
11:15:58 1 48 4096 2830 7.1 3.8 16 11
11:15:59 1 48 4096 2830 7.1 3.8 16 11
11:16:00 1 48 4096 2830 7.1 3.8 16 11
11:16:01 1 48 4096 2830 7.1 3.8 16 11
11:16:02 1 48 4096 2830 7.1 3.8 16 11
11:16:03 1 48 4096 2830 7.2 3.8 16 11
11:16:04 1 48 4096 2830 7.1 3.8 16 11
11:16:05 1 48 4096 2830 7.1 3.8 16 11
11:16:06 1 48 4096 2830 7.1 3.8 16 11
11:16:07 1 48 4096 2830 7.1 3.8 16 11
11:16:08 1 48 4096 2830 7.1 3.8 16 11
11:16:09 1 48 4096 2830 7.1 3.8 16 11
11:16:10 1 48 4096 2830 7.1 3.8 16 11
11:16:11 1 48 4096 2830 7.1 3.8 16 11
11:16:13 1 48 4096 2830 7.1 3.8 16 11
11:16:14 1 48 4096 2830 7.1 3.8 16 11
11:16:15 1 48 4096 2830 7.1 3.8 16 11
11:16:16 1 48 4096 2830 7.1 3.8 16 11
11:16:17 1 48 4096 2830 7.1 3.8 16 11
11:16:18 1 48 4096 2830 7.1 3.8 16 11
11:16:19 1 48 4096 2830 7.1 3.8 16 11
11:16:20 1 48 4096 2830 7.1 3.8 16 11
11:16:21 1 48 4096 2830 7.1 3.8 16 11
11:16:22 1 48 4096 2830 7.1 3.8 16 11
11:16:23 1 48 4096 2830 7.1 3.8 16 11
11:16:24 1 48 4096 2830 7.1 3.8 16 11
11:16:25 1 48 4096 2830 7.2 3.8 16 11
11:16:26 1 44 4096 2830 8.8 3.9 16 11
11:16:27 1 51 4096 2830 6.3 3.9 16 11
11:16:29 1 51 4096 2830 6.2 3.9 16 11
11:16:30 1 51 4096 2830 6.3 3.9 16 11
11:16:31 1 51 4096 2830 6.3 3.9 16 11
11:16:32 1 51 4096 2830 6.2 3.9 16 11
11:16:33 1 50 4096 2830 6.6 4.0 16 11
11:16:34 1 51 4096 2830 6.5 4.1 16 11
11:16:35 1 51 4096 2830 6.5 4.3 16 11
11:16:36 1 52 4096 2830 6.4 4.4 16 11
11:16:37 1 49 4096 2830 7.6 4.5 16 11
11:16:38 1 52 4096 2830 6.6 4.5 16 11
11:16:39 1 46 4096 2830 8.6 4.5 16 11
11:16:40 1 48 4096 2830 7.8 4.5 16 11
11:16:41 1 48 4096 2830 7.8 4.5 16 11
11:16:42 1 48 4096 2830 7.8 4.5 16 11
11:16:43 1 48 4096 2830 7.8 4.5 16 11
11:16:44 1 48 4096 2830 7.8 4.5 16 11
11:16:45 1 48 4096 2830 7.8 4.5 16 11
11:16:47 1 48 4096 2830 7.8 4.5 16 11
11:16:48 1 48 4096 2830 7.8 4.5 16 11
11:16:49 1 48 4096 2830 7.8 4.5 16 11
11:16:50 1 48 4096 2830 7.8 4.5 16 11
11:16:51 1 48 4096 2830 7.8 4.5 16 11
11:16:52 1 48 4096 2830 7.8 4.5 16 11
11:16:53 1 48 4096 2830 7.8 4.5 16 11
11:16:54 1 48 4096 2830 7.8 4.5 16 11
11:16:55 1 48 4096 2830 7.8 4.5 16 11
11:16:56 1 49 4096 2830 7.8 4.5 16 11
11:16:57 1 49 4096 2830 7.8 4.5 16 11
11:16:58 1 49 4096 2830 7.8 4.5 16 11
11:16:59 1 49 4096 2830 7.8 4.5 16 11
11:17:00 1 49 4096 2830 7.8 4.5 16 11
11:17:02 1 50 4096 2830 7.8 4.5 16 11
11:17:03 1 51 4096 2830 7.4 4.5 16 11
11:17:04 1 51 4096 2830 7.4 4.5 16 11
11:17:05 1 51 4096 2830 7.4 4.5 16 11
11:17:06 1 51 4096 2830 7.4 4.5 16 11
11:17:07 1 51 4096 2830 7.4 4.5 16 11
11:17:08 1 50 4096 2830 7.5 4.5 16 11
11:17:09 1 51 4096 2830 7.5 4.5 16 11
11:17:10 1 51 4096 2830 7.5 4.5 16 11
11:17:11 1 51 4096 2830 7.5 4.5 16 11
11:17:12 1 51 4096 2830 7.4 4.5 16 11
11:17:13 1 51 4096 2830 7.5 4.5 16 11
11:17:14 1 51 4096 2830 7.4 4.5 16 11
11:17:15 1 51 4096 2830 7.4 4.5 16 11
11:17:16 1 51 4096 2822 7.4 4.5 16 11
11:17:18 1 51 4096 2822 7.4 4.5 16 11
11:17:19 1 51 4096 2822 7.4 4.5 16 11
11:17:20 1 51 4096 2822 7.4 4.5 16 11
11:17:21 1 51 4096 2822 7.4 4.5 16 11
11:17:22 1 51 4096 2822 7.4 4.5 16 11
11:17:23 1 51 4096 2822 7.4 4.5 16 11
11:17:24 1 46 4096 2822 9.2 4.5 16 11
11:17:25 1 53 4096 2822 6.7 4.5 16 11
11:17:26 1 53 4096 2822 6.7 4.5 16 11
11:17:27 1 53 4096 2822 6.7 4.5 16 11
11:17:28 1 54 4096 2822 6.3 4.5 16 11
11:17:29 1 54 4096 2822 6.2 4.5 16 11
11:17:30 1 53 4096 2822 6.6 4.5 16 11
11:17:31 1 53 4096 2822 6.6 4.5 16 11
11:17:32 1 54 4096 2822 6.5 4.5 16 11
11:17:33 1 54 4096 2822 6.5 4.5 16 11
11:17:34 1 50 4096 2822 7.7 4.5 16 11
11:17:35 1 54 4096 2822 6.6 4.5 16 11
11:17:37 1 47 4096 2822 8.6 4.5 16 11
11:17:38 1 50 4096 2822 7.8 4.5 16 11
11:17:39 1 50 4096 2822 7.8 4.5 16 11
11:17:40 1 50 4096 2822 7.9 4.5 16 11
11:17:41 1 50 4096 2822 7.8 4.5 16 11
11:17:42 1 50 4096 2822 7.8 4.5 16 11
11:17:43 1 50 4096 2822 7.8 4.5 16 11
11:17:44 1 50 4096 2822 7.8 4.5 16 11
11:17:45 1 50 4096 2822 7.8 4.5 16 11
11:17:46 1 50 4096 2822 7.8 4.5 16 11
11:17:47 1 50 4096 2822 7.8 4.5 16 11
11:17:48 1 50 4096 2822 7.8 4.5 16 11
11:17:49 1 50 4096 2822 7.8 4.5 16 11
11:17:50 1 50 4096 2822 7.8 4.5 16 11
11:17:52 1 50 4096 2822 7.8 4.5 16 11
11:17:53 1 50 4096 2822 7.8 4.5 16 11
11:17:54 1 50 4096 2822 7.8 4.5 16 11
11:17:55 1 50 4096 2822 7.8 4.5 16 11
11:17:56 1 50 4096 2822 7.8 4.5 16 11
11:17:57 1 50 4096 2822 7.8 4.5 16 11
11:17:58 1 50 4096 2822 7.8 4.5 16 11
11:17:59 1 50 4096 2822 7.8 4.5 16 11
11:18:00 1 51 4096 2822 7.4 4.5 16 11
11:18:01 1 51 4096 2822 7.4 4.5 16 11
11:18:02 1 51 4096 2822 7.4 4.5 16 11
11:18:03 1 51 4096 2822 7.4 4.5 16 11
11:18:04 1 51 4096 2822 7.4 4.5 16 11
11:18:05 1 51 4096 2822 7.4 4.5 16 11
11:18:06 1 51 4096 2822 7.5 4.5 16 11
11:18:08 1 51 4096 2822 7.4 4.5 16 11
11:18:09 1 51 4096 2822 7.4 4.5 16 11
11:18:10 1 51 4096 2822 7.4 4.5 16 11
11:18:11 1 51 4096 2822 7.4 4.5 16 11
11:18:12 1 51 4096 2822 7.4 4.5 16 11
11:18:13 1 51 4096 2822 7.4 4.5 16 11
11:18:14 1 51 4096 2822 7.4 4.5 16 11
11:18:15 1 51 4096 2822 7.4 4.5 16 11
11:18:16 1 51 4096 2822 7.4 4.5 16 11
11:18:17 1 51 4096 2822 7.4 4.5 16 11
11:18:18 1 51 4096 2822 7.4 4.5 16 11
11:18:19 1 51 4096 2822 7.4 4.5 16 11
11:18:20 1 51 4096 2822 7.4 4.5 16 11
11:18:21 1 46 4096 2822 9.1 4.5 16 11
11:18:22 1 55 4096 2822 6.2 4.5 16 11
11:18:24 1 55 4096 2822 6.2 4.5 16 11
11:18:25 1 55 4096 2822 6.2 4.5 16 11
11:18:26 1 55 4096 2822 6.2 4.5 16 11
11:18:27 1 55 4096 2822 6.2 4.5 16 11
11:18:28 1 54 4096 2822 6.7 4.5 16 11
11:18:29 1 54 4096 2822 6.6 4.5 16 11
11:18:30 1 54 4096 2822 6.5 4.5 16 11
11:18:31 1 54 4096 2822 6.4 4.5 16 11
11:18:32 1 51 4096 2822 7.7 4.5 16 11
11:18:33 1 47 4096 2822 9.0 4.6 16 11
11:18:34 1 50 4096 2822 7.8 4.6 16 11
11:18:35 1 50 4096 2822 7.7 4.6 16 11
11:18:36 1 50 4096 2822 7.8 4.6 16 11
11:18:37 1 50 4096 2822 7.8 4.6 16 11
11:18:38 1 50 4096 2822 7.8 4.6 16 11
11:18:39 1 50 4096 2822 7.8 4.6 16 11
11:18:41 1 50 4096 2822 7.8 4.6 16 11
11:18:42 1 50 4096 2822 7.8 4.6 16 11
11:18:43 1 50 4096 2822 7.8 4.6 16 11
11:18:44 1 50 4096 2822 7.8 4.6 16 11
11:18:45 1 50 4096 2822 7.8 4.6 16 11
11:18:46 1 50 4096 2822 7.8 4.6 16 11
11:18:47 1 50 4096 2822 7.8 4.6 16 11
11:18:48 1 50 4096 2822 7.8 4.6 16 11
11:18:49 1 50 4096 2822 7.8 4.6 16 11
11:18:50 1 50 4096 2822 7.8 4.6 16 11
11:18:51 1 50 4096 2822 7.8 4.6 16 11
11:18:52 1 50 4096 2822 7.8 4.6 16 11
11:18:53 1 50 4096 2822 7.8 4.6 16 11
11:18:54 1 50 4096 2822 7.8 4.6 16 11
11:18:55 1 50 4096 2822 7.8 4.6 16 11
11:18:57 1 51 4096 2822 7.4 4.6 16 11
11:18:58 1 51 4096 2822 7.4 4.6 16 11
11:18:59 1 51 4096 2822 7.4 4.6 16 11
11:19:00 1 51 4096 2822 7.5 4.6 16 11
11:19:01 1 51 4096 2822 7.4 4.6 16 11
11:19:02 1 51 4096 2822 7.4 4.6 16 11
11:19:03 1 51 4096 2822 7.4 4.6 16 11
11:19:04 1 51 4096 2822 7.4 4.6 16 11
11:19:05 1 51 4096 2822 7.4 4.6 16 11
11:19:06 1 51 4096 2822 7.4 4.6 16 11
11:19:07 1 51 4096 2822 7.4 4.6 16 11
11:19:08 1 51 4096 2822 7.4 4.6 16 11
11:19:09 1 51 4096 2822 7.4 4.6 16 11
11:19:10 1 51 4096 2822 7.4 4.6 16 11
11:19:11 1 51 4096 2822 7.4 4.6 16 11
11:19:12 1 51 4096 2822 7.4 4.6 16 11
11:19:14 1 51 4096 2822 7.4 4.6 16 11
11:19:15 1 51 4096 2822 7.4 4.6 16 11
11:19:16 1 51 4096 2822 7.4 4.6 16 11
11:19:17 1 51 4096 2822 7.4 4.6 16 11
11:19:18 1 50 4096 2822 7.8 4.5 16 11
11:19:19 1 46 4096 2822 9.0 4.5 16 11
11:19:20 1 54 4096 2822 6.6 4.5 16 11
11:19:21 1 54 4096 2822 6.7 4.5 16 11
11:19:22 1 53 4096 2822 6.7 4.5 16 11
11:19:23 1 55 4096 2822 6.3 4.5 16 11
11:19:24 1 54 4096 2822 6.4 4.5 16 11
11:19:25 1 54 4096 2822 6.4 4.5 16 11
11:19:26 1 54 4096 2822 6.4 4.5 16 11
11:19:27 1 54 4096 2822 6.4 4.5 16 11
11:19:28 1 54 4096 2822 6.4 4.5 16 11
11:19:29 1 49 4096 2822 8.1 4.5 16 11
11:19:30 1 47 4096 2822 8.9 4.6 16 11
11:19:31 1 49 4096 2822 8.0 4.6 16 11
11:19:33 1 49 4096 2822 8.0 4.6 16 11
11:19:34 1 50 4096 2822 8.0 4.6 16 11
11:19:35 1 50 4096 2822 8.0 4.6 16 11
11:19:36 1 50 4096 2822 8.0 4.6 16 11
11:19:37 1 50 4096 2822 8.0 4.6 16 11
11:19:38 1 50 4096 2822 8.0 4.6 16 11
11:19:39 1 50 4096 2822 8.0 4.6 16 11
11:19:40 1 50 4096 2822 8.0 4.6 16 11
11:19:41 1 50 4096 2822 8.0 4.6 16 11
11:19:42 1 50 4096 2822 8.0 4.6 16 11
11:19:43 1 50 4096 2822 7.8 4.6 16 11
11:19:44 1 50 4096 2822 7.8 4.6 16 11
11:19:45 1 50 4096 2822 7.8 4.6 16 11
11:19:46 1 50 4096 2822 7.8 4.5 16 11
11:19:48 1 50 4096 2822 7.8 4.5 16 11
11:19:49 1 50 4096 2822 7.8 4.5 16 11
11:19:50 1 50 4096 2822 7.8 4.5 16 11
11:19:51 1 50 4096 2822 7.8 4.5 16 11
11:19:52 1 50 4096 2822 7.8 4.5 16 11
11:19:53 1 50 4096 2822 7.8 4.5 16 11
11:19:54 1 51 4096 2822 7.4 4.5 16 11
11:19:55 1 51 4096 2822 7.4 4.5 16 11
11:19:56 1 51 4096 2822 7.4 4.5 16 11
11:19:57 1 51 4096 2822 7.4 4.5 16 11
11:19:58 1 51 4096 2822 7.4 4.5 16 11
11:19:59 1 51 4096 2822 7.4 4.5 16 11
11:20:00 1 51 4096 2822 7.5 4.5 16 11
11:20:01 1 51 4096 2822 7.4 4.5 16 11
11:20:03 1 51 4096 2822 7.4 4.5 16 11
11:20:04 1 51 4096 2822 7.4 4.5 16 11
11:20:05 1 51 4096 2822 7.4 4.5 16 11
11:20:06 1 51 4096 2822 7.4 4.5 16 11
11:20:07 1 51 4096 2822 7.4 4.5 16 11
11:20:08 1 51 4096 2822 7.4 4.5 16 11
11:20:09 1 51 4096 2822 7.4 4.5 16 11
11:20:10 1 51 4096 2822 7.4 4.5 16 11
11:20:11 1 51 4096 2822 7.4 4.5 16 11
11:20:12 1 51 4096 2822 7.4 4.5 16 11
11:20:13 1 51 4096 2822 7.4 4.5 16 11
11:20:14 1 51 4096 2822 7.4 4.5 16 11
11:20:15 1 46 4096 2822 9.1 4.5 16 11
11:20:16 1 51 4096 2822 6.2 4.5 16 11
11:20:17 1 54 4096 2822 6.2 4.5 16 11
11:20:18 1 54 4096 2822 6.3 4.5 16 11
11:20:20 1 54 4096 2822 6.3 4.5 16 11
11:20:21 1 54 4096 2822 6.2 4.5 16 11
11:20:22 1 53 4096 2822 6.7 4.5 16 11
11:20:23 1 53 4096 2822 6.4 4.5 16 11
11:20:24 1 54 4096 2822 6.4 4.5 16 11
11:20:25 1 54 4096 2822 6.4 4.5 16 11
11:20:26 1 50 4096 2822 7.7 4.5 16 11
11:20:27 1 50 4096 2822 7.7 4.5 16 11
11:20:28 1 47 4096 2822 8.5 4.5 16 11
11:20:29 1 50 4096 2822 7.8 4.5 16 11
11:20:30 1 50 4096 2822 7.8 4.5 16 11
11:20:31 1 49 4096 2822 7.8 4.5 16 11
11:20:32 1 49 4096 2822 7.8 4.5 16 11
11:20:33 1 50 4096 2822 7.8 4.5 16 11
11:20:34 1 50 4096 2822 7.8 4.5 16 11
11:20:35 1 50 4096 2822 7.8 4.5 16 11
11:20:37 1 49 4096 2822 7.8 4.5 16 11
11:20:38 1 49 4096 2822 7.8 4.5 16 11
11:20:39 1 49 4096 2822 7.8 4.5 16 11
11:20:40 1 49 4096 2822 7.8 4.5 16 11
11:20:41 1 49 4096 2822 7.8 4.5 16 11
11:20:42 1 49 4096 2822 7.8 4.5 16 11
11:20:43 1 49 4096 2822 7.8 4.5 16 11
11:20:44 1 49 4096 2822 7.8 4.5 16 11
11:20:45 1 49 4096 2822 7.8 4.5 16 11
11:20:46 1 49 4096 2822 7.8 4.5 16 11
11:20:47 1 49 4096 2822 7.8 4.5 16 11
11:20:48 1 50 4096 2822 7.8 4.5 16 11
11:20:49 1 49 4096 2822 7.8 4.5 16 11
11:20:50 1 49 4096 2822 7.8 4.5 16 11
11:20:51 1 51 4096 2822 7.4 4.5 16 11
11:20:53 1 51 4096 2822 7.4 4.5 16 11
11:20:54 1 51 4096 2822 7.4 4.5 16 11
11:20:55 1 51 4096 2822 7.4 4.5 16 11
11:20:56 1 51 4096 2822 7.4 4.5 16 11
11:20:57 1 50 4096 2822 7.5 4.5 16 11
11:20:58 1 50 4096 2822 7.4 4.5 16 11
11:20:59 1 50 4096 2822 7.4 4.5 16 11
11:21:00 1 50 4096 2822 7.5 4.5 16 11
11:21:01 1 50 4096 2822 7.4 4.5 16 11
11:21:02 1 51 4096 2822 7.4 4.5 16 11
11:21:03 1 50 4096 2822 7.4 4.5 16 11
11:21:04 1 50 4096 2822 7.4 4.5 16 11
11:21:05 1 50 4096 2822 7.5 4.5 16 11
11:21:06 1 51 4096 2822 7.4 4.5 16 11
11:21:07 1 51 4096 2822 7.4 4.5 16 11
11:21:09 1 51 4096 2822 7.4 4.5 16 11
11:21:10 1 51 4096 2822 7.4 4.5 16 11
11:21:11 1 51 4096 2822 7.4 4.5 16 11
11:21:12 1 51 4096 2822 7.4 4.5 16 11
11:21:13 1 45 4096 2822 9.3 4.5 16 11
11:21:14 1 53 4096 2822 6.6 4.5 16 11
11:21:15 1 53 4096 2822 6.6 4.5 16 11
11:21:16 1 53 4096 2822 6.7 4.5 16 11
11:21:17 1 54 4096 2822 6.3 4.5 16 11
11:21:18 1 54 4096 2822 6.2 4.5 16 11
11:21:19 1 54 4096 2822 6.3 4.5 16 11
11:21:20 1 54 4096 2822 6.2 4.5 16 11
11:21:21 1 54 4096 2822 6.2 4.5 16 11
11:21:22 1 54 4096 2822 6.1 4.5 16 11
11:21:23 1 49 4096 2822 7.8 4.5 16 11
11:21:24 1 56 4096 2822 5.5 4.5 16 11
11:21:25 1 47 4096 2822 8.5 4.5 16 11
11:21:27 1 50 4096 2822 7.8 4.5 16 11
11:21:28 1 50 4096 2822 7.8 4.5 16 11
11:21:29 1 49 4096 2822 7.8 4.5 16 11
11:21:30 1 49 4096 2822 7.8 4.5 16 11
11:21:31 1 50 4096 2822 7.8 4.5 16 11
11:21:32 1 50 4096 2822 7.8 4.5 16 11
11:21:33 1 49 4096 2822 7.8 4.5 16 11
11:21:34 1 49 4096 2822 7.8 4.5 16 11
11:21:35 1 49 4096 2822 7.8 4.5 16 11
11:21:36 1 49 4096 2822 7.8 4.5 16 11
11:21:37 1 49 4096 2822 7.8 4.5 16 11
11:21:38 1 49 4096 2822 7.8 4.5 16 11
11:21:39 1 49 4096 2822 7.8 4.5 16 11
11:21:40 1 49 4096 2822 7.8 4.5 16 11
11:21:41 1 49 4096 2822 7.8 4.5 16 11
11:21:43 1 49 4096 2822 7.8 4.5 16 11
11:21:44 1 49 4096 2822 7.8 4.5 16 11
11:21:45 1 49 4096 2822 7.8 4.5 16 11
11:21:46 1 50 4096 2822 7.8 4.5 16 11
11:21:47 1 50 4096 2822 7.8 4.5 16 11
11:21:48 1 51 4096 2822 7.4 4.5 16 11
11:21:49 1 51 4096 2822 7.4 4.5 16 11
11:21:50 1 50 4096 2822 7.4 4.5 16 11
11:21:51 1 49 4096 2822 7.5 3.5 16 11
11:21:52 1 46 4096 2822 7.6 3.4 16 11
11:21:53 1 43 4096 2822 8.4 3.4 16 11
11:21:55 1 43 4096 2822 8.4 3.4 16 11
11:21:56 1 43 4096 2822 8.5 3.4 16 11
11:21:57 1 43 4096 2822 8.9 3.4 16 11
11:21:58 1 43 4096 2822 8.9 3.4 16 11
11:21:59 1 41 4096 2822 9.4 3.4 16 11
11:22:00 1 41 4096 2822 9.4 3.4 16 11
11:22:01 1 41 4096 2822 9.4 3.4 16 11
11:22:02 1 41 4096 2822 9.4 3.4 16 11
11:22:03 1 46 4096 2822 7.9 3.4 16 11
11:22:04 1 47 4096 2822 7.5 3.4 16 11
11:22:05 1 47 4096 2822 7.4 3.4 16 11
11:22:06 1 47 4096 2822 7.4 3.4 16 11
11:22:07 1 47 4096 2822 7.4 3.4 16 11
11:22:08 1 47 4096 2822 7.4 3.4 16 11
11:22:10 1 47 4096 2822 7.4 3.4 16 11
11:22:11 1 42 4096 2822 9.1 3.2 16 11
11:22:12 1 51 4096 2822 6.2 3.2 16 11
11:22:13 1 50 4096 2822 6.2 3.1 16 11
11:22:14 1 49 4096 2822 6.2 3.1 16 11
11:22:15 1 49 4096 2822 6.2 3.1 16 11
11:22:16 1 49 4096 2822 6.1 3.1 16 11
11:22:17 1 48 4096 2822 6.7 3.1 16 11
11:22:18 1 48 4096 2822 6.6 3.1 16 11
11:22:19 1 48 4096 2822 6.5 3.1 16 11
11:22:20 1 49 4096 2822 6.4 3.1 16 11
11:22:21 1 45 4096 2822 7.6 3.1 16 11
11:22:22 1 45 4096 2822 7.5 3.1 16 11
11:22:23 1 42 4096 2822 8.6 3.2 16 11
11:22:24 1 45 4096 2822 7.8 3.2 16 11
11:22:25 1 45 4096 2822 7.7 3.2 16 11
11:22:26 1 45 4096 2822 7.8 3.2 16 11
11:22:28 1 45 4096 2822 7.8 3.2 16 11
11:22:29 1 45 4096 2822 7.8 3.2 16 11
11:22:30 1 45 4096 2822 7.7 3.2 16 11
11:22:31 1 45 4096 2822 7.8 3.2 16 11
11:22:32 1 45 4096 2822 7.8 3.2 16 11
11:22:33 1 45 4096 2822 7.8 3.2 16 11
11:22:34 1 45 4096 2822 7.8 3.2 16 11
11:22:35 1 45 4096 2822 7.8 3.2 16 11
11:22:36 1 45 4096 2822 7.8 3.2 16 11
11:22:37 1 45 4096 2822 7.8 3.2 16 11
11:22:38 1 45 4096 2822 7.8 3.2 16 11
11:22:39 1 45 4096 2822 7.8 3.2 16 11
11:22:40 1 45 4096 2822 7.8 3.2 16 11
11:22:41 1 45 4096 2822 7.8 3.2 16 11
11:22:43 1 45 4096 2822 7.8 3.2 16 11
11:22:44 1 45 4096 2822 7.8 3.2 16 11
11:22:45 1 45 4096 2822 7.8 3.2 16 11
11:22:46 1 46 4096 2822 7.4 3.2 16 11
11:22:47 1 45 4096 2822 7.4 3.2 16 11
11:22:48 1 45 4096 2822 7.4 3.2 16 11
11:22:49 1 45 4096 2822 7.4 3.2 16 11
11:22:50 1 45 4096 2822 7.4 3.2 16 11
11:22:51 1 45 4096 2822 7.5 3.2 16 11
11:22:52 1 45 4096 2822 7.4 3.2 16 11
11:22:53 1 45 4096 2822 7.4 3.2 16 11
11:22:54 1 45 4096 2822 7.4 3.2 16 11
11:22:55 1 45 4096 2822 7.4 3.2 16 11
11:22:56 1 45 4096 2822 7.4 3.2 16 11
11:22:58 1 45 4096 2822 7.4 3.2 16 11
11:22:59 1 45 4096 2822 7.4 3.2 16 11
11:23:00 1 45 4096 2822 7.4 3.2 16 11
11:23:01 1 45 4096 2822 7.4 3.2 16 11
11:23:02 1 45 4096 2822 7.4 3.2 16 11
11:23:03 1 45 4096 2822 7.4 3.2 16 11
11:23:04 1 45 4096 2822 7.4 3.2 16 11
11:23:05 1 45 4096 2822 7.4 3.2 16 11
11:23:06 1 45 4096 2822 7.4 3.2 16 11
11:23:07 1 45 4096 2822 7.4 3.2 16 11
11:23:08 1 40 4096 2822 9.1 3.1 16 11
11:23:09 1 48 4096 2822 6.6 3.1 16 11
11:23:10 1 48 4096 2822 6.6 3.1 16 11
11:23:11 1 47 4096 2822 6.7 3.1 16 11
11:23:12 1 49 4096 2822 6.3 3.1 16 11
11:23:14 1 49 4096 2822 6.2 3.1 16 11
11:23:15 1 49 4096 2822 6.2 3.1 16 11
11:23:16 1 49 4096 2822 6.2 3.1 16 11
11:23:17 1 49 4096 2822 6.1 3.1 16 11
11:23:18 1 49 4096 2822 6.1 3.1 16 11
11:23:19 1 45 4096 2822 7.7 3.2 16 11
11:23:20 1 48 4096 2822 6.5 3.2 16 11
11:23:21 1 42 4096 2822 8.5 3.2 16 11
11:23:22 1 44 4096 2822 7.8 3.2 16 11
11:23:23 1 44 4096 2822 7.7 3.2 16 11
11:23:24 1 44 4096 2822 7.8 3.2 16 11
11:23:25 1 44 4096 2822 7.8 3.2 16 11
11:23:26 1 44 4096 2822 7.7 3.2 16 11
11:23:27 1 44 4096 2822 7.7 3.2 16 11
11:23:28 1 44 4096 2822 7.7 3.2 16 11
11:23:30 1 44 4096 2822 7.8 3.2 16 11
11:23:31 1 44 4096 2822 7.8 3.2 16 11
11:23:32 1 44 4096 2822 7.8 3.2 16 11
11:23:33 1 44 4096 2822 7.8 3.2 16 11
11:23:34 1 44 4096 2822 7.8 3.2 16 11
11:23:35 1 44 4096 2822 7.8 3.2 16 11
11:23:36 1 44 4096 2822 7.8 3.2 16 11
11:23:37 1 44 4096 2822 7.8 3.2 16 11
11:23:38 1 44 4096 2822 7.8 3.2 16 11
11:23:39 1 44 4096 2822 7.8 3.2 16 11
11:23:40 1 44 4096 2822 7.8 3.2 16 11
11:23:41 1 44 4096 2822 7.7 3.2 16 11
11:23:42 1 44 4096 2822 7.8 3.2 16 11
11:23:43 1 45 4096 2822 7.7 3.2 16 11
11:23:45 1 46 4096 2822 7.4 3.2 16 11
11:23:46 1 46 4096 2822 7.4 3.2 16 11
11:23:47 1 46 4096 2822 7.4 3.2 16 11
11:23:48 1 46 4096 2822 7.4 3.2 16 11
11:23:49 1 46 4096 2822 7.4 3.2 16 11
11:23:50 1 45 4096 2822 7.4 3.2 16 11
11:23:51 1 46 4096 2822 7.4 3.2 16 11
11:23:52 1 45 4096 2822 7.4 3.2 16 11
11:23:53 1 45 4096 2822 7.5 3.2 16 11
11:23:54 1 46 4096 2822 7.4 3.2 16 11
11:23:55 1 46 4096 2822 7.4 3.2 16 11
11:23:56 1 46 4096 2822 7.4 3.2 16 11
11:23:57 1 45 4096 2822 7.4 3.2 16 11
11:23:58 1 45 4096 2822 7.4 3.2 16 11
11:23:59 1 45 4096 2822 7.4 3.2 16 11
11:24:01 1 45 4096 2822 7.4 3.2 16 11
11:24:02 1 45 4096 2822 7.4 3.2 16 11
11:24:03 1 45 4096 2822 7.4 3.2 16 11
11:24:04 1 45 4096 2822 7.4 3.2 16 11
11:24:05 1 45 4096 2822 7.4 3.2 16 11
11:24:06 1 40 4096 2822 9.1 3.2 16 11
11:24:07 1 42 4096 2822 7.0 3.2 16 11
11:24:08 1 49 4096 2822 6.2 3.2 16 11
11:24:09 1 49 4096 2822 6.3 3.2 16 11
11:24:10 1 49 4096 2822 6.3 3.2 16 11
11:24:11 1 49 4096 2822 6.1 3.2 16 11
11:24:12 1 48 4096 2822 6.5 3.2 16 11
11:24:13 1 48 4096 2822 6.4 3.2 16 11
11:24:14 1 49 4096 2822 6.4 3.2 16 11
11:24:15 1 49 4096 2822 6.3 3.2 16 11
11:24:16 1 45 4096 2822 7.5 3.2 16 11
11:24:18 1 45 4096 2822 7.6 3.2 16 11
11:24:19 1 42 4096 2822 8.6 3.2 16 11
11:24:20 1 45 4096 2822 7.7 3.2 16 11
11:24:21 1 45 4096 2822 7.7 3.2 16 11
11:24:22 1 45 4096 2822 7.7 3.2 16 11
11:24:23 1 45 4096 2822 7.7 3.2 16 11
11:24:24 1 45 4096 2822 7.7 3.2 16 11
11:24:25 1 45 4096 2822 7.7 3.2 16 11
11:24:26 1 45 4096 2822 7.7 3.2 16 11
11:24:27 1 45 4096 2822 7.8 3.2 16 11
11:24:28 1 45 4096 2822 7.8 3.2 16 11
11:24:29 1 45 4096 2822 7.8 3.2 16 11
11:24:30 1 45 4096 2822 7.8 3.2 16 11
11:24:32 1 45 4096 2822 7.8 3.2 16 11
11:24:33 1 45 4096 2822 7.8 3.2 16 11
11:24:34 1 45 4096 2822 7.8 3.2 16 11
11:24:35 1 45 4096 2822 7.8 3.2 16 11
11:24:36 1 45 4096 2822 7.8 3.2 16 11
11:24:37 1 45 4096 2822 7.8 3.2 16 11
11:24:38 1 45 4096 2822 7.8 3.2 16 11
11:24:39 1 45 4096 2822 7.7 3.2 16 11
11:24:40 1 45 4096 2822 7.7 3.2 16 11
11:24:41 1 45 4096 2822 7.7 3.2 16 11
11:24:42 1 46 4096 2822 7.4 3.2 16 11
11:24:43 1 46 4096 2822 7.4 3.2 16 11
11:24:44 1 46 4096 2822 7.4 3.2 16 11
11:24:45 1 46 4096 2822 7.4 3.2 16 11
11:24:47 1 46 4096 2822 7.4 3.2 16 11
11:24:48 1 46 4096 2822 7.4 3.2 16 11
11:24:49 1 46 4096 2822 7.4 3.2 16 11
11:24:50 1 46 4096 2822 7.4 3.2 16 11
11:24:51 1 46 4096 2822 7.4 3.2 16 11
11:24:52 1 46 4096 2822 7.4 3.2 16 11
11:24:53 1 46 4096 2822 7.4 3.2 16 11
11:24:54 1 46 4096 2822 7.4 3.2 16 11
11:24:55 1 46 4096 2822 7.4 3.2 16 11
11:24:56 1 46 4096 2822 7.4 3.2 16 11
11:24:57 1 46 4096 2822 7.4 3.2 16 11
11:24:58 1 46 4096 2822 7.4 3.2 16 11
11:24:59 1 46 4096 2822 7.4 3.2 16 11
11:25:00 1 46 4096 2822 7.4 3.2 16 11
11:25:01 1 46 4096 2822 7.4 3.2 16 11
11:25:03 1 45 4096 2822 7.4 3.1 16 11
11:25:04 1 41 4096 2822 9.0 3.1 16 11
11:25:05 1 41 4096 2822 9.0 3.1 16 11
11:25:06 1 48 4096 2822 6.6 3.1 16 11
11:25:07 1 48 4096 2822 6.7 3.1 16 11
11:25:08 1 49 4096 2822 6.3 3.1 16 11
11:25:09 1 49 4096 2822 6.2 3.1 16 11
11:25:10 1 48 4096 2822 6.3 3.1 16 11
11:25:11 1 47 4096 2822 6.2 2.6 16 11
11:25:12 1 47 4096 2822 6.1 2.6 16 11
11:25:13 1 47 4096 2822 6.1 2.5 16 11
11:25:14 1 46 4096 2822 7.0 2.5 16 11
11:25:15 1 42 4096 2822 7.8 2.5 16 11
11:25:16 1 40 4096 2822 8.6 2.7 16 11
11:25:17 1 42 4096 2822 7.8 2.8 16 11
11:25:18 1 42 4096 2822 7.8 2.8 16 11
11:25:20 1 42 4096 2822 7.8 2.9 16 11
11:25:21 1 43 4096 2822 7.8 2.9 16 11
11:25:22 1 43 4096 2822 7.8 3.0 16 11
11:25:23 1 43 4096 2822 7.8 3.0 16 11
11:25:24 1 43 4096 2822 7.8 3.0 16 11
11:25:25 1 43 4096 2822 7.8 3.1 16 11
11:25:26 1 43 4096 2822 7.8 3.1 16 11
11:25:27 1 43 4096 2822 7.8 3.1 16 11
11:25:28 1 43 4096 2822 7.8 3.1 16 11
11:25:29 1 44 4096 2822 7.8 3.1 16 11
11:25:30 1 44 4096 2822 7.8 3.1 16 11
11:25:31 1 44 4096 2822 7.8 3.1 16 11
11:25:32 1 44 4096 2822 7.8 3.1 16 11
11:25:34 1 44 4096 2822 7.8 3.1 16 11
11:25:35 1 44 4096 2822 7.8 3.1 16 11
11:25:36 1 44 4096 2822 7.8 3.1 16 11
11:25:37 1 44 4096 2822 7.8 3.2 16 11
11:25:38 1 44 4096 2822 7.8 3.2 16 11
11:25:39 1 44 4096 2822 7.8 3.2 16 11
11:25:40 1 45 4096 2822 7.4 3.2 16 11
11:25:41 1 45 4096 2822 7.4 3.2 16 11
11:25:42 1 45 4096 2822 7.4 3.2 16 11
11:25:43 1 45 4096 2822 7.4 3.2 16 11
11:25:44 1 45 4096 2822 7.4 3.2 16 11
11:25:45 1 45 4096 2822 7.4 3.2 16 11
11:25:46 1 45 4096 2822 7.5 3.2 16 11
11:25:47 1 45 4096 2822 7.5 3.2 16 11
11:25:49 1 45 4096 2822 7.5 3.2 16 11
11:25:50 1 45 4096 2822 7.5 3.2 16 11
11:25:51 1 45 4096 2822 7.5 3.2 16 11
11:25:52 1 45 4096 2822 7.4 3.2 16 11
11:25:53 1 45 4096 2822 7.4 3.2 16 11
11:25:54 1 45 4096 2822 7.4 3.2 16 11
11:25:55 1 45 4096 2822 7.4 3.2 16 11
11:25:56 1 45 4096 2822 7.4 3.2 16 11
11:25:57 1 45 4096 2822 7.4 3.2 16 11
11:25:58 1 45 4096 2822 7.4 3.2 16 11
11:25:59 1 45 4096 2822 7.4 3.2 16 11
11:26:00 1 45 4096 2822 7.4 3.2 16 11
11:26:01 1 45 4096 2822 7.5 3.1 16 11
11:26:02 1 40 4096 2822 9.2 3.0 16 11
11:26:04 1 49 4096 2822 6.3 3.0 16 11
11:26:05 1 49 4096 2822 6.3 3.0 16 11
11:26:06 1 47 4096 2822 6.3 2.7 16 11
11:26:07 1 47 4096 2822 6.3 2.7 16 11
11:26:08 1 47 4096 2822 6.3 2.7 16 11
11:26:09 1 47 4096 2822 6.6 2.8 16 11
11:26:10 1 48 4096 2822 6.5 2.9 16 11
11:26:11 1 48 4096 2822 6.4 3.0 16 11
11:26:12 1 49 4096 2822 6.4 3.1 16 11
11:26:13 1 45 4096 2822 7.7 3.1 16 11
11:26:14 1 41 4096 2822 9.0 3.2 16 11
11:26:15 1 45 4096 2822 7.8 3.2 16 11
11:26:16 1 45 4096 2822 7.8 3.2 16 11
11:26:17 1 45 4096 2822 7.8 3.2 16 11
11:26:18 1 45 4096 2822 7.8 3.2 16 11
11:26:19 1 45 4096 2822 7.8 3.2 16 11
11:26:20 1 45 4096 2822 7.8 3.2 16 11
11:26:22 1 45 4096 2822 7.8 3.2 16 11
11:26:23 1 45 4096 2822 7.8 3.2 16 11
11:26:24 1 45 4096 2822 7.8 3.2 16 11
11:26:25 1 45 4096 2822 7.8 3.2 16 11
11:26:26 1 45 4096 2822 7.8 3.2 16 11
11:26:27 1 45 4096 2822 7.8 3.2 16 11
11:26:28 1 45 4096 2822 7.8 3.2 16 11
11:26:29 1 45 4096 2822 7.8 3.2 16 11
11:26:30 1 45 4096 2822 7.8 3.2 16 11
11:26:31 1 45 4096 2822 7.8 3.2 16 11
11:26:32 1 45 4096 2822 7.8 3.2 16 11
11:26:33 1 45 4096 2822 7.8 3.2 16 11
11:26:34 1 45 4096 2822 7.8 3.2 16 11
11:26:35 1 45 4096 2822 7.8 3.2 16 11
11:26:37 1 45 4096 2822 7.8 3.2 16 11
11:26:38 1 46 4096 2822 7.4 3.2 16 11
11:26:39 1 46 4096 2822 7.4 3.2 16 11
11:26:40 1 46 4096 2822 7.4 3.2 16 11
11:26:41 1 46 4096 2822 7.4 3.2 16 11
11:26:42 1 46 4096 2822 7.4 3.2 16 11
11:26:43 1 46 4096 2822 7.4 3.2 16 11
11:26:44 1 46 4096 2822 7.5 3.2 16 11
11:26:45 1 46 4096 2822 7.5 3.2 16 11
11:26:46 1 46 4096 2822 7.4 3.2 16 11
11:26:47 1 46 4096 2822 7.5 3.2 16 11
11:26:48 1 46 4096 2822 7.4 3.2 16 11
11:26:49 1 46 4096 2822 7.4 3.2 16 11
11:26:50 1 46 4096 2822 7.4 3.2 16 11
11:26:51 1 46 4096 2822 7.4 3.2 16 11
11:26:53 1 46 4096 2822 7.4 3.2 16 11
11:26:54 1 46 4096 2822 7.4 3.2 16 11
11:26:55 1 46 4096 2822 7.4 3.2 16 11
11:26:56 1 46 4096 2822 7.4 3.2 16 11
11:26:57 1 46 4096 2822 7.4 3.2 16 11
11:26:58 1 46 4096 2822 7.4 3.2 16 11
11:26:59 1 46 4096 2822 7.4 3.2 16 11
11:27:00 1 40 4096 2822 9.3 3.1 16 11
11:27:01 1 48 4096 2822 6.6 3.1 16 11
11:27:02 1 48 4096 2822 6.6 3.1 16 11
11:27:03 1 48 4096 2822 6.7 3.1 16 11
11:27:04 1 49 4096 2822 6.2 3.1 16 11
11:27:05 1 49 4096 2822 6.2 3.1 16 11
11:27:06 1 49 4096 2822 6.3 3.1 16 11
11:27:07 1 49 4096 2822 6.2 3.1 16 11
11:27:08 1 49 4096 2822 6.2 3.1 16 11
11:27:10 1 49 4096 2822 6.1 3.1 16 11
11:27:11 1 45 4096 2822 7.8 3.1 16 11
11:27:12 1 51 4096 2822 5.5 3.1 16 11
11:27:13 1 42 4096 2822 8.5 3.2 16 11
11:27:14 1 45 4096 2822 7.8 3.2 16 11
11:27:15 1 45 4096 2822 7.8 3.2 16 11
11:27:16 1 45 4096 2822 7.8 3.2 16 11
11:27:17 1 44 4096 2822 7.8 3.2 16 11
11:27:18 1 45 4096 2822 7.8 3.2 16 11
11:27:19 1 45 4096 2822 7.8 3.2 16 11
11:27:20 1 45 4096 2822 7.8 3.2 16 11
11:27:21 1 45 4096 2822 7.8 3.2 16 11
11:27:22 1 45 4096 2822 7.8 3.2 16 11
11:27:23 1 45 4096 2822 7.8 3.2 16 11
11:27:24 1 45 4096 2822 7.8 3.2 16 11
11:27:26 1 45 4096 2822 7.8 3.2 16 11
11:27:27 1 45 4096 2822 7.8 3.2 16 11
11:27:28 1 45 4096 2822 7.8 3.2 16 11
11:27:29 1 45 4096 2822 7.8 3.2 16 11
11:27:30 1 45 4096 2822 7.8 3.2 16 11
11:27:31 1 45 4096 2822 7.8 3.2 16 11
11:27:32 1 44 4096 2822 7.9 3.2 16 11
11:27:33 1 45 4096 2822 7.8 3.2 16 11
11:27:34 1 45 4096 2822 7.8 3.2 16 11
11:27:35 1 45 4096 2822 7.8 3.2 16 11
11:27:36 1 46 4096 2822 7.4 3.2 16 11
11:27:37 1 46 4096 2822 7.4 3.2 16 11
11:27:38 1 46 4096 2822 7.4 3.2 16 11
11:27:39 1 46 4096 2822 7.4 3.2 16 11
11:27:41 1 46 4096 2822 7.4 3.2 16 11
11:27:42 1 46 4096 2822 7.4 3.2 16 11
11:27:43 1 46 4096 2822 7.4 3.2 16 11
11:27:44 1 46 4096 2822 7.4 3.2 16 11
11:27:45 1 46 4096 2822 7.4 3.2 16 11
11:27:46 1 46 4096 2822 7.4 3.2 16 11
11:27:47 1 46 4096 2822 7.4 3.2 16 11
11:27:48 1 46 4096 2822 7.4 3.2 16 11
11:27:49 1 46 4096 2822 7.4 3.2 16 11
11:27:50 1 46 4096 2822 7.4 3.2 16 11
11:27:51 1 46 4096 2822 7.4 3.2 16 11
11:27:52 1 46 4096 2822 7.4 3.2 16 11
11:27:53 1 46 4096 2822 7.4 3.2 16 11
11:27:54 1 46 4096 2822 7.4 3.2 16 11
11:27:56 1 46 4096 2822 7.4 3.2 16 11
11:27:57 1 46 4096 2822 7.4 3.2 16 11
11:27:58 1 41 4096 2822 9.1 3.1 16 11
11:27:59 1 46 4096 2822 7.4 3.1 16 11
11:28:00 1 49 4096 2822 6.2 3.1 16 11
11:28:01 1 49 4096 2822 6.3 3.2 16 11
11:28:02 1 49 4096 2822 6.3 3.2 16 11
11:28:03 1 49 4096 2822 6.2 3.2 16 11
11:28:04 1 48 4096 2822 6.7 3.2 16 11
11:28:05 1 48 4096 2822 6.6 3.2 16 11
11:28:06 1 48 4096 2822 6.5 3.2 16 11
11:28:07 1 49 4096 2822 6.4 3.2 16 11
11:28:08 1 45 4096 2822 7.6 3.2 16 11
11:28:09 1 45 4096 2822 7.7 3.2 16 11
11:28:10 1 42 4096 2822 8.6 3.2 16 11
11:28:11 1 45 4096 2822 7.8 3.2 16 11
11:28:12 1 45 4096 2822 7.7 3.2 16 11
11:28:14 1 45 4096 2822 7.8 3.2 16 11
11:28:15 1 45 4096 2822 7.8 3.2 16 11
11:28:16 1 45 4096 2822 7.8 3.2 16 11
11:28:17 1 45 4096 2822 7.8 3.2 16 11
11:28:18 1 45 4096 2822 7.8 3.2 16 11
11:28:19 1 45 4096 2822 7.8 3.2 16 11
11:28:20 1 45 4096 2822 7.8 3.2 16 11
11:28:21 1 44 4096 2822 7.8 3.2 16 11
11:28:22 1 45 4096 2822 7.8 3.2 16 11
11:28:23 1 45 4096 2822 7.8 3.2 16 11
11:28:24 1 45 4096 2822 7.8 3.2 16 11
11:28:25 1 45 4096 2822 7.8 3.2 16 11
11:28:26 1 45 4096 2822 7.8 3.2 16 11
11:28:27 1 45 4096 2822 7.8 3.2 16 11
11:28:29 1 45 4096 2822 7.8 3.2 16 11
11:28:30 1 45 4096 2822 7.8 3.2 16 11
11:28:31 1 45 4096 2822 7.8 3.2 16 11
11:28:32 1 45 4096 2822 7.8 3.2 16 11
11:28:33 1 45 4096 2822 7.8 3.2 16 11
11:28:34 1 46 4096 2822 7.4 3.2 16 11
11:28:35 1 46 4096 2822 7.4 3.2 16 11
11:28:36 1 46 4096 2822 7.4 3.2 16 11
11:28:37 1 46 4096 2822 7.4 3.2 16 11
11:28:38 1 46 4096 2822 7.4 3.2 16 11
11:28:39 1 46 4096 2822 7.4 3.2 16 11
11:28:40 1 46 4096 2822 7.4 3.2 16 11
11:28:41 1 46 4096 2822 7.4 3.2 16 11
11:28:42 1 46 4096 2822 7.4 3.2 16 11
11:28:44 1 46 4096 2822 7.4 3.2 16 11
11:28:45 1 46 4096 2822 7.4 3.2 16 11
11:28:46 1 46 4096 2822 7.4 3.2 16 11
11:28:47 1 46 4096 2822 7.4 3.2 16 11
11:28:48 1 46 4096 2822 7.4 3.2 16 11
11:28:49 1 46 4096 2822 7.4 3.2 16 11
11:28:50 1 46 4096 2822 7.4 3.2 16 11
11:28:51 1 46 4096 2822 7.4 3.2 16 11
11:28:52 1 46 4096 2822 7.4 3.2 16 11
11:28:53 1 46 4096 2822 7.4 3.2 16 11
11:28:54 1 46 4096 2822 7.4 3.2 16 11
11:28:55 1 44 4096 2822 7.8 3.2 16 11
11:28:56 1 43 4096 2822 7.7 3.2 16 11
11:28:57 1 48 4096 2822 6.6 3.2 16 11
11:28:58 1 48 4096 2822 6.7 3.2 16 11
11:29:00 1 48 4096 2822 6.7 3.2 16 11
11:29:01 1 49 4096 2822 6.3 3.2 16 11
11:29:02 1 49 4096 2822 6.3 3.2 16 11
11:29:03 1 49 4096 2822 6.2 3.2 16 11
11:29:04 1 49 4096 2822 6.2 3.2 16 11
11:29:05 1 49 4096 2822 6.2 3.2 16 11
11:29:06 1 49 4096 2822 6.1 3.2 16 11
11:29:07 1 44 4096 2822 7.8 3.2 16 11
11:29:08 1 42 4096 2822 8.6 3.2 16 11
11:29:09 1 45 4096 2822 7.8 3.2 16 11
11:29:10 1 45 4096 2822 7.7 3.2 16 11
11:29:11 1 45 4096 2822 7.8 3.2 16 11
11:29:12 1 45 4096 2822 7.8 3.2 16 11
11:29:13 1 45 4096 2822 7.8 3.2 16 11
11:29:14 1 45 4096 2822 7.8 3.2 16 11
11:29:16 1 45 4096 2822 7.8 3.2 16 11
11:29:17 1 45 4096 2822 7.8 3.2 16 11
11:29:18 1 45 4096 2822 7.8 3.2 16 11
11:29:19 1 45 4096 2822 7.8 3.2 16 11
11:29:20 1 45 4096 2822 7.8 3.2 16 11
11:29:21 1 45 4096 2822 7.8 3.2 16 11
11:29:22 1 45 4096 2822 7.8 3.2 16 11
11:29:23 1 45 4096 2822 7.8 3.2 16 11
11:29:24 1 45 4096 2822 7.8 3.2 16 11
11:29:25 1 45 4096 2822 7.8 3.2 16 11
11:29:26 1 45 4096 2822 7.8 3.2 16 11
11:29:27 1 45 4096 2822 7.8 3.2 16 11
11:29:28 1 45 4096 2822 7.8 3.2 16 11
11:29:29 1 45 4096 2822 7.8 3.2 16 11
11:29:30 1 45 4096 2822 7.8 3.2 16 11
11:29:32 1 46 4096 2822 7.4 3.2 16 11
11:29:33 1 46 4096 2822 7.4 3.2 16 11
11:29:34 1 46 4096 2822 7.4 3.2 16 11
11:29:35 1 46 4096 2822 7.4 3.2 16 11
11:29:36 1 46 4096 2822 7.4 3.2 16 11
11:29:37 1 46 4096 2822 7.5 3.2 16 11
11:29:38 1 46 4096 2822 7.4 3.2 16 11
11:29:39 1 46 4096 2822 7.4 3.2 16 11
11:29:40 1 46 4096 2822 7.4 3.2 16 11
11:29:41 1 46 4096 2822 7.4 3.2 16 11
11:29:42 1 46 4096 2822 7.4 3.2 16 11
11:29:43 1 46 4096 2822 7.4 3.2 16 11
11:29:44 1 46 4096 2822 7.4 3.2 16 11
11:29:45 1 46 4096 2822 7.4 3.2 16 11
11:29:47 1 46 4096 2822 7.4 3.2 16 11
11:29:48 1 46 4096 2822 7.4 3.2 16 11
11:29:49 1 46 4096 2822 7.4 3.2 16 11
11:29:50 1 46 4096 2822 7.4 3.2 16 11
11:29:51 1 46 4096 2822 7.4 3.2 16 11
11:29:52 1 46 4096 2822 7.4 3.2 16 11
11:29:53 1 46 4096 2822 7.4 3.2 16 11
11:29:54 1 41 4096 2822 9.1 3.2 16 11
11:29:55 1 49 4096 2822 6.2 3.2 16 11
11:29:56 1 49 4096 2822 6.2 3.2 16 11
11:29:57 1 49 4096 2822 6.3 3.2 16 11
11:29:58 1 49 4096 2822 6.3 3.2 16 11
11:29:59 1 50 4096 2822 6.2 3.2 16 11
11:30:00 1 48 4096 2822 6.6 3.2 16 11
11:30:01 1 49 4096 2822 6.5 3.2 16 11
11:30:02 1 49 4096 2822 6.4 3.2 16 11
11:30:04 1 49 4096 2822 6.4 3.2 16 11
11:30:05 1 45 4096 2822 7.6 3.2 16 11
11:30:06 1 41 4096 2822 9.0 3.2 16 11
11:30:07 1 45 4096 2822 7.8 3.2 16 11
11:30:08 1 45 4096 2822 7.7 3.2 16 11
11:30:09 1 45 4096 2822 7.8 3.2 16 11
11:30:10 1 45 4096 2822 7.8 3.2 16 11
11:30:11 1 45 4096 2822 7.8 3.2 16 11
11:30:12 1 45 4096 2822 7.8 3.2 16 11
11:30:13 1 45 4096 2822 7.8 3.2 16 11
11:30:14 1 45 4096 2822 7.9 3.2 16 11
11:30:15 1 45 4096 2822 7.9 3.2 16 11
11:30:16 1 45 4096 2822 7.8 3.2 16 11
11:30:17 1 45 4096 2822 7.8 3.2 16 11
11:30:19 1 44 4096 2822 7.8 3.2 16 11
11:30:20 1 44 4096 2822 7.8 3.2 16 11
11:30:21 1 44 4096 2822 7.8 3.2 16 11
11:30:22 1 44 4096 2822 7.8 3.2 16 11
11:30:23 1 44 4096 2822 7.8 3.2 16 11
11:30:24 1 44 4096 2822 7.8 3.2 16 11
11:30:25 1 44 4096 2822 7.8 3.2 16 11
11:30:26 1 45 4096 2822 7.8 3.2 16 11
11:30:27 1 45 4096 2822 7.8 3.2 16 11
11:30:28 1 45 4096 2822 7.8 3.2 16 11
11:30:29 1 46 4096 2822 7.4 3.2 16 11
11:30:30 1 46 4096 2822 7.4 3.2 16 11
11:30:31 1 46 4096 2822 7.4 3.2 16 11
11:30:32 1 46 4096 2822 7.4 3.2 16 11
11:30:33 1 46 4096 2822 7.4 3.2 16 11
11:30:35 1 46 4096 2822 7.4 3.2 16 11
11:30:36 1 45 4096 2822 7.5 3.2 16 11
11:30:37 1 45 4096 2822 7.5 3.2 16 11
11:30:38 1 46 4096 2822 7.5 3.2 16 11
11:30:39 1 46 4096 2822 7.4 3.2 16 11
11:30:40 1 46 4096 2822 7.4 3.2 16 11
11:30:41 1 46 4096 2822 7.4 3.2 16 11
11:30:42 1 46 4096 2822 7.4 3.2 16 11
11:30:43 1 46 4096 2822 7.4 3.2 16 11
11:30:44 1 45 4096 2822 7.4 3.1 16 11
11:30:45 1 45 4096 2822 7.4 3.1 16 11
11:30:46 1 45 4096 2822 7.4 3.1 16 11
11:30:47 1 45 4096 2822 7.4 3.1 16 11
11:30:48 1 45 4096 2822 7.4 3.1 16 11
11:30:50 1 45 4096 2822 7.4 3.1 16 11
11:30:51 1 45 4096 2822 7.4 3.1 16 11
11:30:52 1 40 4096 2822 9.3 3.2 16 11
11:30:53 1 48 4096 2822 6.6 3.2 16 11
11:30:54 1 48 4096 2822 6.6 3.2 16 11
11:30:55 1 48 4096 2822 6.7 3.1 16 11
11:30:56 1 49 4096 2822 6.3 3.1 16 11
11:30:57 1 49 4096 2822 6.3 3.1 16 11
11:30:58 1 49 4096 2822 6.3 3.1 16 11
11:30:59 1 49 4096 2822 6.2 3.1 16 11
11:31:00 1 49 4096 2822 6.2 3.1 16 11
11:31:01 1 49 4096 2822 6.2 3.1 16 11
11:31:02 1 44 4096 2822 7.8 3.2 16 11
11:31:03 1 48 4096 2822 6.6 3.2 16 11
11:31:04 1 42 4096 2822 8.6 3.2 16 11
11:31:05 1 44 4096 2822 7.8 3.2 16 11
11:31:07 1 45 4096 2822 7.8 3.2 16 11
11:31:08 1 44 4096 2822 7.8 3.2 16 11
11:31:09 1 44 4096 2822 7.8 3.2 16 11
11:31:10 1 44 4096 2822 7.8 3.2 16 11
11:31:11 1 44 4096 2822 7.8 3.2 16 11
11:31:12 1 44 4096 2822 7.9 3.2 16 11
11:31:13 1 44 4096 2822 7.8 3.2 16 11
11:31:14 1 44 4096 2822 7.8 3.2 16 11
11:31:15 1 44 4096 2822 7.8 3.2 16 11
11:31:16 1 44 4096 2822 7.8 3.2 16 11
11:31:17 1 44 4096 2822 7.8 3.2 16 11
11:31:18 1 44 4096 2822 7.8 3.1 16 11
11:31:19 1 44 4096 2822 7.8 3.1 16 11
11:31:20 1 44 4096 2822 7.8 3.1 16 11
11:31:22 1 44 4096 2822 7.8 3.1 16 11
11:31:23 1 44 4096 2822 7.8 3.1 16 11
11:31:24 1 44 4096 2822 7.8 3.1 16 11
11:31:25 1 44 4096 2822 7.8 3.1 16 11
11:31:26 1 44 4096 2822 7.8 3.1 16 11
11:31:27 1 44 4096 2822 7.8 3.1 16 11
11:31:28 1 45 4096 2822 7.4 3.1 16 11
11:31:29 1 45 4096 2822 7.4 3.1 16 11
11:31:30 1 45 4096 2822 7.4 3.1 16 11
11:31:31 1 45 4096 2822 7.4 3.1 16 11
11:31:32 1 45 4096 2822 7.4 3.1 16 11
11:31:33 1 45 4096 2822 7.4 3.1 16 11
11:31:34 1 45 4096 2822 7.4 3.1 16 11
11:31:35 1 45 4096 2822 7.4 3.1 16 11
11:31:37 1 45 4096 2822 7.4 3.1 16 11
11:31:38 1 45 4096 2822 7.4 3.1 16 11
11:31:39 1 45 4096 2822 7.4 3.1 16 11
11:31:40 1 45 4096 2822 7.4 3.1 16 11
11:31:41 1 45 4096 2822 7.4 3.1 16 11
11:31:42 1 45 4096 2822 7.4 3.1 16 11
11:31:43 1 45 4096 2822 7.4 3.1 16 11
11:31:44 1 45 4096 2822 7.4 3.1 16 11
11:31:45 1 45 4096 2822 7.4 3.1 16 11
11:31:46 1 45 4096 2822 7.4 3.1 16 11
11:31:47 1 45 4096 2822 7.4 3.1 16 11
11:31:48 1 45 4096 2822 7.4 3.1 16 11
11:31:49 1 40 4096 2822 9.2 3.1 16 11
11:31:50 1 49 4096 2822 6.2 3.1 16 11
11:31:51 1 49 4096 2822 6.2 3.1 16 11
11:31:52 1 49 4096 2822 6.3 3.1 16 11
11:31:54 1 49 4096 2822 6.3 3.1 16 11
11:31:55 1 49 4096 2822 6.2 3.1 16 11
11:31:56 1 48 4096 2822 6.7 3.1 16 11
11:31:57 1 48 4096 2822 6.6 3.1 16 11
11:31:58 1 48 4096 2822 6.5 3.1 16 11
11:31:59 1 49 4096 2822 6.4 3.1 16 11
11:32:00 1 45 4096 2822 7.7 3.1 16 11
11:32:01 1 49 4096 2822 6.4 3.1 16 11
11:32:02 1 42 4096 2822 8.5 3.2 16 11
11:32:03 1 45 4096 2822 7.8 3.2 16 11
11:32:04 1 45 4096 2822 7.7 3.2 16 11
11:32:05 1 45 4096 2822 7.8 3.2 16 11
11:32:06 1 45 4096 2822 7.8 3.2 16 11
11:32:07 1 45 4096 2822 7.8 3.2 16 11
11:32:08 1 45 4096 2822 7.7 3.2 16 11
11:32:09 1 45 4096 2822 7.8 3.2 16 11
11:32:11 1 45 4096 2822 7.8 3.2 16 11
11:32:12 1 45 4096 2822 7.8 3.2 16 11
11:32:13 1 45 4096 2822 7.8 3.2 16 11
11:32:14 1 45 4096 2822 7.8 3.2 16 11
11:32:15 1 45 4096 2822 7.8 3.2 16 11
11:32:16 1 45 4096 2822 7.8 3.2 16 11
11:32:17 1 45 4096 2822 7.8 3.2 16 11
11:32:18 1 45 4096 2822 7.8 3.2 16 11
11:32:19 1 45 4096 2822 7.8 3.2 16 11
11:32:20 1 45 4096 2822 7.8 3.2 16 11
11:32:21 1 45 4096 2822 7.8 3.2 16 11
11:32:22 1 45 4096 2822 7.8 3.2 16 11
11:32:23 1 45 4096 2822 7.8 3.2 16 11
11:32:24 1 46 4096 2822 7.4 3.2 16 11
11:32:25 1 46 4096 2822 7.5 3.2 16 11
11:32:27 1 46 4096 2822 7.4 3.2 16 11
11:32:28 1 46 4096 2822 7.4 3.2 16 11
11:32:29 1 46 4096 2822 7.4 3.2 16 11
11:32:30 1 46 4096 2822 7.4 3.2 16 11
11:32:31 1 46 4096 2822 7.4 3.2 16 11
11:32:32 1 46 4096 2822 7.4 3.2 16 11
11:32:33 1 46 4096 2822 7.4 3.2 16 11
11:32:34 1 46 4096 2822 7.4 3.2 16 11
11:32:35 1 46 4096 2822 7.4 3.2 16 11
11:32:36 1 46 4096 2822 7.4 3.2 16 11
11:32:37 1 46 4096 2822 7.4 3.2 16 11
11:32:38 1 46 4096 2822 7.4 3.2 16 11
11:32:39 1 46 4096 2822 7.4 3.2 16 11
11:32:40 1 46 4096 2822 7.4 3.2 16 11
11:32:41 1 46 4096 2822 7.4 3.2 16 11
11:32:43 1 46 4096 2822 7.4 3.2 16 11
11:32:44 1 46 4096 2822 7.4 3.2 16 11
11:32:45 1 46 4096 2822 7.4 3.2 16 11
11:32:46 1 46 4096 2822 7.4 3.2 16 11
11:32:47 1 40 4096 2822 9.2 3.2 16 11
11:32:48 1 48 4096 2822 6.6 3.2 16 11
11:32:49 1 48 4096 2822 6.6 3.2 16 11
11:32:50 1 48 4096 2822 6.7 3.2 16 11
11:32:51 1 49 4096 2822 6.3 3.2 16 11
11:32:52 1 50 4096 2822 6.1 3.2 16 11
11:32:53 1 49 4096 2822 6.2 3.2 16 11
11:32:54 1 49 4096 2822 6.2 3.2 16 11
11:32:55 1 50 4096 2822 6.1 3.2 16 11
11:32:56 1 50 4096 2822 6.1 3.2 16 11
11:32:57 1 45 4096 2822 7.8 3.2 16 11
11:32:58 1 42 4096 2822 8.9 3.2 16 11
11:32:59 1 42 4096 2822 8.9 3.2 16 11
11:33:00 1 45 4096 2822 7.7 3.2 16 11
11:33:02 1 45 4096 2822 7.8 3.2 16 11
11:33:03 1 45 4096 2822 7.8 3.2 16 11
11:33:04 1 45 4096 2822 7.8 3.2 16 11
11:33:05 1 45 4096 2822 7.8 3.2 16 11
11:33:06 1 45 4096 2822 7.8 3.2 16 11
11:33:07 1 45 4096 2822 7.8 3.2 16 11
11:33:08 1 45 4096 2822 7.8 3.2 16 11
11:33:09 1 45 4096 2822 7.8 3.2 16 11
11:33:10 1 45 4096 2822 7.8 3.2 16 11
11:33:11 1 45 4096 2822 7.8 3.2 16 11
11:33:12 1 45 4096 2822 7.8 3.2 16 11
11:33:13 1 45 4096 2822 7.8 3.2 16 11
11:33:14 1 45 4096 2822 7.8 3.2 16 11
11:33:15 1 45 4096 2822 7.8 3.2 16 11
11:33:16 1 45 4096 2822 7.8 3.2 16 11
11:33:18 1 45 4096 2822 7.8 3.2 16 11
11:33:19 1 45 4096 2822 7.8 3.2 16 11
11:33:20 1 45 4096 2822 7.8 3.2 16 11
11:33:21 1 45 4096 2822 7.8 3.2 16 11
11:33:22 1 46 4096 2822 7.4 3.2 16 11
11:33:23 1 46 4096 2822 7.4 3.2 16 11
11:33:24 1 46 4096 2822 7.4 3.2 16 11
11:33:25 1 46 4096 2822 7.4 3.2 16 11
11:33:26 1 46 4096 2822 7.4 3.2 16 11
11:33:27 1 46 4096 2822 7.4 3.2 16 11
11:33:28 1 46 4096 2822 7.4 3.2 16 11
11:33:29 1 46 4096 2822 7.5 3.2 16 11
11:33:30 1 46 4096 2822 7.4 3.2 16 11
11:33:32 1 46 4096 2822 7.4 3.2 16 11
11:33:33 1 46 4096 2822 7.4 3.2 16 11
11:33:34 1 46 4096 2822 7.4 3.2 16 11
11:33:35 1 46 4096 2822 7.4 3.2 16 11
11:33:36 1 46 4096 2822 7.4 3.2 16 11
11:33:37 1 46 4096 2822 7.4 3.2 16 11
11:33:38 1 46 4096 2822 7.4 3.2 16 11
11:33:39 1 46 4096 2822 7.4 3.2 16 11
11:33:40 1 46 4096 2822 7.4 3.2 16 11
11:33:41 1 46 4096 2822 7.4 3.2 16 11
11:33:42 1 46 4096 2822 7.4 3.2 16 11
11:33:43 1 46 4096 2822 7.4 3.2 16 11
11:33:44 1 41 4096 2822 9.1 3.2 16 11
11:33:45 1 50 4096 2822 6.2 3.2 16 11
11:33:46 1 50 4096 2822 6.2 3.2 16 11
11:33:47 1 50 4096 2822 6.3 3.2 16 11
11:33:49 1 50 4096 2822 6.2 3.2 16 11
11:33:50 1 50 4096 2822 6.2 3.2 16 11
11:33:51 1 49 4096 2822 6.6 3.2 16 11
11:33:52 1 49 4096 2822 6.4 3.2 16 11
11:33:53 1 49 4096 2822 6.4 3.2 16 11
11:33:54 1 49 4096 2822 6.3 3.2 16 11
11:33:55 1 46 4096 2822 7.6 3.2 16 11
11:33:56 1 42 4096 2822 9.0 3.2 16 11
11:33:57 1 45 4096 2822 7.8 3.2 16 11
11:33:58 1 45 4096 2822 7.7 3.2 16 11
11:33:59 1 45 4096 2822 7.7 3.2 16 11
11:34:00 1 45 4096 2822 7.8 3.2 16 11
11:34:01 1 45 4096 2822 7.8 3.2 16 11
11:34:02 1 45 4096 2822 7.7 3.2 16 11
11:34:03 1 45 4096 2822 7.7 3.2 16 11
11:34:05 1 45 4096 2822 7.8 3.2 16 11
11:34:06 1 45 4096 2822 7.8 3.2 16 11
11:34:07 1 45 4096 2822 7.8 3.2 16 11
11:34:08 1 45 4096 2822 7.8 3.2 16 11
11:34:09 1 45 4096 2822 7.8 3.2 16 11
11:34:10 1 45 4096 2822 7.8 3.2 16 11
11:34:11 1 45 4096 2822 7.8 3.2 16 11
11:34:12 1 45 4096 2822 7.8 3.2 16 11
11:34:13 1 45 4096 2822 7.8 3.2 16 11
11:34:14 1 45 4096 2822 7.8 3.2 16 11
11:34:15 1 45 4096 2822 7.8 3.2 16 11
11:34:16 1 45 4096 2822 7.8 3.2 16 11
11:34:17 1 45 4096 2822 7.8 3.2 16 11
11:34:18 1 45 4096 2822 7.8 3.2 16 11
11:34:19 1 46 4096 2822 7.4 3.2 16 11
11:34:21 1 46 4096 2822 7.4 3.2 16 11
11:34:22 1 46 4096 2822 7.4 3.2 16 11
11:34:23 1 46 4096 2822 7.4 3.2 16 11
11:34:24 1 46 4096 2822 7.4 3.2 16 11
11:34:25 1 46 4096 2822 7.4 3.2 16 11
11:34:26 1 46 4096 2822 7.4 3.2 16 11
11:34:27 1 46 4096 2822 7.4 3.2 16 11
11:34:28 1 46 4096 2822 7.4 3.2 16 11
11:34:29 1 46 4096 2822 7.4 3.2 16 11
11:34:30 1 46 4096 2822 7.4 3.2 16 11
11:34:31 1 46 4096 2822 7.4 3.2 16 11
11:34:32 1 46 4096 2822 7.4 3.2 16 11
11:34:33 1 46 4096 2822 7.5 3.2 16 11
11:34:34 1 46 4096 2822 7.4 3.2 16 11
11:34:35 1 46 4096 2822 7.4 3.2 16 11
11:34:37 1 46 4096 2822 7.4 3.2 16 11
11:34:38 1 46 4096 2822 7.4 3.2 16 11
11:34:39 1 46 4096 2822 7.4 3.2 16 11
11:34:40 1 46 4096 2822 7.4 3.2 16 11
11:34:41 1 46 4096 2822 7.4 3.2 16 11
11:34:42 1 41 4096 2822 9.1 3.2 16 11
11:34:43 1 49 4096 2822 6.6 3.2 16 11
11:34:44 1 49 4096 2822 6.6 3.2 16 11
11:34:45 1 49 4096 2822 6.7 3.2 16 11
11:34:46 1 50 4096 2822 6.3 3.2 16 11
11:34:47 1 50 4096 2822 6.3 3.2 16 11
11:34:48 1 50 4096 2822 6.3 3.2 16 11
11:34:49 1 50 4096 2822 6.1 3.2 16 11
11:34:50 1 50 4096 2822 6.1 3.2 16 11
11:34:51 1 50 4096 2822 6.1 3.2 16 11
11:34:52 1 45 4096 2822 7.8 3.2 16 11
11:34:53 1 42 4096 2822 9.0 3.2 16 11
11:34:55 1 45 4096 2822 7.8 3.2 16 11
11:34:56 1 45 4096 2822 7.7 3.2 16 11
11:34:57 1 45 4096 2822 7.8 3.2 16 11
11:34:58 1 45 4096 2822 7.8 3.2 16 11
11:34:59 1 45 4096 2822 7.8 3.2 16 11
11:35:00 1 45 4096 2822 7.8 3.2 16 11
11:35:01 1 45 4096 2822 7.8 3.2 16 11
11:35:02 1 45 4096 2822 7.8 3.2 16 11
11:35:03 1 45 4096 2822 7.8 3.2 16 11
11:35:04 1 45 4096 2822 7.8 3.2 16 11
11:35:05 1 45 4096 2822 7.8 3.2 16 11
11:35:06 1 45 4096 2822 7.8 3.2 16 11
11:35:07 1 45 4096 2822 7.8 3.2 16 11
11:35:08 1 45 4096 2822 7.8 3.2 16 11
11:35:09 1 45 4096 2822 7.8 3.2 16 11
11:35:10 1 45 4096 2822 7.8 3.2 16 11
11:35:12 1 45 4096 2822 7.8 3.2 16 11
11:35:13 1 45 4096 2822 7.9 3.2 16 11
11:35:14 1 45 4096 2822 7.8 3.2 16 11
11:35:15 1 45 4096 2822 7.8 3.2 16 11
11:35:16 1 45 4096 2822 7.8 3.2 16 11
11:35:17 1 46 4096 2822 7.5 3.2 16 11
11:35:18 1 46 4096 2822 7.5 3.2 16 11
11:35:19 1 46 4096 2822 7.4 3.2 16 11
11:35:20 1 46 4096 2822 7.5 3.2 16 11
11:35:21 1 46 4096 2822 7.5 3.2 16 11
11:35:22 1 46 4096 2822 7.5 3.2 16 11
11:35:23 1 46 4096 2822 7.5 3.2 16 11
11:35:24 1 46 4096 2822 7.5 3.2 16 11
11:35:25 1 46 4096 2822 7.5 3.2 16 11
11:35:26 1 46 4096 2822 7.5 3.2 16 11
11:35:28 1 47 4096 2822 7.4 3.2 16 11
11:35:29 1 47 4096 2822 7.4 3.2 16 11
11:35:30 1 47 4096 2822 7.4 3.2 16 11
11:35:31 1 47 4096 2822 7.4 3.2 16 11
11:35:32 1 47 4096 2822 7.4 3.2 16 11
11:35:33 1 46 4096 2822 7.4 3.2 16 11
11:35:34 1 46 4096 2822 7.5 3.2 16 11
11:35:35 1 46 4096 2822 7.5 3.2 16 11
11:35:36 1 46 4096 2822 7.5 3.2 16 11
11:35:37 1 46 4096 2822 7.5 3.2 16 11
11:35:38 1 46 4096 2822 7.4 3.1 16 11
11:35:39 1 41 4096 2822 9.2 3.1 16 11
11:35:40 1 49 4096 2822 6.3 3.1 16 11
11:35:41 1 49 4096 2822 6.3 3.1 16 11
11:35:42 1 49 4096 2822 6.4 3.1 16 11
11:35:44 1 49 4096 2822 6.4 3.1 16 11
11:35:45 1 49 4096 2822 6.3 3.1 16 11
11:35:46 1 48 4096 2822 6.7 3.1 16 11
11:35:47 1 48 4096 2822 6.5 3.1 16 11
11:35:48 1 49 4096 2822 6.5 3.2 16 11
11:35:49 1 49 4096 2822 6.4 3.2 16 11
11:35:50 1 45 4096 2822 7.7 3.2 16 11
11:35:51 1 42 4096 2822 8.8 3.2 16 11
11:35:52 1 45 4096 2822 7.8 3.2 16 11
11:35:53 1 45 4096 2822 7.8 3.2 16 11
11:35:54 1 45 4096 2822 7.8 3.2 16 11
11:35:55 1 45 4096 2822 7.8 3.2 16 11
11:35:56 1 45 4096 2822 7.8 3.2 16 11
11:35:57 1 45 4096 2822 7.8 3.2 16 11
11:35:58 1 45 4096 2822 7.8 3.2 16 11
11:35:59 1 45 4096 2822 7.8 3.2 16 11
11:36:00 1 45 4096 2822 7.8 3.2 16 11
11:36:02 1 45 4096 2822 7.8 3.2 16 11
11:36:03 1 45 4096 2822 7.8 3.2 16 11
11:36:04 1 45 4096 2822 7.8 3.2 16 11
11:36:05 1 45 4096 2822 7.8 3.2 16 11
11:36:06 1 45 4096 2822 7.8 3.2 16 11
11:36:07 1 45 4096 2822 7.8 3.2 16 11
11:36:08 1 45 4096 2822 7.8 3.2 16 11
11:36:09 1 45 4096 2822 7.8 3.2 16 11
11:36:10 1 45 4096 2822 7.8 3.2 16 11
11:36:11 1 45 4096 2822 7.8 3.2 16 11
11:36:12 1 45 4096 2822 7.8 3.2 16 11
11:36:13 1 45 4096 2822 7.8 3.2 16 11
11:36:14 1 46 4096 2822 7.5 3.2 16 11
11:36:15 1 46 4096 2822 7.5 3.2 16 11
11:36:16 1 46 4096 2822 7.4 3.2 16 11
11:36:18 1 46 4096 2822 7.4 3.2 16 11
11:36:19 1 46 4096 2822 7.4 3.2 16 11
11:36:20 1 46 4096 2822 7.5 3.2 16 11
11:36:21 1 46 4096 2822 7.5 3.2 16 11
11:36:22 1 46 4096 2822 7.5 3.2 16 11
11:36:23 1 46 4096 2822 7.4 3.2 16 11
11:36:24 1 46 4096 2822 7.4 3.2 16 11
11:36:25 1 46 4096 2822 7.4 3.2 16 11
11:36:26 1 46 4096 2822 7.5 3.2 16 11
11:36:27 1 46 4096 2822 7.4 3.2 16 11
11:36:28 1 46 4096 2822 7.4 3.2 16 11
11:36:29 1 46 4096 2822 7.5 3.2 16 11
11:36:30 1 46 4096 2822 7.5 3.2 16 11
11:36:31 1 46 4096 2822 7.4 3.2 16 11
11:36:32 1 46 4096 2822 7.5 3.2 16 11
11:36:34 1 46 4096 2822 7.5 3.2 16 11
11:36:35 1 47 4096 2822 7.4 3.2 16 11
11:36:36 1 47 4096 2822 7.4 3.2 16 11
11:36:37 1 41 4096 2822 9.2 3.2 16 11
11:36:38 1 49 4096 2822 6.7 3.2 16 11
11:36:39 1 49 4096 2822 6.6 3.2 16 11
11:36:40 1 49 4096 2822 6.7 3.2 16 11
11:36:41 1 50 4096 2822 6.3 3.2 16 11
11:36:42 1 50 4096 2822 6.3 3.2 16 11
11:36:43 1 50 4096 2822 6.3 3.2 16 11
11:36:44 1 50 4096 2822 6.2 3.2 16 11
11:36:45 1 50 4096 2822 6.2 3.2 16 11
11:36:46 1 50 4096 2822 6.1 3.2 16 11
11:36:47 1 45 4096 2822 7.8 3.2 16 11
11:36:48 1 42 4096 2822 9.0 3.2 16 11
11:36:49 1 45 4096 2822 7.8 3.2 16 11
11:36:51 1 46 4096 2822 7.8 3.2 16 11
11:36:52 1 46 4096 2822 7.8 3.2 16 11
11:36:53 1 45 4096 2822 7.8 3.2 16 11
11:36:54 1 45 4096 2822 7.8 3.2 16 11
11:36:55 1 45 4096 2822 7.8 3.2 16 11
11:36:56 1 45 4096 2822 7.8 3.2 16 11
11:36:57 1 45 4096 2822 7.8 3.2 16 11
11:36:58 1 45 4096 2822 7.8 3.2 16 11
11:36:59 1 45 4096 2822 7.8 3.1 16 11
11:37:00 1 45 4096 2822 7.8 3.1 16 11
11:37:01 1 45 4096 2822 7.8 3.1 16 11
11:37:02 1 45 4096 2822 7.8 3.1 16 11
11:37:03 1 45 4096 2822 7.8 3.1 16 11
11:37:04 1 45 4096 2822 7.8 3.2 16 11
11:37:06 1 45 4096 2822 7.8 3.2 16 11
11:37:07 1 45 4096 2822 7.8 3.2 16 11
11:37:08 1 45 4096 2822 7.8 3.2 16 11
11:37:09 1 45 4096 2822 7.8 3.2 16 11
11:37:10 1 45 4096 2822 7.8 3.2 16 11
11:37:11 1 45 4096 2822 7.8 3.2 16 11
11:37:12 1 46 4096 2822 7.4 3.2 16 11
11:37:13 1 46 4096 2822 7.4 3.2 16 11
11:37:14 1 46 4096 2822 7.4 3.2 16 11
11:37:15 1 46 4096 2822 7.4 3.2 16 11
11:37:16 1 46 4096 2822 7.4 3.2 16 11
11:37:17 1 46 4096 2822 7.4 3.2 16 11
11:37:18 1 46 4096 2822 7.5 3.2 16 11
11:37:19 1 46 4096 2822 7.5 3.2 16 11
11:37:20 1 46 4096 2822 7.4 3.2 16 11
11:37:22 1 46 4096 2822 7.4 3.2 16 11
11:37:23 1 46 4096 2822 7.5 3.2 16 11
11:37:24 1 46 4096 2822 7.4 3.2 16 11
11:37:25 1 46 4096 2822 7.4 3.2 16 11
11:37:26 1 46 4096 2822 7.4 3.2 16 11
11:37:27 1 46 4096 2822 7.4 3.2 16 11
11:37:28 1 46 4096 2822 7.4 3.2 16 11
11:37:29 1 46 4096 2822 7.4 3.2 16 11
11:37:30 1 46 4096 2822 7.4 3.2 16 11
11:37:31 1 46 4096 2822 7.4 3.2 16 11
11:37:32 1 46 4096 2822 7.4 3.2 16 11
11:37:33 1 46 4096 2822 7.4 3.1 16 11
11:37:34 1 41 4096 2822 9.2 3.2 16 11
11:37:35 1 50 4096 2822 6.3 3.2 16 11
11:37:37 1 50 4096 2822 6.3 3.2 16 11
11:37:38 1 49 4096 2822 6.3 3.2 16 11
11:37:39 1 49 4096 2822 6.3 3.2 16 11
11:37:40 1 50 4096 2822 6.2 3.2 16 11
11:37:41 1 48 4096 2822 6.7 3.2 16 11
11:37:42 1 49 4096 2822 6.5 3.2 16 11
11:37:43 1 49 4096 2822 6.4 3.2 16 11
11:37:44 1 49 4096 2822 6.4 3.2 16 11
11:37:45 1 46 4096 2822 7.6 3.2 16 11
11:37:46 1 49 4096 2822 6.4 3.2 16 11
11:37:47 1 43 4096 2822 8.5 3.2 16 11
11:37:48 1 45 4096 2822 7.8 3.2 16 11
11:37:49 1 45 4096 2822 7.8 3.2 16 11
11:37:50 1 45 4096 2822 7.8 3.2 16 11
11:37:51 1 45 4096 2822 7.8 3.2 16 11
11:37:52 1 45 4096 2822 7.8 3.2 16 11
11:37:54 1 45 4096 2822 7.8 3.2 16 11
11:37:55 1 45 4096 2822 7.8 3.2 16 11
11:37:56 1 45 4096 2822 7.8 3.2 16 11
11:37:57 1 45 4096 2822 7.8 3.2 16 11
11:37:58 1 45 4096 2822 7.8 3.2 16 11
11:37:59 1 45 4096 2822 7.8 3.2 16 11
11:38:00 1 45 4096 2822 7.8 3.2 16 11
11:38:01 1 45 4096 2822 7.8 3.2 16 11
11:38:02 1 45 4096 2822 7.8 3.2 16 11
11:38:03 1 45 4096 2822 7.8 3.2 16 11
11:38:04 1 45 4096 2822 7.8 3.2 16 11
11:38:05 1 45 4096 2822 7.8 3.2 16 11
11:38:06 1 45 4096 2822 7.8 3.2 16 11
11:38:07 1 45 4096 2822 7.8 3.2 16 11
11:38:08 1 45 4096 2822 7.8 3.2 16 11
11:38:10 1 45 4096 2822 7.8 3.2 16 11
11:38:11 1 46 4096 2822 7.4 3.2 16 11
11:38:12 1 46 4096 2822 7.4 3.2 16 11
11:38:13 1 46 4096 2822 7.4 3.2 16 11
11:38:14 1 46 4096 2822 7.4 3.2 16 11
11:38:15 1 46 4096 2822 7.4 3.2 16 11
11:38:16 1 46 4096 2822 7.4 3.2 16 11
11:38:17 1 46 4096 2822 7.4 3.2 16 11
11:38:18 1 46 4096 2822 7.4 3.2 16 11
11:38:19 1 46 4096 2822 7.4 3.2 16 11
11:38:20 1 46 4096 2822 7.4 3.2 16 11
11:38:21 1 46 4096 2822 7.4 3.2 16 11
11:38:22 1 46 4096 2822 7.4 3.2 16 11
11:38:23 1 46 4096 2822 7.4 3.2 16 11
11:38:25 1 46 4096 2822 7.4 3.2 16 11
11:38:26 1 46 4096 2822 7.4 3.2 16 11
11:38:27 1 46 4096 2822 7.4 3.2 16 11
11:38:28 1 46 4096 2822 7.4 3.2 16 11
11:38:29 1 46 4096 2822 7.4 3.2 16 11
11:38:30 1 46 4096 2822 7.4 3.2 16 11
11:38:31 1 46 4096 2822 7.4 3.2 16 11
11:38:32 1 41 4096 2822 9.2 3.2 16 11
11:38:33 1 48 4096 2822 6.6 3.2 16 11
11:38:34 1 48 4096 2822 6.6 3.2 16 11
11:38:35 1 48 4096 2822 6.7 3.2 16 11
11:38:36 1 49 4096 2822 6.3 3.2 16 11
11:38:37 1 49 4096 2822 6.2 3.2 16 11
11:38:38 1 49 4096 2822 6.3 3.2 16 11
11:38:39 1 49 4096 2822 6.2 3.2 16 11
11:38:40 1 49 4096 2822 6.2 3.2 16 11
11:38:42 1 50 4096 2822 6.1 3.2 16 11
11:38:43 1 45 4096 2822 7.7 3.2 16 11
11:38:44 1 51 4096 2822 5.5 3.2 16 11
11:38:45 1 42 4096 2822 8.6 3.2 16 11
11:38:46 1 45 4096 2822 7.8 3.2 16 11
11:38:47 1 45 4096 2822 7.7 3.2 16 11
11:38:48 1 45 4096 2822 7.8 3.2 16 11
11:38:49 1 45 4096 2822 7.8 3.2 16 11
11:38:50 1 44 4096 2822 7.9 3.2 16 11
11:38:51 1 45 4096 2822 7.8 3.2 16 11
11:38:52 1 45 4096 2822 7.8 3.2 16 11
11:38:53 1 45 4096 2822 7.8 3.2 16 11
11:38:54 1 45 4096 2822 7.8 3.2 16 11
11:38:55 1 45 4096 2822 7.8 3.2 16 11
11:38:56 1 45 4096 2822 7.8 3.2 16 11
11:38:58 1 45 4096 2822 7.8 3.2 16 11
11:38:59 1 45 4096 2822 7.8 3.2 16 11
11:39:00 1 44 4096 2822 7.9 3.2 16 11
11:39:01 1 44 4096 2822 7.8 3.2 16 11
11:39:02 1 45 4096 2822 7.8 3.2 16 11
11:39:03 1 44 4096 2822 7.9 3.2 16 11
11:39:04 1 44 4096 2822 7.8 3.2 16 11
11:39:05 1 44 4096 2822 7.8 3.2 16 11
11:39:06 1 44 4096 2822 7.8 3.2 16 11
11:39:07 1 44 4096 2822 7.8 3.2 16 11
11:39:08 1 45 4096 2822 7.4 3.2 16 11
11:39:09 1 45 4096 2822 7.4 3.2 16 11
11:39:10 1 45 4096 2822 7.4 3.2 16 11
11:39:11 1 45 4096 2822 7.4 3.2 16 11
11:39:13 1 45 4096 2822 7.4 3.2 16 11
11:39:14 1 45 4096 2822 7.4 3.2 16 11
11:39:15 1 45 4096 2822 7.4 3.2 16 11
11:39:16 1 45 4096 2822 7.4 3.2 16 11
11:39:17 1 45 4096 2822 7.4 3.2 16 11
11:39:18 1 45 4096 2822 7.4 3.2 16 11
11:39:19 1 45 4096 2822 7.4 3.2 16 11
11:39:20 1 45 4096 2822 7.4 3.2 16 11
11:39:21 1 45 4096 2822 7.4 3.2 16 11
11:39:22 1 45 4096 2822 7.4 3.2 16 11
11:39:23 1 45 4096 2822 7.4 3.2 16 11
11:39:24 1 45 4096 2822 7.4 3.2 16 11
11:39:25 1 45 4096 2822 7.4 3.2 16 11
11:39:27 1 45 4096 2822 7.4 3.2 16 11
11:39:28 1 45 4096 2822 7.4 3.2 16 11
11:39:29 1 45 4096 2822 7.4 3.2 16 11
11:39:30 1 45 4096 2822 7.4 3.2 16 11
11:39:31 1 40 4096 2822 9.1 3.2 16 11
11:39:32 1 49 4096 2822 6.2 3.2 16 11
11:39:33 1 49 4096 2822 6.2 3.2 16 11
11:39:34 1 49 4096 2822 6.3 3.2 16 11
11:39:35 1 49 4096 2822 6.3 3.2 16 11
11:39:36 1 48 4096 2822 6.7 3.2 16 11
11:39:37 1 48 4096 2822 6.5 3.2 16 11
11:39:38 1 48 4096 2822 6.5 3.2 16 11
11:39:39 1 48 4096 2822 6.5 3.2 16 11
11:39:40 1 49 4096 2822 6.4 3.2 16 11
11:39:41 1 45 4096 2822 7.7 3.2 16 11
11:39:42 1 42 4096 2822 8.6 3.2 16 11
11:39:43 1 44 4096 2822 7.8 3.2 16 11
11:39:45 1 44 4096 2822 7.7 3.2 16 11
11:39:46 1 44 4096 2822 7.8 3.2 16 11
11:39:47 1 44 4096 2822 7.8 3.2 16 11
11:39:48 1 44 4096 2822 7.8 3.2 16 11
11:39:49 1 44 4096 2822 7.8 3.2 16 11
11:39:50 1 44 4096 2822 7.8 3.2 16 11
11:39:51 1 44 4096 2822 7.8 3.2 16 11
11:39:52 1 44 4096 2822 7.8 3.2 16 11
11:39:53 1 44 4096 2822 7.8 3.2 16 11
11:39:54 1 44 4096 2822 7.8 3.2 16 11
11:39:55 1 44 4096 2822 7.8 3.2 16 11
11:39:56 1 44 4096 2822 7.8 3.2 16 11
11:39:57 1 44 4096 2822 7.8 3.2 16 11
11:39:58 1 44 4096 2822 7.8 3.2 16 11
11:40:00 1 44 4096 2822 7.8 3.2 16 11
11:40:01 1 44 4096 2822 7.9 3.1 16 11
11:40:02 1 44 4096 2822 7.9 3.1 16 11
11:40:03 1 44 4096 2822 7.8 3.1 16 11
11:40:04 1 44 4096 2822 7.8 3.1 16 11
11:40:05 1 44 4096 2822 7.9 3.1 16 11
11:40:06 1 46 4096 2822 7.5 3.1 16 11
11:40:07 1 46 4096 2822 7.4 3.1 16 11
11:40:08 1 46 4096 2822 7.4 3.1 16 11
11:40:09 1 46 4096 2822 7.4 3.1 16 11
11:40:10 1 46 4096 2822 7.4 3.1 16 11
11:40:11 1 46 4096 2822 7.4 3.1 16 11
11:40:12 1 46 4096 2822 7.4 3.1 16 11
11:40:13 1 46 4096 2822 7.5 3.1 16 11
11:40:15 1 46 4096 2822 7.4 3.1 16 11
11:40:16 1 46 4096 2822 7.4 3.1 16 11
11:40:17 1 46 4096 2822 7.4 3.1 16 11
11:40:18 1 46 4096 2822 7.4 3.1 16 11
11:40:19 1 46 4096 2822 7.4 3.1 16 11
11:40:20 1 46 4096 2822 7.4 3.1 16 11
11:40:21 1 46 4096 2822 7.4 3.1 16 11
11:40:22 1 46 4096 2822 7.4 3.1 16 11
11:40:23 1 46 4096 2822 7.4 3.1 16 11
11:40:24 1 46 4096 2822 7.4 3.1 16 11
11:40:25 1 46 4096 2822 7.5 3.1 16 11
11:40:26 1 46 4096 2822 7.4 3.1 16 11
11:40:27 1 46 4096 2822 7.4 3.1 16 11
11:40:28 1 40 4096 2822 9.2 3.1 16 11
11:40:30 1 47 4096 2822 6.6 3.1 16 11
11:40:31 1 47 4096 2822 6.6 3.1 16 11
11:40:32 1 47 4096 2822 6.7 3.1 16 11
11:40:33 1 48 4096 2822 6.3 3.0 16 11
11:40:34 1 48 4096 2822 6.2 3.0 16 11
11:40:35 1 48 4096 2822 6.2 3.0 16 11
11:40:36 1 48 4096 2822 6.2 3.0 16 11
11:40:37 1 48 4096 2822 6.2 3.0 16 11
11:40:38 1 48 4096 2822 6.2 3.0 16 11
11:40:39 1 44 4096 2822 7.7 3.0 16 11
11:40:40 1 47 4096 2822 6.6 3.0 16 11
11:40:41 1 41 4096 2822 8.6 3.1 16 11
11:40:42 1 44 4096 2822 7.8 3.1 16 11
11:40:43 1 44 4096 2822 7.8 3.1 16 11
11:40:44 1 44 4096 2822 7.8 3.1 16 11
11:40:45 1 44 4096 2822 7.8 3.1 16 11
11:40:47 1 44 4096 2822 7.8 3.1 16 11
11:40:48 1 44 4096 2822 7.8 3.1 16 11
11:40:49 1 44 4096 2822 7.8 3.1 16 11
11:40:50 1 44 4096 2822 7.8 3.1 16 11
11:40:51 1 44 4096 2822 7.8 3.1 16 11
11:40:52 1 44 4096 2822 7.8 3.1 16 11
11:40:53 1 44 4096 2822 7.8 3.1 16 11
11:40:54 1 44 4096 2822 7.8 3.1 16 11
11:40:55 1 44 4096 2822 7.8 3.2 16 11
11:40:56 1 44 4096 2822 7.8 3.2 16 11
11:40:57 1 44 4096 2822 7.8 3.2 16 11
11:40:58 1 44 4096 2822 7.8 3.2 16 11
11:40:59 1 44 4096 2822 7.8 3.2 16 11
11:41:00 1 43 4096 2822 7.9 3.1 16 11
11:41:02 1 44 4096 2822 7.8 3.1 16 11
11:41:03 1 44 4096 2822 7.8 3.1 16 11
11:41:04 1 44 4096 2822 7.8 3.1 16 11
11:41:05 1 45 4096 2822 7.4 3.1 16 11
11:41:06 1 45 4096 2822 7.4 3.1 16 11
11:41:07 1 45 4096 2822 7.5 3.1 16 11
11:41:08 1 45 4096 2822 7.5 3.1 16 11
11:41:09 1 45 4096 2822 7.4 3.1 16 11
11:41:10 1 45 4096 2822 7.4 3.1 16 11
11:41:11 1 45 4096 2822 7.4 3.1 16 11
11:41:12 1 45 4096 2822 7.4 3.1 16 11
11:41:13 1 45 4096 2822 7.4 3.1 16 11
11:41:14 1 45 4096 2822 7.5 3.1 16 11
11:41:16 1 45 4096 2822 7.5 3.1 16 11
11:41:17 1 45 4096 2822 7.4 3.1 16 11
11:41:18 1 45 4096 2822 7.4 3.1 16 11
11:41:19 1 45 4096 2822 7.5 3.1 16 11
11:41:20 1 45 4096 2822 7.4 3.1 16 11
11:41:21 1 45 4096 2822 7.4 3.1 16 11
11:41:22 1 45 4096 2822 7.4 3.1 16 11
11:41:23 1 45 4096 2822 7.4 3.1 16 11
11:41:24 1 45 4096 2822 7.4 3.1 16 11
11:41:25 1 45 4096 2822 7.4 3.1 16 11
11:41:26 1 44 4096 2822 7.8 3.1 16 11
11:41:27 1 40 4096 2822 9.1 3.2 16 11
11:41:28 1 48 4096 2822 6.3 3.2 16 11
11:41:29 1 48 4096 2822 6.3 3.2 16 11
11:41:30 1 48 4096 2822 6.3 3.1 16 11
11:41:31 1 48 4096 2822 6.2 3.1 16 11
11:41:33 1 47 4096 2822 6.7 3.1 16 11
11:41:34 1 47 4096 2822 6.5 3.1 16 11
11:41:35 1 48 4096 2822 6.4 3.1 16 11
11:41:36 1 48 4096 2822 6.4 3.1 16 11
11:41:37 1 48 4096 2822 6.4 3.1 16 11
11:41:38 1 44 4096 2822 7.7 3.2 16 11
11:41:39 1 41 4096 2822 8.6 3.2 16 11
11:41:40 1 44 4096 2822 7.8 3.2 16 11
11:41:41 1 44 4096 2822 7.8 3.2 16 11
11:41:42 1 44 4096 2822 7.8 3.2 16 11
11:41:43 1 44 4096 2822 7.8 3.2 16 11
11:41:44 1 44 4096 2822 7.8 3.2 16 11
11:41:45 1 44 4096 2822 7.8 3.2 16 11
11:41:46 1 44 4096 2822 7.8 3.2 16 11
11:41:47 1 44 4096 2822 7.8 3.2 16 11
11:41:49 1 44 4096 2822 7.8 3.2 16 11
11:41:50 1 44 4096 2822 7.8 3.2 16 11
11:41:51 1 44 4096 2822 7.8 3.2 16 11
11:41:52 1 44 4096 2822 7.8 3.2 16 11
11:41:53 1 44 4096 2822 7.8 3.2 16 11
11:41:54 1 44 4096 2822 7.8 3.2 16 11
11:41:55 1 44 4096 2822 7.8 3.2 16 11
11:41:56 1 44 4096 2822 7.8 3.2 16 11
11:41:57 1 44 4096 2822 7.8 3.2 16 11
11:41:58 1 44 4096 2822 7.8 3.2 16 11
11:41:59 1 44 4096 2822 7.8 3.2 16 11
11:42:00 1 44 4096 2822 7.8 3.2 16 11
11:42:01 1 44 4096 2822 7.8 3.2 16 11
11:42:02 1 45 4096 2822 7.4 3.2 16 11
11:42:04 1 45 4096 2822 7.4 3.2 16 11
11:42:05 1 45 4096 2822 7.5 3.2 16 11
11:42:06 1 45 4096 2822 7.4 3.2 16 11
11:42:07 1 45 4096 2822 7.4 3.2 16 11
11:42:08 1 45 4096 2822 7.4 3.2 16 11
11:42:09 1 45 4096 2822 7.4 3.2 16 11
11:42:10 1 45 4096 2822 7.4 3.2 16 11
11:42:11 1 45 4096 2822 7.4 3.2 16 11
11:42:12 1 45 4096 2822 7.4 3.2 16 11
11:42:13 1 45 4096 2822 7.4 3.2 16 11
11:42:14 1 45 4096 2822 7.4 3.2 16 11
11:42:15 1 45 4096 2822 7.4 3.2 16 11
11:42:16 1 45 4096 2822 7.4 3.2 16 11
11:42:18 1 45 4096 2822 7.4 3.2 16 11
11:42:19 1 45 4096 2822 7.4 3.2 16 11
11:42:20 1 45 4096 2822 7.4 3.2 16 11
11:42:21 1 45 4096 2822 7.4 3.2 16 11
11:42:22 1 45 4096 2822 7.4 3.2 16 11
11:42:23 1 45 4096 2822 7.4 3.2 16 11
11:42:24 1 45 4096 2822 7.4 3.2 16 11
11:42:25 1 40 4096 2822 9.2 3.2 16 11
11:42:26 1 48 4096 2822 6.6 3.2 16 11
11:42:27 1 48 4096 2822 6.6 3.2 16 11
11:42:28 1 47 4096 2822 6.7 3.2 16 11
11:42:29 1 48 4096 2822 6.3 3.2 16 11
11:42:30 1 49 4096 2822 6.2 3.2 16 11
11:42:31 1 48 4096 2822 6.3 3.2 16 11
11:42:32 1 49 4096 2822 6.2 3.2 16 11
11:42:33 1 49 4096 2822 6.1 3.2 16 11
11:42:35 1 49 4096 2822 6.1 3.2 16 11
11:42:36 1 44 4096 2822 7.8 3.2 16 11
11:42:37 1 41 4096 2822 8.9 3.2 16 11
11:42:38 1 44 4096 2822 7.8 3.2 16 11
11:42:39 1 44 4096 2822 7.7 3.2 16 11
11:42:40 1 44 4096 2822 7.8 3.2 16 11
11:42:41 1 44 4096 2822 7.8 3.2 16 11
11:42:42 1 44 4096 2822 7.8 3.2 16 11
11:42:43 1 44 4096 2822 7.8 3.2 16 11
11:42:44 1 44 4096 2822 7.7 3.2 16 11
11:42:45 1 44 4096 2822 7.8 3.2 16 11
11:42:46 1 44 4096 2822 7.8 3.2 16 11
11:42:47 1 44 4096 2822 7.8 3.2 16 11
11:42:48 1 44 4096 2822 7.8 3.2 16 11
11:42:50 1 44 4096 2822 7.8 3.2 16 11
11:42:51 1 44 4096 2822 7.8 3.2 16 11
11:42:52 1 44 4096 2822 7.8 3.2 16 11
11:42:53 1 44 4096 2822 7.8 3.2 16 11
11:42:54 1 44 4096 2822 7.8 3.2 16 11
11:42:55 1 44 4096 2822 7.8 3.2 16 11
11:42:56 1 44 4096 2822 7.8 3.2 16 11
11:42:57 1 44 4096 2822 7.8 3.2 16 11
11:42:58 1 44 4096 2822 7.8 3.2 16 11
11:42:59 1 44 4096 2822 7.8 3.2 16 11
11:43:00 1 45 4096 2822 7.4 3.2 16 11
11:43:01 1 45 4096 2822 7.4 3.2 16 11
11:43:02 1 45 4096 2822 7.4 3.2 16 11
11:43:04 1 45 4096 2822 7.4 3.2 16 11
11:43:05 1 45 4096 2822 7.4 3.2 16 11
11:43:06 1 45 4096 2822 7.4 3.2 16 11
11:43:07 1 45 4096 2822 7.4 3.2 16 11
11:43:08 1 45 4096 2822 7.4 3.2 16 11
11:43:09 1 45 4096 2822 7.4 3.2 16 11
11:43:10 1 45 4096 2822 7.4 3.2 16 11
11:43:11 1 45 4096 2822 7.4 3.2 16 11
11:43:12 1 45 4096 2822 7.4 3.2 16 11
11:43:13 1 45 4096 2822 7.4 3.2 16 11
11:43:14 1 45 4096 2822 7.4 3.2 16 11
11:43:15 1 45 4096 2822 7.4 3.1 16 11
11:43:16 1 45 4096 2822 7.4 3.1 16 11
11:43:17 1 45 4096 2822 7.4 3.1 16 11
11:43:19 1 45 4096 2822 7.4 3.1 16 11
11:43:20 1 45 4096 2822 7.4 3.1 16 11
11:43:21 1 44 4096 2822 7.4 3.1 16 11
11:43:22 1 45 4096 2822 7.4 3.1 16 11
11:43:23 1 39 4096 2822 9.2 3.2 16 11
11:43:24 1 48 4096 2822 6.3 3.2 16 11
11:43:25 1 48 4096 2822 6.3 3.2 16 11
11:43:26 1 47 4096 2822 6.3 3.1 16 11
11:43:27 1 48 4096 2822 6.3 3.1 16 11
11:43:28 1 48 4096 2822 6.3 3.1 16 11
11:43:29 1 46 4096 2822 6.7 2.9 16 11
11:43:30 1 46 4096 2822 6.5 2.8 16 11
11:43:31 1 46 4096 2822 6.4 2.9 16 11
11:43:32 1 46 4096 2822 6.4 2.9 16 11
11:43:33 1 43 4096 2822 7.7 2.9 16 11
11:43:34 1 46 4096 2822 6.5 2.9 16 11
11:43:36 1 40 4096 2822 8.5 2.9 16 11
11:43:37 1 43 4096 2822 7.8 3.0 16 11
11:43:38 1 43 4096 2822 7.8 3.0 16 11
11:43:39 1 43 4096 2822 7.8 3.0 16 11
11:43:40 1 43 4096 2822 7.8 3.1 16 11
11:43:41 1 43 4096 2822 7.8 3.1 16 11
11:43:42 1 43 4096 2822 7.8 3.1 16 11
11:43:43 1 43 4096 2822 7.8 3.1 16 11
11:43:44 1 43 4096 2822 7.8 3.1 16 11
11:43:45 1 43 4096 2822 7.8 3.1 16 11
11:43:46 1 43 4096 2822 7.8 3.1 16 11
11:43:47 1 43 4096 2822 7.8 3.1 16 11
11:43:48 1 43 4096 2822 7.8 3.1 16 11
11:43:49 1 43 4096 2822 7.8 3.1 16 11
11:43:51 1 43 4096 2822 7.8 3.1 16 11
11:43:52 1 43 4096 2822 7.8 3.1 16 11
11:43:53 1 43 4096 2822 7.8 3.1 16 11
11:43:54 1 44 4096 2822 7.8 3.1 16 11
11:43:55 1 44 4096 2822 7.8 3.1 16 11
11:43:56 1 44 4096 2822 7.8 3.1 16 11
11:43:57 1 44 4096 2822 7.8 3.1 16 11
11:43:58 1 44 4096 2822 7.8 3.1 16 11
11:43:59 1 45 4096 2822 7.4 3.1 16 11
11:44:00 1 45 4096 2822 7.4 3.1 16 11
11:44:01 1 45 4096 2822 7.4 3.2 16 11
11:44:02 1 45 4096 2822 7.4 3.2 16 11
11:44:03 1 45 4096 2822 7.4 3.2 16 11
11:44:05 1 45 4096 2822 7.5 3.2 16 11
11:44:06 1 45 4096 2822 7.5 3.2 16 11
11:44:07 1 45 4096 2822 7.4 3.2 16 11
11:44:08 1 45 4096 2822 7.5 3.2 16 11
11:44:09 1 45 4096 2822 7.5 3.2 16 11
11:44:10 1 45 4096 2822 7.5 3.2 16 11
11:44:11 1 45 4096 2822 7.5 3.2 16 11
11:44:12 1 45 4096 2822 7.4 3.2 16 11
11:44:13 1 45 4096 2822 7.4 3.2 16 11
11:44:14 1 45 4096 2822 7.4 3.2 16 11
11:44:15 1 45 4096 2822 7.4 3.2 16 11
11:44:16 1 45 4096 2822 7.4 3.2 16 11
11:44:17 1 45 4096 2822 7.4 3.2 16 11
11:44:18 1 45 4096 2822 7.4 3.2 16 11
11:44:20 1 45 4096 2822 7.4 3.2 16 11
11:44:21 1 40 4096 2822 9.3 3.2 16 11
11:44:22 1 47 4096 2822 6.6 3.2 16 11
11:44:23 1 47 4096 2822 6.6 2.9 16 11
11:44:24 1 48 4096 2822 6.6 2.9 16 11
11:44:25 1 49 4096 2822 6.3 2.9 16 11
11:44:26 1 49 4096 2822 6.3 2.9 16 11
11:44:27 1 49 4096 2822 6.3 3.0 16 11
11:44:28 1 49 4096 2822 6.2 3.0 16 11
11:44:29 1 49 4096 2822 6.2 3.0 16 11
11:44:30 1 49 4096 2822 6.2 3.0 16 11
11:44:31 1 45 4096 2822 7.7 3.1 16 11
11:44:32 1 51 4096 2822 5.5 3.1 16 11
11:44:33 1 42 4096 2822 8.6 3.1 16 11
11:44:34 1 45 4096 2822 7.8 3.1 16 11
11:44:35 1 45 4096 2822 7.8 3.1 16 11
11:44:37 1 45 4096 2822 7.8 3.1 16 11
11:44:38 1 45 4096 2822 7.8 3.1 16 11
11:44:39 1 45 4096 2822 7.8 3.1 16 11
11:44:40 1 45 4096 2822 7.8 3.1 16 11
11:44:41 1 45 4096 2822 7.8 3.1 16 11
11:44:42 1 45 4096 2822 7.8 3.1 16 11
11:44:43 1 45 4096 2822 7.8 3.1 16 11
11:44:44 1 45 4096 2822 7.8 3.1 16 11
11:44:45 1 45 4096 2822 7.9 3.1 16 11
11:44:46 1 45 4096 2822 7.8 3.2 16 11
11:44:47 1 45 4096 2822 7.8 3.2 16 11
11:44:48 1 45 4096 2822 7.8 3.2 16 11
11:44:49 1 45 4096 2822 7.8 3.2 16 11
11:44:50 1 45 4096 2822 7.8 3.2 16 11
11:44:52 1 45 4096 2822 7.8 3.2 16 11
11:44:53 1 45 4096 2822 7.8 3.2 16 11
11:44:54 1 45 4096 2822 7.8 3.1 16 11
11:44:55 1 45 4096 2822 7.8 3.1 16 11
11:44:56 1 45 4096 2822 7.8 3.1 16 11
11:44:57 1 46 4096 2822 7.4 3.1 16 11
11:44:58 1 46 4096 2822 7.4 3.1 16 11
11:44:59 1 46 4096 2822 7.4 3.1 16 11
11:45:00 1 46 4096 2822 7.5 3.1 16 11
11:45:01 1 46 4096 2822 7.4 3.1 16 11
11:45:02 1 46 4096 2822 7.4 3.1 16 11
11:45:03 1 46 4096 2822 7.5 3.1 16 11
11:45:04 1 46 4096 2822 7.4 3.1 16 11
11:45:06 1 46 4096 2822 7.4 3.1 16 11
11:45:07 1 46 4096 2822 7.4 3.1 16 11
11:45:08 1 46 4096 2822 7.4 3.1 16 11
11:45:09 1 46 4096 2822 7.4 3.1 16 11
11:45:10 1 46 4096 2822 7.4 3.1 16 11
11:45:11 1 46 4096 2822 7.4 3.1 16 11
11:45:12 1 45 4096 2822 7.5 3.1 16 11
11:45:13 1 45 4096 2822 7.5 3.1 16 11
11:45:14 1 46 4096 2822 7.4 3.1 16 11
11:45:15 1 46 4096 2822 7.4 3.1 16 11
11:45:16 1 46 4096 2822 7.4 3.1 16 11
11:45:17 1 46 4096 2822 7.4 3.1 16 11
11:45:18 1 43 4096 2822 7.8 3.0 16 11
11:45:19 1 40 4096 2822 9.0 3.0 16 11
11:45:21 1 47 4096 2822 6.3 2.2 16 11
11:45:22 1 45 4096 2822 6.4 2.1 16 11
11:45:23 1 45 4096 2822 6.4 2.1 16 11
11:45:24 1 45 4096 2822 6.3 2.1 16 11
11:45:25 1 44 4096 2822 6.7 2.2 16 11
11:45:26 1 45 4096 2822 6.5 2.2 16 11
11:45:27 1 45 4096 2822 6.4 2.3 16 11
11:45:28 1 45 4096 2822 6.4 2.3 16 11
11:45:29 1 45 4096 2822 6.4 2.3 16 11
11:45:30 1 42 4096 2822 7.7 2.3 16 11
11:45:31 1 39 4096 2822 8.5 2.4 16 11
11:45:32 1 41 4096 2822 7.8 2.5 16 11
11:45:33 1 42 4096 2822 7.8 2.6 16 11
11:45:34 1 42 4096 2822 7.8 2.7 16 11
11:45:35 1 42 4096 2822 7.8 2.8 16 11
11:45:37 1 42 4096 2822 7.8 2.8 16 11
11:45:38 1 43 4096 2822 7.8 2.9 16 11
11:45:39 1 43 4096 2822 7.8 2.9 16 11
11:45:40 1 43 4096 2822 7.8 3.0 16 11
11:45:41 1 43 4096 2822 7.8 3.0 16 11
11:45:42 1 43 4096 2822 7.8 3.0 16 11
11:45:43 1 43 4096 2822 7.9 3.0 16 11
11:45:44 1 43 4096 2822 7.8 3.1 16 11
11:45:45 1 43 4096 2822 7.8 3.1 16 11
11:45:46 1 43 4096 2822 7.8 3.1 16 11
11:45:47 1 44 4096 2822 7.8 3.1 16 11
11:45:48 1 44 4096 2822 7.8 3.1 16 11
11:45:49 1 43 4096 2822 7.8 3.0 16 11
11:45:50 1 43 4096 2822 7.8 3.0 16 11
11:45:52 1 43 4096 2822 7.8 3.0 16 11
11:45:53 1 43 4096 2822 7.8 3.0 16 11
11:45:54 1 43 4096 2822 7.8 3.0 16 11
11:45:55 1 45 4096 2822 7.4 3.0 16 11
11:45:56 1 44 4096 2822 7.4 3.0 16 11
11:45:57 1 45 4096 2822 7.4 3.0 16 11
11:45:58 1 44 4096 2822 7.5 3.0 16 11
11:45:59 1 45 4096 2822 7.5 3.0 16 11
11:46:00 1 45 4096 2822 7.5 3.0 16 11
11:46:01 1 44 4096 2822 7.5 3.0 16 11
11:46:02 1 44 4096 2822 7.5 3.0 16 11
11:46:03 1 44 4096 2822 7.4 3.0 16 11
11:46:04 1 44 4096 2822 7.5 3.0 16 11
11:46:05 1 44 4096 2822 7.5 3.0 16 11
11:46:07 1 44 4096 2822 7.5 3.0 16 11
11:46:08 1 44 4096 2822 7.4 3.0 16 11
11:46:09 1 44 4096 2822 7.4 3.0 16 11
11:46:10 1 44 4096 2822 7.5 3.0 16 11
11:46:11 1 44 4096 2822 7.4 3.0 16 11
11:46:12 1 44 4096 2822 7.5 3.0 16 11
11:46:13 1 44 4096 2822 7.5 3.0 16 11
11:46:14 1 44 4096 2822 7.5 3.0 16 11
11:46:15 1 44 4096 2822 7.4 3.0 16 11
11:46:16 1 44 4096 2822 7.4 3.0 16 11
11:46:17 1 39 4096 2822 9.3 3.0 16 11
11:46:18 1 47 4096 2822 6.6 3.0 16 11
11:46:19 1 47 4096 2822 6.6 3.0 16 11
11:46:20 1 47 4096 2822 6.7 3.0 16 11
11:46:21 1 48 4096 2822 6.3 3.0 16 11
11:46:22 1 48 4096 2822 6.3 3.0 16 11
11:46:24 1 48 4096 2822 6.3 3.0 16 11
11:46:25 1 48 4096 2822 6.2 3.1 16 11
11:46:26 1 49 4096 2822 6.2 3.1 16 11
11:46:27 1 49 4096 2822 6.2 3.1 16 11
11:46:28 1 44 4096 2822 7.8 3.1 16 11
11:46:29 1 41 4096 2822 8.9 3.1 16 11
11:46:30 1 45 4096 2822 7.8 3.1 16 11
11:46:31 1 44 4096 2822 7.8 3.1 16 11
11:46:32 1 44 4096 2822 7.8 3.1 16 11
11:46:33 1 44 4096 2822 7.8 3.1 16 11
11:46:34 1 44 4096 2822 7.8 3.1 16 11
11:46:35 1 44 4096 2822 7.8 3.1 16 11
11:46:36 1 44 4096 2822 7.8 3.1 16 11
11:46:37 1 44 4096 2822 7.8 3.1 16 11
11:46:38 1 44 4096 2822 7.8 3.1 16 11
11:46:40 1 44 4096 2822 7.8 3.1 16 11
11:46:41 1 44 4096 2822 7.8 3.1 16 11
11:46:42 1 44 4096 2822 7.8 3.1 16 11
11:46:43 1 44 4096 2822 7.8 3.1 16 11
11:46:44 1 44 4096 2822 7.8 3.1 16 11
11:46:45 1 44 4096 2822 7.8 3.1 16 11
11:46:46 1 44 4096 2822 7.8 3.1 16 11
11:46:47 1 44 4096 2822 7.8 3.1 16 11
11:46:48 1 44 4096 2822 7.8 3.1 16 11
11:46:49 1 44 4096 2822 7.8 3.1 16 11
11:46:50 1 44 4096 2822 7.8 3.1 16 11
11:46:51 1 44 4096 2822 7.8 3.1 16 11
11:46:52 1 45 4096 2822 7.4 3.1 16 11
11:46:53 1 45 4096 2822 7.4 3.1 16 11
11:46:54 1 45 4096 2822 7.4 3.1 16 11
11:46:56 1 45 4096 2822 7.5 3.1 16 11
11:46:57 1 45 4096 2822 7.5 3.1 16 11
11:46:58 1 45 4096 2822 7.5 3.1 16 11
11:46:59 1 45 4096 2822 7.5 3.1 16 11
11:47:00 1 45 4096 2822 7.5 3.1 16 11
11:47:01 1 44 4096 2822 7.5 3.0 16 11
11:47:02 1 44 4096 2822 7.4 3.0 16 11
11:47:03 1 44 4096 2822 7.4 3.0 16 11
11:47:04 1 44 4096 2822 7.4 3.0 16 11
11:47:05 1 44 4096 2822 7.4 3.0 16 11
11:47:06 1 44 4096 2822 7.4 3.0 16 11
11:47:07 1 44 4096 2822 7.4 3.0 16 11
11:47:08 1 44 4096 2822 7.4 3.0 16 11
11:47:09 1 44 4096 2822 7.5 3.0 16 11
11:47:11 1 44 4096 2822 7.5 3.0 16 11
11:47:12 1 44 4096 2822 7.4 3.0 16 11
11:47:13 1 44 4096 2822 7.4 3.0 16 11
11:47:14 1 44 4096 2822 7.4 3.0 16 11
11:47:15 1 39 4096 2822 9.2 3.0 16 11
11:47:16 1 48 4096 2822 6.3 3.0 16 11
11:47:17 1 48 4096 2822 6.3 3.0 16 11
11:47:18 1 48 4096 2822 6.3 3.0 16 11
11:47:19 1 48 4096 2822 6.2 3.0 16 11
11:47:20 1 48 4096 2822 6.3 3.0 16 11
11:47:21 1 47 4096 2822 6.6 3.0 16 11
11:47:22 1 47 4096 2822 6.6 3.0 16 11
11:47:23 1 47 4096 2822 6.5 3.1 16 11
11:47:24 1 48 4096 2822 6.4 3.1 16 11
11:47:25 1 44 4096 2822 7.6 3.1 16 11
11:47:26 1 51 4096 2822 5.4 3.1 16 11
11:47:28 1 42 4096 2822 8.5 3.1 16 11
11:47:29 1 44 4096 2822 7.9 3.1 16 11
11:47:30 1 44 4096 2822 7.8 3.1 16 11
11:47:31 1 44 4096 2822 7.9 3.1 16 11
11:47:32 1 44 4096 2822 7.8 3.1 16 11
11:47:33 1 44 4096 2822 7.8 3.1 16 11
11:47:34 1 44 4096 2822 7.8 3.1 16 11
11:47:35 1 44 4096 2822 7.8 3.1 16 11
11:47:36 1 44 4096 2822 7.8 3.1 16 11
11:47:37 1 44 4096 2822 7.8 3.1 16 11
11:47:38 1 44 4096 2822 7.8 3.1 16 11
11:47:39 1 44 4096 2822 7.8 3.1 16 11
11:47:40 1 44 4096 2822 7.8 3.1 16 11
11:47:41 1 44 4096 2822 7.8 3.1 16 11
11:47:43 1 44 4096 2822 7.8 3.1 16 11
11:47:44 1 44 4096 2822 7.8 3.1 16 11
11:47:45 1 44 4096 2822 7.8 3.1 16 11
11:47:46 1 44 4096 2822 7.8 3.1 16 11
11:47:47 1 44 4096 2822 7.8 3.1 16 11
11:47:48 1 44 4096 2822 7.8 3.1 16 11
11:47:49 1 44 4096 2822 7.8 3.1 16 11
11:47:50 1 44 4096 2822 7.8 3.1 16 11
11:47:51 1 45 4096 2822 7.4 3.1 16 11
11:47:52 1 45 4096 2822 7.4 3.1 16 11
11:47:53 1 45 4096 2822 7.4 3.1 16 11
11:47:54 1 45 4096 2822 7.5 3.1 16 11
11:47:55 1 45 4096 2822 7.4 3.1 16 11
11:47:56 1 45 4096 2822 7.4 3.1 16 11
11:47:57 1 45 4096 2822 7.4 3.1 16 11
11:47:59 1 45 4096 2822 7.4 3.1 16 11
11:48:00 1 45 4096 2822 7.4 3.1 16 11
11:48:01 1 45 4096 2822 7.4 3.1 16 11
11:48:02 1 45 4096 2822 7.4 3.1 16 11
11:48:03 1 45 4096 2822 7.4 3.1 16 11
11:48:04 1 45 4096 2822 7.4 3.1 16 11
11:48:05 1 45 4096 2822 7.5 3.1 16 11
11:48:06 1 45 4096 2822 7.4 3.1 16 11
11:48:07 1 45 4096 2822 7.4 3.1 16 11
11:48:08 1 45 4096 2822 7.4 3.1 16 11
11:48:09 1 45 4096 2822 7.4 3.1 16 11
11:48:10 1 45 4096 2822 7.4 3.1 16 11
11:48:11 1 45 4096 2822 7.4 3.1 16 11
11:48:12 1 44 4096 2822 7.8 3.1 16 11
11:48:14 1 40 4096 2822 9.1 3.1 16 11
11:48:15 1 47 4096 2822 6.6 3.1 16 11
11:48:16 1 47 4096 2822 6.6 3.1 16 11
11:48:17 1 47 4096 2822 6.7 3.1 16 11
11:48:18 1 49 4096 2822 6.2 3.1 16 11
11:48:19 1 48 4096 2822 6.3 3.0 16 11
11:48:20 1 48 4096 2822 6.2 3.0 16 11
11:48:21 1 49 4096 2822 6.2 3.1 16 11
11:48:22 1 49 4096 2822 6.1 3.1 16 11
11:48:23 1 49 4096 2822 6.1 3.1 16 11
11:48:24 1 44 4096 2822 7.8 3.1 16 11
11:48:25 1 42 4096 2822 8.6 3.1 16 11
11:48:26 1 44 4096 2822 7.8 3.1 16 11
11:48:27 1 44 4096 2822 7.8 3.1 16 11
11:48:28 1 44 4096 2822 7.8 3.1 16 11
11:48:30 1 44 4096 2822 7.8 3.1 16 11
11:48:31 1 44 4096 2822 7.8 3.1 16 11
11:48:32 1 44 4096 2822 7.8 3.1 16 11
11:48:33 1 44 4096 2822 7.8 3.1 16 11
11:48:34 1 44 4096 2822 7.8 3.1 16 11
11:48:35 1 44 4096 2822 7.8 3.1 16 11
11:48:36 1 44 4096 2822 7.8 3.1 16 11
11:48:37 1 44 4096 2822 7.9 3.1 16 11
11:48:38 1 44 4096 2822 7.8 3.1 16 11
11:48:39 1 44 4096 2822 7.8 3.1 16 11
11:48:40 1 44 4096 2822 7.8 3.1 16 11
11:48:41 1 44 4096 2822 7.8 3.1 16 11
11:48:42 1 44 4096 2822 7.8 3.1 16 11
11:48:43 1 44 4096 2822 7.8 3.1 16 11
11:48:45 1 44 4096 2822 7.8 3.1 16 11
11:48:46 1 44 4096 2822 7.8 3.1 16 11
11:48:47 1 44 4096 2822 7.8 3.1 16 11
11:48:48 1 44 4096 2822 7.8 3.1 16 11
11:48:49 1 45 4096 2822 7.4 3.1 16 11
11:48:50 1 45 4096 2822 7.4 3.1 16 11
11:48:51 1 45 4096 2822 7.4 3.1 16 11
11:48:52 1 45 4096 2822 7.4 3.1 16 11
11:48:53 1 45 4096 2822 7.4 3.1 16 11
11:48:54 1 45 4096 2822 7.4 3.1 16 11
11:48:55 1 45 4096 2822 7.4 3.1 15 11
11:48:56 1 45 4096 2822 7.4 3.1 15 11
11:48:57 1 45 4096 2822 7.4 3.1 15 11
11:48:58 1 45 4096 2822 7.4 3.1 15 11
11:48:59 1 45 4096 2822 7.4 3.1 15 11
11:49:01 1 45 4096 2822 7.4 3.1 15 11
11:49:02 1 45 4096 2822 7.4 3.1 15 11
11:49:03 1 45 4096 2822 7.4 3.1 15 11
11:49:04 1 45 4096 2822 7.4 3.1 15 11
11:49:05 1 45 4096 2822 7.4 3.1 15 11
11:49:06 1 45 4096 2822 7.4 3.1 15 11
11:49:07 1 45 4096 2822 7.4 3.1 15 11
11:49:08 1 45 4096 2822 7.4 3.1 15 11
11:49:09 1 45 4096 2822 7.4 3.1 15 11
11:49:10 1 45 4096 2822 7.4 3.1 15 11
11:49:11 1 40 4096 2822 9.1 3.1 15 11
11:49:12 1 49 4096 2822 6.2 3.1 15 11
11:49:13 1 49 4096 2822 6.1 3.1 15 11
11:49:15 1 48 4096 2822 6.2 3.1 15 11
11:49:16 1 48 4096 2822 6.3 3.1 15 11
11:49:17 1 48 4096 2822 6.2 3.1 15 11
11:49:18 1 47 4096 2822 6.6 3.1 15 11
11:49:19 1 47 4096 2822 6.6 3.1 15 11
11:49:20 1 48 4096 2822 6.5 3.1 15 11
11:49:21 1 48 4096 2822 6.4 3.1 15 11
11:49:22 1 44 4096 2822 7.7 3.1 15 11
11:49:23 1 40 4096 2822 8.9 3.1 15 11
11:49:24 1 44 4096 2822 7.8 3.1 15 11
11:49:25 1 44 4096 2822 7.7 3.1 15 11
11:49:26 1 44 4096 2822 7.7 3.1 15 11
11:49:27 1 44 4096 2822 7.8 3.1 15 11
11:49:28 1 44 4096 2822 7.8 3.1 15 11
11:49:29 1 44 4096 2822 7.8 3.1 15 11
11:49:30 1 44 4096 2822 7.7 3.1 15 11
11:49:32 1 44 4096 2822 7.8 3.1 15 11
11:49:33 1 44 4096 2822 7.8 3.1 15 11
11:49:34 1 44 4096 2822 7.8 3.1 15 11
11:49:35 1 44 4096 2822 7.8 3.1 15 11
11:49:36 1 44 4096 2822 7.8 3.1 15 11
11:49:37 1 44 4096 2822 7.8 3.1 15 11
11:49:38 1 44 4096 2822 7.8 3.1 15 11
11:49:39 1 44 4096 2822 7.8 3.1 15 11
11:49:40 1 44 4096 2822 7.8 3.1 15 11
11:49:41 1 44 4096 2822 7.8 3.1 15 11
11:49:42 1 44 4096 2822 7.8 3.1 15 11
11:49:43 1 44 4096 2822 7.8 3.1 15 11
11:49:44 1 44 4096 2822 7.8 3.1 15 11
11:49:46 1 44 4096 2822 7.7 3.1 15 11
11:49:47 1 45 4096 2822 7.4 3.1 15 11
11:49:48 1 45 4096 2822 7.4 3.0 15 11
11:49:49 1 44 4096 2822 7.4 3.0 15 11
11:49:50 1 44 4096 2822 7.4 3.0 15 11
11:49:51 1 44 4096 2822 7.4 3.0 15 11
11:49:52 1 44 4096 2822 7.4 3.0 15 11
11:49:53 1 44 4096 2822 7.4 3.0 15 11
11:49:54 1 44 4096 2822 7.4 3.0 15 11
11:49:55 1 44 4096 2822 7.4 3.0 15 11
11:49:56 1 44 4096 2822 7.5 3.0 15 11
11:49:57 1 45 4096 2822 7.4 3.0 15 11
11:49:58 1 45 4096 2822 7.4 3.0 15 11
11:50:00 1 45 4096 2822 7.4 3.0 15 11
11:50:01 1 44 4096 2822 7.5 3.0 15 11
11:50:02 1 45 4096 2822 7.4 3.0 15 11
11:50:03 1 45 4096 2822 7.4 3.0 15 11
11:50:04 1 45 4096 2822 7.4 3.0 15 11
11:50:05 1 45 4096 2822 7.4 3.0 15 11
11:50:06 1 45 4096 2822 7.4 3.0 15 11
11:50:07 1 45 4096 2822 7.4 3.0 15 11
11:50:08 1 45 4096 2822 7.4 3.0 15 11
11:50:09 1 40 4096 2822 9.2 3.0 15 11
11:50:10 1 47 4096 2822 6.6 3.0 15 11
11:50:11 1 47 4096 2822 6.6 3.0 15 11
11:50:12 1 47 4096 2822 6.7 3.0 15 11
11:50:13 1 48 4096 2822 6.3 3.0 15 11
11:50:14 1 48 4096 2822 6.2 3.0 15 11
11:50:15 1 48 4096 2822 6.3 3.1 15 11
11:50:17 1 48 4096 2822 6.2 3.1 15 11
11:50:18 1 49 4096 2822 6.1 3.1 15 11
11:50:19 1 49 4096 2822 6.1 3.1 15 11
11:50:20 1 44 4096 2822 7.7 3.1 15 11
11:50:21 1 51 4096 2822 5.5 3.1 15 11
11:50:22 1 42 4096 2822 8.5 3.1 15 11
11:50:23 1 44 4096 2822 7.7 3.1 15 11
11:50:24 1 43 4096 2822 7.7 3.1 15 11
11:50:25 1 43 4096 2822 7.7 3.1 15 11
11:50:26 1 43 4096 2822 7.8 3.1 15 11
11:50:27 1 43 4096 2822 7.8 3.1 15 11
11:50:28 1 43 4096 2822 7.7 3.1 15 11
11:50:29 1 43 4096 2822 7.7 3.1 15 11
11:50:30 1 43 4096 2822 7.8 3.1 15 11
11:50:32 1 43 4096 2822 7.8 3.1 15 11
11:50:33 1 43 4096 2822 7.8 3.1 15 11
11:50:34 1 43 4096 2822 7.9 3.1 15 11
11:50:35 1 43 4096 2822 7.8 3.1 15 11
11:50:36 1 43 4096 2822 7.8 3.1 15 11
11:50:37 1 43 4096 2822 7.8 3.1 15 11
11:50:38 1 43 4096 2822 7.8 3.1 15 11
11:50:39 1 43 4096 2822 7.8 3.1 15 11
11:50:40 1 43 4096 2822 7.8 3.1 15 11
11:50:41 1 43 4096 2822 7.8 3.1 15 11
11:50:42 1 43 4096 2822 7.8 3.1 15 11
11:50:43 1 43 4096 2822 7.8 3.1 15 11
11:50:44 1 43 4096 2822 7.7 3.1 15 11
11:50:45 1 44 4096 2822 7.4 3.1 15 11
11:50:47 1 44 4096 2822 7.4 3.1 15 11
11:50:48 1 44 4096 2822 7.4 3.1 15 11
11:50:49 1 44 4096 2822 7.4 3.1 15 11
11:50:50 1 44 4096 2822 7.4 3.1 15 11
11:50:51 1 44 4096 2822 7.4 3.1 15 11
11:50:52 1 44 4096 2822 7.4 3.1 15 11
11:50:53 1 44 4096 2822 7.4 3.1 15 11
11:50:54 1 44 4096 2822 7.4 3.1 15 11
11:50:55 1 44 4096 2822 7.4 3.1 15 11
11:50:56 1 44 4096 2822 7.4 3.1 15 11
11:50:57 1 44 4096 2822 7.4 3.1 15 11
11:50:58 1 44 4096 2822 7.4 3.1 15 11
11:50:59 1 44 4096 2822 7.4 3.1 15 11
11:51:00 1 44 4096 2822 7.5 3.1 15 11
11:51:02 1 44 4096 2822 7.4 3.1 15 11
11:51:03 1 44 4096 2822 7.4 3.1 15 11
11:51:04 1 44 4096 2822 7.4 3.1 15 11
11:51:05 1 44 4096 2822 7.4 3.1 15 11
11:51:06 1 44 4096 2822 7.4 3.1 15 11
11:51:07 1 39 4096 2822 9.1 3.1 15 11
11:51:08 1 44 4096 2822 7.3 3.0 15 11
11:51:09 1 48 4096 2822 6.2 3.0 15 11
11:51:10 1 47 4096 2822 6.3 3.0 15 11
11:51:11 1 47 4096 2822 6.3 3.0 15 11
11:51:12 1 48 4096 2822 6.2 3.0 15 11
11:51:13 1 46 4096 2822 6.6 3.1 15 11
11:51:14 1 47 4096 2822 6.6 3.1 15 11
11:51:15 1 47 4096 2822 6.5 3.1 15 11
11:51:16 1 47 4096 2822 6.5 3.1 15 11
11:51:17 1 44 4096 2822 7.5 3.1 15 11
11:51:18 1 44 4096 2822 7.7 3.1 15 11
11:51:20 1 41 4096 2822 8.6 3.1 15 11
11:51:21 1 43 4096 2822 7.7 3.1 15 11
11:51:22 1 43 4096 2822 7.7 3.1 15 11
11:51:23 1 43 4096 2822 7.8 3.1 15 11
11:51:24 1 43 4096 2822 7.7 3.1 15 11
11:51:25 1 43 4096 2822 7.7 3.1 15 11
11:51:26 1 44 4096 2822 7.7 3.1 15 11
11:51:27 1 45 4096 2822 7.7 3.1 15 11
11:51:28 1 45 4096 2822 7.8 3.1 15 11
11:51:29 1 44 4096 2822 7.8 3.1 15 11
11:51:30 1 44 4096 2822 7.8 3.1 15 11
11:51:31 1 44 4096 2822 7.9 3.1 15 11
11:51:32 1 44 4096 2822 7.8 3.1 15 11
11:51:33 1 44 4096 2822 7.8 3.1 15 11
11:51:35 1 45 4096 2822 7.8 3.1 15 11
11:51:36 1 44 4096 2822 7.8 3.1 15 11
11:51:37 1 44 4096 2822 7.8 3.1 15 11
11:51:38 1 44 4096 2822 7.8 3.1 15 11
11:51:39 1 44 4096 2822 7.8 3.1 15 11
11:51:40 1 44 4096 2822 7.7 3.1 15 11
11:51:41 1 44 4096 2822 7.7 3.1 15 11
11:51:42 1 44 4096 2822 7.8 3.1 15 11
11:51:43 1 45 4096 2822 7.4 3.1 15 11
11:51:44 1 45 4096 2822 7.4 3.0 15 11
11:51:45 1 45 4096 2822 7.4 3.0 15 11
11:51:46 1 45 4096 2822 7.4 3.0 15 11
11:51:47 1 45 4096 2822 7.4 3.0 15 11
11:51:48 1 45 4096 2822 7.4 3.0 15 11
11:51:50 1 45 4096 2822 7.4 3.0 15 11
11:51:51 1 45 4096 2822 7.4 3.0 15 11
11:51:52 1 45 4096 2822 7.4 3.0 15 11
11:51:53 1 45 4096 2822 7.4 3.0 15 11
11:51:54 1 45 4096 2822 7.4 3.0 15 11
11:51:55 1 45 4096 2822 7.4 3.0 15 11
11:51:56 1 45 4096 2822 7.4 3.0 15 11
11:51:57 1 45 4096 2822 7.4 3.0 15 11
11:51:58 1 45 4096 2822 7.4 3.0 15 11
11:51:59 1 45 4096 2822 7.4 3.0 15 11
11:52:00 1 45 4096 2822 7.5 3.0 15 11
11:52:01 1 45 4096 2822 7.4 3.0 15 11
11:52:02 1 45 4096 2822 7.4 3.0 15 11
11:52:04 1 45 4096 2822 7.4 3.0 15 11
11:52:05 1 45 4096 2822 7.4 3.0 15 11
11:52:06 1 40 4096 2822 9.2 3.0 15 11
11:52:07 1 47 4096 2822 6.6 3.0 15 11
11:52:08 1 47 4096 2822 6.6 3.0 15 11
11:52:09 1 47 4096 2822 6.7 3.0 15 11
11:52:10 1 48 4096 2822 6.3 3.0 15 11
11:52:11 1 49 4096 2822 6.2 3.0 15 11
11:52:12 1 48 4096 2822 6.2 3.1 15 11
11:52:13 1 49 4096 2822 6.2 3.1 15 11
11:52:14 1 49 4096 2822 6.1 3.1 15 11
11:52:15 1 47 4096 2822 6.1 2.7 15 11
11:52:16 1 42 4096 2822 7.8 2.7 15 11
11:52:17 1 45 4096 2822 6.6 2.7 15 11
11:52:18 1 40 4096 2822 8.6 2.8 15 11
11:52:19 1 42 4096 2822 7.8 2.8 15 11
11:52:21 1 42 4096 2822 7.8 2.9 15 11
11:52:22 1 43 4096 2822 7.8 2.9 15 11
11:52:23 1 43 4096 2822 7.8 2.9 15 11
11:52:24 1 43 4096 2822 7.8 3.0 15 11
11:52:25 1 43 4096 2822 7.8 3.0 15 11
11:52:26 1 43 4096 2822 7.8 3.0 15 11
11:52:27 1 43 4096 2822 7.8 3.0 15 11
11:52:28 1 43 4096 2822 7.8 3.0 15 11
11:52:29 1 43 4096 2822 7.8 3.0 15 11
11:52:30 1 43 4096 2822 7.8 3.0 15 11
11:52:31 1 43 4096 2822 7.8 3.0 15 11
11:52:32 1 43 4096 2822 7.9 3.0 15 11
11:52:33 1 43 4096 2822 7.9 3.0 15 11
11:52:34 1 43 4096 2822 7.8 3.0 15 11
11:52:36 1 43 4096 2822 7.8 3.1 15 11
11:52:37 1 43 4096 2822 7.8 3.1 15 11
11:52:38 1 43 4096 2822 7.8 3.1 15 11
11:52:39 1 43 4096 2822 7.8 3.1 15 11
11:52:40 1 44 4096 2822 7.8 3.1 15 11
11:52:41 1 43 4096 2822 7.9 3.1 15 11
11:52:42 1 45 4096 2822 7.4 3.1 15 11
11:52:43 1 45 4096 2822 7.4 3.1 15 11
11:52:44 1 45 4096 2822 7.4 3.1 15 11
11:52:45 1 45 4096 2822 7.4 3.1 15 11
11:52:46 1 45 4096 2822 7.4 3.1 15 11
11:52:47 1 45 4096 2822 7.5 3.1 15 11
11:52:48 1 44 4096 2822 7.5 3.1 15 11
11:52:49 1 44 4096 2822 7.5 3.1 15 11
11:52:50 1 45 4096 2822 7.5 3.0 15 11
11:52:52 1 45 4096 2822 7.4 3.0 15 11
11:52:53 1 44 4096 2822 7.4 3.0 15 11
11:52:54 1 44 4096 2822 7.4 3.0 15 11
11:52:55 1 44 4096 2822 7.4 3.0 15 11
11:52:56 1 44 4096 2822 7.4 3.0 15 11
11:52:57 1 44 4096 2822 7.4 3.0 15 11
11:52:58 1 44 4096 2822 7.4 3.0 15 11
11:52:59 1 44 4096 2822 7.4 3.0 15 11
11:53:00 1 44 4096 2822 7.4 3.0 15 11
11:53:01 1 44 4096 2822 7.4 3.0 15 11
11:53:02 1 44 4096 2822 7.4 3.0 15 11
11:53:03 1 40 4096 2822 9.1 3.0 15 11
11:53:04 1 48 4096 2822 6.2 3.0 15 11
11:53:06 1 48 4096 2822 6.3 3.0 15 11
11:53:07 1 48 4096 2822 6.3 3.0 15 11
11:53:08 1 47 4096 2822 6.3 3.0 15 11
11:53:09 1 48 4096 2822 6.3 3.0 15 11
11:53:10 1 47 4096 2822 6.6 3.0 15 11
11:53:11 1 47 4096 2822 6.5 3.0 15 11
11:53:12 1 48 4096 2822 6.4 3.1 15 11
11:53:13 1 48 4096 2822 6.4 3.1 15 11
11:53:14 1 44 4096 2822 7.6 3.1 15 11
11:53:15 1 51 4096 2822 5.4 3.1 15 11
11:53:16 1 41 4096 2822 8.6 3.0 15 11
11:53:17 1 43 4096 2822 7.8 3.0 15 11
11:53:18 1 43 4096 2822 7.8 3.0 15 11
11:53:19 1 43 4096 2822 7.8 3.1 15 11
11:53:20 1 43 4096 2822 7.8 3.1 15 11
11:53:21 1 43 4096 2822 7.8 3.1 15 11
11:53:23 1 43 4096 2822 7.8 3.1 15 11
11:53:24 1 43 4096 2822 7.8 3.1 15 11
11:53:25 1 43 4096 2822 7.8 3.1 15 11
11:53:26 1 43 4096 2822 7.8 3.1 15 11
11:53:27 1 43 4096 2822 7.8 3.1 15 11
11:53:28 1 43 4096 2822 7.8 3.1 15 11
11:53:29 1 43 4096 2822 7.8 3.1 15 11
11:53:30 1 43 4096 2822 7.8 3.1 15 11
11:53:31 1 43 4096 2822 7.8 3.1 15 11
11:53:32 1 43 4096 2822 7.8 3.1 15 11
11:53:33 1 43 4096 2822 7.8 3.1 15 11
11:53:34 1 43 4096 2822 7.8 3.1 15 11
11:53:35 1 43 4096 2822 7.8 3.1 15 11
11:53:37 1 43 4096 2822 7.8 3.1 15 11
11:53:38 1 43 4096 2822 7.8 3.1 15 11
11:53:39 1 43 4096 2822 7.8 3.1 15 11
11:53:40 1 44 4096 2822 7.4 3.1 15 11
11:53:41 1 44 4096 2822 7.4 3.1 15 11
11:53:42 1 44 4096 2822 7.4 3.1 15 11
11:53:43 1 44 4096 2822 7.4 3.1 15 11
11:53:44 1 44 4096 2822 7.4 3.1 15 11
11:53:45 1 44 4096 2822 7.5 3.0 15 11
11:53:46 1 44 4096 2822 7.5 3.0 15 11
11:53:47 1 44 4096 2822 7.5 3.0 15 11
11:53:48 1 44 4096 2822 7.4 3.0 15 11
11:53:49 1 44 4096 2822 7.4 3.0 15 11
11:53:50 1 44 4096 2822 7.4 3.0 15 11
11:53:52 1 44 4096 2822 7.4 3.0 15 11
11:53:53 1 44 4096 2822 7.4 3.0 15 11
11:53:54 1 44 4096 2822 7.4 3.0 15 11
11:53:55 1 44 4096 2822 7.4 3.0 15 11
11:53:56 1 44 4096 2822 7.4 3.0 15 11
11:53:57 1 44 4096 2822 7.4 3.0 15 11
11:53:58 1 44 4096 2822 7.4 3.0 15 11
11:53:59 1 44 4096 2822 7.4 3.0 15 11
11:54:00 1 44 4096 2822 7.4 3.0 15 11
11:54:01 1 44 4096 2822 7.4 3.0 15 11
11:54:02 1 39 4096 2822 9.1 3.0 15 11
11:54:03 1 47 4096 2822 6.6 3.0 15 11
11:54:04 1 47 4096 2822 6.6 3.0 15 11
11:54:05 1 47 4096 2822 6.7 3.0 15 11
11:54:07 1 48 4096 2822 6.2 3.0 15 11
11:54:08 1 48 4096 2822 6.2 3.0 15 11
11:54:09 1 48 4096 2822 6.2 3.1 15 11
11:54:10 1 48 4096 2822 6.2 3.1 15 11
11:54:11 1 49 4096 2822 6.2 3.1 15 11
11:54:12 1 49 4096 2822 6.2 3.1 15 11
11:54:13 1 44 4096 2822 7.8 3.1 15 11
11:54:14 1 40 4096 2822 9.0 3.1 15 11
11:54:15 1 44 4096 2822 7.8 3.1 15 11
11:54:16 1 44 4096 2822 7.7 3.1 15 11
11:54:17 1 44 4096 2822 7.8 3.1 15 11
11:54:18 1 44 4096 2822 7.8 3.1 15 11
11:54:19 1 44 4096 2822 7.8 3.1 15 11
11:54:20 1 44 4096 2822 7.8 3.1 15 11
11:54:21 1 43 4096 2822 7.8 3.0 15 11
11:54:23 1 43 4096 2822 7.8 3.1 15 11
11:54:24 1 43 4096 2822 7.8 3.1 15 11
11:54:25 1 43 4096 2822 7.8 3.1 15 11
11:54:26 1 43 4096 2822 7.8 3.1 15 11
11:54:27 1 43 4096 2822 7.8 3.1 15 11
11:54:28 1 43 4096 2822 7.8 3.1 15 11
11:54:29 1 43 4096 2822 7.8 3.1 15 11
11:54:30 1 43 4096 2822 7.8 3.1 15 11
11:54:31 1 43 4096 2822 7.8 3.1 15 11
11:54:32 1 44 4096 2822 7.8 3.1 15 11
11:54:33 1 43 4096 2822 7.8 3.1 15 11
11:54:34 1 44 4096 2822 7.8 3.1 15 11
11:54:35 1 43 4096 2822 7.8 3.1 15 11
11:54:36 1 44 4096 2822 7.8 3.1 15 11
11:54:38 1 45 4096 2822 7.4 3.1 15 11
11:54:39 1 45 4096 2822 7.4 3.1 15 11
11:54:40 1 45 4096 2822 7.4 3.1 15 11
11:54:41 1 45 4096 2822 7.4 3.1 15 11
11:54:42 1 45 4096 2822 7.4 3.1 15 11
11:54:43 1 45 4096 2822 7.4 3.1 15 11
11:54:44 1 44 4096 2822 7.5 3.1 15 11
11:54:45 1 45 4096 2822 7.4 3.1 15 11
11:54:46 1 45 4096 2822 7.4 3.1 15 11
11:54:47 1 45 4096 2822 7.4 3.1 15 11
11:54:48 1 45 4096 2822 7.5 3.1 15 11
11:54:49 1 45 4096 2822 7.5 3.1 15 11
11:54:50 1 45 4096 2822 7.4 3.1 15 11
11:54:52 1 45 4096 2822 7.4 3.1 15 11
11:54:53 1 45 4096 2822 7.4 3.0 15 11
11:54:54 1 45 4096 2822 7.4 3.0 15 11
11:54:55 1 45 4096 2822 7.4 3.0 15 11
11:54:56 1 44 4096 2822 7.4 3.0 15 11
11:54:57 1 45 4096 2822 7.4 3.0 15 11
11:54:58 1 45 4096 2822 7.4 3.0 15 11
11:54:59 1 44 4096 2822 7.4 3.0 15 11
11:55:00 1 39 4096 2822 9.2 3.0 15 11
11:55:01 1 48 4096 2822 6.2 3.0 15 11
11:55:02 1 48 4096 2822 6.2 3.0 15 11
11:55:03 1 48 4096 2822 6.2 3.0 15 11
11:55:04 1 48 4096 2822 6.3 3.0 15 11
11:55:05 1 48 4096 2822 6.2 3.0 15 11
11:55:06 1 47 4096 2822 6.7 3.1 15 11
11:55:08 1 48 4096 2822 6.5 3.1 15 11
11:55:09 1 49 4096 2822 6.4 3.1 15 11
11:55:10 1 49 4096 2822 6.4 3.1 15 11
11:55:11 1 45 4096 2822 7.7 3.1 15 11
11:55:12 1 49 4096 2822 6.4 3.1 15 11
11:55:13 1 42 4096 2822 8.5 3.1 15 11
11:55:14 1 45 4096 2822 7.7 3.1 15 11
11:55:15 1 45 4096 2822 7.8 3.1 15 11
11:55:16 1 45 4096 2822 7.8 3.1 15 11
11:55:17 1 45 4096 2822 7.8 3.1 15 11
11:55:18 1 44 4096 2822 7.8 3.1 15 11
11:55:19 1 44 4096 2822 7.8 3.1 15 11
11:55:20 1 44 4096 2822 7.8 3.1 15 11
11:55:21 1 44 4096 2822 7.8 3.1 15 11
11:55:23 1 44 4096 2822 7.8 3.1 15 11
11:55:24 1 43 4096 2822 7.9 3.1 15 11
11:55:25 1 44 4096 2822 7.8 3.1 15 11
11:55:26 1 44 4096 2822 7.8 3.1 15 11
11:55:27 1 44 4096 2822 7.8 3.0 15 11
11:55:28 1 44 4096 2822 7.8 3.0 15 11
11:55:29 1 43 4096 2822 7.8 3.0 15 11
11:55:30 1 43 4096 2822 7.8 3.0 15 11
11:55:31 1 43 4096 2822 7.8 3.0 15 11
11:55:32 1 43 4096 2822 7.8 3.0 15 11
11:55:33 1 43 4096 2822 7.8 3.0 15 11
11:55:34 1 43 4096 2822 7.8 3.0 15 11
11:55:35 1 43 4096 2822 7.8 3.0 15 11
11:55:36 1 44 4096 2822 7.4 3.0 15 11
11:55:38 1 44 4096 2822 7.4 3.0 15 11
11:55:39 1 44 4096 2822 7.4 3.0 15 11
11:55:40 1 44 4096 2822 7.4 3.0 15 11
11:55:41 1 44 4096 2822 7.4 3.0 15 11
11:55:42 1 44 4096 2822 7.4 3.0 15 11
11:55:43 1 44 4096 2822 7.4 3.0 15 11
11:55:44 1 44 4096 2822 7.4 3.0 15 11
11:55:45 1 44 4096 2822 7.4 3.0 15 11
11:55:46 1 44 4096 2822 7.4 3.0 15 11
11:55:47 1 44 4096 2822 7.4 3.0 15 11
11:55:48 1 44 4096 2822 7.4 3.0 15 11
11:55:49 1 44 4096 2822 7.4 3.0 15 11
11:55:50 1 44 4096 2822 7.4 3.0 15 11
11:55:52 1 44 4096 2822 7.4 3.0 15 11
11:55:53 1 44 4096 2822 7.4 3.0 15 11
11:55:54 1 44 4096 2822 7.4 3.0 15 11
11:55:55 1 44 4096 2822 7.4 3.0 15 11
11:55:56 1 44 4096 2822 7.4 3.0 15 11
11:55:57 1 44 4096 2822 7.4 3.0 15 11
11:55:58 1 39 4096 2822 9.1 3.0 15 11
11:55:59 1 46 4096 2822 6.6 3.0 15 11
11:56:00 1 46 4096 2822 6.6 3.0 15 11
11:56:01 1 46 4096 2822 6.7 3.0 15 11
11:56:02 1 47 4096 2822 6.3 3.0 15 11
11:56:03 1 48 4096 2822 6.2 3.0 15 11
11:56:04 1 48 4096 2822 6.3 3.0 15 11
11:56:05 1 48 4096 2822 6.2 3.1 15 11
11:56:06 1 48 4096 2822 6.1 3.1 15 11
11:56:07 1 48 4096 2822 6.1 3.1 15 11
11:56:09 1 44 4096 2822 7.7 3.1 15 11
11:56:10 1 50 4096 2822 5.5 3.1 15 11
11:56:11 1 41 4096 2822 8.6 3.1 15 11
11:56:12 1 44 4096 2822 7.8 3.1 15 11
11:56:13 1 44 4096 2822 7.7 3.1 15 11
11:56:14 1 44 4096 2822 7.8 3.1 15 11
11:56:15 1 44 4096 2822 7.8 3.1 15 11
11:56:16 1 44 4096 2822 7.8 3.1 15 11
11:56:17 1 44 4096 2822 7.8 3.1 15 11
11:56:18 1 44 4096 2822 7.8 3.1 15 11
11:56:19 1 44 4096 2822 7.8 3.1 15 11
11:56:20 1 44 4096 2822 7.8 3.1 15 11
11:56:21 1 43 4096 2822 7.8 3.1 15 11
11:56:22 1 43 4096 2822 7.8 3.1 15 11
11:56:24 1 44 4096 2822 7.8 3.1 15 11
11:56:25 1 44 4096 2822 7.8 3.1 15 11
11:56:26 1 44 4096 2822 7.8 3.1 15 11
11:56:27 1 44 4096 2822 7.8 3.1 15 11
11:56:28 1 44 4096 2822 7.8 3.1 15 11
11:56:29 1 44 4096 2822 7.8 3.1 15 11
11:56:30 1 44 4096 2822 7.8 3.1 15 11
11:56:31 1 44 4096 2822 7.8 3.1 15 11
11:56:32 1 44 4096 2822 7.8 3.1 15 11
11:56:33 1 44 4096 2822 7.8 3.1 15 11
11:56:34 1 45 4096 2822 7.4 3.1 15 11
11:56:35 1 45 4096 2822 7.4 3.1 15 11
11:56:36 1 45 4096 2822 7.4 3.1 15 11
11:56:37 1 45 4096 2822 7.4 3.1 15 11
11:56:39 1 45 4096 2822 7.4 3.1 15 11
11:56:40 1 45 4096 2822 7.4 3.1 15 11
11:56:41 1 45 4096 2822 7.4 3.1 15 11
11:56:42 1 45 4096 2822 7.4 3.1 15 11
11:56:43 1 45 4096 2822 7.4 3.1 15 11
11:56:44 1 45 4096 2822 7.4 3.1 15 11
11:56:45 1 45 4096 2822 7.4 3.1 15 11
11:56:46 1 45 4096 2822 7.4 3.1 15 11
11:56:47 1 45 4096 2822 7.4 3.1 15 11
11:56:48 1 45 4096 2822 7.4 3.1 15 11
11:56:49 1 45 4096 2822 7.4 3.1 15 11
11:56:50 1 45 4096 2822 7.4 3.1 15 11
11:56:51 1 45 4096 2822 7.4 3.1 15 11
11:56:53 1 44 4096 2822 7.4 3.1 15 11
11:56:54 1 44 4096 2822 7.4 3.1 15 11
11:56:55 1 44 4096 2822 7.4 3.1 15 11
11:56:56 1 43 4096 2822 8.1 3.1 15 11
11:56:57 1 42 4096 2822 7.4 3.1 15 11
11:56:58 1 48 4096 2822 6.2 3.1 15 11
11:56:59 1 47 4096 2822 6.3 3.1 15 11
11:57:00 1 47 4096 2822 6.3 3.1 15 11
11:57:01 1 48 4096 2822 6.2 3.1 15 11
11:57:02 1 46 4096 2822 6.7 3.1 15 11
11:57:03 1 47 4096 2822 6.4 3.1 15 11
11:57:04 1 47 4096 2822 6.4 3.1 15 11
11:57:05 1 47 4096 2822 6.4 3.1 15 11
11:57:06 1 47 4096 2822 6.3 3.1 15 11
11:57:07 1 43 4096 2822 7.7 3.1 15 11
11:57:08 1 41 4096 2822 8.6 3.1 15 11
11:57:10 1 43 4096 2822 7.7 3.1 15 11
11:57:11 1 43 4096 2822 7.7 3.1 15 11
11:57:12 1 43 4096 2822 7.7 3.1 15 11
11:57:13 1 43 4096 2822 7.8 3.1 15 11
11:57:14 1 43 4096 2822 7.8 3.1 15 11
11:57:15 1 43 4096 2822 7.7 3.1 15 11
11:57:16 1 43 4096 2822 7.7 3.1 15 11
11:57:17 1 43 4096 2822 7.8 3.1 15 11
11:57:18 1 43 4096 2822 7.8 3.1 15 11
11:57:19 1 43 4096 2822 7.8 3.1 15 11
11:57:20 1 43 4096 2822 7.8 3.1 15 11
11:57:21 1 43 4096 2822 7.7 3.1 15 11
11:57:22 1 43 4096 2822 7.8 3.1 15 11
11:57:23 1 43 4096 2822 7.8 3.1 15 11
11:57:25 1 43 4096 2822 7.8 3.1 15 11
11:57:26 1 43 4096 2822 7.8 3.1 15 11
11:57:27 1 43 4096 2822 7.8 3.1 15 11
11:57:28 1 43 4096 2822 7.8 3.1 15 11
11:57:29 1 43 4096 2822 7.8 3.1 15 11
11:57:30 1 43 4096 2822 7.7 3.1 15 11
11:57:31 1 43 4096 2822 7.7 3.1 15 11
11:57:32 1 44 4096 2822 7.4 3.1 15 11
11:57:33 1 44 4096 2822 7.4 3.1 15 11
11:57:34 1 44 4096 2822 7.4 3.1 15 11
11:57:35 1 44 4096 2822 7.4 3.1 15 11
11:57:36 1 44 4096 2822 7.4 3.1 15 11
11:57:37 1 44 4096 2822 7.4 3.1 15 11
11:57:38 1 44 4096 2822 7.4 3.1 15 11
11:57:40 1 44 4096 2822 7.4 3.1 15 11
11:57:41 1 44 4096 2822 7.4 3.1 15 11
11:57:42 1 44 4096 2822 7.5 3.1 15 11
11:57:43 1 44 4096 2822 7.4 3.1 15 11
11:57:44 1 44 4096 2822 7.4 3.1 15 11
11:57:45 1 44 4096 2822 7.4 3.1 15 11
11:57:46 1 44 4096 2822 7.4 3.1 15 11
11:57:47 1 44 4096 2822 7.5 3.1 15 11
11:57:48 1 44 4096 2822 7.4 3.1 15 11
11:57:49 1 44 4096 2822 7.4 3.1 15 11
11:57:50 1 44 4096 2822 7.4 3.1 15 11
11:57:51 1 44 4096 2822 7.4 3.1 15 11
11:57:52 1 44 4096 2822 7.4 3.1 15 11
11:57:54 1 45 4096 2822 7.4 3.1 15 11
11:57:55 1 39 4096 2822 9.2 3.1 15 11
11:57:56 1 47 4096 2822 6.6 3.1 15 11
11:57:57 1 47 4096 2822 6.6 3.1 15 11
11:57:58 1 47 4096 2822 6.7 3.1 15 11
11:57:59 1 48 4096 2822 6.3 3.1 15 11
11:58:00 1 48 4096 2822 6.2 3.1 15 11
11:58:01 1 48 4096 2822 6.2 3.1 15 11
11:58:02 1 48 4096 2822 6.2 3.1 15 11
11:58:03 1 48 4096 2822 6.1 3.1 15 11
11:58:04 1 48 4096 2822 6.1 3.1 15 11
11:58:05 1 44 4096 2822 7.8 3.1 15 11
11:58:06 1 40 4096 2822 8.9 3.1 15 11
11:58:07 1 43 4096 2822 7.8 3.1 15 11
11:58:08 1 44 4096 2822 7.7 3.1 15 11
11:58:09 1 44 4096 2822 7.7 3.1 15 11
11:58:11 1 43 4096 2822 7.8 3.1 15 11
11:58:12 1 43 4096 2822 7.8 3.1 15 11
11:58:13 1 44 4096 2822 7.8 3.1 15 11
11:58:14 1 44 4096 2822 7.7 3.1 15 11
11:58:15 1 44 4096 2822 7.7 3.1 15 11
11:58:16 1 44 4096 2822 7.8 3.1 15 11
11:58:17 1 43 4096 2822 7.8 3.1 15 11
11:58:18 1 43 4096 2822 7.8 3.1 15 11
11:58:19 1 44 4096 2822 7.8 3.1 15 11
11:58:20 1 44 4096 2822 7.7 3.1 15 11
11:58:21 1 43 4096 2822 7.8 3.1 15 11
11:58:22 1 44 4096 2822 7.8 3.1 15 11
11:58:23 1 44 4096 2822 7.7 3.1 15 11
11:58:24 1 44 4096 2822 7.7 3.1 15 11
11:58:25 1 44 4096 2822 7.8 3.1 15 11
11:58:27 1 43 4096 2822 7.8 3.1 15 11
11:58:28 1 43 4096 2822 7.8 3.1 15 11
11:58:29 1 43 4096 2822 7.8 3.1 15 11
11:58:30 1 45 4096 2822 7.4 3.1 15 11
11:58:31 1 45 4096 2822 7.4 3.1 15 11
11:58:32 1 45 4096 2822 7.4 3.1 15 11
11:58:33 1 45 4096 2822 7.4 3.1 15 11
11:58:34 1 45 4096 2822 7.4 3.1 15 11
11:58:35 1 45 4096 2822 7.4 3.1 15 11
11:58:36 1 45 4096 2822 7.4 3.1 15 11
11:58:37 1 45 4096 2822 7.4 3.1 15 11
11:58:38 1 45 4096 2822 7.4 3.1 15 11
11:58:39 1 45 4096 2822 7.4 3.1 15 11
11:58:40 1 45 4096 2822 7.4 3.1 15 11
11:58:42 1 45 4096 2822 7.4 3.1 15 11
11:58:43 1 45 4096 2822 7.4 3.1 15 11
11:58:44 1 45 4096 2822 7.4 3.1 15 11
11:58:45 1 45 4096 2822 7.4 3.1 15 11
11:58:46 1 45 4096 2822 7.4 3.1 15 11
11:58:47 1 45 4096 2822 7.4 3.1 15 11
11:58:48 1 44 4096 2822 7.4 3.1 15 11
11:58:49 1 45 4096 2822 7.4 3.1 15 11
11:58:50 1 45 4096 2822 7.4 3.1 15 11
11:58:51 1 45 4096 2822 7.4 3.1 15 11
11:58:52 1 39 4096 2822 9.2 3.1 15 11
11:58:53 1 48 4096 2822 6.2 3.1 15 11
11:58:54 1 48 4096 2822 6.2 3.1 15 11
11:58:55 1 48 4096 2822 6.3 3.1 15 11
11:58:57 1 48 4096 2822 6.2 3.1 15 11
11:58:58 1 48 4096 2822 6.2 3.1 15 11
11:58:59 1 47 4096 2822 6.6 3.1 15 11
11:59:00 1 47 4096 2822 6.6 3.1 15 11
11:59:01 1 47 4096 2822 6.5 3.1 15 11
11:59:02 1 48 4096 2822 6.3 3.1 15 11
11:59:03 1 44 4096 2822 7.7 3.1 15 11
11:59:04 1 51 4096 2822 5.4 3.1 15 11
11:59:05 1 41 4096 2822 8.5 3.1 15 11
11:59:06 1 44 4096 2822 7.7 3.1 15 11
11:59:07 1 44 4096 2822 7.7 3.1 15 11
11:59:08 1 44 4096 2822 7.7 3.1 15 11
11:59:09 1 44 4096 2822 7.7 3.1 15 11
11:59:10 1 44 4096 2822 7.7 3.1 15 11
11:59:11 1 44 4096 2822 7.7 3.1 15 11
11:59:13 1 44 4096 2822 7.7 3.1 15 11
11:59:14 1 44 4096 2822 7.8 3.1 15 11
11:59:15 1 43 4096 2822 7.8 3.1 15 11
11:59:16 1 43 4096 2822 7.8 3.1 15 11
11:59:17 1 43 4096 2822 7.7 3.1 15 11
11:59:18 1 43 4096 2822 7.7 3.1 15 11
11:59:19 1 43 4096 2822 7.8 3.1 15 11
11:59:20 1 43 4096 2822 7.8 3.1 15 11
11:59:21 1 43 4096 2822 7.8 3.1 15 11
11:59:22 1 43 4096 2822 7.8 3.1 15 11
11:59:23 1 43 4096 2822 7.8 3.1 15 11
11:59:24 1 43 4096 2822 7.8 3.1 15 11
11:59:25 1 44 4096 2822 7.8 3.1 15 11
11:59:26 1 44 4096 2822 7.8 3.1 15 11
11:59:28 1 44 4096 2822 7.8 3.1 15 11
11:59:29 1 45 4096 2822 7.4 3.1 15 11
11:59:30 1 45 4096 2822 7.4 3.1 15 11
11:59:31 1 45 4096 2822 7.4 3.1 15 11
11:59:32 1 45 4096 2822 7.4 3.1 15 11
11:59:33 1 45 4096 2822 7.4 3.1 15 11
11:59:34 1 45 4096 2822 7.4 3.1 15 11
11:59:35 1 45 4096 2822 7.5 3.1 15 11
11:59:36 1 45 4096 2822 7.5 3.1 15 11
11:59:37 1 45 4096 2822 7.4 3.1 15 11
11:59:38 1 45 4096 2822 7.4 3.1 15 11
11:59:39 1 45 4096 2822 7.4 3.1 15 11
11:59:40 1 45 4096 2822 7.4 3.1 15 11
11:59:41 1 45 4096 2822 7.4 3.1 15 11
11:59:43 1 45 4096 2822 7.4 3.1 15 11
11:59:44 1 45 4096 2822 7.4 3.1 15 11
11:59:45 1 45 4096 2822 7.4 3.1 15 11
11:59:46 1 45 4096 2822 7.4 3.1 15 11
11:59:47 1 45 4096 2822 7.4 3.1 15 11
11:59:48 1 45 4096 2822 7.4 3.1 15 11
11:59:49 1 45 4096 2822 7.5 3.1 15 11
11:59:50 1 43 4096 2822 8.3 3.1 15 11
11:59:51 1 44 4096 2822 7.8 3.1 15 11
11:59:52 1 47 4096 2822 6.6 3.1 15 11
11:59:53 1 47 4096 2822 6.7 3.1 15 11
11:59:54 1 47 4096 2822 6.8 3.1 15 11
11:59:55 1 48 4096 2822 6.2 3.1 15 11
11:59:56 1 48 4096 2822 6.4 3.1 15 11
11:59:57 1 48 4096 2822 6.3 3.1 15 11
11:59:59 1 48 4096 2822 6.3 3.1 15 11
12:00:00 1 48 4096 2822 6.2 3.1 15 11
12:00:01 1 48 4096 2822 6.2 3.1 15 11
12:00:02 1 43 4096 2822 7.9 2.9 15 11
12:00:03 1 39 4096 2822 9.1 3.0 15 11
12:00:04 1 42 4096 2822 7.9 2.9 15 11
12:00:05 1 42 4096 2822 7.9 2.8 15 11
12:00:06 1 42 4096 2822 7.8 2.8 15 11
12:00:07 1 42 4096 2822 7.9 2.9 15 11
12:00:08 1 42 4096 2822 7.9 2.9 15 11
12:00:09 1 42 4096 2822 7.9 3.0 15 11
12:00:10 1 43 4096 2822 7.9 3.0 15 11
12:00:11 1 43 4096 2822 7.9 3.0 15 11
12:00:12 1 43 4096 2822 7.9 3.0 15 11
12:00:13 1 43 4096 2822 7.8 3.0 15 11
12:00:15 1 43 4096 2822 7.8 3.0 15 11
12:00:16 1 42 4096 2822 7.8 3.0 15 11
12:00:17 1 42 4096 2822 7.8 3.0 15 11
12:00:18 1 43 4096 2822 7.8 3.1 15 11
12:00:19 1 43 4096 2822 7.8 3.1 15 11
12:00:20 1 43 4096 2822 7.8 3.1 15 11
12:00:21 1 43 4096 2822 7.8 3.1 15 11
12:00:22 1 43 4096 2822 7.8 3.1 15 11
12:00:23 1 43 4096 2822 7.8 3.1 15 11
12:00:24 1 43 4096 2822 7.8 3.1 15 11
12:00:25 1 43 4096 2822 7.8 3.1 15 11
12:00:26 1 45 4096 2822 7.5 3.1 15 11
12:00:27 1 45 4096 2822 7.4 3.1 15 11
12:00:28 1 45 4096 2822 7.4 3.1 15 11
12:00:30 1 45 4096 2822 7.5 3.1 15 11
12:00:31 1 45 4096 2822 7.4 3.1 15 11
12:00:32 1 44 4096 2822 7.5 3.1 15 11
12:00:33 1 44 4096 2822 7.5 3.1 15 11
12:00:34 1 44 4096 2822 7.5 3.1 15 11
12:00:35 1 45 4096 2822 7.5 3.1 15 11
12:00:36 1 45 4096 2822 7.5 3.1 15 11
12:00:37 1 45 4096 2822 7.5 3.1 15 11
12:00:38 1 45 4096 2822 7.5 3.1 15 11
12:00:39 1 45 4096 2822 7.4 3.1 15 11
12:00:40 1 45 4096 2822 7.5 3.1 15 11
12:00:41 1 45 4096 2822 7.5 3.1 15 11
12:00:42 1 45 4096 2822 7.5 3.1 15 11
12:00:43 1 45 4096 2822 7.5 3.1 15 11
12:00:45 1 45 4096 2822 7.5 3.1 15 11
12:00:46 1 45 4096 2822 7.4 3.1 15 11
12:00:47 1 45 4096 2822 7.4 3.1 15 11
12:00:48 1 45 4096 2822 7.4 3.1 15 11
12:00:49 1 40 4096 2822 9.2 3.1 15 11
12:00:50 1 48 4096 2822 6.3 3.1 15 11
12:00:51 1 48 4096 2822 6.3 3.1 15 11
12:00:52 1 48 4096 2822 6.3 3.1 15 11
12:00:53 1 48 4096 2822 6.3 3.1 15 11
12:00:54 1 49 4096 2822 6.3 3.1 15 11
12:00:55 1 47 4096 2822 6.7 3.1 15 11
12:00:56 1 48 4096 2822 6.5 3.1 15 11
12:00:57 1 48 4096 2822 6.4 3.1 15 11
12:00:58 1 48 4096 2822 6.4 3.1 16 11
12:00:59 1 44 4096 2822 7.7 3.1 16 11
12:01:00 1 42 4096 2822 8.8 3.1 16 11
12:01:01 1 42 4096 2822 8.6 3.1 16 11
12:01:03 1 44 4096 2822 7.8 3.1 16 11
12:01:04 1 44 4096 2822 7.8 3.1 16 11
12:01:05 1 44 4096 2822 7.8 3.1 16 11
12:01:06 1 44 4096 2822 7.8 3.1 16 11
12:01:07 1 44 4096 2822 7.8 3.1 16 11
12:01:08 1 44 4096 2822 7.8 3.1 16 11
12:01:09 1 44 4096 2822 7.8 3.1 16 11
12:01:10 1 44 4096 2822 7.8 3.1 16 11
12:01:11 1 44 4096 2822 7.8 3.1 16 11
12:01:12 1 44 4096 2822 7.9 3.1 16 11
12:01:13 1 44 4096 2822 7.8 3.1 16 11
12:01:14 1 44 4096 2822 7.8 3.1 16 11
12:01:15 1 44 4096 2822 7.8 3.1 16 11
12:01:16 1 44 4096 2822 7.8 3.1 16 11
12:01:18 1 44 4096 2822 7.8 3.1 16 11
12:01:19 1 44 4096 2822 7.8 3.1 16 11
12:01:20 1 44 4096 2822 7.8 3.1 16 11
12:01:21 1 44 4096 2822 7.8 3.1 16 11
12:01:22 1 44 4096 2822 7.8 3.1 16 11
12:01:23 1 44 4096 2822 7.8 3.1 16 11
12:01:24 1 45 4096 2822 7.5 3.1 16 11
12:01:25 1 45 4096 2822 7.5 3.1 16 11
12:01:26 1 45 4096 2822 7.4 3.1 16 11
12:01:27 1 45 4096 2822 7.4 3.1 16 11
12:01:28 1 45 4096 2822 7.4 3.1 16 11
12:01:29 1 45 4096 2822 7.5 3.1 16 11
12:01:30 1 45 4096 2822 7.5 3.1 16 11
12:01:31 1 45 4096 2822 7.5 3.1 16 11
12:01:33 1 45 4096 2822 7.4 3.1 16 11
12:01:34 1 45 4096 2822 7.4 3.1 16 11
12:01:35 1 45 4096 2822 7.5 3.1 16 11
12:01:36 1 45 4096 2822 7.5 3.1 16 11
12:01:37 1 45 4096 2822 7.4 3.1 16 11
12:01:38 1 45 4096 2822 7.4 3.1 16 11
12:01:39 1 45 4096 2822 7.5 3.1 16 11
12:01:40 1 45 4096 2822 7.4 3.1 16 11
12:01:41 1 45 4096 2822 7.4 3.1 16 11
12:01:42 1 45 4096 2822 7.5 3.1 16 11
12:01:43 1 45 4096 2822 7.5 3.1 16 11
12:01:44 1 45 4096 2822 7.5 3.1 16 11
12:01:45 1 45 4096 2822 7.5 3.1 16 11
12:01:46 1 40 4096 2822 9.2 3.1 16 11
12:01:47 1 48 4096 2822 6.6 3.1 16 11
12:01:49 1 48 4096 2822 6.6 3.1 16 11
12:01:50 1 47 4096 2822 6.8 3.1 16 11
12:01:51 1 48 4096 2822 6.5 3.1 16 11
12:01:52 1 48 4096 2822 6.5 3.1 16 11
12:01:53 1 48 4096 2822 6.5 3.1 16 11
12:01:54 1 48 4096 2822 6.4 3.1 16 11
12:01:55 1 48 4096 2822 6.5 3.1 16 11
12:01:56 1 48 4096 2822 6.4 3.1 16 11
12:01:57 1 43 4096 2822 8.1 3.1 16 11
12:01:58 1 40 4096 2822 9.1 3.1 16 11
12:01:59 1 40 4096 2822 8.5 3.1 16 11
12:02:00 1 43 4096 2822 8.0 3.1 16 11
12:02:01 1 44 4096 2822 8.0 3.1 16 11
12:02:02 1 43 4096 2822 8.0 3.1 16 11
12:02:03 1 43 4096 2822 8.0 3.1 16 11
12:02:04 1 44 4096 2822 8.0 3.1 16 11
12:02:06 1 44 4096 2822 8.0 3.1 16 11
12:02:07 1 44 4096 2822 8.0 3.1 16 11
12:02:08 1 44 4096 2822 8.0 3.1 16 11
12:02:09 1 44 4096 2822 8.0 3.1 16 11
12:02:10 1 44 4096 2822 8.0 3.1 16 11
12:02:11 1 44 4096 2822 7.8 3.1 16 11
12:02:12 1 44 4096 2822 7.8 3.1 16 11
12:02:13 1 44 4096 2822 7.8 3.1 16 11
12:02:14 1 44 4096 2822 7.8 3.1 16 11
12:02:15 1 44 4096 2822 7.8 3.1 16 11
12:02:16 1 44 4096 2822 7.8 3.1 16 11
12:02:17 1 44 4096 2822 7.9 3.1 16 11
12:02:18 1 44 4096 2822 7.8 3.1 16 11
12:02:19 1 44 4096 2822 7.8 3.1 16 11
12:02:20 1 44 4096 2822 7.8 3.1 16 11
12:02:22 1 45 4096 2822 7.4 3.1 16 11
12:02:23 1 45 4096 2822 7.4 3.1 16 11
12:02:24 1 45 4096 2822 7.4 3.1 16 11
12:02:25 1 45 4096 2822 7.4 3.1 16 11
12:02:26 1 45 4096 2822 7.4 3.1 16 11
12:02:27 1 45 4096 2822 7.4 3.1 16 11
12:02:28 1 45 4096 2822 7.5 3.1 16 11
12:02:29 1 45 4096 2822 7.5 3.1 16 11
12:02:30 1 45 4096 2822 7.5 3.1 16 11
12:02:31 1 45 4096 2822 7.5 3.1 16 11
12:02:32 1 45 4096 2822 7.4 3.1 16 11
12:02:33 1 45 4096 2822 7.4 3.1 16 11
12:02:34 1 45 4096 2822 7.4 3.1 16 11
12:02:35 1 45 4096 2822 7.4 3.1 16 11
12:02:37 1 45 4096 2822 7.4 3.1 16 11
12:02:38 1 45 4096 2822 7.4 3.1 16 11
12:02:39 1 45 4096 2822 7.4 3.1 16 11
12:02:40 1 45 4096 2822 7.4 3.1 16 11
12:02:41 1 45 4096 2822 7.4 3.1 16 11
12:02:42 1 45 4096 2822 7.4 3.1 16 11
12:02:43 1 45 4096 2822 7.4 3.1 16 11
12:02:44 1 40 4096 2822 9.3 3.1 16 11
12:02:45 1 49 4096 2822 6.3 3.1 16 11
12:02:46 1 49 4096 2822 6.3 3.1 16 11
12:02:47 1 49 4096 2822 6.3 3.1 16 11
12:02:48 1 49 4096 2822 6.3 3.1 16 11
12:02:49 1 49 4096 2822 6.2 3.1 16 11
12:02:50 1 48 4096 2822 6.7 3.1 16 11
12:02:51 1 48 4096 2822 6.5 3.1 16 11
12:02:52 1 48 4096 2822 6.4 3.1 16 11
12:02:53 1 49 4096 2822 6.4 3.1 16 11
12:02:54 1 45 4096 2822 7.7 3.1 16 11
12:02:56 1 48 4096 2822 6.5 3.1 16 11
12:02:57 1 42 4096 2822 8.6 3.1 16 11
12:02:58 1 44 4096 2822 7.8 3.1 16 11
12:02:59 1 45 4096 2822 7.8 3.1 16 11
12:03:00 1 44 4096 2822 7.9 3.1 16 11
12:03:01 1 44 4096 2822 7.8 3.1 16 11
12:03:02 1 44 4096 2822 7.8 3.1 16 11
12:03:03 1 44 4096 2822 7.8 3.1 16 11
12:03:04 1 44 4096 2822 7.8 3.1 16 11
12:03:05 1 44 4096 2822 7.8 3.1 16 11
12:03:06 1 44 4096 2822 7.8 3.1 16 11
12:03:07 1 44 4096 2822 7.8 3.1 16 11
12:03:08 1 44 4096 2822 7.8 3.1 16 11
12:03:09 1 44 4096 2822 7.8 3.1 16 11
12:03:11 1 44 4096 2822 7.8 3.1 16 11
12:03:12 1 44 4096 2822 7.8 3.1 16 11
12:03:13 1 44 4096 2822 7.8 3.1 16 11
12:03:14 1 44 4096 2822 7.8 3.1 16 11
12:03:15 1 45 4096 2822 7.8 3.1 16 11
12:03:16 1 45 4096 2822 7.8 3.1 16 11
12:03:17 1 45 4096 2822 7.8 3.1 16 11
12:03:18 1 45 4096 2822 7.8 3.1 16 11
12:03:19 1 45 4096 2822 7.4 3.1 16 11
12:03:20 1 46 4096 2822 7.5 3.1 16 11
12:03:21 1 46 4096 2822 7.5 3.1 16 11
12:03:22 1 46 4096 2822 7.4 3.1 16 11
12:03:23 1 46 4096 2822 7.4 3.1 16 11
12:03:24 1 46 4096 2822 7.4 3.1 16 11
12:03:25 1 46 4096 2822 7.5 3.1 16 11
12:03:27 1 46 4096 2822 7.5 3.1 16 11
12:03:28 1 46 4096 2822 7.5 3.1 16 11
12:03:29 1 46 4096 2822 7.4 3.1 16 11
12:03:30 1 46 4096 2822 7.4 3.1 16 11
12:03:31 1 46 4096 2822 7.5 3.1 16 11
12:03:32 1 46 4096 2822 7.5 3.1 16 11
12:03:33 1 46 4096 2822 7.4 3.1 16 11
12:03:34 1 46 4096 2822 7.4 3.1 16 11
12:03:35 1 46 4096 2822 7.4 3.1 16 11
12:03:36 1 46 4096 2822 7.4 3.1 16 11
12:03:37 1 46 4096 2822 7.4 3.1 16 11
12:03:38 1 46 4096 2822 7.4 3.1 16 11
12:03:39 1 46 4096 2822 7.4 3.1 16 11
12:03:40 1 46 4096 2822 7.4 3.1 16 11
12:03:41 1 41 4096 2822 9.2 3.1 16 11
12:03:43 1 49 4096 2822 6.6 3.1 16 11
12:03:44 1 49 4096 2822 6.6 3.1 16 11
12:03:45 1 49 4096 2822 6.6 3.1 16 11
12:03:46 1 50 4096 2822 6.3 3.1 16 11
12:03:47 1 50 4096 2822 6.2 3.1 16 11
12:03:48 1 49 4096 2822 6.3 3.1 16 11
12:03:49 1 50 4096 2822 6.2 3.1 16 11
12:03:50 1 50 4096 2822 6.2 3.1 16 11
12:03:51 1 50 4096 2822 6.2 3.1 16 11
12:03:52 1 45 4096 2822 7.8 3.1 16 11
12:03:53 1 49 4096 2822 6.6 3.1 16 11
12:03:54 1 47 4096 2822 7.3 3.1 16 11
12:03:55 1 50 4096 2822 6.2 3.1 16 11
12:03:56 1 50 4096 2822 6.2 3.1 16 11
12:03:57 1 50 4096 2822 6.2 3.1 16 11
12:03:58 1 50 4096 2822 6.2 3.2 16 11
12:03:59 1 50 4096 2822 6.0 3.2 16 11
12:04:00 1 50 4096 2822 6.0 3.2 16 11
12:04:02 1 50 4096 2822 6.0 3.2 16 11
12:04:03 1 47 4096 2822 7.2 3.4 16 11
12:04:04 1 60 4096 2822 3.0 3.4 16 11
12:04:05 1 60 4096 2822 3.0 3.4 16 11
12:04:06 1 58 4096 2822 3.5 3.4 16 11
12:04:07 1 74 4096 2822 3.0 0 16 11
