{
    "fold_number": 5,
    "duration": 206.757746219635,
    "primary_checkpoint": {
        "selection_metric": "joint_score",
        "epoch": 25,
        "joint_score": 0.5473340600728989,
        "loss": 1.3560044765472412,
        "time": 108.82570910453796,
        "task_metrics": {
            "next": {
                "accuracy": 0.3313656151294708,
                "f1": 0.2658065855503082
            },
            "category": {
                "accuracy": 0.8339438438415527,
                "f1": 0.8288615345954895
            }
        }
    },
    "diagnostic_best_epochs": {
        "next": {
            "epoch": 14,
            "time": 63.727686166763306,
            "metrics": {
                "accuracy": 0.33490750193595886,
                "accuracy_macro": 0.28614625334739685,
                "f1": 0.2782853841781616,
                "f1_weighted": 0.3318192958831787,
                "mrr": 0.5702956914901733,
                "top3_acc": 0.7583628296852112,
                "ndcg_3": 0.5811066627502441,
                "top5_acc": 0.9220778942108154,
                "ndcg_5": 0.6490451097488403,
                "loss": 1.6954174041748047
            },
            "accuracy": 0.33490750193595886,
            "f1": 0.2782853841781616
        },
        "category": {
            "epoch": 30,
            "time": 129.40366530418396,
            "metrics": {
                "accuracy": 0.8302808403968811,
                "accuracy_macro": 0.81447434425354,
                "f1": 0.831207275390625,
                "f1_weighted": 0.8298417329788208,
                "mrr": 0.8994359970092773,
                "top3_acc": 0.9658119678497314,
                "ndcg_3": 0.9111553430557251,
                "top5_acc": 0.9914529919624329,
                "ndcg_5": 0.9218237996101379,
                "loss": 0.6633386015892029
            },
            "accuracy": 0.8302808403968811,
            "f1": 0.831207275390625
        }
    }
}