{
    "fold_number": 4,
    "duration": 37.09850788116455,
    "primary_checkpoint": {
        "selection_metric": "joint_score",
        "epoch": 35,
        "joint_score": 0.2821275219321251,
        "loss": 3.866596221923828,
        "time": 26.337324142456055,
        "task_metrics": {
            "next_region": {
                "accuracy": 0.2698662579059601,
                "f1": 0.09569074213504791
            },
            "next_category": {
                "accuracy": 0.4878048896789551,
                "f1": 0.46856430172920227
            }
        }
    },
    "diagnostic_best_epochs": {
        "next_region": {
            "epoch": 15,
            "time": 11.782671213150024,
            "metrics": {
                "accuracy": 0.2859952747821808,
                "accuracy_macro": 0.11297339007229923,
                "f1": 0.09947856515645981,
                "f1_weighted": 0.27029186487197876,
                "mrr": 0.3560463786125183,
                "top3_acc": 0.3910306990146637,
                "ndcg_3": 0.34732064604759216,
                "top5_acc": 0.4299764037132263,
                "ndcg_5": 0.3634902238845825,
                "loss": 6.356647491455078,
                "n_indist": 2459.0,
                "n_ood": 83.0,
                "ood_fraction": 0.032651455546813535,
                "top1_acc_indist": 0.29564863443374634,
                "top5_acc_indist": 0.44448962807655334,
                "top10_acc_indist": 0.5091500282287598,
                "mrr_indist": 0.36802780628204346
            },
            "accuracy": 0.2859952747821808,
            "f1": 0.09947856515645981,
            "per_metric_best": {
                "top10_acc_indist": {
                    "epoch": 10,
                    "best_value": 0.5156567692756653,
                    "metrics": {
                        "accuracy": 0.24232888221740723,
                        "accuracy_macro": 0.1006179883642104,
                        "f1": 0.08558221161365509,
                        "f1_weighted": 0.20987555384635925,
                        "mrr": 0.3314613103866577,
                        "top3_acc": 0.3800157308578491,
                        "ndcg_3": 0.3241519629955292,
                        "top5_acc": 0.4319433569908142,
                        "ndcg_5": 0.3453781306743622,
                        "loss": 6.45102596282959,
                        "n_indist": 2459.0,
                        "n_ood": 83.0,
                        "ood_fraction": 0.032651455546813535,
                        "top1_acc_indist": 0.2505083382129669,
                        "top5_acc_indist": 0.44652295112609863,
                        "top10_acc_indist": 0.5156567692756653,
                        "mrr_indist": 0.3426133394241333
                    }
                },
                "top5_acc_indist": {
                    "epoch": 6,
                    "best_value": 0.4477429687976837,
                    "metrics": {
                        "accuracy": 0.25098347663879395,
                        "accuracy_macro": 0.09240682812216665,
                        "f1": 0.0795828253030777,
                        "f1_weighted": 0.22324518859386444,
                        "mrr": 0.33559682965278625,
                        "top3_acc": 0.37568843364715576,
                        "ndcg_3": 0.32528549432754517,
                        "top5_acc": 0.43312352895736694,
                        "ndcg_5": 0.34907323122024536,
                        "loss": 6.536958694458008,
                        "n_indist": 2459.0,
                        "n_ood": 83.0,
                        "ood_fraction": 0.032651455546813535,
                        "top1_acc_indist": 0.2594550549983978,
                        "top5_acc_indist": 0.4477429687976837,
                        "top10_acc_indist": 0.5124034285545349,
                        "mrr_indist": 0.3468887209892273
                    }
                },
                "mrr_indist": {
                    "epoch": 15,
                    "best_value": 0.36802780628204346,
                    "metrics": {
                        "accuracy": 0.2859952747821808,
                        "accuracy_macro": 0.11297339007229923,
                        "f1": 0.09947856515645981,
                        "f1_weighted": 0.27029186487197876,
                        "mrr": 0.3560463786125183,
                        "top3_acc": 0.3910306990146637,
                        "ndcg_3": 0.34732064604759216,
                        "top5_acc": 0.4299764037132263,
                        "ndcg_5": 0.3634902238845825,
                        "loss": 6.356647491455078,
                        "n_indist": 2459.0,
                        "n_ood": 83.0,
                        "ood_fraction": 0.032651455546813535,
                        "top1_acc_indist": 0.29564863443374634,
                        "top5_acc_indist": 0.44448962807655334,
                        "top10_acc_indist": 0.5091500282287598,
                        "mrr_indist": 0.36802780628204346
                    }
                },
                "top5_acc": {
                    "epoch": 6,
                    "best_value": 0.43312352895736694,
                    "metrics": {
                        "accuracy": 0.25098347663879395,
                        "accuracy_macro": 0.09240682812216665,
                        "f1": 0.0795828253030777,
                        "f1_weighted": 0.22324518859386444,
                        "mrr": 0.33559682965278625,
                        "top3_acc": 0.37568843364715576,
                        "ndcg_3": 0.32528549432754517,
                        "top5_acc": 0.43312352895736694,
                        "ndcg_5": 0.34907323122024536,
                        "loss": 6.536958694458008,
                        "n_indist": 2459.0,
                        "n_ood": 83.0,
                        "ood_fraction": 0.032651455546813535,
                        "top1_acc_indist": 0.2594550549983978,
                        "top5_acc_indist": 0.4477429687976837,
                        "top10_acc_indist": 0.5124034285545349,
                        "mrr_indist": 0.3468887209892273
                    }
                },
                "top3_acc": {
                    "epoch": 15,
                    "best_value": 0.3910306990146637,
                    "metrics": {
                        "accuracy": 0.2859952747821808,
                        "accuracy_macro": 0.11297339007229923,
                        "f1": 0.09947856515645981,
                        "f1_weighted": 0.27029186487197876,
                        "mrr": 0.3560463786125183,
                        "top3_acc": 0.3910306990146637,
                        "ndcg_3": 0.34732064604759216,
                        "top5_acc": 0.4299764037132263,
                        "ndcg_5": 0.3634902238845825,
                        "loss": 6.356647491455078,
                        "n_indist": 2459.0,
                        "n_ood": 83.0,
                        "ood_fraction": 0.032651455546813535,
                        "top1_acc_indist": 0.29564863443374634,
                        "top5_acc_indist": 0.44448962807655334,
                        "top10_acc_indist": 0.5091500282287598,
                        "mrr_indist": 0.36802780628204346
                    }
                },
                "mrr": {
                    "epoch": 15,
                    "best_value": 0.3560463786125183,
                    "metrics": {
                        "accuracy": 0.2859952747821808,
                        "accuracy_macro": 0.11297339007229923,
                        "f1": 0.09947856515645981,
                        "f1_weighted": 0.27029186487197876,
                        "mrr": 0.3560463786125183,
                        "top3_acc": 0.3910306990146637,
                        "ndcg_3": 0.34732064604759216,
                        "top5_acc": 0.4299764037132263,