{
    "Community": {
        "precision": 0.4532871972318339,
        "recall": 0.5968109339407744,
        "f1-score": 0.5152409046214356,
        "support": 439.0
    },
    "Entertainment": {
        "precision": 0.4293193717277487,
        "recall": 0.49101796407185627,
        "f1-score": 0.4581005586592179,
        "support": 167.0
    },
    "Food": {
        "precision": 0.5659432387312187,
        "recall": 0.39010356731875717,
        "f1-score": 0.46185286103542234,
        "support": 869.0
    },
    "Nightlife": {
        "precision": 0.49107142857142855,
        "recall": 0.6111111111111112,
        "f1-score": 0.5445544554455446,
        "support": 90.0
    },
    "Outdoors": {
        "precision": 0.4161073825503356,
        "recall": 0.43356643356643354,
        "f1-score": 0.4246575342465753,
        "support": 143.0
    },
    "Shopping": {
        "precision": 0.5013927576601671,
        "recall": 0.547112462006079,
        "f1-score": 0.5232558139534884,
        "support": 658.0
    },
    "Travel": {
        "precision": 0.4564102564102564,
        "recall": 0.5056818181818182,
        "f1-score": 0.4797843665768194,
        "support": 176.0
    },
    "macro avg": {
        "precision": 0.473361661840427,
        "recall": 0.51077204145669,
        "f1-score": 0.48677807064835765,
        "support": 2542.0
    },
    "weighted avg": {
        "precision": 0.5021394622602123,
        "recall": 0.491345397324941,
        "f1-score": 0.4887977927423117,
        "support": 2542.0
    }
}