{
    "Community": {
        "precision": 0.43717728055077454,
        "recall": 0.5785876993166287,
        "f1-score": 0.4980392156862745,
        "support": 439.0
    },
    "Entertainment": {
        "precision": 0.37089201877934275,
        "recall": 0.47305389221556887,
        "f1-score": 0.41578947368421054,
        "support": 167.0
    },
    "Food": {
        "precision": 0.6056338028169014,
        "recall": 0.29689298043728424,
        "f1-score": 0.39845559845559847,
        "support": 869.0
    },
    "Nightlife": {
        "precision": 0.31333333333333335,
        "recall": 0.5164835164835165,
        "f1-score": 0.3900414937759336,
        "support": 91.0
    },
    "Outdoors": {
        "precision": 0.3181818181818182,
        "recall": 0.5915492957746479,
        "f1-score": 0.41379310344827586,
        "support": 142.0
    },
    "Shopping": {
        "precision": 0.5063291139240507,
        "recall": 0.547112462006079,
        "f1-score": 0.5259313367421475,
        "support": 658.0
    },
    "Travel": {
        "precision": 0.4720812182741117,
        "recall": 0.5284090909090909,
        "f1-score": 0.49865951742627346,
        "support": 176.0
    },
    "macro avg": {
        "precision": 0.43194694083719043,
        "recall": 0.5045841338775452,
        "f1-score": 0.44867281988838764,
        "support": 2542.0
    },
    "weighted avg": {
        "precision": 0.4996465660264547,
        "recall": 0.46223446105428795,
        "f1-score": 0.4572829520519572,
        "support": 2542.0
    }
}