{
    "fold_number": 1,
    "duration": 54.31525206565857,
    "primary_checkpoint": {
        "selection_metric": "joint_score",
        "epoch": 7,
        "joint_score": 0.47110162675380707,
        "loss": 1.1154582500457764,
        "time": 43.626988887786865,
        "task_metrics": {
            "category": {
                "accuracy": 0.7991913557052612,
                "f1": 0.705054521560669
            },
            "next": {
                "accuracy": 0.37608182430267334,
                "f1": 0.2371487319469452
            }
        }
    },
    "diagnostic_best_epochs": {
        "category": {
            "epoch": 7,
            "time": 43.67109203338623,
            "metrics": {
                "accuracy": 0.7991913557052612,
                "accuracy_macro": 0.6886804699897766,
                "f1": 0.705054521560669,
                "f1_weighted": 0.7973819971084595,
                "mrr": 0.8800250291824341,
                "top3_acc": 0.9595687389373779,
                "ndcg_3": 0.8942024111747742,
                "top5_acc": 0.9892183542251587,
                "ndcg_5": 0.9064400792121887,
                "loss": 0.6719517707824707
            },
            "accuracy": 0.7991913557052612,
            "f1": 0.705054521560669
        },
        "next": {
            "epoch": 6,
            "time": 38.27174115180969,
            "metrics": {
                "accuracy": 0.3764752149581909,
                "accuracy_macro": 0.24406449496746063,
                "f1": 0.24332933127880096,
                "f1_weighted": 0.3480347692966461,
                "mrr": 0.600638747215271,
                "top3_acc": 0.7950432896614075,
                "ndcg_3": 0.6194445490837097,
                "top5_acc": 0.9272226691246033,
                "ndcg_5": 0.6738885641098022,
                "loss": 1.5657992362976074
            },
            "accuracy": 0.3764752149581909,
            "f1": 0.24332933127880096
        }
    }
}