{
    "Shopping": {
        "precision": 0.4227303729762717,
        "recall": 0.4032186269474405,
        "f1-score": 0.4127440328064211,
        "support": 29205.0
    },
    "Community": {
        "precision": 0.40341982304404017,
        "recall": 0.2753239704186173,
        "f1-score": 0.32728445842406645,
        "support": 14739.0
    },
    "Food": {
        "precision": 0.4245480844290022,
        "recall": 0.6994578237296684,
        "f1-score": 0.5283841962890997,
        "support": 39655.0
    },
    "Entertainment": {
        "precision": 0.3592505854800937,
        "recall": 0.08596727191212733,
        "f1-score": 0.1387356425793615,
        "support": 8922.0
    },
    "Travel": {
        "precision": 0.494055222560676,
        "recall": 0.3924139545773824,
        "f1-score": 0.43740756850804696,
        "support": 12813.0
    },
    "Outdoors": {
        "precision": 0.352674780639683,
        "recall": 0.1345427059712774,
        "f1-score": 0.19477880256370173,
        "support": 9261.0
    },
    "Nightlife": {
        "precision": 0.34791666666666665,
        "recall": 0.06118336691701777,
        "f1-score": 0.10406605390247702,
        "support": 5459.0
    },
    "accuracy": 0.4243590384327053,
    "macro avg": {
        "precision": 0.40065650511377626,
        "recall": 0.293158245781933,
        "f1-score": 0.3062001078675963,
        "support": 120054.0
    },
    "weighted avg": {
        "precision": 0.4150487373999282,
        "recall": 0.4243590384327053,
        "f1-score": 0.39186829320015015,
        "support": 120054.0
    }
}