{
    "fold_number": 3,
    "duration": 655.189975976944,
    "best_epochs": {
        "next": {
            "epoch": 38,
            "accuracy": 0.383544921875,
            "f1": 0.332457380338287,
            "time": 513.1647000312805
        },
        "category": {
            "epoch": 5,
            "accuracy": 0.549091637723751,
            "f1": 0.4862677364690313,
            "time": 93.41970705986023
        }
    }
}