{
    "category": {
        "accuracy": {
            "mean": 0.5464718523363457,
            "std": 0.0023561032823596717,
            "min": 0.5437847073900043,
            "max": 0.5497650576676634
        },
        "f1": {
            "mean": 0.47082409196030345,
            "std": 0.004579591295401348,
            "min": 0.4659050112160844,
            "max": 0.4772728011995665
        }
    }
}