{
    "fold_number": 4,
    "duration": 171.94220161437988,
    "primary_checkpoint": {
        "selection_metric": "joint_score",
        "epoch": 21,
        "joint_score": 0.40494798868894577,
        "loss": 4.355299472808838,
        "time": 75.69924426078796,
        "task_metrics": {
            "next_region": {
                "accuracy": 0.24630123376846313,
                "f1": 0.10975514352321625
            },
            "next_category": {
                "accuracy": 0.7298570871353149,
                "f1": 0.7001408338546753
            }
        }
    },
    "diagnostic_best_epochs": {
        "next_region": {
            "epoch": 7,
            "time": 27.73055076599121,
            "metrics": {
                "accuracy": 0.47498035430908203,
                "accuracy_macro": 0.1399025629536913,
                "f1": 0.12207578122615814,
                "f1_weighted": 0.46745219826698303,
                "mrr": 0.5221168994903564,
                "top3_acc": 0.5400031208992004,
                "ndcg_3": 0.5130892395973206,
                "top5_acc": 0.5786398649215698,
                "ndcg_5": 0.529200553894043,
                "loss": 7.306663990020752,
                "n_indist": 31660.0,
                "n_ood": 175.0,
                "ood_fraction": 0.005497094392963719,
                "top1_acc_indist": 0.47760581970214844,
                "top5_acc_indist": 0.5818383097648621,
                "top10_acc_indist": 0.6182880997657776,
                "mrr_indist": 0.5250016450881958
            },
            "accuracy": 0.47498035430908203,
            "f1": 0.12207578122615814,
            "per_metric_best": {
                "top10_acc_indist": {
                    "epoch": 3,
                    "best_value": 0.6419141292572021,
                    "metrics": {
                        "accuracy": 0.4673158526420593,
                        "accuracy_macro": 0.12790832315673012,
                        "f1": 0.10738328099250793,
                        "f1_weighted": 0.4541776776313782,
                        "mrr": 0.525922954082489,
                        "top3_acc": 0.5560232400894165,
                        "ndcg_3": 0.5196194648742676,
                        "top5_acc": 0.5921784043312073,
                        "ndcg_5": 0.5345643758773804,
                        "loss": 7.7683610916137695,
                        "n_indist": 31660.0,
                        "n_ood": 175.0,
                        "ood_fraction": 0.005497094392963719,
                        "top1_acc_indist": 0.46989893913269043,
                        "top5_acc_indist": 0.5954517126083374,
                        "top10_acc_indist": 0.6419141292572021,
                        "mrr_indist": 0.5288286805152893
                    }
                },
                "top5_acc_indist": {
                    "epoch": 3,
                    "best_value": 0.5954517126083374,
                    "metrics": {
                        "accuracy": 0.4673158526420593,
                        "accuracy_macro": 0.12790832315673012,
                        "f1": 0.10738328099250793,
                        "f1_weighted": 0.4541776776313782,
                        "mrr": 0.525922954082489,
                        "top3_acc": 0.5560232400894165,
                        "ndcg_3": 0.5196194648742676,
                        "top5_acc": 0.5921784043312073,
                        "ndcg_5": 0.5345643758773804,
                        "loss": 7.7683610916137695,
                        "n_indist": 31660.0,
                        "n_ood": 175.0,
                        "ood_fraction": 0.005497094392963719,
                        "top1_acc_indist": 0.46989893913269043,
                        "top5_acc_indist": 0.5954517126083374,
                        "top10_acc_indist": 0.6419141292572021,
                        "mrr_indist": 0.5288286805152893
                    }
                },
                "mrr_indist": {
                    "epoch": 4,
                    "best_value": 0.5294532179832458,
                    "metrics": {
                        "accuracy": 0.4729071855545044,
                        "accuracy_macro": 0.1339371345655392,
                        "f1": 0.11542055010795593,
                        "f1_weighted": 0.4617515504360199,
                        "mrr": 0.5265440344810486,
                        "top3_acc": 0.553855836391449,
                        "ndcg_3": 0.519534170627594,
                        "top5_acc": 0.5890372395515442,
                        "ndcg_5": 0.5339784026145935,
                        "loss": 7.614035606384277,
                        "n_indist": 31660.0,
                        "n_ood": 175.0,
                        "ood_fraction": 0.005497094392963719,
                        "top1_acc_indist": 0.47552117705345154,
                        "top5_acc_indist": 0.5922931432723999,
                        "top10_acc_indist": 0.6417877674102783,
                        "mrr_indist": 0.5294532179832458
                    }
                },
                "top5_acc": {
                    "epoch": 3,
                    "best_value": 0.5921784043312073,
                    "metrics": {
                        "accuracy": 0.4673158526420593,
                        "accuracy_macro": 0.12790832315673012,
                        "f1": 0.10738328099250793,
                        "f1_weighted": 0.4541776776313782,
                        "mrr": 0.525922954082489,
                        "top3_acc": 0.5560232400894165,
                        "ndcg_3": 0.5196194648742676,
                        "top5_acc": 0.5921784043312073,
                        "ndcg_5": 0.5345643758773804,
                        "loss": 7.7683610916137695,
                        "n_indist": 31660.0,
                        "n_ood": 175.0,
                        "ood_fraction": 0.005497094392963719,
                        "top1_acc_indist": 0.46989893913269043,
                        "top5_acc_indist": 0.5954517126083374,
                        "top10_acc_indist": 0.6419141292572021,
                        "mrr_indist": 0.5288286805152893
                    }
                },
                "top3_acc": {
                    "epoch": 3,
                    "best_value": 0.5560232400894165,
                    "metrics": {
                        "accuracy": 0.4673158526420593,
                        "accuracy_macro": 0.12790832315673012,
                        "f1": 0.10738328099250793,
                        "f1_weighted": 0.4541776776313782,
                        "mrr": 0.525922954082489,
                        "top3_acc": 0.5560232400894165,
                        "ndcg_3": 0.5196194648742676,
                        "top5_acc": 0.5921784043312073,
                        "ndcg_5": 0.5345643758773804,
                        "loss": 7.7683610916137695,
                        "n_indist": 31660.0,
                        "n_ood": 175.0,
                        "ood_fraction": 0.005497094392963719,
                        "top1_acc_indist": 0.46989893913269043,
                        "top5_acc_indist": 0.5954517126083374,
                        "top10_acc_indist": 0.6419141292572021,
                        "mrr_indist": 0.5288286805152893
                    }
                },
                "mrr": {
                    "epoch": 4,
                    "best_value": 0.5265440344810486,
                    "metrics": {
                        "accuracy": 0.4729071855545044,
                        "accuracy_macro": 0.1339371345655392,
                        "f1": 0.11542055010795593,
                        "f1_weighted": 0.4617515504360199,
                        "mrr": 0.5265440344810486,
                        "top3_acc": 0.553855836391449,
                        "ndcg_3": 0.519534170627594,
                        "top5_acc": 0.5890372395515442,
                        "ndcg_5": 0.5339784026145935,