{
  "f1_per_fold": [
    0.3751690198648188,
    0.3751089632870727,
    0.3780333438163949,
    0.37424744235892604,
    0.36999221794892556
  ],
  "acc_per_fold": [
    0.44603061637431796,
    0.438188135806087,
    0.44843706391292215,
    0.445394920457717,
    0.44314819983254256
  ],
  "f1_mean": 0.3745101974552276,
  "f1_std": 0.002595623502396637,
  "acc_mean": 0.4442397872767173,
  "acc_std": 0.003463310016552156,
  "state": "california",
  "engine": "check2hgi",
  "window_pos": "last",
  "folds": 5,
  "seed": 42,
  "n_rows": 358302,
  "n_users": 26171,
  "n_classes": 7,
  "_provenance": "reconstructed from Colab monitor output 2026-04-29 00:47 UTC; cat_to_id mapping omitted (not captured before runtime reset)"
}