{
    "Community": {
        "precision": 0.439572192513369,
        "recall": 0.6236722306525038,
        "f1-score": 0.5156838143036386,
        "support": 659.0
    },
    "Entertainment": {
        "precision": 0.29679595278246207,
        "recall": 0.5349544072948328,
        "f1-score": 0.38177874186550975,
        "support": 329.0
    },
    "Food": {
        "precision": 0.5516637478108581,
        "recall": 0.35097493036211697,
        "f1-score": 0.4290091930541369,
        "support": 1795.0
    },
    "Nightlife": {
        "precision": 0.29591836734693877,
        "recall": 0.46215139442231074,
        "f1-score": 0.3608087091757387,
        "support": 251.0
    },
    "Outdoors": {
        "precision": 0.46883468834688347,
        "recall": 0.6134751773049646,
        "f1-score": 0.5314900153609831,
        "support": 282.0
    },
    "Shopping": {
        "precision": 0.5321923390383048,
        "recall": 0.4701223902087833,
        "f1-score": 0.49923547400611623,
        "support": 1389.0
    },
    "Travel": {
        "precision": 0.5491143317230274,
        "recall": 0.5940766550522648,
        "f1-score": 0.5707112970711297,
        "support": 574.0
    },
    "macro avg": {
        "precision": 0.4477273742231205,
        "recall": 0.5213467407568253,
        "f1-score": 0.4698167492624647,
        "support": 5279.0
    },
    "weighted avg": {
        "precision": 0.4998018655622952,
        "recall": 0.4735745406326956,
        "f1-score": 0.47300281672291294,
        "support": 5279.0
    }
}