{
    "fold_number": 2,
    "duration": 95.98679375648499,
    "primary_checkpoint": {
        "selection_metric": "joint_score",
        "epoch": 18,
        "joint_score": 0.28906427323818207,
        "loss": 3.9517103830973306,
        "time": 37.3499710559845,
        "task_metrics": {
            "next_region": {
                "accuracy": 0.274294376373291,
                "f1": 0.10141125321388245
            },
            "next_category": {
                "accuracy": 0.4775525629520416,
                "f1": 0.4767172932624817
            }
        }
    },
    "diagnostic_best_epochs": {
        "next_region": {
            "epoch": 8,
            "time": 17.339160680770874,
            "metrics": {
                "accuracy": 0.2816821336746216,
                "accuracy_macro": 0.11421031107157815,
                "f1": 0.09838038682937622,
                "f1_weighted": 0.27347564697265625,
                "mrr": 0.32375720143318176,
                "top3_acc": 0.33642736077308655,
                "ndcg_3": 0.31344470381736755,
                "top5_acc": 0.3644629716873169,
                "ndcg_5": 0.325145423412323,
                "loss": 6.776112238566081,
                "n_indist": 5199.0,
                "n_ood": 80.0,
                "ood_fraction": 0.01515438530024626,
                "top1_acc_indist": 0.2860165536403656,
                "top5_acc_indist": 0.3700711727142334,
                "top10_acc_indist": 0.4118099808692932,
                "mrr_indist": 0.32872772216796875
            },
            "accuracy": 0.2816821336746216,
            "f1": 0.09838038682937622,
            "per_metric_best": {
                "top10_acc_indist": {
                    "epoch": 5,
                    "best_value": 0.41642624139785767,
                    "metrics": {
                        "accuracy": 0.26861149072647095,
                        "accuracy_macro": 0.10199338042707871,
                        "f1": 0.08643230050802231,
                        "f1_weighted": 0.2580530643463135,
                        "mrr": 0.31877899169921875,
                        "top3_acc": 0.33983710408210754,
                        "ndcg_3": 0.3100775480270386,
                        "top5_acc": 0.3714718818664551,
                        "ndcg_5": 0.3231540322303772,
                        "loss": 6.834548314412435,
                        "n_indist": 5199.0,
                        "n_ood": 80.0,
                        "ood_fraction": 0.01515438530024626,
                        "top1_acc_indist": 0.2727447748184204,
                        "top5_acc_indist": 0.37718793749809265,
                        "top10_acc_indist": 0.41642624139785767,
                        "mrr_indist": 0.32367292046546936
                    }
                },
                "top5_acc_indist": {
                    "epoch": 5,
                    "best_value": 0.37718793749809265,
                    "metrics": {
                        "accuracy": 0.26861149072647095,
                        "accuracy_macro": 0.10199338042707871,
                        "f1": 0.08643230050802231,
                        "f1_weighted": 0.2580530643463135,
                        "mrr": 0.31877899169921875,
                        "top3_acc": 0.33983710408210754,
                        "ndcg_3": 0.3100775480270386,
                        "top5_acc": 0.3714718818664551,
                        "ndcg_5": 0.3231540322303772,
                        "loss": 6.834548314412435,
                        "n_indist": 5199.0,
                        "n_ood": 80.0,
                        "ood_fraction": 0.01515438530024626,
                        "top1_acc_indist": 0.2727447748184204,
                        "top5_acc_indist": 0.37718793749809265,
                        "top10_acc_indist": 0.41642624139785767,
                        "mrr_indist": 0.32367292046546936
                    }
                },
                "mrr_indist": {
                    "epoch": 8,
                    "best_value": 0.32872772216796875,
                    "metrics": {
                        "accuracy": 0.2816821336746216,
                        "accuracy_macro": 0.11421031107157815,
                        "f1": 0.09838038682937622,
                        "f1_weighted": 0.27347564697265625,
                        "mrr": 0.32375720143318176,
                        "top3_acc": 0.33642736077308655,
                        "ndcg_3": 0.31344470381736755,
                        "top5_acc": 0.3644629716873169,
                        "ndcg_5": 0.325145423412323,
                        "loss": 6.776112238566081,
                        "n_indist": 5199.0,
                        "n_ood": 80.0,
                        "ood_fraction": 0.01515438530024626,
                        "top1_acc_indist": 0.2860165536403656,
                        "top5_acc_indist": 0.3700711727142334,
                        "top10_acc_indist": 0.4118099808692932,
                        "mrr_indist": 0.32872772216796875
                    }
                },
                "top5_acc": {
                    "epoch": 5,
                    "best_value": 0.3714718818664551,
                    "metrics": {
                        "accuracy": 0.26861149072647095,
                        "accuracy_macro": 0.10199338042707871,
                        "f1": 0.08643230050802231,
                        "f1_weighted": 0.2580530643463135,
                        "mrr": 0.31877899169921875,
                        "top3_acc": 0.33983710408210754,
                        "ndcg_3": 0.3100775480270386,
                        "top5_acc": 0.3714718818664551,
                        "ndcg_5": 0.3231540322303772,
                        "loss": 6.834548314412435,
                        "n_indist": 5199.0,
                        "n_ood": 80.0,
                        "ood_fraction": 0.01515438530024626,
                        "top1_acc_indist": 0.2727447748184204,
                        "top5_acc_indist": 0.37718793749809265,
                        "top10_acc_indist": 0.41642624139785767,
                        "mrr_indist": 0.32367292046546936
                    }
                },
                "top3_acc": {
                    "epoch": 5,
                    "best_value": 0.33983710408210754,
                    "metrics": {
                        "accuracy": 0.26861149072647095,
                        "accuracy_macro": 0.10199338042707871,
                        "f1": 0.08643230050802231,
                        "f1_weighted": 0.2580530643463135,
                        "mrr": 0.31877899169921875,
                        "top3_acc": 0.33983710408210754,
                        "ndcg_3": 0.3100775480270386,
                        "top5_acc": 0.3714718818664551,
                        "ndcg_5": 0.3231540322303772,
                        "loss": 6.834548314412435,
                        "n_indist": 5199.0,
                        "n_ood": 80.0,
                        "ood_fraction": 0.01515438530024626,
                        "top1_acc_indist": 0.2727447748184204,
                        "top5_acc_indist": 0.37718793749809265,
                        "top10_acc_indist": 0.41642624139785767,
                        "mrr_indist": 0.32367292046546936
                    }
                },
                "mrr": {
                    "epoch": 8,
                    "best_value": 0.32375720143318176,
                    "metrics": {
                        "accuracy": 0.2816821336746216,
                        "accuracy_macro": 0.11421031107157815,
                        "f1": 0.09838038682937622,
                        "f1_weighted": 0.27347564697265625,
                        "mrr": 0.32375720143318176,
                        "top3_acc": 0.33642736077308655,
                        "ndcg_3": 0.31344470381736755,
                        "top5_acc": 0.3644629716873169,