{
    "fold_number": 1,
    "duration": 54.55415987968445,
    "primary_checkpoint": {
        "selection_metric": "joint_score",
        "epoch": 8,
        "joint_score": 0.4594646543264389,
        "loss": 1.094123363494873,
        "time": 48.942785024642944,
        "task_metrics": {
            "next": {
                "accuracy": 0.3788355588912964,
                "f1": 0.21869269013404846
            },
            "category": {
                "accuracy": 0.801886796951294,
                "f1": 0.7002366185188293
            }
        }
    },
    "diagnostic_best_epochs": {
        "next": {
            "epoch": 9,
            "time": 54.214168071746826,
            "metrics": {
                "accuracy": 0.3784421682357788,
                "accuracy_macro": 0.22750934958457947,
                "f1": 0.2188054919242859,
                "f1_weighted": 0.33586829900741577,
                "mrr": 0.6028493046760559,
                "top3_acc": 0.7938631176948547,
                "ndcg_3": 0.6199409365653992,
                "top5_acc": 0.9382376074790955,
                "ndcg_5": 0.6795509457588196,
                "loss": 1.5551329851150513
            },
            "accuracy": 0.3784421682357788,
            "f1": 0.2188054919242859
        },
        "category": {
            "epoch": 8,
            "time": 49.01183223724365,
            "metrics": {
                "accuracy": 0.801886796951294,
                "accuracy_macro": 0.6762290000915527,
                "f1": 0.7002366185188293,
                "f1_weighted": 0.7978870868682861,
                "mrr": 0.8837184309959412,
                "top3_acc": 0.9609164595603943,
                "ndcg_3": 0.8976354598999023,
                "top5_acc": 0.9878706336021423,
                "ndcg_5": 0.9087715148925781,
                "loss": 0.6329807043075562
            },
            "accuracy": 0.801886796951294,
            "f1": 0.7002366185188293
        }
    }
}