{
    "fold_number": 1,
    "duration": 60.06550097465515,
    "primary_checkpoint": {
        "selection_metric": "joint_score",
        "epoch": 9,
        "joint_score": 0.5070736706256866,
        "loss": 1.1189627647399902,
        "time": 59.338255405426025,
        "task_metrics": {
            "next": {
                "accuracy": 0.40102291107177734,
                "f1": 0.3037715554237366
            },
            "category": {
                "accuracy": 0.7669565081596375,
                "f1": 0.7103757858276367
            }
        }
    },
    "diagnostic_best_epochs": {
        "next": {
            "epoch": 7,
            "time": 47.78391790390015,
            "metrics": {
                "accuracy": 0.39912861585617065,
                "accuracy_macro": 0.30709707736968994,
                "f1": 0.30405688285827637,
                "f1_weighted": 0.38241875171661377,
                "mrr": 0.6199032068252563,
                "top3_acc": 0.803561270236969,
                "ndcg_3": 0.6373822689056396,
                "top5_acc": 0.9295321106910706,
                "ndcg_5": 0.6894931197166443,
                "loss": 1.5375906229019165
            },
            "accuracy": 0.39912861585617065,
            "f1": 0.30405688285827637
        },
        "category": {
            "epoch": 9,
            "time": 59.364436626434326,
            "metrics": {
                "accuracy": 0.7669565081596375,
                "accuracy_macro": 0.7359699010848999,
                "f1": 0.7103757858276367,
                "f1_weighted": 0.7701472043991089,
                "mrr": 0.861101508140564,
                "top3_acc": 0.9452174305915833,
                "ndcg_3": 0.8741894364356995,
                "top5_acc": 0.9895652532577515,
                "ndcg_5": 0.892412543296814,
                "loss": 0.7021504640579224
            },
            "accuracy": 0.7669565081596375,
            "f1": 0.7103757858276367
        }
    }
}