{
    "Community": {
        "precision": 0.5233709417453373,
        "recall": 0.7227344992050875,
        "f1-score": 0.6071047008547008,
        "support": 3145.0
    },
    "Entertainment": {
        "precision": 0.636795440151995,
        "recall": 0.7254689754689755,
        "f1-score": 0.6782462057335582,
        "support": 2772.0
    },
    "Food": {
        "precision": 0.7600430968139141,
        "recall": 0.6283242142766255,
        "f1-score": 0.6879353580384509,
        "support": 7859.0
    },
    "Nightlife": {
        "precision": 0.5304247990815155,
        "recall": 0.6553191489361702,
        "f1-score": 0.5862944162436549,
        "support": 1410.0
    },
    "Outdoors": {
        "precision": 0.6499382969971206,
        "recall": 0.7129963898916968,
        "f1-score": 0.680008607703895,
        "support": 2216.0
    },
    "Shopping": {
        "precision": 0.7527846534653465,
        "recall": 0.7260519247985676,
        "f1-score": 0.7391766671730214,
        "support": 6702.0
    },
    "Travel": {
        "precision": 0.8523816136647688,
        "recall": 0.7938437661665805,
        "f1-score": 0.8220719212482421,
        "support": 7732.0
    },
    "macro avg": {
        "precision": 0.6722484059885712,
        "recall": 0.7092484169633863,
        "f1-score": 0.6858339824279318,
        "support": 31836.0
    },
    "weighted avg": {
        "precision": 0.7289960072553797,
        "recall": 0.7139716044729237,
        "f1-score": 0.7174181136250165,
        "support": 31836.0
    }
}