{
    "fold_number": 2,
    "duration": 168.18823432922363,
    "primary_checkpoint": {
        "selection_metric": "joint_score",
        "epoch": 24,
        "joint_score": 0.4183284118771553,
        "loss": 2.371520757675171,
        "time": 84.79389762878418,
        "task_metrics": {
            "next_region": {
                "accuracy": 0.2642688751220703,
                "f1": 0.14759720861911774
            },
            "next_category": {
                "accuracy": 0.7200565338134766,
                "f1": 0.6890596151351929
            }
        }
    },
    "diagnostic_best_epochs": {
        "next_region": {
            "epoch": 6,
            "time": 24.376030206680298,
            "metrics": {
                "accuracy": 0.49709439277648926,
                "accuracy_macro": 0.18250250824713715,
                "f1": 0.15829719603061676,
                "f1_weighted": 0.48547178506851196,
                "mrr": 0.5760466456413269,
                "top3_acc": 0.6086382865905762,
                "ndcg_3": 0.5615278482437134,
                "top5_acc": 0.6625097990036011,
                "ndcg_5": 0.5836993455886841,
                "loss": 5.397350788116455,
                "n_indist": 31611.0,
                "n_ood": 224.0,
                "ood_fraction": 0.00703628082299356,
                "top1_acc_indist": 0.5002688765525818,
                "top5_acc_indist": 0.6660339832305908,
                "top10_acc_indist": 0.7453101873397827,
                "mrr_indist": 0.5792413353919983
            },
            "accuracy": 0.49709439277648926,
            "f1": 0.15829719603061676,
            "per_metric_best": {
                "top10_acc_indist": {
                    "epoch": 4,
                    "best_value": 0.7619499564170837,
                    "metrics": {
                        "accuracy": 0.4948641359806061,
                        "accuracy_macro": 0.17127201884268364,
                        "f1": 0.147526815533638,
                        "f1_weighted": 0.4802294075489044,
                        "mrr": 0.5786375999450684,
                        "top3_acc": 0.6107114553451538,
                        "ndcg_3": 0.562707781791687,
                        "top5_acc": 0.6691063046455383,
                        "ndcg_5": 0.5866539478302002,
                        "loss": 6.119872570037842,
                        "n_indist": 31611.0,
                        "n_ood": 224.0,
                        "ood_fraction": 0.00703628082299356,
                        "top1_acc_indist": 0.49837082624435425,
                        "top5_acc_indist": 0.6738477349281311,
                        "top10_acc_indist": 0.7619499564170837,
                        "mrr_indist": 0.5826588869094849
                    }
                },
                "top5_acc_indist": {
                    "epoch": 4,
                    "best_value": 0.6738477349281311,
                    "metrics": {
                        "accuracy": 0.4948641359806061,
                        "accuracy_macro": 0.17127201884268364,
                        "f1": 0.147526815533638,
                        "f1_weighted": 0.4802294075489044,
                        "mrr": 0.5786375999450684,
                        "top3_acc": 0.6107114553451538,
                        "ndcg_3": 0.562707781791687,
                        "top5_acc": 0.6691063046455383,
                        "ndcg_5": 0.5866539478302002,
                        "loss": 6.119872570037842,
                        "n_indist": 31611.0,
                        "n_ood": 224.0,
                        "ood_fraction": 0.00703628082299356,
                        "top1_acc_indist": 0.49837082624435425,
                        "top5_acc_indist": 0.6738477349281311,
                        "top10_acc_indist": 0.7619499564170837,
                        "mrr_indist": 0.5826588869094849
                    }
                },
                "mrr_indist": {
                    "epoch": 4,
                    "best_value": 0.5826588869094849,
                    "metrics": {
                        "accuracy": 0.4948641359806061,
                        "accuracy_macro": 0.17127201884268364,
                        "f1": 0.147526815533638,
                        "f1_weighted": 0.4802294075489044,
                        "mrr": 0.5786375999450684,
                        "top3_acc": 0.6107114553451538,
                        "ndcg_3": 0.562707781791687,
                        "top5_acc": 0.6691063046455383,
                        "ndcg_5": 0.5866539478302002,
                        "loss": 6.119872570037842,
                        "n_indist": 31611.0,
                        "n_ood": 224.0,
                        "ood_fraction": 0.00703628082299356,
                        "top1_acc_indist": 0.49837082624435425,
                        "top5_acc_indist": 0.6738477349281311,
                        "top10_acc_indist": 0.7619499564170837,
                        "mrr_indist": 0.5826588869094849
                    }
                },
                "top5_acc": {
                    "epoch": 4,
                    "best_value": 0.6691063046455383,
                    "metrics": {
                        "accuracy": 0.4948641359806061,
                        "accuracy_macro": 0.17127201884268364,
                        "f1": 0.147526815533638,
                        "f1_weighted": 0.4802294075489044,
                        "mrr": 0.5786375999450684,
                        "top3_acc": 0.6107114553451538,
                        "ndcg_3": 0.562707781791687,
                        "top5_acc": 0.6691063046455383,
                        "ndcg_5": 0.5866539478302002,
                        "loss": 6.119872570037842,
                        "n_indist": 31611.0,
                        "n_ood": 224.0,
                        "ood_fraction": 0.00703628082299356,
                        "top1_acc_indist": 0.49837082624435425,
                        "top5_acc_indist": 0.6738477349281311,
                        "top10_acc_indist": 0.7619499564170837,
                        "mrr_indist": 0.5826588869094849
                    }
                },
                "top3_acc": {
                    "epoch": 5,
                    "best_value": 0.6112141013145447,
                    "metrics": {
                        "accuracy": 0.4967174530029297,
                        "accuracy_macro": 0.18175847261902137,
                        "f1": 0.1572624295949936,
                        "f1_weighted": 0.48408979177474976,
                        "mrr": 0.5783654451370239,
                        "top3_acc": 0.6112141013145447,
                        "ndcg_3": 0.5636266469955444,
                        "top5_acc": 0.6654939651489258,
                        "ndcg_5": 0.5859255790710449,
                        "loss": 5.732555389404297,
                        "n_indist": 31611.0,
                        "n_ood": 224.0,
                        "ood_fraction": 0.00703628082299356,
                        "top1_acc_indist": 0.49992090463638306,
                        "top5_acc_indist": 0.6691025495529175,
                        "top10_acc_indist": 0.7471766471862793,
                        "mrr_indist": 0.5816373229026794
                    }
                },
                "mrr": {
                    "epoch": 4,
                    "best_value": 0.5786375999450684,
                    "metrics": {
                        "accuracy": 0.4948641359806061,
                        "accuracy_macro": 0.17127201884268364,
                        "f1": 0.147526815533638,
                        "f1_weighted": 0.4802294075489044,
                        "mrr": 0.5786375999450684,
                        "top3_acc": 0.6107114553451538,
                        "ndcg_3": 0.562707781791687,
                        "top5_acc": 0.6691063046455383,
                        "ndcg_5": 0.5866539478302002,