{
    "fold_number": 4,
    "duration": 168.6221034526825,
    "primary_checkpoint": {
        "selection_metric": "joint_score",
        "epoch": 36,
        "joint_score": 0.4357839375734329,
        "loss": 2.3207387924194336,
        "time": 124.70664381980896,
        "task_metrics": {
            "next_region": {
                "accuracy": 0.25437411665916443,
                "f1": 0.1619446575641632
            },
            "next_category": {
                "accuracy": 0.7389979362487793,
                "f1": 0.7096232175827026
            }
        }
    },
    "diagnostic_best_epochs": {
        "next_region": {
            "epoch": 6,
            "time": 24.415844678878784,
            "metrics": {
                "accuracy": 0.5020260810852051,
                "accuracy_macro": 0.1959555829581568,
                "f1": 0.1708732545375824,
                "f1_weighted": 0.49068138003349304,
                "mrr": 0.5838132500648499,
                "top3_acc": 0.6225223541259766,
                "ndcg_3": 0.5716554522514343,
                "top5_acc": 0.6779016852378845,
                "ndcg_5": 0.5944736003875732,
                "loss": 5.441551208496094,
                "n_indist": 31660.0,
                "n_ood": 175.0,
                "ood_fraction": 0.005497094392963719,
                "top1_acc_indist": 0.5044535994529724,
                "top5_acc_indist": 0.6802905797958374,
                "top10_acc_indist": 0.7506633400917053,
                "mrr_indist": 0.5861852169036865
            },
            "accuracy": 0.5020260810852051,
            "f1": 0.1708732545375824,
            "per_metric_best": {
                "top10_acc_indist": {
                    "epoch": 3,
                    "best_value": 0.7658559679985046,
                    "metrics": {
                        "accuracy": 0.49586933851242065,
                        "accuracy_macro": 0.181680529421261,
                        "f1": 0.15331119298934937,
                        "f1_weighted": 0.4789562225341797,
                        "mrr": 0.5838298797607422,
                        "top3_acc": 0.6235904097557068,
                        "ndcg_3": 0.5708960294723511,
                        "top5_acc": 0.6867284178733826,
                        "ndcg_5": 0.5967280268669128,
                        "loss": 6.517321586608887,
                        "n_indist": 31660.0,
                        "n_ood": 175.0,
                        "ood_fraction": 0.005497094392963719,
                        "top1_acc_indist": 0.498610258102417,
                        "top5_acc_indist": 0.6905243396759033,
                        "top10_acc_indist": 0.7658559679985046,
                        "mrr_indist": 0.5870525240898132
                    }
                },
                "top5_acc_indist": {
                    "epoch": 3,
                    "best_value": 0.6905243396759033,
                    "metrics": {
                        "accuracy": 0.49586933851242065,
                        "accuracy_macro": 0.181680529421261,
                        "f1": 0.15331119298934937,
                        "f1_weighted": 0.4789562225341797,
                        "mrr": 0.5838298797607422,
                        "top3_acc": 0.6235904097557068,
                        "ndcg_3": 0.5708960294723511,
                        "top5_acc": 0.6867284178733826,
                        "ndcg_5": 0.5967280268669128,
                        "loss": 6.517321586608887,
                        "n_indist": 31660.0,
                        "n_ood": 175.0,
                        "ood_fraction": 0.005497094392963719,
                        "top1_acc_indist": 0.498610258102417,
                        "top5_acc_indist": 0.6905243396759033,
                        "top10_acc_indist": 0.7658559679985046,
                        "mrr_indist": 0.5870525240898132
                    }
                },
                "mrr_indist": {
                    "epoch": 4,
                    "best_value": 0.5870937705039978,
                    "metrics": {
                        "accuracy": 0.5006125569343567,
                        "accuracy_macro": 0.18602056766311287,
                        "f1": 0.1610034853219986,
                        "f1_weighted": 0.48516756296157837,
                        "mrr": 0.5840007066726685,
                        "top3_acc": 0.6243128776550293,
                        "ndcg_3": 0.5718439221382141,
                        "top5_acc": 0.6795036792755127,
                        "ndcg_5": 0.594567060470581,
                        "loss": 6.1239914894104,
                        "n_indist": 31660.0,
                        "n_ood": 175.0,
                        "ood_fraction": 0.005497094392963719,
                        "top1_acc_indist": 0.5033796429634094,
                        "top5_acc_indist": 0.6830069422721863,
                        "top10_acc_indist": 0.7616866827011108,
                        "mrr_indist": 0.5870937705039978
                    }
                },
                "top5_acc": {
                    "epoch": 3,
                    "best_value": 0.6867284178733826,
                    "metrics": {
                        "accuracy": 0.49586933851242065,
                        "accuracy_macro": 0.181680529421261,
                        "f1": 0.15331119298934937,
                        "f1_weighted": 0.4789562225341797,
                        "mrr": 0.5838298797607422,
                        "top3_acc": 0.6235904097557068,
                        "ndcg_3": 0.5708960294723511,
                        "top5_acc": 0.6867284178733826,
                        "ndcg_5": 0.5967280268669128,
                        "loss": 6.517321586608887,
                        "n_indist": 31660.0,
                        "n_ood": 175.0,
                        "ood_fraction": 0.005497094392963719,
                        "top1_acc_indist": 0.498610258102417,
                        "top5_acc_indist": 0.6905243396759033,
                        "top10_acc_indist": 0.7658559679985046,
                        "mrr_indist": 0.5870525240898132
                    }
                },
                "top3_acc": {
                    "epoch": 4,
                    "best_value": 0.6243128776550293,
                    "metrics": {
                        "accuracy": 0.5006125569343567,
                        "accuracy_macro": 0.18602056766311287,
                        "f1": 0.1610034853219986,
                        "f1_weighted": 0.48516756296157837,
                        "mrr": 0.5840007066726685,
                        "top3_acc": 0.6243128776550293,
                        "ndcg_3": 0.5718439221382141,
                        "top5_acc": 0.6795036792755127,
                        "ndcg_5": 0.594567060470581,
                        "loss": 6.1239914894104,
                        "n_indist": 31660.0,
                        "n_ood": 175.0,
                        "ood_fraction": 0.005497094392963719,
                        "top1_acc_indist": 0.5033796429634094,
                        "top5_acc_indist": 0.6830069422721863,
                        "top10_acc_indist": 0.7616866827011108,
                        "mrr_indist": 0.5870937705039978
                    }
                },
                "mrr": {
                    "epoch": 4,
                    "best_value": 0.5840007066726685,
                    "metrics": {
                        "accuracy": 0.5006125569343567,
                        "accuracy_macro": 0.18602056766311287,
                        "f1": 0.1610034853219986,
                        "f1_weighted": 0.48516756296157837,
                        "mrr": 0.5840007066726685,
                        "top3_acc": 0.6243128776550293,
                        "ndcg_3": 0.5718439221382141,
                        "top5_acc": 0.6795036792755127,
                        "ndcg_5": 0.594567060470581,