{
    "fold_number": 3,
    "duration": 34.10737729072571,
    "primary_checkpoint": {
        "selection_metric": "joint_score",
        "epoch": 28,
        "joint_score": 0.28029435500502586,
        "loss": 4.092538197835286,
        "time": 19.705994844436646,
        "task_metrics": {
            "next_category": {
                "accuracy": 0.49554839730262756,
                "f1": 0.47385847568511963
            },
            "next_region": {
                "accuracy": 0.28225043416023254,
                "f1": 0.0867302343249321
            }
        }
    },
    "diagnostic_best_epochs": {
        "next_category": {
            "epoch": 49,
            "time": 33.97100377082825,
            "metrics": {
                "accuracy": 0.521500289440155,
                "accuracy_macro": 0.477247416973114,
                "f1": 0.4811211824417114,
                "f1_weighted": 0.5193875432014465,
                "mrr": 0.7022871971130371,
                "top3_acc": 0.8622845411300659,
                "ndcg_3": 0.7226964831352234,
                "top5_acc": 0.9515059590339661,
                "ndcg_5": 0.7593953609466553,
                "loss": 2.81678835550944
            },
            "accuracy": 0.521500289440155,
            "f1": 0.4811211824417114,
            "per_metric_best": {
                "top5_acc": {
                    "epoch": 19,
                    "best_value": 0.9664709568023682,
                    "metrics": {
                        "accuracy": 0.4387194514274597,
                        "accuracy_macro": 0.5257807970046997,
                        "f1": 0.445644736289978,
                        "f1_weighted": 0.4399678707122803,
                        "mrr": 0.6518735885620117,
                        "top3_acc": 0.8423944115638733,
                        "ndcg_3": 0.6755277514457703,
                        "top5_acc": 0.9664709568023682,
                        "ndcg_5": 0.7270220518112183,
                        "loss": 1.3514857292175293
                    }
                },
                "top3_acc": {
                    "epoch": 42,
                    "best_value": 0.8666414022445679,
                    "metrics": {
                        "accuracy": 0.5017995834350586,
                        "accuracy_macro": 0.47803452610969543,
                        "f1": 0.4616853892803192,
                        "f1_weighted": 0.5016684532165527,
                        "mrr": 0.6928819417953491,
                        "top3_acc": 0.8666414022445679,
                        "ndcg_3": 0.7171778678894043,
                        "top5_acc": 0.9568099975585938,
                        "ndcg_5": 0.754467248916626,
                        "loss": 2.341954072316488
                    }
                },
                "mrr": {
                    "epoch": 49,
                    "best_value": 0.7022871971130371,
                    "metrics": {
                        "accuracy": 0.521500289440155,
                        "accuracy_macro": 0.477247416973114,
                        "f1": 0.4811211824417114,
                        "f1_weighted": 0.5193875432014465,
                        "mrr": 0.7022871971130371,
                        "top3_acc": 0.8622845411300659,
                        "ndcg_3": 0.7226964831352234,
                        "top5_acc": 0.9515059590339661,
                        "ndcg_5": 0.7593953609466553,
                        "loss": 2.81678835550944
                    }
                },
                "accuracy": {
                    "epoch": 49,
                    "best_value": 0.521500289440155,
                    "metrics": {
                        "accuracy": 0.521500289440155,
                        "accuracy_macro": 0.477247416973114,
                        "f1": 0.4811211824417114,
                        "f1_weighted": 0.5193875432014465,
                        "mrr": 0.7022871971130371,
                        "top3_acc": 0.8622845411300659,
                        "ndcg_3": 0.7226964831352234,
                        "top5_acc": 0.9515059590339661,
                        "ndcg_5": 0.7593953609466553,
                        "loss": 2.81678835550944
                    }
                },
                "accuracy_macro": {
                    "epoch": 17,
                    "best_value": 0.5333547592163086,
                    "metrics": {
                        "accuracy": 0.4538738429546356,
                        "accuracy_macro": 0.5333547592163086,
                        "f1": 0.44722282886505127,
                        "f1_weighted": 0.4493752717971802,
                        "mrr": 0.6583119630813599,
                        "top3_acc": 0.8397423624992371,
                        "ndcg_3": 0.6796618103981018,
                        "top5_acc": 0.956052303314209,
                        "ndcg_5": 0.7279772162437439,
                        "loss": 1.328573226928711
                    }
                },
                "f1_weighted": {
                    "epoch": 49,
                    "best_value": 0.5193875432014465,
                    "metrics": {
                        "accuracy": 0.521500289440155,
                        "accuracy_macro": 0.477247416973114,
                        "f1": 0.4811211824417114,
                        "f1_weighted": 0.5193875432014465,
                        "mrr": 0.7022871971130371,
                        "top3_acc": 0.8622845411300659,
                        "ndcg_3": 0.7226964831352234,
                        "top5_acc": 0.9515059590339661,
                        "ndcg_5": 0.7593953609466553,
                        "loss": 2.81678835550944
                    }
                }
            }
        },
        "next_region": {
            "epoch": 9,
            "time": 6.935610055923462,
            "metrics": {
                "accuracy": 0.2953210771083832,
                "accuracy_macro": 0.10583995145909926,
                "f1": 0.09390703588724136,
                "f1_weighted": 0.2904261648654938,
                "mrr": 0.3397960066795349,
                "top3_acc": 0.35669633746147156,
                "ndcg_3": 0.3314606845378876,
                "top5_acc": 0.38075393438339233,
                "ndcg_5": 0.34127524495124817,
                "loss": 6.727231343587239,
                "n_indist": 5157.0,
                "n_ood": 122.0,
                "ood_fraction": 0.023110437582875544,
                "top1_acc_indist": 0.3023075461387634,
                "top5_acc_indist": 0.38976147770881653,
                "top10_acc_indist": 0.4349427819252014,
                "mrr_indist": 0.34781673550605774
            },
            "accuracy": 0.2953210771083832,
            "f1": 0.09390703588724136,
            "per_metric_best": {
                "top10_acc_indist": {
                    "epoch": 5,
                    "best_value": 0.44056621193885803,
                    "metrics": {
                        "accuracy": 0.2833870053291321,
                        "accuracy_macro": 0.09696744025392953,
                        "f1": 0.08353687077760696,
                        "f1_weighted": 0.275373250246048,
                        "mrr": 0.33405181765556335,
                        "top3_acc": 0.3546126186847687,
                        "ndcg_3": 0.325150728225708,
                        "top5_acc": 0.3898465633392334,
                        "ndcg_5": 0.33962783217430115,
                        "loss": 6.859152475992839,
                        "n_indist": 5157.0,
                        "n_ood": 122.0,
                        "ood_fraction": 0.023110437582875544,
                        "top1_acc_indist": 0.2900911271572113,
                        "top5_acc_indist": 0.399069219827652,
                        "top10_acc_indist": 0.44056621193885803,
                        "mrr_indist": 0.3419366478919983
                    }
                },