{
    "Community": {
        "precision": 0.4398148148148148,
        "recall": 0.5766312594840668,
        "f1-score": 0.4990151017728168,
        "support": 659.0
    },
    "Entertainment": {
        "precision": 0.33747412008281574,
        "recall": 0.49544072948328266,
        "f1-score": 0.4014778325123153,
        "support": 329.0
    },
    "Food": {
        "precision": 0.5743440233236151,
        "recall": 0.3290645879732739,
        "f1-score": 0.4184070796460177,
        "support": 1796.0
    },
    "Nightlife": {
        "precision": 0.30103092783505153,
        "recall": 0.5816733067729084,
        "f1-score": 0.3967391304347826,
        "support": 251.0
    },
    "Outdoors": {
        "precision": 0.39473684210526316,
        "recall": 0.5851063829787234,
        "f1-score": 0.4714285714285714,
        "support": 282.0
    },
    "Shopping": {
        "precision": 0.5890850722311396,
        "recall": 0.5284377249820015,
        "f1-score": 0.5571157495256167,
        "support": 1389.0
    },
    "Travel": {
        "precision": 0.506631299734748,
        "recall": 0.6666666666666666,
        "f1-score": 0.5757347400150716,
        "support": 573.0
    },
    "macro avg": {
        "precision": 0.4490167285896354,
        "recall": 0.537574379762989,
        "f1-score": 0.4742740293335989,
        "support": 5279.0
    },
    "weighted avg": {
        "precision": 0.5167270821740418,
        "recall": 0.48512975942413333,
        "f1-score": 0.482790383597422,
        "support": 5279.0
    }
}