{
    "fold_number": 5,
    "duration": 345.01016092300415,
    "primary_checkpoint": {
        "selection_metric": "joint_score",
        "epoch": 15,
        "joint_score": 0.5331253260374069,
        "loss": 1.1843676567077637,
        "time": 111.26993799209595,
        "task_metrics": {
            "category": {
                "accuracy": 0.7736389636993408,
                "f1": 0.7453588843345642
            },
            "next": {
                "accuracy": 0.37715476751327515,
                "f1": 0.32089176774024963
            }
        }
    },
    "diagnostic_best_epochs": {
        "category": {
            "epoch": 17,
            "time": 125.25239896774292,
            "metrics": {
                "accuracy": 0.7879655957221985,
                "accuracy_macro": 0.7660351991653442,
                "f1": 0.7598862648010254,
                "f1_weighted": 0.788694441318512,
                "mrr": 0.8777322769165039,
                "top3_acc": 0.9665711522102356,
                "ndcg_3": 0.895150899887085,
                "top5_acc": 0.9961795806884766,
                "ndcg_5": 0.9074420928955078,
                "loss": 0.6576294302940369
            },
            "accuracy": 0.7879655957221985,
            "f1": 0.7598862648010254
        },
        "next": {
            "epoch": 15,
            "time": 111.31881785392761,
            "metrics": {
                "accuracy": 0.37715476751327515,
                "accuracy_macro": 0.33654648065567017,
                "f1": 0.32089176774024963,
                "f1_weighted": 0.37313252687454224,
                "mrr": 0.5990285277366638,
                "top3_acc": 0.7793142795562744,
                "ndcg_3": 0.6117420196533203,
                "top5_acc": 0.9249857664108276,
                "ndcg_5": 0.6718975305557251,
                "loss": 1.6889985799789429
            },
            "accuracy": 0.37715476751327515,
            "f1": 0.32089176774024963
        }
    }
}