{
    "Community": {
        "precision": 0.5571992110453649,
        "recall": 0.7188295165394402,
        "f1-score": 0.6277777777777778,
        "support": 3144.0
    },
    "Entertainment": {
        "precision": 0.7259013980868285,
        "recall": 0.7117604617604618,
        "f1-score": 0.7187613843351548,
        "support": 2772.0
    },
    "Food": {
        "precision": 0.7290286197659664,
        "recall": 0.6579717521313144,
        "f1-score": 0.6916800428036383,
        "support": 7859.0
    },
    "Nightlife": {
        "precision": 0.3883121876201461,
        "recall": 0.7163120567375887,
        "f1-score": 0.5036150585888806,
        "support": 1410.0
    },
    "Outdoors": {
        "precision": 0.6492418196328811,
        "recall": 0.7342057761732852,
        "f1-score": 0.6891147818720881,
        "support": 2216.0
    },
    "Shopping": {
        "precision": 0.8126480772735557,
        "recall": 0.6653237839450911,
        "f1-score": 0.7316432849290344,
        "support": 6702.0
    },
    "Travel": {
        "precision": 0.8607268782207756,
        "recall": 0.8208742886704604,
        "f1-score": 0.8403283463524427,
        "support": 7732.0
    },
    "macro avg": {
        "precision": 0.6747225988065025,
        "recall": 0.717896805136806,
        "f1-score": 0.6861315252370022,
        "support": 31835.0
    },
    "weighted avg": {
        "precision": 0.7407324206346891,
        "recall": 0.7176692319773834,
        "f1-score": 0.7237355428281613,
        "support": 31835.0
    }
}