{
    "Community": {
        "precision": 0.5416761817766613,
        "recall": 0.7544529262086515,
        "f1-score": 0.6305994948823608,
        "support": 3144.0
    },
    "Entertainment": {
        "precision": 0.6988716502115656,
        "recall": 0.7152652472031757,
        "f1-score": 0.7069734260745497,
        "support": 2771.0
    },
    "Food": {
        "precision": 0.7594059405940594,
        "recall": 0.6830788804071247,
        "f1-score": 0.7192230408573342,
        "support": 7860.0
    },
    "Nightlife": {
        "precision": 0.5139462809917356,
        "recall": 0.7061745919091554,
        "f1-score": 0.5949177877428998,
        "support": 1409.0
    },
    "Outdoors": {
        "precision": 0.6815525876460768,
        "recall": 0.7365809652683807,
        "f1-score": 0.7079991328853241,
        "support": 2217.0
    },
    "Shopping": {
        "precision": 0.8065730914070524,
        "recall": 0.7031786300552156,
        "f1-score": 0.7513354062026628,
        "support": 6701.0
    },
    "Travel": {
        "precision": 0.8565423728813559,
        "recall": 0.8169943093636834,
        "f1-score": 0.8363010524922222,
        "support": 7732.0
    },
    "macro avg": {
        "precision": 0.6940811579297869,
        "recall": 0.7308179357736267,
        "f1-score": 0.7067641915910505,
        "support": 31834.0
    },
    "weighted avg": {
        "precision": 0.749868639212081,
        "recall": 0.7344348809449017,
        "f1-score": 0.7383166680929755,
        "support": 31834.0
    }
}