{
    "fold_number": 4,
    "duration": 17.869370698928833,
    "primary_checkpoint": {
        "selection_metric": "joint_score",
        "epoch": 25,
        "joint_score": 0.05185854434967041,
        "loss": 4.360404968261719,
        "time": 9.384395360946655,
        "task_metrics": {
            "next_region": {
                "accuracy": 0.0,
                "f1": 0.0
            },
            "next_category": {
                "accuracy": 0.33084186911582947,
                "f1": 0.10371708869934082
            }
        }
    },
    "diagnostic_best_epochs": {
        "next_region": {
            "epoch": 31,
            "time": 11.508519411087036,
            "metrics": {
                "accuracy": 0.009441385045647621,
                "accuracy_macro": 0.002145922746781116,
                "f1": 4.014197111246176e-05,
                "f1_weighted": 0.000176612040377222,
                "mrr": 0.01802181266248226,
                "top3_acc": 0.009441385045647621,
                "ndcg_3": 0.009441385045647621,
                "top5_acc": 0.011014948599040508,
                "ndcg_5": 0.01006736233830452,
                "loss": 6.783567428588867,
                "n_indist": 2459.0,
                "n_ood": 83.0,
                "ood_fraction": 0.032651455546813535,
                "top1_acc_indist": 0.009760065004229546,
                "top5_acc_indist": 0.011386741884052753,
                "top10_acc_indist": 0.019926799461245537,
                "mrr_indist": 0.018594542518258095
            },
            "accuracy": 0.009441385045647621,
            "f1": 4.014197111246176e-05,
            "per_metric_best": {
                "top10_acc_indist": {
                    "epoch": 21,
                    "best_value": 0.04758031666278839,
                    "metrics": {
                        "accuracy": 0.00590086542069912,
                        "accuracy_macro": 0.002145922746781116,
                        "f1": 2.5177036150125787e-05,
                        "f1_weighted": 6.923190085217357e-05,
                        "mrr": 0.01863379217684269,
                        "top3_acc": 0.008261212147772312,
                        "ndcg_3": 0.0073900786228477955,
                        "top5_acc": 0.00865460280328989,
                        "ndcg_5": 0.007559502497315407,
                        "loss": 6.797693252563477,
                        "n_indist": 2459.0,
                        "n_ood": 83.0,
                        "ood_fraction": 0.032651455546813535,
                        "top1_acc_indist": 0.006100040394812822,
                        "top5_acc_indist": 0.008946726098656654,
                        "top10_acc_indist": 0.04758031666278839,
                        "mrr_indist": 0.019226795062422752
                    }
                },
                "top5_acc_indist": {
                    "epoch": 49,
                    "best_value": 0.01789345219731331,
                    "metrics": {
                        "accuracy": 0.0,
                        "accuracy_macro": 0.0,
                        "f1": 0.0,
                        "f1_weighted": 0.0,
                        "mrr": 0.012273253872990608,
                        "top3_acc": 0.0015735641354694963,
                        "ndcg_3": 0.0007867820677347481,
                        "top5_acc": 0.01730920560657978,
                        "ndcg_5": 0.007253436837345362,
                        "loss": 6.793055534362793,
                        "n_indist": 2459.0,
                        "n_ood": 83.0,
                        "ood_fraction": 0.032651455546813535,
                        "top1_acc_indist": 0.0,
                        "top5_acc_indist": 0.01789345219731331,
                        "top10_acc_indist": 0.03456689789891243,
                        "mrr_indist": 0.012651322409510612
                    }
                },
                "mrr_indist": {
                    "epoch": 21,
                    "best_value": 0.019226795062422752,
                    "metrics": {
                        "accuracy": 0.00590086542069912,
                        "accuracy_macro": 0.002145922746781116,
                        "f1": 2.5177036150125787e-05,
                        "f1_weighted": 6.923190085217357e-05,
                        "mrr": 0.01863379217684269,
                        "top3_acc": 0.008261212147772312,
                        "ndcg_3": 0.0073900786228477955,
                        "top5_acc": 0.00865460280328989,
                        "ndcg_5": 0.007559502497315407,
                        "loss": 6.797693252563477,
                        "n_indist": 2459.0,
                        "n_ood": 83.0,
                        "ood_fraction": 0.032651455546813535,
                        "top1_acc_indist": 0.006100040394812822,
                        "top5_acc_indist": 0.008946726098656654,
                        "top10_acc_indist": 0.04758031666278839,
                        "mrr_indist": 0.019226795062422752
                    }
                },
                "top5_acc": {
                    "epoch": 49,
                    "best_value": 0.01730920560657978,
                    "metrics": {
                        "accuracy": 0.0,
                        "accuracy_macro": 0.0,
                        "f1": 0.0,
                        "f1_weighted": 0.0,
                        "mrr": 0.012273253872990608,
                        "top3_acc": 0.0015735641354694963,
                        "ndcg_3": 0.0007867820677347481,
                        "top5_acc": 0.01730920560657978,
                        "ndcg_5": 0.007253436837345362,
                        "loss": 6.793055534362793,
                        "n_indist": 2459.0,
                        "n_ood": 83.0,
                        "ood_fraction": 0.032651455546813535,
                        "top1_acc_indist": 0.0,
                        "top5_acc_indist": 0.01789345219731331,
                        "top10_acc_indist": 0.03456689789891243,
                        "mrr_indist": 0.012651322409510612
                    }
                },
                "top3_acc": {
                    "epoch": 15,
                    "best_value": 0.012981903739273548,
                    "metrics": {
                        "accuracy": 0.0011801731307059526,
                        "accuracy_macro": 0.002145922746781116,
                        "f1": 5.059150225861231e-06,
                        "f1_weighted": 2.7823336949950317e-06,
                        "mrr": 0.0165821835398674,
                        "top3_acc": 0.012981903739273548,
                        "ndcg_3": 0.008626236580312252,
                        "top5_acc": 0.01573564112186432,
                        "ndcg_5": 0.009812206029891968,
                        "loss": 6.789523124694824,
                        "n_indist": 2459.0,
                        "n_ood": 83.0,
                        "ood_fraction": 0.032651455546813535,
                        "top1_acc_indist": 0.0012200081255286932,
                        "top5_acc_indist": 0.016266774386167526,
                        "top10_acc_indist": 0.03375355899333954,
                        "mrr_indist": 0.01710549369454384
                    }
                },
                "mrr": {
                    "epoch": 21,
                    "best_value": 0.01863379217684269,
                    "metrics": {
                        "accuracy": 0.00590086542069912,
                        "accuracy_macro": 0.002145922746781116,
                        "f1": 2.5177036150125787e-05,
                        "f1_weighted": 6.923190085217357e-05,
                        "mrr": 0.01863379217684269,
                        "top3_acc": 0.008261212147772312,
                        "ndcg_3": 0.0073900786228477955,
                        "top5_acc": 0.00865460280328989,
                        "ndcg_5": 0.007559502497315407,