{
    "Community": {
        "precision": 0.0,
        "recall": 0.0,
        "f1-score": 0.0,
        "support": 438.0
    },
    "Entertainment": {
        "precision": 0.0,
        "recall": 0.0,
        "f1-score": 0.0,
        "support": 168.0
    },
    "Food": {
        "precision": 0.34236559139784944,
        "recall": 0.9159953970080552,
        "f1-score": 0.49843456480901693,
        "support": 869.0
    },
    "Nightlife": {
        "precision": 0.0,
        "recall": 0.0,
        "f1-score": 0.0,
        "support": 91.0
    },
    "Outdoors": {
        "precision": 0.13157894736842105,
        "recall": 0.035211267605633804,
        "f1-score": 0.05555555555555555,
        "support": 142.0
    },
    "Shopping": {
        "precision": 0.0,
        "recall": 0.0,
        "f1-score": 0.0,
        "support": 657.0
    },
    "Travel": {
        "precision": 0.1853932584269663,
        "recall": 0.1875,
        "f1-score": 0.1864406779661017,
        "support": 176.0
    },
    "macro avg": {
        "precision": 0.09419111388474811,
        "recall": 0.16267238065909842,
        "f1-score": 0.10577582833295344,
        "support": 2541.0
    },
    "weighted avg": {
        "precision": 0.13728025302408225,
        "recall": 0.3282172373081464,
        "f1-score": 0.18647858521446617,
        "support": 2541.0
    }
}