{
    "Community": {
        "precision": 0.0,
        "recall": 0.0,
        "f1-score": 0.0,
        "support": 439.0
    },
    "Entertainment": {
        "precision": 0.0,
        "recall": 0.0,
        "f1-score": 0.0,
        "support": 167.0
    },
    "Food": {
        "precision": 0.34210526315789475,
        "recall": 0.8826237054085155,
        "f1-score": 0.4930890388942462,
        "support": 869.0
    },
    "Nightlife": {
        "precision": 0.0,
        "recall": 0.0,
        "f1-score": 0.0,
        "support": 90.0
    },
    "Outdoors": {
        "precision": 0.0,
        "recall": 0.0,
        "f1-score": 0.0,
        "support": 143.0
    },
    "Shopping": {
        "precision": 0.0,
        "recall": 0.0,
        "f1-score": 0.0,
        "support": 658.0
    },
    "Travel": {
        "precision": 0.18,
        "recall": 0.3068181818181818,
        "f1-score": 0.226890756302521,
        "support": 176.0
    },
    "macro avg": {
        "precision": 0.07458646616541353,
        "recall": 0.16992026960381393,
        "f1-score": 0.10285425645668103,
        "support": 2542.0
    },
    "weighted avg": {
        "precision": 0.1294136403163692,
        "recall": 0.32297403619197484,
        "f1-score": 0.1842750385162642,
        "support": 2542.0
    }
}