{
    "model": {
        "joint_score": {
            "mean": 0.5119725614786148,
            "std": 0,
            "min": 0.5119725614786148,
            "max": 0.5119725614786148
        },
        "loss": {
            "mean": 1.1926681995391846,
            "std": 0,
            "min": 1.1926681995391846,
            "max": 1.1926681995391846
        }
    },
    "category": {
        "accuracy": {
            "mean": 0.8161538243293762,
            "std": 0,
            "min": 0.8161538243293762,
            "max": 0.8161538243293762
        },
        "accuracy_macro": {
            "mean": 0.7713147401809692,
            "std": 0,
            "min": 0.7713147401809692,
            "max": 0.7713147401809692
        },
        "f1": {
            "mean": 0.7689907550811768,
            "std": 0,
            "min": 0.7689907550811768,
            "max": 0.7689907550811768
        },
        "f1_weighted": {
            "mean": 0.8168731331825256,
            "std": 0,
            "min": 0.8168731331825256,
            "max": 0.8168731331825256
        },
        "mrr": {
            "mean": 0.8923360705375671,
            "std": 0,
            "min": 0.8923360705375671,
            "max": 0.8923360705375671
        },
        "top3_acc": {
            "mean": 0.9657692313194275,
            "std": 0,
            "min": 0.9657692313194275,
            "max": 0.9657692313194275
        },
        "ndcg_3": {
            "mean": 0.905917763710022,
            "std": 0,
            "min": 0.905917763710022,
            "max": 0.905917763710022
        },
        "top5_acc": {
            "mean": 0.9907692074775696,
            "std": 0,
            "min": 0.9907692074775696,
            "max": 0.9907692074775696
        },
        "ndcg_5": {
            "mean": 0.9162801504135132,
            "std": 0,
            "min": 0.9162801504135132,
            "max": 0.9162801504135132
        },
        "loss": {
            "mean": 0.5885391235351562,
            "std": 0,
            "min": 0.5885391235351562,
            "max": 0.5885391235351562
        }
    },
    "next": {
        "accuracy": {
            "mean": 0.3502753674983978,
            "std": 0,
            "min": 0.3502753674983978,
            "max": 0.3502753674983978
        },
        "accuracy_macro": {
            "mean": 0.24861830472946167,
            "std": 0,
            "min": 0.24861830472946167,
            "max": 0.24861830472946167
        },
        "f1": {
            "mean": 0.25495436787605286,
            "std": 0,
            "min": 0.25495436787605286,
            "max": 0.25495436787605286
        },
        "f1_weighted": {
            "mean": 0.33867186307907104,
            "std": 0,
            "min": 0.33867186307907104,
            "max": 0.33867186307907104
        },
        "mrr": {
            "mean": 0.5793379545211792,
            "std": 0,
            "min": 0.5793379545211792,
            "max": 0.5793379545211792
        },
        "top3_acc": {
            "mean": 0.7600314617156982,
            "std": 0,
            "min": 0.7600314617156982,
            "max": 0.7600314617156982
        },
        "ndcg_3": {
            "mean": 0.5894361734390259,
            "std": 0,
            "min": 0.5894361734390259,
            "max": 0.5894361734390259
        },
        "top5_acc": {
            "mean": 0.9150275588035583,
            "std": 0,
            "min": 0.9150275588035583,
            "max": 0.9150275588035583
        },
        "ndcg_5": {
            "mean": 0.6533344388008118,
            "std": 0,
            "min": 0.6533344388008118,
            "max": 0.6533344388008118
        },
        "loss": {
            "mean": 1.796797275543213,
            "std": 0,
            "min": 1.796797275543213,
            "max": 1.796797275543213
        }
    },
    "_selection": {
        "primary": "joint_score",
        "diagnostic_task_best": "per-task best validation f1"
    },
    "diagnostic_task_best": {
        "category": {
            "accuracy": {
                "mean": 0.8311538696289062,
                "std": 0,
                "min": 0.8311538696289062,
                "max": 0.8311538696289062
            },
            "accuracy_macro": {
                "mean": 0.7991311550140381,
                "std": 0,
                "min": 0.7991311550140381,
                "max": 0.7991311550140381
            },
            "f1": {
                "mean": 0.797785758972168,
                "std": 0,
                "min": 0.797785758972168,
                "max": 0.797785758972168
            },
            "f1_weighted": {
                "mean": 0.831206202507019,
                "std": 0,
                "min": 0.831206202507019,
                "max": 0.831206202507019
            },
            "mrr": {
                "mean": 0.8998891711235046,
                "std": 0,
                "min": 0.8998891711235046,
                "max": 0.8998891711235046
            },
            "top3_acc": {
                "mean": 0.9653846025466919,
                "std": 0,
                "min": 0.9653846025466919,
                "max": 0.9653846025466919
            },
            "ndcg_3": {
                "mean": 0.9112615585327148,
                "std": 0,
                "min": 0.9112615585327148,
                "max": 0.9112615585327148
            },
            "top5_acc": {
                "mean": 0.9903846383094788,
                "std": 0,
                "min": 0.9903846383094788,
                "max": 0.9903846383094788
            },
            "ndcg_5": {
                "mean": 0.921758770942688,
                "std": 0,
                "min": 0.921758770942688,
                "max": 0.921758770942688
            },
            "loss": {
                "mean": 0.6452542543411255,
                "std": 0,
                "min": 0.6452542543411255,
                "max": 0.6452542543411255
            }
        },
        "next": {
            "accuracy": {
                "mean": 0.37608182430267334,
                "std": 0,
                "min": 0.37608182430267334,
                "max": 0.37608182430267334
            },
            "accuracy_macro": {
                "mean": 0.2743806838989258,
                "std": 0,
                "min": 0.2743806838989258,
                "max": 0.2743806838989258
            },
            "f1": {
                "mean": 0.2724766135215759,
                "std": 0,
                "min": 0.2724766135215759,
                "max": 0.2724766135215759
            },
            "f1_weighted": {
                "mean": 0.36178675293922424,
                "std": 0,
                "min": 0.36178675293922424,
                "max": 0.36178675293922424
            },
            "mrr": {
                "mean": 0.5982185006141663,
                "std": 0,
                "min": 0.5982185006141663,
                "max": 0.5982185006141663
            },
            "top3_acc": {
                "mean": 0.7845790982246399,
                "std": 0,
                "min": 0.7845790982246399,
                "max": 0.7845790982246399
            },
            "ndcg_3": {
                "mean": 0.6133564710617065,
                "std": 0,
                "min": 0.6133564710617065,
                "max": 0.6133564710617065
            },
            "top5_acc": {
                "mean": 0.9236821532249451,
                "std": 0,
                "min": 0.9236821532249451,
                "max": 0.9236821532249451
            },
            "ndcg_5": {
                "mean": 0.6706789135932922,
                "std": 0,
                "min": 0.6706789135932922,
                "max": 0.6706789135932922
            },
            "loss": {
                "mean": 1.606443166732788,
                "std": 0,
                "min": 1.606443166732788,
                "max": 1.606443166732788
            }
        }
    }
}