{
    "fold_number": 3,
    "duration": 1433.6751880645752,
    "best_epochs": {
        "category": {
            "epoch": 4,
            "accuracy": 0.5573004581625272,
            "f1": 0.47901877847962077,
            "time": 158.31649518013
        },
        "next": {
            "epoch": 42,
            "accuracy": 0.30842141544117646,
            "f1": 0.29282049306899693,
            "time": 1232.9785721302032
        }
    }
}