{
    "fold_number": 2,
    "duration": 1431.1448361873627,
    "best_epochs": {
        "category": {
            "epoch": 3,
            "accuracy": 0.5576923076923077,
            "f1": 0.47377557269071907,
            "time": 129.41323709487915
        },
        "next": {
            "epoch": 19,
            "accuracy": 0.32864200367647056,
            "f1": 0.2990983525038538,
            "time": 581.0530240535736
        }
    }
}