{
    "fold_number": 2,
    "duration": 345.19465017318726,
    "primary_checkpoint": {
        "selection_metric": "joint_score",
        "epoch": 14,
        "joint_score": 0.5118295699357986,
        "loss": 1.1736195087432861,
        "time": 103.98084807395935,
        "task_metrics": {
            "next": {
                "accuracy": 0.3962871730327606,
                "f1": 0.305693656206131
            },
            "category": {
                "accuracy": 0.764418363571167,
                "f1": 0.7179654836654663
            }
        }
    },
    "diagnostic_best_epochs": {
        "next": {
            "epoch": 8,
            "time": 62.74620008468628,
            "metrics": {
                "accuracy": 0.40443265438079834,
                "accuracy_macro": 0.3179173767566681,
                "f1": 0.32211539149284363,
                "f1_weighted": 0.3905138373374939,
                "mrr": 0.624258279800415,
                "top3_acc": 0.813790500164032,
                "ndcg_3": 0.6450001001358032,
                "top5_acc": 0.9327524304389954,
                "ndcg_5": 0.6939346194267273,
                "loss": 1.560389518737793
            },
            "accuracy": 0.40443265438079834,
            "f1": 0.32211539149284363
        },
        "category": {
            "epoch": 38,
            "time": 269.06416606903076,
            "metrics": {
                "accuracy": 0.759530782699585,
                "accuracy_macro": 0.716334342956543,
                "f1": 0.7185304760932922,
                "f1_weighted": 0.7603999376296997,
                "mrr": 0.8605617880821228,
                "top3_acc": 0.9638318419456482,
                "ndcg_3": 0.8816471695899963,
                "top5_acc": 0.9921798706054688,
                "ndcg_5": 0.8931705951690674,
                "loss": 1.0294606685638428
            },
            "accuracy": 0.759530782699585,
            "f1": 0.7185304760932922
        }
    }
}