{
    "fold_number": 1,
    "duration": 198.2084619998932,
    "primary_checkpoint": {
        "selection_metric": "joint_score",
        "epoch": 8,
        "joint_score": 0.5417156517505646,
        "loss": 1.0531623363494873,
        "time": 116.93886685371399,
        "task_metrics": {
            "category": {
                "accuracy": 0.842318058013916,
                "f1": 0.8052454590797424
            },
            "next": {
                "accuracy": 0.3772619962692261,
                "f1": 0.2781858444213867
            }
        }
    },
    "diagnostic_best_epochs": {
        "category": {
            "epoch": 11,
            "time": 156.39101004600525,
            "metrics": {
                "accuracy": 0.8477088809013367,
                "accuracy_macro": 0.8018426895141602,
                "f1": 0.8115983009338379,
                "f1_weighted": 0.8485264778137207,
                "mrr": 0.9137017130851746,
                "top3_acc": 0.9784366488456726,
                "ndcg_3": 0.9268363118171692,
                "top5_acc": 0.9973045587539673,
                "ndcg_5": 0.9347259998321533,
                "loss": 0.4797722399234772
            },
            "accuracy": 0.8477088809013367,
            "f1": 0.8115983009338379
        },
        "next": {
            "epoch": 13,
            "time": 184.00300192832947,
            "metrics": {
                "accuracy": 0.37214791774749756,
                "accuracy_macro": 0.2663709819316864,
                "f1": 0.28037720918655396,
                "f1_weighted": 0.3585684895515442,
                "mrr": 0.6012879014015198,
                "top3_acc": 0.7970102429389954,
                "ndcg_3": 0.6202216148376465,
                "top5_acc": 0.9354838728904724,
                "ndcg_5": 0.6774281859397888,
                "loss": 1.6034109592437744
            },
            "accuracy": 0.37214791774749756,
            "f1": 0.28037720918655396
        }
    }
}