{
    "model": {
        "joint_score": {
            "mean": 0.5166997313499451,
            "std": 0,
            "min": 0.5166997313499451,
            "max": 0.5166997313499451
        },
        "loss": {
            "mean": 1.1118385791778564,
            "std": 0,
            "min": 1.1118385791778564,
            "max": 1.1118385791778564
        }
    },
    "next": {
        "accuracy": {
            "mean": 0.41295701265335083,
            "std": 0,
            "min": 0.41295701265335083,
            "max": 0.41295701265335083
        },
        "accuracy_macro": {
            "mean": 0.3135649263858795,
            "std": 0,
            "min": 0.3135649263858795,
            "max": 0.3135649263858795
        },
        "f1": {
            "mean": 0.31805282831192017,
            "std": 0,
            "min": 0.31805282831192017,
            "max": 0.31805282831192017
        },
        "f1_weighted": {
            "mean": 0.3946029543876648,
            "std": 0,
            "min": 0.3946029543876648,
            "max": 0.3946029543876648
        },
        "mrr": {
            "mean": 0.6276057958602905,
            "std": 0,
            "min": 0.6276057958602905,
            "max": 0.6276057958602905
        },
        "top3_acc": {
            "mean": 0.8029929995536804,
            "std": 0,
            "min": 0.8029929995536804,
            "max": 0.8029929995536804
        },
        "ndcg_3": {
            "mean": 0.6426481604576111,
            "std": 0,
            "min": 0.6426481604576111,
            "max": 0.6426481604576111
        },
        "top5_acc": {
            "mean": 0.9297215342521667,
            "std": 0,
            "min": 0.9297215342521667,
            "max": 0.9297215342521667
        },
        "ndcg_5": {
            "mean": 0.6953178644180298,
            "std": 0,
            "min": 0.6953178644180298,
            "max": 0.6953178644180298
        },
        "loss": {
            "mean": 1.540529489517212,
            "std": 0,
            "min": 1.540529489517212,
            "max": 1.540529489517212
        }
    },
    "category": {
        "accuracy": {
            "mean": 0.7714528441429138,
            "std": 0,
            "min": 0.7714528441429138,
            "max": 0.7714528441429138
        },
        "accuracy_macro": {
            "mean": 0.7316674590110779,
            "std": 0,
            "min": 0.7316674590110779,
            "max": 0.7316674590110779
        },
        "f1": {
            "mean": 0.71534663438797,
            "std": 0,
            "min": 0.71534663438797,
            "max": 0.71534663438797
        },
        "f1_weighted": {
            "mean": 0.7737600803375244,
            "std": 0,
            "min": 0.7737600803375244,
            "max": 0.7737600803375244
        },
        "mrr": {
            "mean": 0.8655014634132385,
            "std": 0,
            "min": 0.8655014634132385,
            "max": 0.8655014634132385
        },
        "top3_acc": {
            "mean": 0.9532710313796997,
            "std": 0,
            "min": 0.9532710313796997,
            "max": 0.9532710313796997
        },
        "ndcg_3": {
            "mean": 0.8806053996086121,
            "std": 0,
            "min": 0.8806053996086121,
            "max": 0.8806053996086121
        },
        "top5_acc": {
            "mean": 0.9923534393310547,
            "std": 0,
            "min": 0.9923534393310547,
            "max": 0.9923534393310547
        },
        "ndcg_5": {
            "mean": 0.8967670202255249,
            "std": 0,
            "min": 0.8967670202255249,
            "max": 0.8967670202255249
        },
        "loss": {
            "mean": 0.6831475496292114,
            "std": 0,
            "min": 0.6831475496292114,
            "max": 0.6831475496292114
        }
    },
    "_selection": {
        "primary": "joint_score",
        "diagnostic_task_best": "per-task best validation f1"
    },
    "diagnostic_task_best": {
        "next": {
            "accuracy": {
                "mean": 0.41295701265335083,
                "std": 0,
                "min": 0.41295701265335083,
                "max": 0.41295701265335083
            },
            "accuracy_macro": {
                "mean": 0.3135649263858795,
                "std": 0,
                "min": 0.3135649263858795,
                "max": 0.3135649263858795
            },
            "f1": {
                "mean": 0.31805282831192017,
                "std": 0,
                "min": 0.31805282831192017,
                "max": 0.31805282831192017
            },
            "f1_weighted": {
                "mean": 0.3946029543876648,
                "std": 0,
                "min": 0.3946029543876648,
                "max": 0.3946029543876648
            },
            "mrr": {
                "mean": 0.6276057958602905,
                "std": 0,
                "min": 0.6276057958602905,
                "max": 0.6276057958602905
            },
            "top3_acc": {
                "mean": 0.8029929995536804,
                "std": 0,
                "min": 0.8029929995536804,
                "max": 0.8029929995536804
            },
            "ndcg_3": {
                "mean": 0.6426481604576111,
                "std": 0,
                "min": 0.6426481604576111,
                "max": 0.6426481604576111
            },
            "top5_acc": {
                "mean": 0.9297215342521667,
                "std": 0,
                "min": 0.9297215342521667,
                "max": 0.9297215342521667
            },
            "ndcg_5": {
                "mean": 0.6953178644180298,
                "std": 0,
                "min": 0.6953178644180298,
                "max": 0.6953178644180298
            },
            "loss": {
                "mean": 1.540529489517212,
                "std": 0,
                "min": 1.540529489517212,
                "max": 1.540529489517212
            }
        },
        "category": {
            "accuracy": {
                "mean": 0.7706032395362854,
                "std": 0,
                "min": 0.7706032395362854,
                "max": 0.7706032395362854
            },
            "accuracy_macro": {
                "mean": 0.7274996042251587,
                "std": 0,
                "min": 0.7274996042251587,
                "max": 0.7274996042251587
            },
            "f1": {
                "mean": 0.7163820266723633,
                "std": 0,
                "min": 0.7163820266723633,
                "max": 0.7163820266723633
            },
            "f1_weighted": {
                "mean": 0.7723253965377808,
                "std": 0,
                "min": 0.7723253965377808,
                "max": 0.7723253965377808
            },
            "mrr": {
                "mean": 0.8650342226028442,
                "std": 0,
                "min": 0.8650342226028442,
                "max": 0.8650342226028442
            },
            "top3_acc": {
                "mean": 0.9541206359863281,
                "std": 0,
                "min": 0.9541206359863281,
                "max": 0.9541206359863281
            },
            "ndcg_3": {
                "mean": 0.8804941177368164,
                "std": 0,
                "min": 0.8804941177368164,
                "max": 0.8804941177368164
            },
            "top5_acc": {
                "mean": 0.9923534393310547,
                "std": 0,
                "min": 0.9923534393310547,
                "max": 0.9923534393310547
            },
            "ndcg_5": {
                "mean": 0.8964388370513916,
                "std": 0,
                "min": 0.8964388370513916,
                "max": 0.8964388370513916
            },
            "loss": {
                "mean": 0.6847100257873535,
                "std": 0,
                "min": 0.6847100257873535,
                "max": 0.6847100257873535
            }
        }
    }
}