{
    "model": {
        "joint_score": {
            "mean": 0.504139706492424,
            "std": 0,
            "min": 0.504139706492424,
            "max": 0.504139706492424
        },
        "loss": {
            "mean": 1.1220810413360596,
            "std": 0,
            "min": 1.1220810413360596,
            "max": 1.1220810413360596
        }
    },
    "category": {
        "accuracy": {
            "mean": 0.7556521892547607,
            "std": 0,
            "min": 0.7556521892547607,
            "max": 0.7556521892547607
        },
        "accuracy_macro": {
            "mean": 0.7283302545547485,
            "std": 0,
            "min": 0.7283302545547485,
            "max": 0.7283302545547485
        },
        "f1": {
            "mean": 0.6956559419631958,
            "std": 0,
            "min": 0.6956559419631958,
            "max": 0.6956559419631958
        },
        "f1_weighted": {
            "mean": 0.7593607902526855,
            "std": 0,
            "min": 0.7593607902526855,
            "max": 0.7593607902526855
        },
        "mrr": {
            "mean": 0.8573954701423645,
            "std": 0,
            "min": 0.8573954701423645,
            "max": 0.8573954701423645
        },
        "top3_acc": {
            "mean": 0.953043520450592,
            "std": 0,
            "min": 0.953043520450592,
            "max": 0.953043520450592
        },
        "ndcg_3": {
            "mean": 0.8742719292640686,
            "std": 0,
            "min": 0.8742719292640686,
            "max": 0.8742719292640686
        },
        "top5_acc": {
            "mean": 0.9939130544662476,
            "std": 0,
            "min": 0.9939130544662476,
            "max": 0.9939130544662476
        },
        "ndcg_5": {
            "mean": 0.8913780450820923,
            "std": 0,
            "min": 0.8913780450820923,
            "max": 0.8913780450820923
        },
        "loss": {
            "mean": 0.6919851899147034,
            "std": 0,
            "min": 0.6919851899147034,
            "max": 0.6919851899147034
        }
    },
    "next": {
        "accuracy": {
            "mean": 0.39079371094703674,
            "std": 0,
            "min": 0.39079371094703674,
            "max": 0.39079371094703674
        },
        "accuracy_macro": {
            "mean": 0.3043370842933655,
            "std": 0,
            "min": 0.3043370842933655,
            "max": 0.3043370842933655
        },
        "f1": {
            "mean": 0.3126234710216522,
            "std": 0,
            "min": 0.3126234710216522,
            "max": 0.3126234710216522
        },
        "f1_weighted": {
            "mean": 0.380374014377594,
            "std": 0,
            "min": 0.380374014377594,
            "max": 0.380374014377594
        },
        "mrr": {
            "mean": 0.614669144153595,
            "std": 0,
            "min": 0.614669144153595,
            "max": 0.614669144153595
        },
        "top3_acc": {
            "mean": 0.8052661418914795,
            "std": 0,
            "min": 0.8052661418914795,
            "max": 0.8052661418914795
        },
        "ndcg_3": {
            "mean": 0.6341416835784912,
            "std": 0,
            "min": 0.6341416835784912,
            "max": 0.6341416835784912
        },
        "top5_acc": {
            "mean": 0.9301003813743591,
            "std": 0,
            "min": 0.9301003813743591,
            "max": 0.9301003813743591
        },
        "ndcg_5": {
            "mean": 0.6858875155448914,
            "std": 0,
            "min": 0.6858875155448914,
            "max": 0.6858875155448914
        },
        "loss": {
            "mean": 1.5521769523620605,
            "std": 0,
            "min": 1.5521769523620605,
            "max": 1.5521769523620605
        }
    },
    "_selection": {
        "primary": "joint_score",
        "diagnostic_task_best": "per-task best validation f1"
    },
    "diagnostic_task_best": {
        "category": {
            "accuracy": {
                "mean": 0.7591304183006287,
                "std": 0,
                "min": 0.7591304183006287,
                "max": 0.7591304183006287
            },
            "accuracy_macro": {
                "mean": 0.7204886674880981,
                "std": 0,
                "min": 0.7204886674880981,
                "max": 0.7204886674880981
            },
            "f1": {
                "mean": 0.6960906982421875,
                "std": 0,
                "min": 0.6960906982421875,
                "max": 0.6960906982421875
            },
            "f1_weighted": {
                "mean": 0.7628867626190186,
                "std": 0,
                "min": 0.7628867626190186,
                "max": 0.7628867626190186
            },
            "mrr": {
                "mean": 0.8577640056610107,
                "std": 0,
                "min": 0.8577640056610107,
                "max": 0.8577640056610107
            },
            "top3_acc": {
                "mean": 0.9504348039627075,
                "std": 0,
                "min": 0.9504348039627075,
                "max": 0.9504348039627075
            },
            "ndcg_3": {
                "mean": 0.8734543323516846,
                "std": 0,
                "min": 0.8734543323516846,
                "max": 0.8734543323516846
            },
            "top5_acc": {
                "mean": 0.9930434823036194,
                "std": 0,
                "min": 0.9930434823036194,
                "max": 0.9930434823036194
            },
            "ndcg_5": {
                "mean": 0.8912332653999329,
                "std": 0,
                "min": 0.8912332653999329,
                "max": 0.8912332653999329
            },
            "loss": {
                "mean": 0.6951314210891724,
                "std": 0,
                "min": 0.6951314210891724,
                "max": 0.6951314210891724
            }
        },
        "next": {
            "accuracy": {
                "mean": 0.39079371094703674,
                "std": 0,
                "min": 0.39079371094703674,
                "max": 0.39079371094703674
            },
            "accuracy_macro": {
                "mean": 0.3043370842933655,
                "std": 0,
                "min": 0.3043370842933655,
                "max": 0.3043370842933655
            },
            "f1": {
                "mean": 0.3126234710216522,
                "std": 0,
                "min": 0.3126234710216522,
                "max": 0.3126234710216522
            },
            "f1_weighted": {
                "mean": 0.380374014377594,
                "std": 0,
                "min": 0.380374014377594,
                "max": 0.380374014377594
            },
            "mrr": {
                "mean": 0.614669144153595,
                "std": 0,
                "min": 0.614669144153595,
                "max": 0.614669144153595
            },
            "top3_acc": {
                "mean": 0.8052661418914795,
                "std": 0,
                "min": 0.8052661418914795,
                "max": 0.8052661418914795
            },
            "ndcg_3": {
                "mean": 0.6341416835784912,
                "std": 0,
                "min": 0.6341416835784912,
                "max": 0.6341416835784912
            },
            "top5_acc": {
                "mean": 0.9301003813743591,
                "std": 0,
                "min": 0.9301003813743591,
                "max": 0.9301003813743591
            },
            "ndcg_5": {
                "mean": 0.6858875155448914,
                "std": 0,
                "min": 0.6858875155448914,
                "max": 0.6858875155448914
            },
            "loss": {
                "mean": 1.5521769523620605,
                "std": 0,
                "min": 1.5521769523620605,
                "max": 1.5521769523620605
            }
        }
    }
}