{
  "state": "alabama",
  "task": "next_poi",
  "n_classes": 11845,
  "n_folds": 5,
  "seed": 42,
  "majority_fraction": 0.011251868754425997,
  "best_simple_baseline": "markov_1step",
  "best_simple_acc10_mean": 0.04461453960391103,
  "per_fold": [
    {
      "fold": 0,
      "n_train": 10168,
      "n_val": 2541,
      "random": {
        "acc1": 8.442380751371887e-05,
        "acc5": 0.00042211903756859433,
        "acc10": 0.0008442380751371887,
        "mrr": 0.0008406010124781957
      },
      "majority": {
        "acc1": 0.011019283746556474,
        "acc5": 0.011019283746556474,
        "acc10": 0.011019283746556474,
        "mrr": 0.011019283746556474
      },
      "top_k_popular": {
        "acc1": 0.011019283746556474,
        "acc5": 0.024006296733569462,
        "acc10": 0.030303030303030304,
        "mrr": 0.01571794006858942
      },
      "markov_1step": {
        "acc1": 0.029909484454939,
        "acc5": 0.04919323101141283,
        "acc10": 0.05391578118850846,
        "mrr": 0.037928918123723315
      },
      "user_history": {
        "acc1": 0.011019283746556474,
        "acc5": 0.024006296733569462,
        "acc10": 0.030303030303030304,
        "mrr": 0.01571794006858942
      }
    },
    {
      "fold": 1,
      "n_train": 10166,
      "n_val": 2543,
      "random": {
        "acc1": 8.442380751371887e-05,
        "acc5": 0.00042211903756859433,
        "acc10": 0.0008442380751371887,
        "mrr": 0.0008406010124781957
      },
      "majority": {
        "acc1": 0.008651199370821865,
        "acc5": 0.008651199370821865,
        "acc10": 0.008651199370821865,
        "mrr": 0.008651199370821865
      },
      "top_k_popular": {
        "acc1": 0.008651199370821865,
        "acc5": 0.0184821077467558,
        "acc10": 0.02202123476209202,
        "mrr": 0.01183641368462446
      },
      "markov_1step": {
        "acc1": 0.018088871411718443,
        "acc5": 0.03460479748328746,
        "acc10": 0.039323633503735744,
        "mrr": 0.02400083640744278
      },
      "user_history": {
        "acc1": 0.008651199370821865,
        "acc5": 0.0184821077467558,
        "acc10": 0.02202123476209202,
        "mrr": 0.01183641368462446
      }
    },
    {
      "fold": 2,
      "n_train": 10167,
      "n_val": 2542,
      "random": {
        "acc1": 8.442380751371887e-05,
        "acc5": 0.00042211903756859433,
        "acc10": 0.0008442380751371887,
        "mrr": 0.0008406010124781957
      },
      "majority": {
        "acc1": 0.010228166797797011,
        "acc5": 0.010228166797797011,
        "acc10": 0.010228166797797011,
        "mrr": 0.010228166797797011
      },
      "top_k_popular": {
        "acc1": 0.010228166797797011,
        "acc5": 0.01888276947285602,
        "acc10": 0.024783634933123525,
        "mrr": 0.013014686598478886
      },
      "markov_1step": {
        "acc1": 0.02006294256490952,
        "acc5": 0.04051927616050354,
        "acc10": 0.04602675059008655,
        "mrr": 0.02899104567082537
      },
      "user_history": {
        "acc1": 0.010228166797797011,
        "acc5": 0.01888276947285602,
        "acc10": 0.024783634933123525,
        "mrr": 0.013014686598478886
      }
    },
    {
      "fold": 3,
      "n_train": 10167,
      "n_val": 2542,
      "random": {
        "acc1": 8.442380751371887e-05,
        "acc5": 0.00042211903756859433,
        "acc10": 0.0008442380751371887,
        "mrr": 0.0008406010124781957
      },
      "majority": {
        "acc1": 0.016522423288749016,
        "acc5": 0.016522423288749016,
        "acc10": 0.016522423288749016,
        "mrr": 0.016522423288749016
      },
      "top_k_popular": {
        "acc1": 0.016522423288749016,
        "acc5": 0.02006294256490952,
        "acc10": 0.025570416994492525,
        "mrr": 0.018119715759369572
      },
      "markov_1step": {
        "acc1": 0.02989771833202203,
        "acc5": 0.04445318646734855,
        "acc10": 0.04760031471282455,
        "mrr": 0.03611095500355925
      },
      "user_history": {
        "acc1": 0.016522423288749016,
        "acc5": 0.02006294256490952,
        "acc10": 0.025570416994492525,
        "mrr": 0.018119715759369572
      }
    },
    {
      "fold": 4,
      "n_train": 10168,
      "n_val": 2541,
      "random": {
        "acc1": 8.442380751371887e-05,
        "acc5": 0.00042211903756859433,
        "acc10": 0.0008442380751371887,
        "mrr": 0.0008406010124781957
      },
      "majority": {
        "acc1": 0.009838646202282565,
        "acc5": 0.009838646202282565,
        "acc10": 0.009838646202282565,
        "mrr": 0.009838646202282565
      },
      "top_k_popular": {
        "acc1": 0.009838646202282565,
        "acc5": 0.016135379771743407,
        "acc10": 0.023219205037386857,
        "mrr": 0.012613144431326249
      },
      "markov_1step": {
        "acc1": 0.011412829594647777,
        "acc5": 0.029909484454939,
        "acc10": 0.03620621802439984,
        "mrr": 0.019492544492544492
      },
      "user_history": {
        "acc1": 0.009838646202282565,
        "acc5": 0.016135379771743407,
        "acc10": 0.023219205037386857,
        "mrr": 0.012613144431326249
      }
    }
  ],
  "aggregate": {
    "random": {
      "acc1_mean": 8.442380751371887e-05,
      "acc1_std": 0.0,
      "acc5_mean": 0.0004221190375685943,
      "acc5_std": 5.421010862427522e-20,
      "acc10_mean": 0.0008442380751371885,
      "acc10_std": 1.0842021724855044e-19,
      "mrr_mean": 0.0008406010124781957,
      "mrr_std": 0.0
    },
    "majority": {
      "acc1_mean": 0.011251943881241388,
      "acc1_std": 0.0027437742537478227,
      "acc5_mean": 0.011251943881241388,
      "acc5_std": 0.0027437742537478227,
      "acc10_mean": 0.011251943881241388,
      "acc10_std": 0.0027437742537478227,
      "mrr_mean": 0.011251943881241388,
      "mrr_std": 0.0027437742537478227
    },
    "top_k_popular": {
      "acc1_mean": 0.011251943881241388,
      "acc1_std": 0.0027437742537478227,
      "acc5_mean": 0.01951389925796684,
      "acc5_std": 0.002583036820440313,
      "acc10_mean": 0.025179504406025045,
      "acc10_std": 0.0028417418484849516,
      "mrr_mean": 0.014260380108477716,
      "mrr_std": 0.0023306524247286423
    },
    "markov_1step": {
      "acc1_mean": 0.021874369271647355,
      "acc1_std": 0.007155309627517528,
      "acc5_mean": 0.039735995115498274,
      "acc5_std": 0.006858487225901953,
      "acc10_mean": 0.04461453960391103,
      "acc10_std": 0.006262840362501226,
      "mrr_mean": 0.029304859939619045,
      "mrr_std": 0.007002999200917891
    },
    "user_history": {
      "acc1_mean": 0.011251943881241388,
      "acc1_std": 0.0027437742537478227,
      "acc5_mean": 0.01951389925796684,
      "acc5_std": 0.002583036820440313,
      "acc10_mean": 0.025179504406025045,
      "acc10_std": 0.0028417418484849516,
      "mrr_mean": 0.014260380108477716,
      "mrr_std": 0.0023306524247286423
    }
  }
}