{
  "tag": "REHDM_STL_STUDY_v3_al_hgi_5f50ep",
  "state": "alabama",
  "engine": "hgi",
  "fold": 1,
  "config": {
    "n_regions": 1109,
    "emb_dim": 64,
    "d_model": 192,
    "n_heads": 4,
    "d_ff": 256,
    "n_hg_layers": 2,
    "dropout": 0.2,
    "beta": 0.5
  },
  "best_val_acc@10": 0.43981117230527145,
  "metrics": {
    "acc@1": 0.13414634146341464,
    "acc@5": 0.3280881195908733,
    "acc@10": 0.43981117230527145,
    "mrr": 0.23149614461663198,
    "n": 2542
  }
}