{
  "tag": "REHDM_STL_al_check2hgi_5x50",
  "state": "alabama",
  "engine": "check2hgi",
  "run": 0,
  "seed": 42,
  "config": {
    "n_regions": 498,
    "emb_dim": 64,
    "d_model": 192,
    "n_heads": 4,
    "d_ff": 256,
    "n_hg_layers": 2,
    "dropout": 0.2,
    "beta": 0.5
  },
  "best_val_acc@10": 0.488645920941968,
  "test": {
    "acc@1": 0.14033366045142295,
    "acc@5": 0.3169774288518155,
    "acc@10": 0.41903827281648676,
    "mrr": 0.2345935722796559,
    "n": 1019
  },
  "vocab": {
    "n_users": 710,
    "n_pois": 2688,
    "n_regions": 498,
    "emb_dim": 64,
    "session_hours": 24,
    "min_checkins": 10,
    "engine": "check2hgi"
  }
}