{
  "tag": "REHDM_STL_MASKFIX_SMOKE_ga_check2hgi_8ep",
  "state": "georgia",
  "engine": "check2hgi",
  "fold": 4,
  "config": {
    "n_regions": 2282,
    "emb_dim": 64,
    "d_model": 192,
    "n_heads": 4,
    "d_ff": 256,
    "n_hg_layers": 2,
    "dropout": 0.2,
    "beta": 0.5
  },
  "best_val_acc@10": 0.20122290161200668,
  "metrics": {
    "acc@1": 0.0820455808782657,
    "acc@5": 0.14752640355753197,
    "acc@10": 0.20122290161200668,
    "mrr": 0.12346070365418058,
    "n": 8995
  }
}