{
  "tag": "REHDM_STL_az_hgi_5x50",
  "state": "arizona",
  "engine": "hgi",
  "run": 1,
  "seed": 43,
  "config": {
    "n_regions": 870,
    "emb_dim": 64,
    "d_model": 192,
    "n_heads": 4,
    "d_ff": 256,
    "n_hg_layers": 2,
    "dropout": 0.2,
    "beta": 0.5
  },
  "best_val_acc@10": 0.4955914768552535,
  "test": {
    "acc@1": 0.18589211618257262,
    "acc@5": 0.3663900414937759,
    "acc@10": 0.4580912863070539,
    "mrr": 0.27821431347937997,
    "n": 2410
  },
  "vocab": {
    "n_users": 1456,
    "n_pois": 5297,
    "n_regions": 870,
    "emb_dim": 64,
    "session_hours": 24,
    "min_checkins": 10,
    "engine": "hgi"
  }
}