{
  "tag": "REHDM_az_v2_5seeds_50ep",
  "state": "arizona",
  "run": 3,
  "seed": 45,
  "config": {
    "n_users": 1687,
    "n_pois": 5363,
    "n_categories": 7,
    "n_quadkeys": 81,
    "n_regions": 870,
    "n_hours": 24,
    "n_days": 7,
    "d_id": 32,
    "n_heads": 4,
    "d_ff": 256,
    "n_hg_layers": 2,
    "dropout": 0.2,
    "beta": 0.5
  },
  "best_val_acc@10": 0.5694342395297576,
  "test": {
    "acc@1": 0.1966804979253112,
    "acc@5": 0.4315352697095436,
    "acc@10": 0.5572614107883818,
    "mrr": 0.3110592670955104,
    "n": 2410
  },
  "vocab": {
    "n_users": 1687,
    "n_pois": 5363,
    "n_categories": 7,
    "n_hours": 24,
    "n_days": 7,
    "n_quadkeys": 81,
    "n_regions": 870,
    "quadkey_level": 10,
    "session_hours": 24,
    "min_checkins": 10
  }
}