{
  "tag": "REHDM_BS128_ga_5seeds_50ep",
  "state": "georgia",
  "run": 1,
  "seed": 43,
  "config": {
    "n_users": 2742,
    "n_pois": 8662,
    "n_categories": 7,
    "n_quadkeys": 95,
    "n_regions": 1213,
    "n_hours": 24,
    "n_days": 7,
    "d_id": 32,
    "n_heads": 4,
    "d_ff": 256,
    "n_hg_layers": 2,
    "dropout": 0.2,
    "beta": 0.5
  },
  "best_val_acc@10": 0.6005291005291006,
  "test": {
    "acc@1": 0.22876138882048758,
    "acc@5": 0.4498891898547156,
    "acc@10": 0.5503570549125831,
    "mrr": 0.337642781460294,
    "n": 4061
  },
  "vocab": {
    "n_users": 2742,
    "n_pois": 8662,
    "n_categories": 7,
    "n_hours": 24,
    "n_days": 7,
    "n_quadkeys": 95,
    "n_regions": 1213,
    "quadkey_level": 10,
    "session_hours": 24,
    "min_checkins": 10
  }
}