{
  "tag": "REHDM_STL_STUDY_v3_al_check2hgi_5f50ep",
  "state": "alabama",
  "engine": "check2hgi",
  "fold": 2,
  "config": {
    "n_regions": 1109,
    "emb_dim": 64,
    "d_model": 192,
    "n_heads": 4,
    "d_ff": 256,
    "n_hg_layers": 2,
    "dropout": 0.2,
    "beta": 0.5
  },
  "best_val_acc@10": 0.26278520849724624,
  "metrics": {
    "acc@1": 0.05035405192761605,
    "acc@5": 0.1778127458693942,
    "acc@10": 0.26278520849724624,
    "mrr": 0.12099999466062436,
    "n": 2542
  }
}