time pressure_lvl free_pct swap_total_MB swap_used_MB wired_GB child_rss_GB disk_int_GB disk_ssd_GB
07:31:04 1 80 4096 2870 2.8 0.0 15 12
07:31:05 1 79 4096 2870 3.1 0.3 15 12
07:31:06 1 80 4096 2870 2.8 0.4 15 12
07:31:07 1 80 4096 2870 2.8 2.1 15 12
07:31:09 1 79 4096 2870 3.1 7.8 15 12
07:31:10 1 76 4096 2870 2.9 7.5 15 12
07:31:11 1 72 4096 2870 2.9 10.0 15 12
07:31:12 1 71 4096 2870 3.0 10.8 15 12
07:31:13 1 75 4096 2870 2.9 11.8 15 12
07:31:14 1 75 4096 2870 2.9 11.9 15 12
07:31:15 1 74 4096 2870 3.1 11.9 15 12
07:31:17 1 67 4096 2870 3.9 7.5 15 12
07:31:18 2 38 4096 2870 7.3 4.5 15 12
07:31:19 2 43 4096 2870 7.4 3.5 15 12
07:31:20 2 45 4096 2870 7.3 3.6 15 12
07:31:21 2 45 4096 2870 7.4 3.7 15 12
07:31:22 2 46 4096 2870 7.3 3.8 15 12
07:31:23 2 46 4096 2870 7.4 3.9 15 12
07:31:24 1 47 4096 2870 7.1 4.0 15 12
07:31:25 1 48 4096 2870 7.1 4.0 15 12
07:31:26 1 47 4096 2870 7.2 4.1 15 12
07:31:27 1 48 4096 2870 7.0 4.1 15 12
07:31:28 1 48 4096 2870 7.1 4.2 15 12
07:31:30 1 48 4096 2870 7.2 4.2 15 12
07:31:31 1 49 4096 2870 7.0 4.2 15 12
07:31:32 1 49 4096 2870 7.0 4.2 15 12
07:31:33 1 48 4096 2870 7.2 4.2 15 12
07:31:34 1 48 4096 2870 7.1 4.3 15 12
07:31:35 1 49 4096 2870 7.0 4.3 15 12
07:31:36 1 48 4096 2870 7.2 4.3 15 12
07:31:37 1 49 4096 2870 7.0 4.3 15 12
07:31:38 1 48 4096 2870 7.2 4.3 15 12
07:31:39 1 48 4096 2870 7.2 4.3 15 12
07:31:40 1 49 4096 2870 7.1 4.3 15 12
07:31:41 1 48 4096 2870 7.2 4.3 15 12
07:31:42 1 49 4096 2870 7.0 4.3 15 12
07:31:43 1 49 4096 2870 7.0 4.3 15 12
07:31:44 1 48 4096 2870 7.2 4.3 15 12
07:31:45 1 49 4096 2870 7.0 4.3 15 12
07:31:47 1 49 4096 2870 7.1 4.3 15 12
07:31:48 1 49 4096 2870 7.1 4.3 15 12
07:31:49 1 49 4096 2870 7.1 4.3 15 12
07:31:50 1 49 4096 2870 7.0 4.3 15 12
07:31:51 1 49 4096 2870 7.2 4.3 15 12
07:31:52 1 49 4096 2870 7.0 4.3 15 12
07:31:53 1 49 4096 2870 7.0 4.3 15 12
07:31:54 1 49 4096 2870 7.1 4.3 15 12
07:31:55 1 49 4096 2870 7.0 4.3 15 12
07:31:56 1 49 4096 2870 7.2 4.3 15 12
07:31:57 1 49 4096 2870 7.1 4.3 15 12
07:31:58 1 49 4096 2870 7.1 4.3 15 12
07:31:59 1 49 4096 2870 7.2 4.3 15 12
07:32:00 1 49 4096 2870 7.0 4.3 15 12
07:32:02 1 49 4096 2870 7.0 4.3 15 12
07:32:03 1 49 4096 2870 7.2 4.3 15 12
07:32:04 1 45 4096 2870 8.6 4.4 15 12
07:32:05 1 52 4096 2870 6.2 4.4 15 12
07:32:06 1 52 4096 2870 6.2 4.4 15 12
07:32:07 1 52 4096 2870 6.1 4.4 15 12
07:32:08 1 52 4096 2870 6.0 4.4 15 12
07:32:09 1 52 4096 2870 6.2 4.4 15 12
07:32:10 1 52 4096 2870 6.3 4.5 15 12
07:32:11 1 53 4096 2870 6.1 4.6 15 12
07:32:12 1 53 4096 2870 6.2 4.7 15 12
07:32:13 1 54 4096 2870 6.0 4.8 15 12
07:32:14 1 50 4096 2870 7.5 5.0 15 12
07:32:15 1 57 4096 2870 5.1 5.0 15 12
07:32:16 1 47 4096 2870 8.4 5.0 15 12
07:32:17 1 49 4096 2870 7.8 5.0 15 12
07:32:18 1 50 4096 2870 7.6 5.0 15 12
07:32:20 1 49 4096 2870 7.7 5.0 15 12
07:32:21 1 49 4096 2870 7.9 5.0 15 12
07:32:22 1 49 4096 2870 7.8 5.0 15 12
07:32:23 1 50 4096 2870 7.6 5.0 15 12
07:32:24 1 49 4096 2870 7.9 5.0 15 12
07:32:25 1 50 4096 2870 7.5 5.0 15 12
07:32:26 1 50 4096 2870 7.5 5.0 15 12
07:32:27 1 49 4096 2870 7.8 5.0 15 12
07:32:28 1 50 4096 2870 7.5 5.0 15 12
07:32:29 1 49 4096 2870 7.7 5.0 15 12
07:32:30 1 49 4096 2870 7.7 5.0 15 12
07:32:31 1 50 4096 2870 7.6 5.0 15 12
07:32:32 1 49 4096 2870 7.8 5.0 15 12
07:32:33 1 50 4096 2870 7.6 5.0 15 12
07:32:34 1 50 4096 2870 7.7 5.0 15 12
07:32:35 1 49 4096 2870 7.7 5.0 15 12
07:32:36 1 50 4096 2870 7.5 5.0 15 12
07:32:38 1 50 4096 2870 7.6 5.0 15 12
07:32:39 1 50 4096 2870 7.5 5.0 15 12
07:32:40 1 51 4096 2870 7.4 5.0 15 12
07:32:41 1 51 4096 2870 7.3 5.0 15 12
07:32:42 1 50 4096 2870 7.5 5.0 15 12
07:32:43 1 51 4096 2870 7.4 5.0 15 12
07:32:44 1 51 4096 2870 7.3 5.0 15 12
07:32:45 1 50 4096 2870 7.5 5.0 15 12
07:32:46 1 51 4096 2870 7.4 5.0 15 12
07:32:47 1 51 4096 2870 7.5 5.0 15 12
07:32:48 1 51 4096 2870 7.5 5.0 15 12
07:32:49 1 51 4096 2870 7.4 5.0 15 12
07:32:50 1 51 4096 2870 7.5 5.0 15 12
07:32:51 1 51 4096 2870 7.3 5.0 15 12
07:32:52 1 51 4096 2870 7.4 5.0 15 12
07:32:53 1 51 4096 2870 7.5 5.0 15 12
07:32:54 1 51 4096 2870 7.3 5.0 15 12
07:32:56 1 51 4096 2870 7.4 5.0 15 12
07:32:57 1 51 4096 2870 7.6 5.0 15 12
07:32:58 1 51 4096 2870 7.4 5.0 15 12
07:32:59 1 51 4096 2870 7.3 5.0 15 12
07:33:00 1 51 4096 2870 7.4 5.0 15 12
07:33:01 1 47 4096 2870 8.9 5.0 15 12
07:33:02 1 51 4096 2870 7.4 5.0 15 12
07:33:03 1 54 4096 2870 6.5 5.0 15 12
07:33:04 1 54 4096 2870 6.4 5.0 15 12
07:33:05 1 54 4096 2870 6.3 5.0 15 12
07:33:06 1 55 4096 2870 6.2 5.0 15 12
07:33:07 1 54 4096 2870 6.5 5.0 15 12
07:33:08 1 53 4096 2870 6.7 5.0 15 12
07:33:09 1 54 4096 2870 6.4 5.0 15 12
07:33:10 1 54 4096 2870 6.4 5.0 15 12
07:33:11 1 50 4096 2870 7.8 5.0 15 12
07:33:12 1 54 4096 2870 6.3 5.0 15 12
07:33:13 1 48 4096 2870 8.4 5.0 15 12
07:33:15 1 50 4096 2870 7.9 5.0 15 12
07:33:16 1 50 4096 2870 7.6 5.0 15 12
07:33:17 1 50 4096 2870 7.6 5.0 15 12
07:33:18 1 50 4096 2870 7.9 5.0 15 12
07:33:19 1 50 4096 2870 7.7 5.0 15 12
07:33:20 1 50 4096 2870 7.7 5.0 15 12
07:33:21 1 50 4096 2870 7.9 5.0 15 12
07:33:22 1 51 4096 2870 7.5 5.0 15 12
07:33:23 1 51 4096 2870 7.6 5.0 15 12
07:33:24 1 50 4096 2870 7.7 5.0 15 12
07:33:25 1 51 4096 2870 7.5 5.0 15 12
07:33:26 1 50 4096 2870 7.8 5.0 15 12
07:33:27 1 50 4096 2870 7.7 5.0 15 12
07:33:28 1 51 4096 2870 7.5 5.0 15 12
07:33:29 1 50 4096 2870 7.8 5.0 15 12
07:33:30 1 51 4096 2870 7.5 5.0 15 12
07:33:32 1 51 4096 2870 7.5 5.0 15 12
07:33:33 1 50 4096 2870 7.8 5.0 15 12
07:33:34 1 50 4096 2870 7.7 5.0 15 12
07:33:35 1 50 4096 2870 7.8 5.0 15 12
07:33:36 1 51 4096 2870 7.6 5.0 15 12
07:33:37 1 51 4096 2870 7.5 5.0 15 12
07:33:38 1 51 4096 2870 7.5 5.0 15 12
07:33:39 1 51 4096 2870 7.6 5.0 15 12
07:33:40 1 51 4096 2870 7.5 5.0 15 12
07:33:41 1 51 4096 2870 7.6 5.0 15 12
07:33:42 1 51 4096 2870 7.5 5.0 15 12
07:33:43 1 51 4096 2870 7.5 5.0 15 12
07:33:44 1 51 4096 2870 7.6 5.0 15 12
07:33:45 1 51 4096 2870 7.5 5.0 15 12
07:33:46 1 51 4096 2870 7.5 5.0 15 12
07:33:48 1 51 4096 2870 7.7 5.0 15 12
07:33:49 1 51 4096 2870 7.5 5.0 15 12
07:33:50 1 51 4096 2870 7.5 5.0 15 12
07:33:51 1 51 4096 2870 7.6 5.0 15 12
07:33:52 1 51 4096 2870 7.5 5.0 15 12
07:33:53 1 51 4096 2870 7.5 5.0 15 12
07:33:54 1 51 4096 2870 7.7 5.0 15 12
07:33:55 1 52 4096 2870 7.6 5.0 15 12
07:33:56 1 52 4096 2870 7.6 5.0 15 12
07:33:57 1 52 4096 2870 7.6 5.0 15 12
07:33:58 1 47 4096 2870 9.2 5.0 15 12
07:33:59 1 52 4096 2870 7.5 5.0 15 12
07:34:00 1 56 4096 2870 6.3 5.0 15 12
07:34:01 1 56 4096 2870 6.1 5.0 15 12
07:34:02 1 56 4096 2870 6.3 5.0 15 12
07:34:03 1 57 4096 2870 6.0 5.0 15 12
07:34:04 1 55 4096 2870 6.4 5.0 15 12
07:34:05 1 55 4096 2870 6.7 5.0 15 12
07:34:07 1 55 4096 2870 6.4 5.0 15 12
07:34:08 1 55 4096 2870 6.4 5.0 15 12
07:34:09 1 55 4096 2870 6.6 5.0 15 12
07:34:10 1 51 4096 2870 7.7 5.0 15 12
07:34:11 1 49 4096 2870 8.4 5.0 15 12
07:34:12 1 51 4096 2870 7.7 5.0 15 12
07:34:13 1 52 4096 2870 7.6 5.0 15 12
07:34:14 1 51 4096 2870 7.8 5.0 15 12
07:34:15 1 51 4096 2870 7.9 5.0 15 12
07:34:16 1 51 4096 2870 7.8 5.0 15 12
07:34:17 1 51 4096 2870 7.9 5.0 15 12
07:34:18 1 51 4096 2870 7.8 5.0 15 12
07:34:19 1 52 4096 2870 7.5 5.0 15 12
07:34:20 1 51 4096 2870 7.8 5.0 15 12
07:34:21 1 52 4096 2870 7.5 5.0 15 12
07:34:22 1 52 4096 2870 7.6 5.0 15 12
07:34:24 1 51 4096 2870 7.8 5.0 15 12
07:34:25 1 52 4096 2870 7.5 5.0 15 12
07:34:26 1 52 4096 2870 7.5 5.0 15 12
07:34:27 1 51 4096 2870 7.8 5.0 15 12
07:34:28 1 52 4096 2870 7.5 5.0 15 12
07:34:29 1 52 4096 2870 7.5 5.0 15 12
07:34:30 1 52 4096 2870 7.6 5.0 15 12
07:34:31 1 52 4096 2870 7.5 5.0 15 12
07:34:32 1 51 4096 2870 7.7 5.0 15 12
07:34:33 1 53 4096 2870 7.3 5.0 15 12
07:34:34 1 53 4096 2870 7.3 5.0 15 12
07:34:35 1 51 4096 2870 7.7 5.0 15 12
07:34:36 1 52 4096 2870 7.5 5.0 15 12
07:34:37 1 52 4096 2870 7.5 5.0 15 12
07:34:38 1 51 4096 2870 7.7 5.0 15 12
07:34:40 1 52 4096 2870 7.5 5.0 15 12
07:34:41 1 52 4096 2870 7.6 5.0 15 12
07:34:42 1 51 4096 2870 7.8 5.0 15 12
07:34:43 1 51 4096 2870 7.7 5.0 15 12
07:34:44 1 52 4096 2870 7.6 5.0 15 12
07:34:45 1 51 4096 2870 7.7 5.0 15 12
07:34:46 1 52 4096 2870 7.5 5.0 15 12
07:34:47 1 52 4096 2870 7.8 5.0 15 12
07:34:48 1 51 4096 2870 7.7 5.0 15 12
07:34:49 1 52 4096 2870 7.5 5.0 15 12
07:34:50 1 51 4096 2870 7.7 5.0 15 12
07:34:51 1 52 4096 2870 7.5 5.0 15 12
07:34:52 1 52 4096 2870 7.6 5.0 15 12
07:34:53 1 51 4096 2870 7.7 5.0 15 12
07:34:54 1 52 4096 2870 7.5 5.0 15 12
07:34:56 1 47 4096 2870 9.1 5.0 15 12
07:34:57 1 54 4096 2870 6.8 5.0 15 12
07:34:58 1 55 4096 2870 6.4 5.0 15 12
07:34:59 1 55 4096 2870 6.5 5.0 15 12
07:35:00 1 55 4096 2870 6.7 5.0 15 12
07:35:01 1 57 4096 2870 6.0 5.0 15 12
07:35:02 1 56 4096 2870 6.5 5.0 15 12
07:35:03 1 55 4096 2870 6.7 5.0 15 12
07:35:04 1 56 4096 2870 6.4 4.9 15 12
07:35:05 1 56 4096 2870 6.5 4.9 15 12
07:35:06 1 52 4096 2870 7.8 4.9 15 12
07:35:07 1 56 4096 2870 6.3 4.9 15 12
07:35:08 1 49 4096 2870 8.6 4.9 15 12
07:35:09 1 52 4096 2870 7.7 4.9 15 12
07:35:10 1 52 4096 2870 7.6 4.9 15 12
07:35:11 1 51 4096 2870 7.9 4.9 15 12
07:35:12 1 52 4096 2870 7.8 4.9 15 12
07:35:14 1 52 4096 2870 7.7 4.9 15 12
07:35:15 1 51 4096 2870 7.9 4.9 15 12
07:35:16 1 52 4096 2870 7.8 4.9 15 12
07:35:17 1 52 4096 2870 7.6 4.9 15 12
07:35:18 1 52 4096 2870 7.8 4.9 15 12
07:35:19 1 52 4096 2870 7.5 4.9 15 12
07:35:20 1 52 4096 2870 7.7 4.9 15 12
07:35:21 1 52 4096 2870 7.8 4.9 15 12
07:35:22 1 52 4096 2870 7.5 4.9 15 12
07:35:23 1 52 4096 2870 7.8 4.9 15 12
07:35:24 1 52 4096 2870 7.8 4.9 15 12
07:35:25 1 52 4096 2870 7.7 4.9 15 12
07:35:26 1 52 4096 2870 7.7 4.9 15 12
07:35:27 1 52 4096 2870 7.7 4.9 15 12
07:35:28 1 52 4096 2870 7.5 4.9 15 12
07:35:29 1 52 4096 2870 7.8 4.9 15 12
07:35:30 1 52 4096 2870 7.7 4.9 15 12
07:35:32 1 53 4096 2870 7.3 4.9 15 12
07:35:33 1 52 4096 2870 7.5 4.9 15 12
07:35:34 1 53 4096 2870 7.4 4.9 15 12
07:35:35 1 53 4096 2870 7.3 4.9 15 12
07:35:36 1 52 4096 2870 7.5 4.9 15 12
07:35:37 1 52 4096 2870 7.4 4.9 15 12
07:35:38 1 53 4096 2870 7.3 4.9 15 12
07:35:39 1 53 4096 2870 7.4 4.9 15 12
07:35:40 1 52 4096 2870 7.4 4.9 15 12
07:35:41 1 52 4096 2870 7.5 4.9 15 12
07:35:42 1 52 4096 2870 7.4 4.9 15 12
07:35:43 1 53 4096 2870 7.3 4.9 15 12
07:35:44 1 52 4096 2870 7.6 4.9 15 12
07:35:45 1 52 4096 2870 7.5 4.9 15 12
07:35:46 1 53 4096 2870 7.4 4.9 15 12
07:35:47 1 52 4096 2870 7.5 4.9 15 12
07:35:48 1 52 4096 2870 7.5 4.9 15 12
07:35:50 1 53 4096 2870 7.3 4.9 15 12
07:35:51 1 53 4096 2870 7.4 4.9 15 12
07:35:52 1 53 4096 2870 7.4 4.9 15 12
07:35:53 1 53 4096 2870 7.6 4.9 15 12
07:35:54 1 47 4096 2870 9.2 4.9 15 12
07:35:55 1 57 4096 2870 6.0 4.9 15 12
07:35:56 1 56 4096 2870 6.1 4.9 15 12
07:35:57 1 56 4096 2870 6.3 4.9 15 12
07:35:58 1 56 4096 2870 6.1 4.9 15 12
07:35:59 1 55 4096 2870 6.7 4.9 15 12
07:36:00 1 55 4096 2870 6.7 4.9 15 12
07:36:01 1 55 4096 2870 6.5 4.9 15 12
07:36:02 1 55 4096 2870 6.6 4.9 15 12
07:36:03 1 55 4096 2870 6.5 4.9 15 12
07:36:04 1 52 4096 2870 7.6 4.9 15 12
07:36:05 1 49 4096 2870 8.5 4.9 15 12
07:36:06 1 52 4096 2870 7.7 4.9 15 12
07:36:08 1 51 4096 2870 7.8 4.9 15 12
07:36:09 1 51 4096 2870 7.9 4.9 15 12
07:36:10 1 51 4096 2870 7.8 4.9 15 12
07:36:11 1 52 4096 2870 7.7 4.9 15 12
07:36:12 1 51 4096 2870 7.9 4.9 15 12
07:36:13 1 52 4096 2870 7.7 4.9 15 12
07:36:14 1 52 4096 2870 7.6 4.9 15 12
07:36:15 1 51 4096 2870 7.8 4.9 15 12
07:36:16 1 52 4096 2870 7.5 4.9 15 12
07:36:17 1 51 4096 2870 7.8 4.9 15 12
07:36:18 1 52 4096 2870 7.7 4.9 15 12
07:36:19 1 52 4096 2870 7.5 4.9 15 12
07:36:20 1 52 4096 2870 7.7 4.9 15 12
07:36:21 1 52 4096 2870 7.5 4.9 15 12
07:36:22 1 52 4096 2870 7.6 4.9 15 12
07:36:23 1 51 4096 2870 7.8 4.9 15 12
07:36:24 1 52 4096 2870 7.5 4.9 15 12
07:36:26 1 52 4096 2870 7.5 4.9 15 12
07:36:27 1 51 4096 2870 7.8 4.9 15 12
07:36:28 1 52 4096 2870 7.5 4.9 15 12
07:36:29 1 53 4096 2870 7.3 4.9 15 12
07:36:30 1 52 4096 2870 7.5 4.9 15 12
07:36:31 1 52 4096 2870 7.4 4.9 15 12
07:36:32 1 53 4096 2870 7.3 4.9 15 12
07:36:33 1 52 4096 2870 7.5 4.9 15 12
07:36:34 1 52 4096 2870 7.4 4.9 15 12
07:36:35 1 52 4096 2870 7.5 4.9 15 12
07:36:36 1 52 4096 2870 7.5 4.9 15 12
07:36:37 1 52 4096 2870 7.4 4.9 15 12
07:36:38 1 52 4096 2870 7.6 4.9 15 12
07:36:39 1 53 4096 2870 7.3 4.9 15 12
07:36:40 1 53 4096 2870 7.3 4.9 15 12
07:36:41 1 52 4096 2870 7.5 4.9 15 12
07:36:42 1 52 4096 2870 7.4 4.9 15 12
07:36:44 1 53 4096 2870 7.3 4.9 15 12
07:36:45 1 52 4096 2870 7.5 4.9 15 12
07:36:46 1 52 4096 2870 7.4 4.9 15 12
07:36:47 1 53 4096 2870 7.3 4.9 15 12
07:36:48 1 52 4096 2870 7.5 4.9 15 12
07:36:49 1 52 4096 2870 7.4 4.9 15 12
07:36:50 1 53 4096 2870 7.4 4.9 15 12
07:36:51 1 47 4096 2870 9.2 4.9 15 12
07:36:52 1 55 4096 2870 6.5 4.9 15 12
07:36:53 1 55 4096 2870 6.6 4.9 15 12
07:36:54 1 55 4096 2870 6.5 4.9 15 12
07:36:55 1 56 4096 2870 6.1 4.9 15 12
07:36:56 1 56 4096 2870 6.3 4.9 15 12
07:36:57 1 55 4096 2870 6.6 4.9 15 12
07:36:58 1 55 4096 2870 6.5 4.9 15 12
07:36:59 1 55 4096 2870 6.6 4.9 15 12
07:37:00 1 55 4096 2870 6.4 4.9 15 12
07:37:02 1 52 4096 2870 7.6 4.9 15 12
07:37:03 1 48 4096 2870 9.1 5.0 15 12
07:37:04 1 52 4096 2870 7.7 5.0 15 12
07:37:05 1 52 4096 2870 7.6 5.0 15 12
07:37:06 1 51 4096 2870 7.9 5.0 15 12
07:37:07 1 52 4096 2870 7.7 5.0 15 12
07:37:08 1 52 4096 2870 7.7 5.0 15 12
07:37:09 1 51 4096 2870 7.9 5.0 15 12
07:37:10 1 52 4096 2870 7.6 5.0 15 12
07:37:11 1 51 4096 2870 7.8 5.0 15 12
07:37:12 1 51 4096 2870 7.8 5.0 15 12
07:37:13 1 52 4096 2870 7.5 5.0 15 12
07:37:14 1 51 4096 2870 7.8 5.0 15 12
07:37:15 1 52 4096 2870 7.5 5.0 15 12
07:37:16 1 52 4096 2870 7.7 5.0 15 12
07:37:17 1 51 4096 2870 7.8 5.0 15 12
07:37:18 1 52 4096 2870 7.7 5.0 15 12
07:37:20 1 52 4096 2870 7.5 5.0 15 12
07:37:21 1 51 4096 2870 7.8 5.0 15 12
07:37:22 1 52 4096 2870 7.5 5.0 15 12
07:37:23 1 52 4096 2870 7.5 5.0 15 12
07:37:24 1 51 4096 2870 7.8 5.0 15 12
07:37:25 1 52 4096 2870 7.5 5.0 15 12
07:37:26 1 53 4096 2870 7.3 5.0 15 12
07:37:27 1 52 4096 2870 7.5 5.0 15 12
07:37:28 1 52 4096 2870 7.4 5.0 15 12
07:37:29 1 52 4096 2870 7.5 5.0 15 12
07:37:30 1 53 4096 2870 7.3 5.0 15 12
07:37:31 1 52 4096 2870 7.4 5.0 15 12
07:37:32 1 52 4096 2870 7.5 5.0 15 12
07:37:33 1 53 4096 2870 7.3 5.0 15 12
07:37:34 1 53 4096 2870 7.3 5.0 15 12
07:37:35 1 52 4096 2870 7.5 5.0 15 12
07:37:37 1 53 4096 2870 7.3 5.0 15 12
07:37:38 1 53 4096 2870 7.3 5.0 15 12
07:37:39 1 52 4096 2870 7.6 5.0 15 12
07:37:40 1 52 4096 2870 7.4 5.0 15 12
07:37:41 1 53 4096 2870 7.3 5.0 15 12
07:37:42 1 53 4096 2870 7.4 5.0 15 12
07:37:43 1 53 4096 2870 7.3 5.0 15 12
07:37:44 1 53 4096 2870 7.3 5.0 15 12
07:37:45 1 52 4096 2870 7.5 5.0 15 12
07:37:46 1 53 4096 2870 7.3 5.0 15 12
07:37:47 1 51 4096 2870 7.9 4.9 15 12
07:37:48 1 47 4096 2870 9.1 4.9 15 12
07:37:49 1 57 4096 2870 6.0 4.9 15 12
07:37:50 1 56 4096 2870 6.3 4.9 15 12
07:37:51 1 56 4096 2870 6.2 4.9 15 12
07:37:52 1 56 4096 2870 6.2 4.9 15 12
07:37:53 1 55 4096 2870 6.7 4.9 15 12
07:37:55 1 55 4096 2870 6.5 4.9 15 12
07:37:56 1 55 4096 2870 6.5 4.9 15 12
07:37:57 1 55 4096 2870 6.6 4.9 15 12
07:37:58 1 56 4096 2870 6.4 4.9 15 12
07:37:59 1 52 4096 2870 7.7 4.9 15 12
07:38:00 1 47 4096 2870 8.6 5.0 15 12
07:38:01 1 51 4096 2870 7.8 5.0 15 12
07:38:02 1 51 4096 2870 7.6 4.9 15 12
07:38:03 1 51 4096 2870 7.9 4.9 15 12
07:38:04 1 51 4096 2870 7.8 4.9 15 12
07:38:05 1 51 4096 2870 7.9 4.9 15 12
07:38:06 1 51 4096 2870 7.6 4.9 15 12
07:38:07 1 51 4096 2870 7.8 4.9 15 12
07:38:08 1 51 4096 2870 7.8 4.9 15 12
07:38:09 1 52 4096 2870 7.5 4.9 15 12
07:38:10 1 52 4096 2870 7.5 4.9 15 12
07:38:12 1 51 4096 2870 7.7 4.9 15 12
07:38:13 1 51 4096 2870 7.7 4.9 15 12
07:38:14 1 52 4096 2870 7.5 4.9 15 12
07:38:15 1 51 4096 2870 7.6 4.9 15 12
07:38:16 1 52 4096 2870 7.5 4.9 15 12
07:38:17 1 52 4096 2870 7.5 4.9 15 12
07:38:18 1 51 4096 2870 7.8 4.9 15 12
07:38:19 1 51 4096 2870 7.7 4.9 15 12
07:38:20 1 51 4096 2870 7.7 4.9 15 12
07:38:21 1 51 4096 2870 7.7 4.9 15 12
07:38:22 1 51 4096 2870 7.6 4.9 15 12
07:38:23 1 52 4096 2870 7.4 4.9 15 12
07:38:24 1 52 4096 2870 7.3 4.9 15 12
07:38:25 1 52 4096 2870 7.3 4.9 15 12
07:38:26 1 52 4096 2870 7.5 4.9 15 12
07:38:27 1 52 4096 2870 7.3 4.9 15 12
07:38:29 1 52 4096 2870 7.3 4.9 15 12
07:38:30 1 52 4096 2870 7.5 4.9 15 12
07:38:31 1 52 4096 2870 7.3 4.9 15 12
07:38:32 1 52 4096 2870 7.3 4.9 15 12
07:38:33 1 52 4096 2870 7.5 4.9 15 12
07:38:34 1 52 4096 2870 7.4 4.9 15 12
07:38:35 1 52 4096 2870 7.4 4.9 15 12
07:38:36 1 52 4096 2870 7.5 4.9 15 12
07:38:37 1 52 4096 2870 7.3 4.9 15 12
07:38:38 1 52 4096 2870 7.5 4.9 15 12
07:38:39 1 52 4096 2870 7.3 4.9 15 12
07:38:40 1 52 4096 2870 7.3 4.9 15 12
07:38:41 1 52 4096 2870 7.5 4.9 15 12
07:38:42 1 53 4096 2870 7.2 4.9 15 12
07:38:43 1 52 4096 2870 7.4 4.9 15 12
07:38:44 1 52 4096 2870 7.5 4.9 15 12
07:38:46 1 47 4096 2870 9.0 4.9 15 12
07:38:47 1 55 4096 2870 6.4 4.9 15 12
07:38:48 1 54 4096 2870 6.6 4.9 15 12
07:38:49 1 55 4096 2870 6.6 4.9 15 12
07:38:50 1 56 4096 2870 6.0 4.9 15 12
07:38:51 1 56 4096 2870 6.2 4.9 15 12
07:38:52 1 55 4096 2870 6.5 4.9 15 12
07:38:53 1 55 4096 2870 6.4 4.9 15 12
07:38:54 1 54 4096 2870 6.6 4.9 15 12
07:38:55 1 55 4096 2870 6.4 4.9 15 12
07:38:56 1 51 4096 2870 7.9 4.9 15 12
07:38:57 1 47 4096 2870 9.0 4.9 15 12
07:38:58 1 51 4096 2870 7.7 4.9 15 12
07:38:59 1 51 4096 2870 7.8 4.9 15 12
07:39:00 1 51 4096 2870 7.6 4.9 15 12
07:39:01 1 51 4096 2870 7.6 4.9 15 12
07:39:02 1 51 4096 2870 7.9 4.9 15 12
07:39:04 1 51 4096 2870 7.8 4.9 15 12
07:39:05 1 51 4096 2870 7.7 4.9 15 12
07:39:06 1 51 4096 2870 7.9 4.9 15 12
07:39:07 1 51 4096 2870 7.6 4.9 15 12
07:39:08 1 51 4096 2870 7.7 4.9 15 12
07:39:09 1 51 4096 2870 7.7 4.9 15 12
07:39:10 1 51 4096 2870 7.6 4.9 15 12
07:39:11 1 52 4096 2870 7.5 4.9 15 12
07:39:12 1 51 4096 2870 7.6 4.9 15 12
07:39:13 1 52 4096 2870 7.5 4.9 15 12
07:39:14 1 51 4096 2870 7.8 4.9 15 12
07:39:15 1 52 4096 2870 7.5 4.9 15 12
07:39:16 1 52 4096 2870 7.5 4.9 15 12
07:39:17 1 51 4096 2870 7.7 4.9 15 12
07:39:18 1 52 4096 2870 7.5 4.9 15 12
07:39:20 1 52 4096 2870 7.5 4.9 15 12
07:39:21 1 52 4096 2870 7.4 4.9 15 12
07:39:22 1 52 4096 2870 7.3 4.9 15 12
07:39:23 1 53 4096 2870 7.3 4.9 15 12
07:39:24 1 52 4096 2870 7.5 4.9 15 12
07:39:25 1 53 4096 2870 7.3 4.9 15 12
07:39:26 1 52 4096 2870 7.3 4.9 15 12
07:39:27 1 52 4096 2870 7.5 4.9 15 12
07:39:28 1 53 4096 2870 7.3 4.9 15 12
07:39:29 1 52 4096 2870 7.5 4.9 15 12
07:39:30 1 53 4096 2870 7.3 4.9 15 12
07:39:31 1 52 4096 2870 7.3 4.9 15 12
07:39:32 1 52 4096 2870 7.5 4.9 15 12
07:39:33 1 52 4096 2870 7.4 4.9 15 12
07:39:34 1 52 4096 2870 7.4 4.9 15 12
07:39:36 1 52 4096 2870 7.5 4.9 15 12
07:39:37 1 52 4096 2870 7.4 4.9 15 12
07:39:38 1 52 4096 2870 7.3 4.9 15 12
07:39:39 1 52 4096 2870 7.5 4.9 15 12
07:39:40 1 53 4096 2870 7.3 4.9 15 12
07:39:41 1 52 4096 2870 7.4 4.9 15 12
07:39:42 1 52 4096 2870 7.5 4.9 15 12
07:39:43 1 48 4096 2870 8.9 4.9 15 12
07:39:44 1 56 4096 2870 6.2 4.9 15 12
07:39:45 1 56 4096 2870 6.2 4.9 15 12
07:39:46 1 56 4096 2870 6.2 4.9 15 12
07:39:47 1 55 4096 2870 6.3 4.9 15 12
07:39:48 1 56 4096 2870 6.1 4.9 15 12
07:39:49 1 55 4096 2870 6.5 4.9 15 12
07:39:50 1 54 4096 2870 6.6 4.9 15 12
07:39:51 1 55 4096 2870 6.5 4.9 15 12
07:39:52 1 55 4096 2870 6.4 4.9 15 12
07:39:54 1 51 4096 2870 7.8 4.9 15 12
07:39:55 1 48 4096 2870 8.7 4.9 15 12
07:39:56 1 51 4096 2870 7.8 4.9 15 12
07:39:57 1 51 4096 2870 7.7 4.9 15 12
07:39:58 1 51 4096 2870 7.8 4.9 15 12
07:39:59 1 51 4096 2870 7.7 4.9 15 12
07:40:00 1 51 4096 2870 7.9 4.9 15 12
07:40:01 1 51 4096 2870 7.8 4.9 15 12
07:40:02 1 51 4096 2870 7.9 4.9 15 12
07:40:03 1 51 4096 2870 7.9 4.9 15 12
07:40:04 1 52 4096 2870 7.5 4.9 15 12
07:40:05 1 51 4096 2870 7.7 4.9 15 12
07:40:06 1 51 4096 2870 7.6 4.9 15 12
07:40:07 1 52 4096 2870 7.5 4.9 15 12
07:40:08 1 51 4096 2870 7.7 4.9 15 12
07:40:09 1 52 4096 2870 7.5 4.9 15 12
07:40:11 1 52 4096 2870 7.5 4.9 15 12
07:40:12 1 51 4096 2870 7.8 4.9 15 12
07:40:13 1 52 4096 2870 7.5 4.9 15 12
07:40:14 1 51 4096 2870 7.6 4.9 15 12
07:40:15 1 51 4096 2870 7.7 4.9 15 12
07:40:16 1 51 4096 2870 7.6 4.9 15 12
07:40:17 1 51 4096 2870 7.5 4.7 15 12
07:40:18 1 51 4096 2870 7.5 4.6 15 12
07:40:19 1 50 4096 2870 7.3 4.0 15 12
07:40:20 1 48 4096 2870 7.5 3.7 15 12
07:40:21 1 48 4096 2870 7.3 3.6 15 12
07:40:22 1 48 4096 2870 7.3 3.6 15 12
07:40:23 1 48 4096 2870 7.5 3.6 15 12
07:40:24 1 48 4096 2870 7.3 3.6 15 12
07:40:26 1 48 4096 2870 7.3 3.6 15 12
07:40:27 1 47 4096 2870 7.5 3.6 15 12
07:40:28 1 48 4096 2870 7.3 3.6 15 12
07:40:29 1 48 4096 2870 7.3 3.6 15 12
07:40:30 1 47 4096 2870 7.5 3.6 15 12
07:40:31 1 48 4096 2870 7.4 3.6 15 12
07:40:32 1 48 4096 2870 7.3 3.6 15 12
07:40:33 1 48 4096 2870 7.5 3.6 15 12
07:40:34 1 48 4096 2870 7.3 3.5 15 12
07:40:35 1 47 4096 2870 7.5 3.5 15 12
07:40:36 1 47 4096 2870 7.4 3.5 15 12
07:40:37 1 48 4096 2870 7.3 3.5 15 12
07:40:38 1 47 4096 2870 7.5 3.5 15 12
07:40:39 1 47 4096 2870 7.4 3.5 15 12
07:40:40 1 42 4096 2870 9.1 3.4 15 12
07:40:41 1 49 4096 2870 6.6 3.4 15 12
07:40:43 1 50 4096 2870 6.4 3.4 15 12
07:40:44 1 49 4096 2870 6.6 3.4 15 12
07:40:45 1 51 4096 2870 6.2 3.4 15 12
07:40:46 1 51 4096 2870 6.0 3.4 15 12
07:40:47 1 50 4096 2870 6.5 3.4 15 12
07:40:48 1 49 4096 2870 6.7 3.4 15 12
07:40:49 1 50 4096 2870 6.4 3.4 15 12
07:40:50 1 50 4096 2870 6.4 3.4 15 12
07:40:51 1 46 4096 2870 7.8 3.4 15 12
07:40:52 1 50 4096 2870 6.5 3.4 15 12
07:40:53 1 43 4096 2870 8.6 3.4 15 12
07:40:54 1 46 4096 2870 7.9 3.4 15 12
07:40:55 1 46 4096 2870 7.6 3.4 15 12
07:40:56 1 46 4096 2870 7.9 3.4 15 12
07:40:57 1 46 4096 2870 7.8 3.4 15 12
07:40:58 1 46 4096 2870 7.7 3.4 15 12
07:40:59 1 46 4096 2870 7.9 3.4 15 12
07:41:01 1 46 4096 2870 7.8 3.4 15 12
07:41:02 1 47 4096 2870 7.6 3.4 15 12
07:41:03 1 46 4096 2870 7.8 3.4 15 12
07:41:04 1 47 4096 2870 7.5 3.4 15 12
07:41:05 1 46 4096 2870 7.7 3.4 15 12
07:41:06 1 46 4096 2870 7.8 3.4 15 12
07:41:07 1 46 4096 2870 7.7 3.4 15 12
07:41:08 1 47 4096 2870 7.5 3.4 15 12
07:41:09 1 46 4096 2870 7.8 3.4 15 12
07:41:10 1 47 4096 2870 7.5 3.4 15 12
07:41:11 1 46 4096 2870 7.8 3.4 15 12
07:41:12 1 47 4096 2870 7.5 3.4 15 12
07:41:13 1 47 4096 2870 7.5 3.4 15 12
07:41:14 1 46 4096 2870 7.8 3.4 15 12
07:41:15 1 47 4096 2870 7.3 3.4 15 12
07:41:16 1 47 4096 2870 7.4 3.4 15 12
07:41:18 1 47 4096 2870 7.5 3.4 15 12
07:41:19 1 47 4096 2870 7.3 3.4 15 12
07:41:20 1 47 4096 2870 7.3 3.4 15 12
07:41:21 1 47 4096 2870 7.5 3.4 15 12
07:41:22 1 47 4096 2870 7.4 3.4 15 12
07:41:23 1 47 4096 2870 7.3 3.4 15 12
07:41:24 1 47 4096 2870 7.5 3.4 15 12
07:41:25 1 47 4096 2870 7.3 3.4 15 12
07:41:26 1 47 4096 2870 7.4 3.4 15 12
07:41:27 1 47 4096 2870 7.6 3.4 15 12
07:41:28 1 47 4096 2870 7.5 3.4 15 12
07:41:29 1 47 4096 2870 7.5 3.4 15 12
07:41:30 1 47 4096 2870 7.4 3.4 15 12
07:41:31 1 47 4096 2870 7.3 3.4 15 12
07:41:32 1 47 4096 2870 7.5 3.4 15 12
07:41:33 1 47 4096 2870 7.3 3.4 15 12
07:41:35 1 47 4096 2870 7.3 3.4 15 12
07:41:36 1 47 4096 2870 7.5 3.4 15 12
07:41:37 1 47 4096 2870 7.3 3.4 15 12
07:41:38 1 41 4096 2870 9.1 3.3 15 12
07:41:39 1 47 4096 2870 7.4 3.2 15 12
07:41:40 1 51 4096 2870 6.0 3.2 15 12
07:41:41 1 50 4096 2870 6.2 3.2 15 12
07:41:42 1 50 4096 2870 6.3 3.2 15 12
07:41:43 1 50 4096 2870 6.1 3.2 15 12
07:41:44 1 48 4096 2870 6.7 3.2 15 12
07:41:45 1 49 4096 2870 6.6 3.2 15 12
07:41:46 1 49 4096 2870 6.4 3.2 15 12
07:41:47 1 49 4096 2870 6.6 3.2 15 12
07:41:48 1 46 4096 2870 7.6 3.2 15 12
07:41:49 1 50 4096 2870 6.3 3.2 15 12
07:41:50 1 43 4096 2870 8.6 3.2 15 12
07:41:51 1 46 4096 2870 7.7 3.2 15 12
07:41:53 1 45 4096 2870 7.8 3.2 15 12
07:41:54 1 45 4096 2870 7.7 3.2 15 12
07:41:55 1 46 4096 2870 7.7 3.2 15 12
07:41:56 1 46 4096 2870 7.7 3.2 15 12
07:41:57 1 45 4096 2870 7.9 3.2 15 12
07:41:58 1 46 4096 2870 7.7 3.2 15 12
07:41:59 1 46 4096 2870 7.7 3.2 15 12
07:42:00 1 45 4096 2870 7.8 3.2 15 12
07:42:01 1 46 4096 2870 7.6 3.2 15 12
07:42:02 1 45 4096 2870 7.8 3.2 15 12
07:42:03 1 45 4096 2870 7.8 3.2 15 12
07:42:04 1 46 4096 2870 7.5 3.2 15 12
07:42:05 1 45 4096 2870 7.7 3.2 15 12
07:42:06 1 46 4096 2870 7.5 3.2 15 12
07:42:07 1 46 4096 2870 7.5 3.2 15 12
07:42:08 1 45 4096 2870 7.8 3.2 15 12
07:42:10 1 46 4096 2870 7.6 3.2 15 12
07:42:11 1 46 4096 2870 7.5 3.2 15 12
07:42:12 1 46 4096 2870 7.7 3.2 15 12
07:42:13 1 46 4096 2870 7.6 3.2 15 12
07:42:14 1 47 4096 2870 7.2 3.2 15 12
07:42:15 1 46 4096 2870 7.5 3.2 15 12
07:42:16 1 47 4096 2870 7.4 3.2 15 12
07:42:17 1 47 4096 2870 7.3 3.2 15 12
07:42:18 1 47 4096 2870 7.4 3.2 15 12
07:42:19 1 46 4096 2870 7.4 3.2 15 12
07:42:20 1 46 4096 2870 7.5 3.2 15 12
07:42:21 1 47 4096 2870 7.4 3.2 15 12
07:42:22 1 47 4096 2870 7.4 3.2 15 12
07:42:23 1 46 4096 2870 7.5 3.2 15 12
07:42:24 1 47 4096 2870 7.3 3.2 15 12
07:42:25 1 47 4096 2870 7.3 3.2 15 12
07:42:27 1 46 4096 2870 7.5 3.2 15 12
07:42:28 1 47 4096 2870 7.4 3.2 15 12
07:42:29 1 47 4096 2870 7.3 3.2 15 12
07:42:30 1 46 4096 2870 7.5 3.2 15 12
07:42:31 1 47 4096 2870 7.4 3.2 15 12
07:42:32 1 47 4096 2870 7.3 3.2 15 12
07:42:33 1 46 4096 2870 7.5 3.2 15 12
07:42:34 1 47 4096 2870 7.3 3.2 15 12
07:42:35 1 41 4096 2870 9.2 3.2 15 12
07:42:36 1 42 4096 2870 9.0 3.2 15 12
07:42:37 1 49 4096 2870 6.5 3.2 15 12
07:42:38 1 49 4096 2870 6.7 3.2 15 12
07:42:39 1 51 4096 2870 6.0 3.2 15 12
07:42:40 1 50 4096 2870 6.1 3.2 15 12
07:42:41 1 49 4096 2870 6.5 3.2 15 12
07:42:42 1 49 4096 2870 6.6 3.2 15 12
07:42:43 1 49 4096 2870 6.5 3.2 15 12
07:42:45 1 49 4096 2870 6.6 3.2 15 12
07:42:46 1 46 4096 2870 7.5 3.2 15 12
07:42:47 1 46 4096 2870 7.7 3.2 15 12
07:42:48 1 43 4096 2870 8.6 3.2 15 12
07:42:49 1 46 4096 2870 7.8 3.2 15 12
07:42:50 1 46 4096 2870 7.6 3.2 15 12
07:42:51 1 45 4096 2870 7.8 3.2 15 12
07:42:52 1 46 4096 2870 7.6 3.2 15 12
07:42:53 1 45 4096 2870 7.9 3.2 15 12
07:42:54 1 46 4096 2870 7.8 3.2 15 12
07:42:55 1 46 4096 2870 7.6 3.2 15 12
07:42:56 1 46 4096 2870 7.8 3.2 15 12
07:42:57 1 46 4096 2870 7.7 3.2 15 12
07:42:58 1 46 4096 2870 7.5 3.2 15 12
07:42:59 1 46 4096 2870 7.7 3.2 15 12
07:43:00 1 46 4096 2870 7.6 3.2 15 12
07:43:02 1 46 4096 2870 7.5 3.2 15 12
07:43:03 1 46 4096 2870 7.8 3.2 15 12
07:43:04 1 46 4096 2870 7.5 3.2 15 12
07:43:05 1 46 4096 2870 7.5 3.2 15 12
07:43:06 1 46 4096 2870 7.7 3.2 15 12
07:43:07 1 46 4096 2870 7.6 3.2 15 12
07:43:08 1 46 4096 2870 7.5 3.2 15 12
07:43:09 1 46 4096 2870 7.7 3.2 15 12
07:43:10 1 46 4096 2870 7.5 3.2 15 12
07:43:11 1 46 4096 2870 7.5 3.2 15 12
07:43:12 1 46 4096 2870 7.5 3.2 15 12
07:43:13 1 47 4096 2870 7.3 3.2 15 12
07:43:14 1 46 4096 2870 7.5 3.2 15 12
07:43:15 1 47 4096 2870 7.3 3.2 15 12
07:43:16 1 47 4096 2870 7.3 3.2 15 12
07:43:17 1 46 4096 2870 7.5 3.2 15 12
07:43:19 1 47 4096 2870 7.3 3.2 15 12
07:43:20 1 47 4096 2870 7.3 3.2 15 12
07:43:21 1 46 4096 2870 7.5 3.2 15 12
07:43:22 1 47 4096 2870 7.4 3.2 15 12
07:43:23 1 47 4096 2870 7.3 3.2 15 12
07:43:24 1 46 4096 2870 7.5 3.2 15 12
07:43:25 1 47 4096 2870 7.3 3.2 15 12
07:43:26 1 47 4096 2870 7.4 3.2 15 12
07:43:27 1 47 4096 2870 7.4 3.2 15 12
07:43:28 1 47 4096 2870 7.3 3.2 15 12
07:43:29 1 46 4096 2870 7.5 3.2 15 12
07:43:30 1 47 4096 2870 7.4 3.2 15 12
07:43:31 1 47 4096 2870 7.2 3.2 15 12
07:43:32 1 46 4096 2870 7.5 3.2 15 12
07:43:33 1 42 4096 2870 8.9 3.2 15 12
07:43:34 1 51 4096 2870 6.0 3.2 15 12
07:43:36 1 50 4096 2870 6.2 3.2 15 12
07:43:37 1 50 4096 2870 6.2 3.2 15 12
07:43:38 1 51 4096 2870 6.0 3.2 15 12
07:43:39 1 49 4096 2870 6.7 3.2 15 12
07:43:40 1 49 4096 2870 6.6 3.2 15 12
07:43:41 1 50 4096 2870 6.4 3.2 15 12
07:43:42 1 49 4096 2870 6.6 3.2 15 12
07:43:43 1 50 4096 2870 6.3 3.2 15 12
07:43:44 1 46 4096 2870 7.6 3.2 15 12
07:43:45 1 43 4096 2870 8.6 3.2 15 12
07:43:46 1 46 4096 2870 7.7 3.2 15 12
07:43:47 1 45 4096 2870 7.8 3.2 15 12
07:43:48 1 46 4096 2870 7.7 3.2 15 12
07:43:49 1 46 4096 2870 7.6 3.2 15 12
07:43:50 1 45 4096 2870 7.9 3.2 15 12
07:43:51 1 46 4096 2870 7.6 3.2 15 12
07:43:52 1 46 4096 2870 7.7 3.2 15 12
07:43:53 1 45 4096 2870 7.9 3.2 15 12
07:43:55 1 46 4096 2870 7.6 3.2 15 12
07:43:56 1 46 4096 2870 7.5 3.2 15 12
07:43:57 1 46 4096 2870 7.7 3.2 15 12
07:43:58 1 46 4096 2870 7.5 3.2 15 12
07:43:59 1 46 4096 2870 7.5 3.2 15 12
07:44:00 1 46 4096 2870 7.8 3.2 15 12
07:44:01 1 46 4096 2870 7.5 3.2 15 12
07:44:02 1 46 4096 2870 7.7 3.2 15 12
07:44:03 1 46 4096 2870 7.6 3.2 15 12
07:44:04 1 46 4096 2870 7.6 3.2 15 12
07:44:05 1 46 4096 2870 7.7 3.2 15 12
07:44:06 1 46 4096 2870 7.6 3.2 15 12
07:44:07 1 46 4096 2870 7.5 3.2 15 12
07:44:08 1 47 4096 2870 7.5 3.2 15 12
07:44:09 1 47 4096 2870 7.4 3.2 15 12
07:44:11 1 47 4096 2870 7.3 3.2 15 12
07:44:12 1 47 4096 2870 7.5 3.2 15 12
07:44:13 1 47 4096 2870 7.3 3.2 15 12
07:44:14 1 47 4096 2870 7.3 3.2 15 12
07:44:15 1 47 4096 2870 7.5 3.2 15 12
07:44:16 1 47 4096 2870 7.4 3.2 15 12
07:44:17 1 47 4096 2870 7.4 3.2 15 12
07:44:18 1 46 4096 2870 7.5 3.2 15 12
07:44:19 1 46 4096 2870 7.3 3.2 15 12
07:44:20 1 46 4096 2870 7.5 3.2 15 12
07:44:21 1 46 4096 2870 7.6 3.2 15 12
07:44:22 1 46 4096 2870 7.3 3.2 15 12
07:44:23 1 46 4096 2870 7.4 3.2 15 12
07:44:24 1 46 4096 2870 7.3 3.2 15 12
07:44:25 1 47 4096 2870 7.3 3.2 15 12
07:44:26 1 46 4096 2870 7.5 3.2 15 12
07:44:28 1 47 4096 2870 7.3 3.2 15 12
07:44:29 1 47 4096 2870 7.3 3.2 15 12
07:44:30 1 47 4096 2870 7.4 3.2 15 12
07:44:31 1 42 4096 2870 8.9 3.2 15 12
07:44:32 1 49 4096 2870 6.5 3.2 15 12
07:44:33 1 49 4096 2870 6.6 3.2 15 12
07:44:34 1 49 4096 2870 6.6 3.2 15 12
07:44:35 1 51 4096 2870 6.1 3.2 15 12
07:44:36 1 50 4096 2870 6.2 3.2 15 12
07:44:37 1 49 4096 2870 6.6 3.2 15 12
07:44:38 1 49 4096 2870 6.7 3.2 15 12
07:44:39 1 49 4096 2870 6.6 3.2 15 12
07:44:40 1 50 4096 2870 6.5 3.2 15 12
07:44:41 1 46 4096 2870 7.8 3.2 15 12
07:44:42 1 47 4096 2870 7.9 3.2 15 12
07:44:43 1 44 4096 2870 8.4 3.2 15 12
07:44:44 1 46 4096 2870 7.9 3.2 15 12
07:44:46 1 46 4096 2870 7.7 3.2 15 12
07:44:47 1 46 4096 2870 7.6 3.2 15 12
07:44:48 1 45 4096 2870 7.9 3.2 15 12
07:44:49 1 46 4096 2870 7.6 3.2 15 12
07:44:50 1 46 4096 2870 7.6 3.2 15 12
07:44:51 1 46 4096 2870 7.7 3.2 15 12
07:44:52 1 46 4096 2870 7.5 3.2 15 12
07:44:53 1 46 4096 2870 7.5 3.2 15 12
07:44:54 1 46 4096 2870 7.7 3.2 15 12
07:44:55 1 46 4096 2870 7.7 3.2 15 12
07:44:56 1 46 4096 2870 7.7 3.2 15 12
07:44:57 1 46 4096 2870 7.5 3.2 15 12
07:44:58 1 46 4096 2870 7.6 3.2 15 12
07:44:59 1 46 4096 2870 7.8 3.2 15 12
07:45:00 1 46 4096 2870 7.7 3.2 15 12
07:45:01 1 46 4096 2870 7.7 3.2 15 12
07:45:03 1 46 4096 2870 7.7 3.2 15 12
07:45:04 1 46 4096 2870 7.5 3.2 15 12
07:45:05 1 47 4096 2870 7.5 3.2 15 12
07:45:06 1 47 4096 2870 7.5 3.2 15 12
07:45:07 1 47 4096 2870 7.3 3.2 15 12
07:45:08 1 47 4096 2870 7.3 3.2 15 12
07:45:09 1 47 4096 2870 7.5 3.2 15 12
07:45:10 1 47 4096 2870 7.3 3.2 15 12
07:45:11 1 47 4096 2870 7.5 3.2 15 12
07:45:12 1 47 4096 2870 7.5 3.2 15 12
07:45:13 1 47 4096 2870 7.4 3.2 15 12
07:45:14 1 47 4096 2870 7.4 3.2 15 12
07:45:15 1 47 4096 2870 7.3 3.2 15 12
07:45:16 1 47 4096 2870 7.4 3.2 15 12
07:45:17 1 46 4096 2870 7.5 3.2 15 12
07:45:19 1 47 4096 2870 7.3 3.2 15 12
07:45:20 1 47 4096 2870 7.3 3.2 15 12
07:45:21 1 46 4096 2870 7.5 3.2 15 12
07:45:22 1 47 4096 2870 7.4 3.2 15 12
07:45:23 1 47 4096 2870 7.4 3.2 15 12
07:45:24 1 46 4096 2870 7.5 3.2 15 12
07:45:25 1 47 4096 2870 7.3 3.2 15 12
07:45:26 1 47 4096 2870 7.3 3.2 15 12
07:45:27 1 47 4096 2870 7.5 3.2 15 12
07:45:28 1 41 4096 2870 9.1 3.2 15 12
07:45:29 1 50 4096 2870 6.1 3.2 15 12
07:45:30 1 50 4096 2870 6.1 3.2 15 12
07:45:31 1 50 4096 2870 6.2 3.2 15 12
07:45:32 1 50 4096 2870 6.2 3.2 15 12
07:45:33 1 51 4096 2870 6.0 3.2 15 12
07:45:34 1 49 4096 2870 6.4 3.2 15 12
07:45:35 1 49 4096 2870 6.6 3.2 15 12
07:45:37 1 49 4096 2870 6.4 3.2 15 12
07:45:38 1 49 4096 2870 6.4 3.2 15 12
07:45:39 1 45 4096 2870 7.8 3.2 15 12
07:45:40 1 53 4096 2870 5.2 3.2 15 12
07:45:41 1 43 4096 2870 8.4 3.2 15 12
07:45:42 1 45 4096 2870 7.9 3.2 15 12
07:45:43 1 45 4096 2870 7.7 3.2 15 12
07:45:44 1 46 4096 2870 7.7 3.2 15 12
07:45:45 1 45 4096 2870 7.9 3.2 15 12
07:45:46 1 46 4096 2870 7.6 3.2 15 12
07:45:47 1 45 4096 2870 7.9 3.2 15 12
07:45:48 1 45 4096 2870 7.9 3.2 15 12
07:45:49 1 46 4096 2870 7.7 3.2 15 12
07:45:50 1 45 4096 2870 7.7 3.2 15 12
07:45:51 1 46 4096 2870 7.6 3.2 15 12
07:45:52 1 46 4096 2870 7.5 3.2 15 12
07:45:54 1 45 4096 2870 7.7 3.2 15 12
07:45:55 1 46 4096 2870 7.6 3.2 15 12
07:45:56 1 46 4096 2870 7.5 3.2 15 12
07:45:57 1 45 4096 2870 7.8 3.2 15 12
07:45:58 1 46 4096 2870 7.5 3.2 15 12
07:45:59 1 46 4096 2870 7.5 3.2 15 12
07:46:00 1 45 4096 2870 7.7 3.2 15 12
07:46:01 1 46 4096 2870 7.6 3.2 15 12
07:46:02 1 46 4096 2870 7.6 3.2 15 12
07:46:03 1 46 4096 2870 7.5 3.2 15 12
07:46:04 1 47 4096 2870 7.2 3.2 15 12
07:46:05 1 46 4096 2870 7.5 3.2 15 12
07:46:06 1 46 4096 2870 7.4 3.2 15 12
07:46:07 1 47 4096 2870 7.3 3.2 15 12
07:46:08 1 47 4096 2870 7.4 3.2 15 12
07:46:09 1 46 4096 2870 7.4 3.2 15 12
07:46:11 1 46 4096 2870 7.4 3.2 15 12
07:46:12 1 46 4096 2870 7.5 3.2 15 12
07:46:13 1 46 4096 2870 7.4 3.2 15 12
07:46:14 1 47 4096 2870 7.3 3.2 15 12
07:46:15 1 46 4096 2870 7.5 3.2 15 12
07:46:16 1 46 4096 2870 7.4 3.2 15 12
07:46:17 1 47 4096 2870 7.3 3.2 15 12
07:46:18 1 46 4096 2870 7.5 3.2 15 12
07:46:19 1 46 4096 2870 7.4 3.2 15 12
07:46:20 1 46 4096 2870 7.5 3.2 15 12
07:46:21 1 46 4096 2870 7.4 3.2 15 12
07:46:22 1 47 4096 2870 7.3 3.2 15 12
07:46:23 1 46 4096 2870 7.5 3.2 15 12
07:46:24 1 46 4096 2870 7.4 3.2 15 12
07:46:25 1 42 4096 2870 9.0 3.2 15 12
07:46:26 1 41 4096 2870 9.1 3.2 15 12
07:46:27 1 49 4096 2870 6.4 3.2 15 12
07:46:29 1 49 4096 2870 6.4 3.2 15 12
07:46:30 1 50 4096 2870 6.2 3.2 15 12
07:46:31 1 51 4096 2870 6.0 3.2 15 12
07:46:32 1 49 4096 2870 6.6 3.2 15 12
07:46:33 1 49 4096 2870 6.7 3.2 15 12
07:46:34 1 49 4096 2870 6.4 3.2 15 12
07:46:35 1 49 4096 2870 6.4 3.2 15 12
07:46:36 1 45 4096 2870 7.8 3.2 15 12
07:46:37 1 45 4096 2870 7.7 3.2 15 12
07:46:38 1 43 4096 2870 8.6 3.2 15 12
07:46:39 1 46 4096 2870 7.6 3.2 15 12
07:46:40 1 46 4096 2870 7.6 3.2 15 12
07:46:41 1 45 4096 2870 7.9 3.2 15 12
07:46:42 1 46 4096 2870 7.6 3.2 15 12
07:46:43 1 46 4096 2870 7.6 3.2 15 12
07:46:44 1 45 4096 2870 7.9 3.2 15 12
07:46:46 1 46 4096 2870 7.6 3.2 15 12
07:46:47 1 46 4096 2870 7.5 3.2 15 12
07:46:48 1 45 4096 2870 7.8 3.2 15 12
07:46:49 1 46 4096 2870 7.5 3.2 15 12
07:46:50 1 46 4096 2870 7.5 3.2 15 12
07:46:51 1 45 4096 2870 7.8 3.2 15 12
07:46:52 1 46 4096 2870 7.6 3.2 15 12
07:46:53 1 46 4096 2870 7.5 3.2 15 12
07:46:54 1 45 4096 2870 7.7 3.2 15 12
07:46:55 1 46 4096 2870 7.5 3.2 15 12
07:46:56 1 45 4096 2870 7.8 3.2 15 12
07:46:57 1 45 4096 2870 7.8 3.2 15 12
07:46:58 1 46 4096 2870 7.5 3.2 15 12
07:46:59 1 45 4096 2870 7.7 3.2 15 12
07:47:00 1 46 4096 2870 7.5 3.2 15 12
07:47:01 1 47 4096 2870 7.3 3.2 15 12
07:47:03 1 46 4096 2870 7.5 3.2 15 12
07:47:04 1 47 4096 2870 7.4 3.2 15 12
07:47:05 1 47 4096 2870 7.2 3.2 15 12
07:47:06 1 46 4096 2870 7.5 3.2 15 12
07:47:07 1 46 4096 2870 7.4 3.2 15 12
07:47:08 1 47 4096 2870 7.2 3.2 15 12
07:47:09 1 47 4096 2870 7.3 3.2 15 12
07:47:10 1 46 4096 2870 7.4 3.2 15 12
07:47:11 1 46 4096 2870 7.4 3.2 15 12
07:47:12 1 47 4096 2870 7.3 3.2 15 12
07:47:13 1 47 4096 2870 7.3 3.2 15 12
07:47:14 1 46 4096 2870 7.5 3.2 15 12
07:47:15 1 47 4096 2870 7.3 3.2 15 12
07:47:16 1 47 4096 2870 7.2 3.2 15 12
07:47:17 1 46 4096 2870 7.5 3.2 15 12
07:47:18 1 47 4096 2870 7.3 3.2 15 12
07:47:20 1 47 4096 2870 7.2 3.2 15 12
07:47:21 1 47 4096 2870 7.3 3.2 15 12
07:47:22 1 47 4096 2870 7.2 3.2 15 12
07:47:23 1 47 4096 2870 7.3 3.2 15 12
07:47:24 1 41 4096 2870 9.1 3.2 15 12
07:47:25 1 51 4096 2870 6.0 3.2 15 12
07:47:26 1 51 4096 2870 6.0 3.2 15 12
07:47:27 1 50 4096 2870 6.3 3.2 15 12
07:47:28 1 50 4096 2870 6.1 3.2 15 12
07:47:29 1 50 4096 2870 6.7 3.2 15 12
07:47:30 1 49 4096 2870 6.7 3.2 15 12
07:47:31 1 49 4096 2870 6.4 3.2 15 12
07:47:32 1 49 4096 2870 6.6 3.2 15 12
07:47:33 1 49 4096 2870 6.5 3.2 15 12
07:47:34 1 46 4096 2870 7.6 3.2 15 12
07:47:35 1 42 4096 2870 9.0 3.2 15 12
07:47:36 1 45 4096 2870 7.8 3.2 15 12
07:47:38 1 46 4096 2870 7.6 3.2 15 12
07:47:39 1 45 4096 2870 7.8 3.2 15 12
07:47:40 1 46 4096 2870 7.6 3.2 15 12
07:47:41 1 46 4096 2870 7.6 3.2 15 12
07:47:42 1 45 4096 2870 7.8 3.2 15 12
07:47:43 1 46 4096 2870 7.6 3.2 15 12
07:47:44 1 46 4096 2870 7.6 3.2 15 12
07:47:45 1 46 4096 2870 7.7 3.2 15 12
07:47:46 1 46 4096 2870 7.6 3.2 15 12
07:47:47 1 46 4096 2870 7.7 3.2 15 12
07:47:48 1 46 4096 2870 7.6 3.2 15 12
07:47:49 1 46 4096 2870 7.6 3.2 15 12
07:47:50 1 45 4096 2870 7.8 3.2 15 12
07:47:51 1 46 4096 2870 7.6 3.2 15 12
07:47:52 1 46 4096 2870 7.5 3.2 15 12
07:47:53 1 45 4096 2870 7.7 3.2 15 12
07:47:55 1 46 4096 2870 7.5 3.2 15 12
07:47:56 1 46 4096 2870 7.5 3.2 15 12
07:47:57 1 46 4096 2870 7.7 3.2 15 12
07:47:58 1 46 4096 2870 7.5 3.2 15 12
07:47:59 1 47 4096 2870 7.2 3.2 15 12
07:48:00 1 46 4096 2870 7.5 3.2 15 12
07:48:01 1 47 4096 2870 7.2 3.2 15 12
07:48:02 1 47 4096 2870 7.4 3.2 15 12
07:48:03 1 46 4096 2870 7.5 3.2 15 12
07:48:04 1 47 4096 2870 7.3 3.2 15 12
07:48:05 1 46 4096 2870 7.5 3.2 15 12
07:48:06 1 47 4096 2870 7.4 3.2 15 12
07:48:07 1 47 4096 2870 7.2 3.2 15 12
07:48:08 1 46 4096 2870 7.5 3.2 15 12
07:48:09 1 47 4096 2870 7.3 3.2 15 12
07:48:10 1 47 4096 2870 7.3 3.2 15 12
07:48:12 1 46 4096 2870 7.5 3.2 15 12
07:48:13 1 47 4096 2870 7.3 3.2 15 12
07:48:14 1 47 4096 2870 7.2 3.2 15 12
07:48:15 1 46 4096 2870 7.5 3.2 15 12
07:48:16 1 47 4096 2870 7.3 3.2 15 12
07:48:17 1 47 4096 2870 7.3 3.2 15 12
07:48:18 1 46 4096 2870 7.5 3.2 15 12
07:48:19 1 47 4096 2870 7.2 3.2 15 12
07:48:20 1 46 4096 2870 7.5 3.2 15 12
07:48:21 1 41 4096 2870 9.1 3.2 15 12
07:48:22 1 49 4096 2870 6.5 3.2 15 12
07:48:23 1 49 4096 2870 6.6 3.2 15 12
07:48:24 1 49 4096 2870 6.5 3.2 15 12
07:48:25 1 51 4096 2870 6.0 3.2 15 12
07:48:26 1 50 4096 2870 6.2 3.2 15 12
07:48:27 1 49 4096 2870 6.4 3.2 15 12
07:48:28 1 49 4096 2870 6.5 3.2 15 12
07:48:30 1 49 4096 2870 6.6 3.2 15 12
07:48:31 1 50 4096 2870 6.3 3.2 15 12
07:48:32 1 46 4096 2870 7.5 3.2 15 12
07:48:33 1 42 4096 2870 8.9 3.2 15 12
07:48:34 1 46 4096 2870 7.7 3.2 15 12
07:48:35 1 46 4096 2870 7.7 3.2 15 12
07:48:36 1 45 4096 2870 7.8 3.2 15 12
07:48:37 1 46 4096 2870 7.6 3.2 15 12
07:48:38 1 45 4096 2870 7.7 3.2 15 12
07:48:39 1 45 4096 2870 7.9 3.2 15 12
07:48:40 1 46 4096 2870 7.6 3.2 15 12
07:48:41 1 46 4096 2870 7.7 3.2 15 12
07:48:42 1 46 4096 2870 7.5 3.2 15 12
07:48:43 1 46 4096 2870 7.5 3.2 15 12
07:48:44 1 46 4096 2870 7.7 3.2 15 12
07:48:45 1 46 4096 2870 7.5 3.2 15 12
07:48:47 1 46 4096 2870 7.5 3.2 15 12
07:48:48 1 46 4096 2870 7.7 3.2 15 12
07:48:49 1 46 4096 2870 7.5 3.2 15 12
07:48:50 1 46 4096 2870 7.6 3.2 15 12
07:48:51 1 46 4096 2870 7.7 3.2 15 12
07:48:52 1 46 4096 2870 7.6 3.2 15 12
07:48:53 1 46 4096 2870 7.5 3.2 15 12
07:48:54 1 46 4096 2870 7.7 3.2 15 12
07:48:55 1 46 4096 2870 7.5 3.2 15 12
07:48:56 1 46 4096 2870 7.4 3.2 15 12
07:48:57 1 47 4096 2870 7.3 3.2 15 12
07:48:58 1 47 4096 2870 7.4 3.2 15 12
07:48:59 1 46 4096 2870 7.5 3.2 15 12
07:49:00 1 47 4096 2870 7.4 3.2 15 12
07:49:01 1 47 4096 2870 7.3 3.2 15 12
07:49:02 1 46 4096 2870 7.5 3.2 15 12
07:49:04 1 46 4096 2870 7.5 3.2 15 12
07:49:05 1 47 4096 2870 7.3 3.2 15 12
07:49:06 1 46 4096 2870 7.5 3.2 15 12
07:49:07 1 47 4096 2870 7.4 3.2 15 12
07:49:08 1 47 4096 2870 7.4 3.2 15 12
07:49:09 1 46 4096 2870 7.5 3.2 15 12
07:49:10 1 47 4096 2870 7.4 3.2 15 12
07:49:11 1 47 4096 2870 7.3 3.2 15 12
07:49:12 1 46 4096 2870 7.5 3.2 15 12
07:49:13 1 46 4096 2870 7.5 3.2 15 12
07:49:14 1 46 4096 2870 7.5 3.2 15 12
07:49:15 1 46 4096 2870 7.4 3.2 15 12
07:49:16 1 47 4096 2870 7.3 3.2 15 12
07:49:17 1 46 4096 2870 7.5 3.2 15 12
07:49:18 1 42 4096 2870 9.0 3.2 15 12
07:49:19 1 51 4096 2870 6.0 3.2 15 12
07:49:20 1 50 4096 2870 6.2 3.2 15 12
07:49:22 1 51 4096 2870 6.0 3.2 15 12
07:49:23 1 50 4096 2870 6.1 3.2 15 12
07:49:24 1 51 4096 2870 6.1 3.2 15 12
07:49:25 1 49 4096 2870 6.6 3.2 15 12
07:49:26 1 49 4096 2870 6.5 3.2 15 12
07:49:27 1 49 4096 2870 6.6 3.2 15 12
07:49:28 1 50 4096 2870 6.3 3.2 15 12
07:49:29 1 46 4096 2870 7.5 3.2 15 12
07:49:30 1 49 4096 2870 6.5 3.2 15 12
07:49:31 1 44 4096 2870 8.4 3.2 15 12
07:49:32 1 45 4096 2870 7.8 3.2 15 12
07:49:33 1 46 4096 2870 7.7 3.2 15 12
07:49:34 1 46 4096 2870 7.7 3.2 15 12
07:49:35 1 45 4096 2870 7.9 3.2 15 12
07:49:36 1 45 4096 2870 7.8 3.2 15 12
07:49:37 1 46 4096 2870 7.7 3.2 15 12
07:49:38 1 45 4096 2870 7.8 3.2 15 12
07:49:40 1 46 4096 2870 7.7 3.2 15 12
07:49:41 1 46 4096 2870 7.6 3.2 15 12
07:49:42 1 46 4096 2870 7.7 3.2 15 12
07:49:43 1 46 4096 2870 7.6 3.2 15 12
07:49:44 1 46 4096 2870 7.6 3.2 15 12
07:49:45 1 46 4096 2870 7.7 3.2 15 12
07:49:46 1 46 4096 2870 7.5 3.2 15 12
07:49:47 1 46 4096 2870 7.5 3.2 15 12
07:49:48 1 46 4096 2870 7.7 3.2 15 12
07:49:49 1 46 4096 2870 7.6 3.2 15 12
07:49:50 1 46 4096 2870 7.7 3.2 15 12
07:49:51 1 46 4096 2870 7.6 3.2 15 12
07:49:52 1 46 4096 2870 7.5 3.2 15 12
07:49:53 1 46 4096 2870 7.5 3.2 15 12
07:49:54 1 47 4096 2870 7.2 3.2 15 12
07:49:55 1 47 4096 2870 7.2 3.2 15 12
07:49:57 1 46 4096 2870 7.5 3.2 15 12
07:49:58 1 47 4096 2870 7.4 3.2 15 12
07:49:59 1 47 4096 2870 7.2 3.2 15 12
07:50:00 1 46 4096 2870 7.5 3.2 15 12
07:50:01 1 47 4096 2870 7.2 3.2 15 12
07:50:02 1 47 4096 2870 7.4 3.2 15 12
07:50:03 1 46 4096 2870 7.5 3.2 15 12
07:50:04 1 47 4096 2870 7.4 3.2 15 12
07:50:05 1 47 4096 2870 7.4 3.2 15 12
07:50:06 1 46 4096 2870 7.5 3.2 15 12
07:50:07 1 47 4096 2870 7.4 3.2 15 12
07:50:08 1 46 4096 2870 7.5 3.2 15 12
07:50:09 1 47 4096 2870 7.2 3.2 15 12
07:50:10 1 47 4096 2870 7.2 3.2 15 12
07:50:11 1 46 4096 2870 7.5 3.2 15 12
07:50:12 1 47 4096 2870 7.4 3.2 15 12
07:50:14 1 47 4096 2870 7.2 3.2 15 12
07:50:15 1 47 4096 2870 7.4 3.2 15 12
07:50:16 1 42 4096 2870 9.0 3.2 15 12
07:50:17 1 49 4096 2870 6.3 3.2 15 12
07:50:18 1 48 4096 2870 6.6 3.2 15 12
07:50:19 1 48 4096 2870 6.6 3.2 15 12
07:50:20 1 50 4096 2870 6.0 3.2 15 12
07:50:21 1 49 4096 2870 6.2 3.2 15 12
07:50:22 1 48 4096 2870 6.6 3.2 15 12
07:50:23 1 48 4096 2870 6.5 3.2 15 12
07:50:24 1 48 4096 2870 6.6 3.2 15 12
07:50:25 1 49 4096 2870 6.5 3.2 15 12
07:50:26 1 45 4096 2870 7.8 3.2 15 12
07:50:27 1 49 4096 2870 6.4 3.2 15 12
07:50:28 1 43 4096 2870 8.4 3.2 15 12
07:50:29 1 44 4096 2870 7.9 3.2 15 12
07:50:30 1 45 4096 2870 7.6 3.2 15 12
07:50:32 1 45 4096 2870 7.7 3.2 15 12
07:50:33 1 44 4096 2870 7.9 3.2 15 12
07:50:34 1 45 4096 2870 7.7 3.2 15 12
07:50:35 1 45 4096 2870 7.6 3.2 15 12
07:50:36 1 44 4096 2870 7.8 3.2 15 12
07:50:37 1 45 4096 2870 7.6 3.2 15 12
07:50:38 1 45 4096 2870 7.5 3.2 15 12
07:50:39 1 45 4096 2870 7.7 3.2 15 12
07:50:40 1 45 4096 2870 7.7 3.2 15 12
07:50:41 1 45 4096 2870 7.8 3.2 15 12
07:50:42 1 45 4096 2870 7.7 3.2 15 12
07:50:43 1 45 4096 2870 7.7 3.2 15 12
07:50:44 1 45 4096 2870 7.7 3.2 15 12
07:50:45 1 45 4096 2870 7.6 3.2 15 12
07:50:46 1 45 4096 2870 7.5 3.2 15 12
07:50:47 1 45 4096 2870 7.7 3.2 15 12
07:50:49 1 46 4096 2870 7.5 3.2 15 12
07:50:50 1 45 4096 2870 7.6 3.2 15 12
07:50:51 1 46 4096 2870 7.3 3.2 15 12
07:50:52 1 46 4096 2870 7.2 3.2 15 12
07:50:53 1 46 4096 2870 7.2 3.2 15 12
07:50:54 1 46 4096 2870 7.5 3.2 15 12
07:50:55 1 46 4096 2870 7.3 3.2 15 12
07:50:56 1 46 4096 2870 7.4 3.2 15 12
07:50:57 1 45 4096 2870 7.5 3.2 15 12
07:50:58 1 46 4096 2870 7.3 3.2 15 12
07:50:59 1 46 4096 2870 7.5 3.2 15 12
07:51:00 1 46 4096 2870 7.3 3.2 15 12
07:51:01 1 46 4096 2870 7.3 3.2 15 12
07:51:02 1 46 4096 2870 7.5 3.2 15 12
07:51:03 1 46 4096 2870 7.3 3.2 15 12
07:51:04 1 46 4096 2870 7.3 3.2 15 12
07:51:06 1 46 4096 2870 7.5 3.2 15 12
07:51:07 1 46 4096 2870 7.3 3.2 15 12
07:51:08 1 46 4096 2870 7.3 3.2 15 12
07:51:09 1 46 4096 2870 7.5 3.2 15 12
07:51:10 1 46 4096 2870 7.4 3.2 15 12
07:51:11 1 46 4096 2870 7.3 3.2 15 12
07:51:12 1 46 4096 2870 7.4 3.2 15 12
07:51:13 1 41 4096 2870 9.1 3.2 15 12
07:51:14 1 45 4096 2870 7.5 3.2 15 12
07:51:15 1 49 4096 2870 6.2 3.2 15 12
07:51:16 1 49 4096 2870 6.2 3.2 15 12
07:51:17 1 49 4096 2870 6.3 3.2 15 12
07:51:18 1 49 4096 2870 6.1 3.2 15 12
07:51:19 1 48 4096 2870 6.4 2.9 15 12
07:51:20 1 46 4096 2870 6.7 2.7 15 12
07:51:21 1 46 4096 2870 6.5 2.7 15 12
07:51:23 1 46 4096 2870 6.5 2.6 15 12
07:51:24 1 44 4096 2870 6.6 2.6 15 12
07:51:25 1 41 4096 2870 7.6 2.6 15 12
07:51:26 1 41 4096 2870 8.4 2.7 15 12
07:51:27 1 42 4096 2870 7.9 2.8 15 12
07:51:28 1 43 4096 2870 7.8 2.9 15 12
07:51:29 1 44 4096 2870 7.7 2.9 15 12
07:51:30 1 43 4096 2870 7.9 3.0 15 12
07:51:31 1 44 4096 2870 7.8 3.0 15 12
07:51:32 1 43 4096 2870 7.9 3.0 15 12
07:51:33 1 44 4096 2870 7.6 3.1 15 12
07:51:34 1 44 4096 2870 7.8 3.1 15 12
07:51:35 1 44 4096 2870 7.8 3.1 15 12
07:51:36 1 45 4096 2870 7.5 3.1 15 12
07:51:37 1 44 4096 2870 7.7 3.1 15 12
07:51:38 1 44 4096 2870 7.8 3.1 15 12
07:51:40 1 45 4096 2870 7.5 3.1 15 12
07:51:41 1 45 4096 2870 7.6 3.2 15 12
07:51:42 1 44 4096 2870 7.8 3.2 15 12
07:51:43 1 45 4096 2870 7.6 3.2 15 12
07:51:44 1 45 4096 2870 7.6 3.2 15 12
07:51:45 1 44 4096 2870 7.8 3.2 15 12
07:51:46 1 45 4096 2870 7.6 3.2 15 12
07:51:47 1 45 4096 2870 7.7 3.2 15 12
07:51:48 1 45 4096 2870 7.8 3.2 15 12
07:51:49 1 46 4096 2870 7.3 3.2 15 12
07:51:50 1 45 4096 2870 7.5 3.2 15 12
07:51:51 1 46 4096 2870 7.3 3.2 15 12
07:51:52 1 46 4096 2870 7.3 3.2 15 12
07:51:53 1 45 4096 2870 7.5 3.2 15 12
07:51:54 1 46 4096 2870 7.3 3.2 15 12
07:51:55 1 46 4096 2870 7.3 3.2 15 12
07:51:57 1 45 4096 2870 7.5 3.2 15 12
07:51:58 1 46 4096 2870 7.3 3.2 15 12
07:51:59 1 45 4096 2870 7.4 3.2 15 12
07:52:00 1 45 4096 2870 7.6 3.2 15 12
07:52:01 1 45 4096 2870 7.5 3.2 15 12
07:52:02 1 46 4096 2870 7.3 3.2 15 12
07:52:03 1 45 4096 2870 7.5 3.2 15 12
07:52:04 1 46 4096 2870 7.4 3.2 15 12
07:52:05 1 46 4096 2870 7.4 3.2 15 12
07:52:06 1 46 4096 2870 7.4 3.2 15 12
07:52:07 1 46 4096 2870 7.3 3.2 15 12
07:52:08 1 45 4096 2870 7.5 3.2 15 12
07:52:09 1 46 4096 2870 7.3 3.2 15 12
07:52:10 1 46 4096 2870 7.3 3.2 15 12
07:52:11 1 40 4096 2870 9.3 3.2 15 12
07:52:12 1 48 4096 2870 6.5 3.2 15 12
07:52:14 1 49 4096 2870 6.4 3.2 15 12
07:52:15 1 48 4096 2870 6.7 3.2 15 12
07:52:16 1 50 4096 2870 6.1 3.2 15 12
07:52:17 1 50 4096 2870 6.0 3.2 15 12
07:52:18 1 48 4096 2870 6.7 3.2 15 12
07:52:19 1 49 4096 2870 6.5 3.2 15 12
07:52:20 1 49 4096 2870 6.4 3.2 15 12
07:52:21 1 48 4096 2870 6.6 3.2 15 12
07:52:22 1 45 4096 2870 7.6 3.2 15 12
07:52:23 1 48 4096 2870 6.6 3.2 15 12
07:52:24 1 42 4096 2870 8.7 3.2 15 12
07:52:25 1 45 4096 2870 7.8 3.2 15 12
07:52:26 1 44 4096 2870 7.9 3.2 15 12
07:52:27 1 45 4096 2870 7.7 3.2 15 12
07:52:28 1 45 4096 2870 7.8 3.2 15 12
07:52:29 1 44 4096 2870 7.9 3.2 15 12
07:52:30 1 45 4096 2870 7.8 3.2 15 12
07:52:32 1 45 4096 2870 7.5 3.2 15 12
07:52:33 1 45 4096 2870 7.7 3.2 15 12
07:52:34 1 45 4096 2870 7.5 3.2 15 12
07:52:35 1 45 4096 2870 7.7 3.2 15 12
07:52:36 1 45 4096 2870 7.8 3.2 15 12
07:52:37 1 45 4096 2870 7.7 3.2 15 12
07:52:38 1 45 4096 2870 7.5 3.2 15 12
07:52:39 1 45 4096 2870 7.8 3.2 15 12
07:52:40 1 45 4096 2870 7.5 3.2 15 12
07:52:41 1 45 4096 2870 7.8 3.2 15 12
07:52:42 1 45 4096 2870 7.5 3.2 15 12
07:52:43 1 45 4096 2870 7.5 3.2 15 12
07:52:44 1 45 4096 2870 7.8 3.2 15 12
07:52:45 1 45 4096 2870 7.5 3.2 15 12
07:52:46 1 46 4096 2870 7.4 3.2 15 12
07:52:47 1 45 4096 2870 7.5 3.2 15 12
07:52:49 1 46 4096 2870 7.5 3.2 15 12
07:52:50 1 46 4096 2870 7.3 3.2 15 12
07:52:51 1 45 4096 2870 7.5 3.2 15 12
07:52:52 1 46 4096 2870 7.3 3.2 15 12
07:52:53 1 46 4096 2870 7.3 3.2 15 12
07:52:54 1 46 4096 2870 7.4 3.2 15 12
07:52:55 1 46 4096 2870 7.3 3.2 15 12
07:52:56 1 46 4096 2870 7.4 3.2 15 12
07:52:57 1 45 4096 2870 7.5 3.2 15 12
07:52:58 1 46 4096 2870 7.3 3.2 15 12
07:52:59 1 45 4096 2870 7.5 3.2 15 12
07:53:00 1 46 4096 2870 7.5 3.2 15 12
07:53:01 1 46 4096 2870 7.4 3.2 15 12
07:53:02 1 45 4096 2870 7.5 3.2 15 12
07:53:03 1 46 4096 2870 7.4 3.2 15 12
07:53:04 1 46 4096 2870 7.3 3.2 15 12
07:53:06 1 46 4096 2870 7.5 3.2 15 12
07:53:07 1 46 4096 2870 7.3 3.2 15 12
07:53:08 1 46 4096 2870 7.3 3.2 15 12
07:53:09 1 40 4096 2870 9.3 3.2 15 12
07:53:10 1 50 4096 2870 6.1 3.2 15 12
07:53:11 1 50 4096 2870 6.1 3.2 15 12
07:53:12 1 49 4096 2870 6.3 3.2 15 12
07:53:13 1 50 4096 2870 6.1 3.2 15 12
07:53:14 1 50 4096 2870 6.1 3.2 15 12
07:53:15 1 48 4096 2870 6.7 3.2 15 12
07:53:16 1 48 4096 2870 6.6 3.2 15 12
07:53:17 1 48 4096 2870 6.6 3.2 15 12
07:53:18 1 49 4096 2870 6.5 3.2 15 12
07:53:19 1 45 4096 2870 7.7 3.2 15 12
07:53:20 1 48 4096 2870 6.6 3.2 15 12
07:53:21 1 43 4096 2870 8.4 3.2 15 12
07:53:22 1 45 4096 2870 7.8 3.2 15 12
07:53:24 1 44 4096 2870 7.9 3.2 15 12
07:53:25 1 45 4096 2870 7.7 3.2 15 12
07:53:26 1 45 4096 2870 7.7 3.2 15 12
07:53:27 1 44 4096 2870 7.9 3.2 15 12
07:53:28 1 45 4096 2870 7.8 3.2 15 12
07:53:29 1 45 4096 2870 7.7 3.2 15 12
07:53:30 1 45 4096 2870 7.8 3.2 15 12
07:53:31 1 46 4096 2870 7.5 3.2 15 12
07:53:32 1 45 4096 2870 7.6 3.2 15 12
07:53:33 1 45 4096 2870 7.8 3.2 15 12
07:53:34 1 46 4096 2870 7.5 3.2 15 12
07:53:35 1 45 4096 2870 7.8 3.2 15 12
07:53:36 1 45 4096 2870 7.7 3.2 15 12
07:53:37 1 46 4096 2870 7.5 3.2 15 12
07:53:38 1 45 4096 2870 7.8 3.2 15 12
07:53:40 1 46 4096 2870 7.6 3.2 15 12
07:53:41 1 46 4096 2870 7.6 3.2 15 12
07:53:42 1 45 4096 2870 7.8 3.2 15 12
07:53:43 1 45 4096 2870 7.6 3.2 15 12
07:53:44 1 46 4096 2870 7.3 3.2 15 12
07:53:45 1 46 4096 2870 7.5 3.2 15 12
07:53:46 1 46 4096 2870 7.4 3.2 15 12
07:53:47 1 46 4096 2870 7.4 3.2 15 12
07:53:48 1 46 4096 2870 7.5 3.2 15 12
07:53:49 1 46 4096 2870 7.4 3.2 15 12
07:53:50 1 46 4096 2870 7.5 3.2 15 12
07:53:51 1 46 4096 2870 7.4 3.2 15 12
07:53:52 1 46 4096 2870 7.5 3.2 15 12
07:53:53 1 46 4096 2870 7.5 3.2 15 12
07:53:54 1 46 4096 2870 7.4 3.2 15 12
07:53:55 1 46 4096 2870 7.3 3.2 15 12
07:53:56 1 46 4096 2870 7.5 3.2 15 12
07:53:58 1 46 4096 2870 7.4 3.2 15 12
07:53:59 1 46 4096 2870 7.3 3.2 15 12
07:54:00 1 46 4096 2870 7.5 3.2 15 12
07:54:01 1 46 4096 2870 7.3 3.2 15 12
07:54:02 1 46 4096 2870 7.3 3.2 15 12
07:54:03 1 46 4096 2870 7.5 3.2 15 12
07:54:04 1 46 4096 2870 7.3 3.2 15 12
07:54:05 1 46 4096 2870 7.5 3.2 15 12
07:54:06 1 41 4096 2870 9.2 3.2 15 12
07:54:07 1 41 4096 2870 9.0 3.2 15 12
07:54:08 1 48 4096 2870 6.6 3.2 15 12
07:54:09 1 48 4096 2870 6.6 3.2 15 12
07:54:10 1 50 4096 2870 6.1 3.2 15 12
07:54:11 1 49 4096 2870 6.2 3.2 15 12
07:54:12 1 49 4096 2870 6.5 3.2 15 12
07:54:13 1 49 4096 2870 6.5 3.2 15 12
07:54:15 1 48 4096 2870 6.6 3.2 15 12
07:54:16 1 49 4096 2870 6.4 3.2 15 12
07:54:17 1 45 4096 2870 7.7 3.2 15 12
07:54:18 1 45 4096 2870 7.8 3.2 15 12
07:54:19 1 43 4096 2870 8.4 3.2 15 12
07:54:20 1 45 4096 2870 7.7 3.2 15 12
07:54:21 1 45 4096 2870 7.9 3.2 15 12
07:54:22 1 45 4096 2870 7.7 3.2 15 12
07:54:23 1 45 4096 2870 7.8 3.2 15 12
07:54:24 1 45 4096 2870 7.8 3.2 15 12
07:54:25 1 45 4096 2870 7.8 3.2 15 12
07:54:26 1 45 4096 2870 7.9 3.2 15 12
07:54:27 1 45 4096 2870 7.7 3.2 15 12
07:54:28 1 46 4096 2870 7.6 3.2 15 12
07:54:29 1 45 4096 2870 7.8 3.2 15 12
07:54:30 1 46 4096 2870 7.5 3.2 15 12
07:54:32 1 46 4096 2870 7.5 3.2 15 12
07:54:33 1 45 4096 2870 7.8 3.2 15 12
07:54:34 1 46 4096 2870 7.5 3.2 15 12
07:54:35 1 45 4096 2870 7.7 3.2 15 12
07:54:36 1 45 4096 2870 7.8 3.2 15 12
07:54:37 1 45 4096 2870 7.7 3.2 15 12
07:54:38 1 46 4096 2870 7.6 3.2 15 12
07:54:39 1 45 4096 2870 7.7 3.2 15 12
07:54:40 1 45 4096 2870 7.7 3.2 15 12
07:54:41 1 45 4096 2870 7.8 3.2 15 12
07:54:42 1 46 4096 2870 7.4 3.2 15 12
07:54:43 1 46 4096 2870 7.3 3.2 15 12
07:54:44 1 45 4096 2870 7.5 3.2 15 12
07:54:45 1 46 4096 2870 7.4 3.2 15 12
07:54:46 1 46 4096 2870 7.3 3.2 15 12
07:54:48 1 45 4096 2870 7.5 3.2 15 12
07:54:49 1 46 4096 2870 7.4 3.2 15 12
07:54:50 1 46 4096 2870 7.4 3.2 15 12
07:54:51 1 45 4096 2870 7.5 3.2 15 12
07:54:52 1 46 4096 2870 7.4 3.2 15 12
07:54:53 1 46 4096 2870 7.3 3.2 15 12
07:54:54 1 45 4096 2870 7.5 3.2 15 12
07:54:55 1 46 4096 2870 7.3 3.2 15 12
07:54:56 1 45 4096 2870 7.5 3.2 15 12
07:54:57 1 45 4096 2870 7.5 3.2 15 12
07:54:58 1 46 4096 2870 7.3 3.2 15 12
07:54:59 1 45 4096 2870 7.5 3.2 15 12
07:55:00 1 46 4096 2870 7.4 3.2 15 12
07:55:01 1 46 4096 2870 7.4 3.2 15 12
07:55:02 1 45 4096 2870 7.5 3.2 15 12
07:55:04 1 46 4096 2870 7.3 3.2 15 12
07:55:05 1 41 4096 2870 9.0 3.2 15 12
07:55:06 1 49 4096 2870 6.2 3.2 15 12
07:55:07 1 50 4096 2870 6.0 3.2 15 12
07:55:08 1 49 4096 2870 6.2 3.2 15 12
07:55:09 1 49 4096 2870 6.3 3.2 15 12
07:55:10 1 50 4096 2870 6.0 3.2 15 12
07:55:11 1 49 4096 2870 6.5 3.2 15 12
07:55:12 1 48 4096 2870 6.7 3.2 15 12
07:55:13 1 48 4096 2870 6.5 3.2 15 12
07:55:14 1 48 4096 2870 6.5 3.2 15 12
07:55:15 1 45 4096 2870 7.8 3.2 15 12
07:55:16 1 42 4096 2870 8.7 3.2 15 12
07:55:17 1 43 4096 2870 7.9 2.9 15 12
07:55:18 1 44 4096 2870 7.6 2.9 15 12
07:55:19 1 43 4096 2870 7.8 2.9 15 12
07:55:20 1 43 4096 2870 7.9 2.9 15 12
07:55:22 1 44 4096 2870 7.7 3.0 15 12
07:55:23 1 44 4096 2870 7.8 3.0 15 12
07:55:24 1 44 4096 2870 7.9 3.1 15 12
07:55:25 1 44 4096 2870 7.7 3.1 15 12
07:55:26 1 45 4096 2870 7.6 3.1 15 12
07:55:27 1 44 4096 2870 7.8 3.1 15 12
07:55:28 1 45 4096 2870 7.7 3.1 15 12
07:55:29 1 45 4096 2870 7.5 3.1 15 12
07:55:30 1 45 4096 2870 7.6 3.1 15 12
07:55:31 1 45 4096 2870 7.7 3.2 15 12
07:55:32 1 44 4096 2870 7.8 3.2 15 12
07:55:33 1 44 4096 2870 7.8 3.2 15 12
07:55:34 1 45 4096 2870 7.7 3.2 15 12
07:55:35 1 45 4096 2870 7.8 3.2 15 12
07:55:36 1 45 4096 2870 7.5 3.2 15 12
07:55:38 1 45 4096 2870 7.7 3.2 15 12
07:55:39 1 45 4096 2870 7.8 3.2 15 12
07:55:40 1 46 4096 2870 7.3 3.2 15 12
07:55:41 1 46 4096 2870 7.3 3.2 15 12
07:55:42 1 45 4096 2870 7.5 3.2 15 12
07:55:43 1 46 4096 2870 7.4 3.2 15 12
07:55:44 1 46 4096 2870 7.3 3.2 15 12
07:55:45 1 45 4096 2870 7.5 3.2 15 12
07:55:46 1 46 4096 2870 7.3 3.2 15 12
07:55:47 1 45 4096 2870 7.5 3.2 15 12
07:55:48 1 46 4096 2870 7.3 3.2 15 12
07:55:49 1 46 4096 2870 7.3 3.2 15 12
07:55:50 1 45 4096 2870 7.6 3.2 15 12
07:55:51 1 46 4096 2870 7.3 3.2 15 12
07:55:52 1 46 4096 2870 7.5 3.2 15 12
07:55:53 1 45 4096 2870 7.5 3.2 15 12
07:55:55 1 46 4096 2870 7.3 3.2 15 12
07:55:56 1 46 4096 2870 7.4 3.2 15 12
07:55:57 1 45 4096 2870 7.5 3.2 15 12
07:55:58 1 46 4096 2870 7.4 3.2 15 12
07:55:59 1 46 4096 2870 7.3 3.2 15 12
07:56:00 1 45 4096 2870 7.5 3.2 15 12
07:56:01 1 46 4096 2870 7.4 3.2 15 12
07:56:02 1 41 4096 2870 9.1 3.2 15 12
07:56:03 1 48 4096 2870 6.6 3.2 15 12
07:56:04 1 48 4096 2870 6.5 3.2 15 12
07:56:05 1 48 4096 2870 6.7 3.2 15 12
07:56:06 1 49 4096 2870 6.3 3.2 15 12
07:56:07 1 50 4096 2870 6.0 3.2 15 12
07:56:08 1 48 4096 2870 6.7 3.2 15 12
07:56:09 1 48 4096 2870 6.5 3.2 15 12
07:56:10 1 49 4096 2870 6.4 3.2 15 12
07:56:11 1 48 4096 2870 6.6 3.2 15 12
07:56:13 1 45 4096 2870 7.6 3.2 15 12
07:56:14 1 45 4096 2870 7.6 3.2 15 12
07:56:15 1 42 4096 2870 8.7 3.2 15 12
07:56:16 1 45 4096 2870 7.7 3.2 15 12
07:56:17 1 45 4096 2870 7.7 3.2 15 12
07:56:18 1 44 4096 2870 7.9 3.2 15 12
07:56:19 1 45 4096 2870 7.7 3.2 15 12
07:56:20 1 45 4096 2870 7.9 3.2 15 12
07:56:21 1 44 4096 2870 7.9 3.2 15 12
07:56:22 1 45 4096 2870 7.8 3.2 15 12
07:56:23 1 45 4096 2870 7.8 3.2 15 12
07:56:24 1 45 4096 2870 7.7 3.2 15 12
07:56:25 1 45 4096 2870 7.7 3.2 15 12
07:56:26 1 45 4096 2870 7.8 3.2 15 12
07:56:27 1 45 4096 2870 7.6 3.2 15 12
07:56:28 1 45 4096 2870 7.5 3.2 15 12
07:56:30 1 45 4096 2870 7.8 3.2 15 12
07:56:31 1 45 4096 2870 7.7 3.2 15 12
07:56:32 1 45 4096 2870 7.5 3.2 15 12
07:56:33 1 45 4096 2870 7.6 3.2 15 12
07:56:34 1 45 4096 2870 7.7 3.2 15 12
07:56:35 1 45 4096 2870 7.5 3.2 15 12
07:56:36 1 45 4096 2870 7.7 3.2 15 12
07:56:37 1 46 4096 2870 7.4 3.2 15 12
07:56:38 1 46 4096 2870 7.4 3.2 15 12
07:56:39 1 45 4096 2870 7.5 3.2 15 12
07:56:40 1 46 4096 2870 7.4 3.2 15 12
07:56:41 1 45 4096 2870 7.5 3.2 15 12
07:56:42 1 46 4096 2870 7.4 3.2 15 12
07:56:43 1 46 4096 2870 7.4 3.2 15 12
07:56:44 1 45 4096 2870 7.5 3.2 15 12
07:56:46 1 46 4096 2870 7.3 3.2 15 12
07:56:47 1 46 4096 2870 7.4 3.2 15 12
07:56:48 1 45 4096 2870 7.5 3.2 15 12
07:56:49 1 46 4096 2870 7.4 3.2 15 12
07:56:50 1 46 4096 2870 7.3 3.2 15 12
07:56:51 1 45 4096 2870 7.6 3.2 15 12
07:56:52 1 46 4096 2870 7.4 3.2 15 12
07:56:53 1 46 4096 2870 7.3 3.2 15 12
07:56:54 1 45 4096 2870 7.5 3.2 15 12
07:56:55 1 46 4096 2870 7.4 3.2 15 12
07:56:56 1 45 4096 2870 7.5 3.2 15 12
07:56:57 1 46 4096 2870 7.4 3.2 15 12
07:56:58 1 46 4096 2870 7.3 3.2 15 12
07:56:59 1 40 4096 2870 9.3 3.2 15 12
07:57:00 1 46 4096 2870 7.1 3.2 15 12
07:57:01 1 49 4096 2870 6.1 3.2 15 12
07:57:02 1 49 4096 2870 6.3 3.2 15 12
07:57:04 1 49 4096 2870 6.2 3.2 15 12
07:57:05 1 50 4096 2870 6.1 3.2 15 12
07:57:06 1 48 4096 2870 6.7 3.2 15 12
07:57:07 1 49 4096 2870 6.5 3.2 15 12
07:57:08 1 49 4096 2870 6.4 3.2 15 12
07:57:09 1 48 4096 2870 6.6 3.2 15 12
07:57:10 1 45 4096 2870 7.5 3.2 15 12
07:57:11 1 46 4096 2870 7.4 3.2 15 12
07:57:12 1 42 4096 2870 8.6 3.2 15 12
07:57:13 1 45 4096 2870 7.6 3.2 15 12
07:57:14 1 44 4096 2870 7.9 3.2 15 12
07:57:15 1 44 4096 2870 7.9 3.2 15 12
07:57:16 1 45 4096 2870 7.8 3.2 15 12
07:57:17 1 44 4096 2870 7.9 3.2 15 12
07:57:18 1 45 4096 2870 7.6 3.2 15 12
07:57:19 1 45 4096 2870 7.8 3.2 15 12
07:57:20 1 45 4096 2870 7.8 3.2 15 12
07:57:22 1 45 4096 2870 7.6 3.2 15 12
07:57:23 1 45 4096 2870 7.5 3.2 15 12
07:57:24 1 45 4096 2870 7.7 3.2 15 12
07:57:25 1 45 4096 2870 7.5 3.2 15 12
07:57:26 1 45 4096 2870 7.5 3.2 15 12
07:57:27 1 45 4096 2870 7.8 3.2 15 12
07:57:28 1 45 4096 2870 7.6 3.2 15 12
07:57:29 1 45 4096 2870 7.5 3.2 15 12
07:57:30 1 45 4096 2870 7.6 3.2 15 12
07:57:31 1 45 4096 2870 7.6 3.2 15 12
07:57:32 1 45 4096 2870 7.7 3.2 15 12
07:57:33 1 45 4096 2870 7.5 3.2 15 12
07:57:34 1 45 4096 2870 7.5 3.2 15 12
07:57:35 1 46 4096 2870 7.5 3.2 15 12
07:57:36 1 46 4096 2870 7.3 3.2 15 12
07:57:37 1 46 4096 2870 7.4 3.2 15 12
07:57:38 1 46 4096 2870 7.5 3.2 15 12
07:57:40 1 46 4096 2870 7.4 3.2 15 12
07:57:41 1 46 4096 2870 7.3 3.2 15 12
07:57:42 1 46 4096 2870 7.5 3.2 15 12
07:57:43 1 46 4096 2870 7.3 3.2 15 12
07:57:44 1 46 4096 2870 7.3 3.2 15 12
07:57:45 1 45 4096 2870 7.5 3.2 15 12
07:57:46 1 46 4096 2870 7.3 3.2 15 12
07:57:47 1 46 4096 2870 7.3 3.2 15 12
07:57:48 1 46 4096 2870 7.4 3.2 15 12
07:57:49 1 46 4096 2870 7.4 3.2 15 12
07:57:50 1 45 4096 2870 7.5 3.2 15 12
07:57:51 1 46 4096 2870 7.3 3.2 15 12
07:57:52 1 46 4096 2870 7.3 3.2 15 12
07:57:53 1 45 4096 2870 7.5 3.2 15 12
07:57:54 1 46 4096 2870 7.2 3.2 15 12
07:57:56 1 46 4096 2870 7.4 3.2 15 12
07:57:57 1 44 4096 2870 8.1 3.2 15 12
07:57:58 1 42 4096 2870 8.8 3.2 15 12
07:57:59 1 49 4096 2870 6.5 3.2 15 12
07:58:00 1 48 4096 2870 6.7 3.2 15 12
07:58:01 1 49 4096 2870 6.2 3.2 15 12
07:58:02 1 50 4096 2870 6.0 3.2 15 12
07:58:03 1 48 4096 2870 6.7 3.2 15 12
07:58:04 1 48 4096 2870 6.5 3.2 15 12
07:58:05 1 49 4096 2870 6.5 3.2 15 12
07:58:06 1 49 4096 2870 6.5 3.2 15 12
07:58:07 1 49 4096 2870 7.5 3.2 15 12
07:58:08 1 45 4096 2870 7.8 3.2 15 12
07:58:09 1 43 4096 2870 8.4 3.2 15 12
07:58:10 1 45 4096 2870 7.8 3.2 15 12
07:58:11 1 44 4096 2870 7.8 3.2 15 12
07:58:12 1 45 4096 2870 7.8 3.2 15 12
07:58:14 1 45 4096 2870 7.6 3.2 15 12
07:58:15 1 44 4096 2870 7.9 3.2 15 12
07:58:16 1 45 4096 2870 7.7 3.2 15 12
07:58:17 1 45 4096 2870 7.8 3.2 15 12
07:58:18 1 44 4096 2870 7.9 3.2 15 12
07:58:19 1 45 4096 2870 7.5 3.2 15 12
07:58:20 1 45 4096 2870 7.5 3.2 15 12
07:58:21 1 45 4096 2870 7.7 3.2 15 12
07:58:22 1 45 4096 2870 7.5 3.2 15 12
07:58:23 1 45 4096 2870 7.7 3.2 15 12
07:58:24 1 45 4096 2870 7.8 3.2 15 12
07:58:25 1 45 4096 2870 7.5 3.2 15 12
07:58:26 1 45 4096 2870 7.8 3.2 15 12
07:58:27 1 45 4096 2870 7.5 3.2 15 12
07:58:28 1 45 4096 2870 7.5 3.2 15 12
07:58:29 1 45 4096 2870 7.7 3.2 15 12
07:58:31 1 46 4096 2870 7.5 3.2 15 12
07:58:32 1 45 4096 2870 7.6 3.2 15 12
07:58:33 1 46 4096 2870 7.5 3.2 15 12
07:58:34 1 46 4096 2870 7.4 3.2 15 12
07:58:35 1 46 4096 2870 7.3 3.2 15 12
07:58:36 1 46 4096 2870 7.5 3.2 15 12
07:58:37 1 46 4096 2870 7.3 3.2 15 12
07:58:38 1 46 4096 2870 7.3 3.2 15 12
07:58:39 1 46 4096 2870 7.4 3.2 15 12
07:58:40 1 46 4096 2870 7.4 3.2 15 12
07:58:41 1 46 4096 2870 7.4 3.2 15 12
07:58:42 1 46 4096 2870 7.4 3.2 15 12
07:58:43 1 46 4096 2870 7.4 3.2 15 12
07:58:44 1 45 4096 2870 7.5 3.2 15 12
07:58:45 1 46 4096 2870 7.3 3.2 15 12
07:58:46 1 46 4096 2870 7.4 3.2 15 12
07:58:48 1 45 4096 2870 7.4 3.2 15 12
07:58:49 1 45 4096 2870 7.4 3.2 15 12
07:58:50 1 46 4096 2870 7.3 3.2 15 12
07:58:51 1 45 4096 2870 7.6 3.2 15 12
07:58:52 1 45 4096 2870 7.4 3.2 15 12
07:58:53 1 46 4096 2870 7.3 3.2 15 12
07:58:54 1 45 4096 2870 7.5 3.2 15 12
07:58:55 1 41 4096 2870 9.0 3.2 15 12
07:58:56 1 49 4096 2870 6.3 3.2 15 12
07:58:57 1 49 4096 2870 6.3 3.2 15 12
07:58:58 1 49 4096 2870 6.1 3.2 15 12
07:58:59 1 49 4096 2870 6.3 3.1 15 12
07:59:00 1 49 4096 2870 6.0 3.1 15 12
07:59:01 1 48 4096 2870 6.5 3.1 15 12
07:59:02 1 47 4096 2870 6.7 3.1 15 12
07:59:03 1 48 4096 2870 6.5 3.1 15 12
07:59:05 1 48 4096 2870 6.5 3.1 15 12
07:59:06 1 44 4096 2870 7.8 3.1 15 12
07:59:07 1 41 4096 2870 8.9 3.1 15 12
07:59:08 1 44 4096 2870 7.7 3.1 15 12
07:59:09 1 44 4096 2870 7.7 3.2 15 12
07:59:10 1 44 4096 2870 7.6 3.2 15 12
07:59:11 1 44 4096 2870 7.8 3.2 15 12
07:59:12 1 44 4096 2870 7.9 3.2 15 12
07:59:13 1 44 4096 2870 7.8 3.2 15 12
07:59:14 1 44 4096 2870 7.9 3.2 15 12
07:59:15 1 44 4096 2870 7.6 3.2 15 12
07:59:16 1 44 4096 2870 7.7 3.2 15 12
07:59:17 1 43 4096 2870 8.0 3.2 15 12
07:59:18 1 45 4096 2870 7.5 3.2 15 12
07:59:19 1 45 4096 2870 7.5 3.2 15 12
07:59:21 1 44 4096 2870 7.8 3.2 15 12
07:59:22 1 45 4096 2870 7.5 3.2 15 12
07:59:23 1 45 4096 2870 7.5 3.2 15 12
07:59:24 1 45 4096 2870 7.8 3.2 15 12
07:59:25 1 46 4096 2870 7.5 3.2 15 12
07:59:26 1 45 4096 2870 7.7 3.2 15 12
07:59:27 1 45 4096 2870 7.8 3.2 15 12
07:59:28 1 46 4096 2870 7.5 3.2 15 12
07:59:29 1 45 4096 2870 7.7 3.2 15 12
07:59:30 1 46 4096 2870 7.5 3.2 15 12
07:59:31 1 47 4096 2870 7.3 3.2 15 12
07:59:32 1 46 4096 2870 7.5 3.2 15 12
07:59:33 1 46 4096 2870 7.4 3.2 15 12
07:59:34 1 47 4096 2870 7.3 3.2 15 12
07:59:35 1 46 4096 2870 7.5 3.2 15 12
07:59:37 1 47 4096 2870 7.3 3.2 15 12
07:59:38 1 47 4096 2870 7.3 3.2 15 12
07:59:39 1 46 4096 2870 7.5 3.2 15 12
07:59:40 1 47 4096 2870 7.3 3.2 15 12
07:59:41 1 46 4096 2870 7.5 3.2 15 12
07:59:42 1 46 4096 2870 7.5 3.2 15 12
07:59:43 1 46 4096 2870 7.4 3.2 15 12
07:59:44 1 46 4096 2870 7.4 3.2 15 12
07:59:45 1 46 4096 2870 7.5 3.2 15 12
07:59:46 1 46 4096 2870 7.4 3.2 15 12
07:59:47 1 46 4096 2870 7.5 3.2 15 12
07:59:48 1 46 4096 2870 7.4 3.2 15 12
07:59:49 1 47 4096 2870 7.3 3.2 15 12
07:59:50 1 46 4096 2870 7.5 3.2 15 12
07:59:51 1 47 4096 2870 7.3 3.2 15 12
07:59:53 1 41 4096 2870 9.0 3.2 15 12
07:59:54 1 48 4096 2870 6.6 3.2 15 12
07:59:55 1 49 4096 2870 6.5 3.2 15 12
07:59:56 1 49 4096 2870 6.5 3.1 15 12
07:59:57 1 49 4096 2870 6.3 3.1 15 12
07:59:58 1 50 4096 2870 6.1 3.1 15 12
07:59:59 1 49 4096 2870 6.5 3.1 15 12
08:00:00 1 48 4096 2870 6.7 3.1 15 12
08:00:01 1 49 4096 2870 6.5 3.2 15 12
08:00:02 1 48 4096 2870 6.6 3.2 15 12
08:00:03 1 45 4096 2870 7.7 3.2 15 12
08:00:04 1 52 4096 2870 5.3 3.2 15 12
08:00:05 1 42 4096 2870 8.6 3.2 15 12
08:00:06 1 45 4096 2870 7.6 3.2 15 12
08:00:07 1 45 4096 2870 7.6 3.2 15 12
08:00:08 1 44 4096 2870 7.9 3.2 15 12
08:00:10 1 45 4096 2870 7.7 3.2 15 12
08:00:11 1 45 4096 2870 7.7 3.1 15 12
08:00:12 1 44 4096 2870 7.9 3.1 15 12
08:00:13 1 45 4096 2870 7.8 3.1 15 12
08:00:14 1 44 4096 2870 7.8 3.1 15 12
08:00:15 1 44 4096 2870 7.9 3.1 15 12
08:00:16 1 44 4096 2870 7.8 3.1 15 12
08:00:17 1 44 4096 2870 7.9 3.1 15 12
08:00:18 1 44 4096 2870 7.8 3.1 15 12
08:00:19 1 45 4096 2870 7.6 3.1 15 12
08:00:20 1 44 4096 2870 7.8 3.1 15 12
08:00:21 1 45 4096 2870 7.6 3.1 15 12
08:00:22 1 45 4096 2870 7.7 3.1 15 12
08:00:23 1 44 4096 2870 7.8 3.1 15 12
08:00:25 1 45 4096 2870 7.6 3.1 15 12
08:00:26 1 45 4096 2870 7.7 3.1 15 12
08:00:27 1 45 4096 2870 7.8 3.1 15 12
08:00:28 1 45 4096 2870 7.5 3.1 15 12
08:00:29 1 46 4096 2870 7.3 3.1 15 12
08:00:30 1 45 4096 2870 7.5 3.1 15 12
08:00:31 1 46 4096 2870 7.4 3.1 15 12
08:00:32 1 46 4096 2870 7.3 3.1 15 12
08:00:33 1 45 4096 2870 7.5 3.1 15 12
08:00:34 1 46 4096 2870 7.4 3.1 15 12
08:00:35 1 45 4096 2870 7.5 3.1 15 12
08:00:36 1 46 4096 2870 7.4 3.1 15 12
08:00:37 1 46 4096 2870 7.3 3.1 15 12
08:00:38 1 45 4096 2870 7.5 3.1 15 12
08:00:39 1 46 4096 2870 7.3 3.1 15 12
08:00:40 1 46 4096 2870 7.3 3.1 15 12
08:00:42 1 45 4096 2870 7.6 3.1 15 12
08:00:43 1 46 4096 2870 7.3 3.1 15 12
08:00:44 1 46 4096 2870 7.4 3.1 15 12
08:00:45 1 45 4096 2870 7.5 3.1 15 12
08:00:46 1 46 4096 2870 7.3 3.1 15 12
08:00:47 1 46 4096 2870 7.3 3.1 15 12
08:00:48 1 45 4096 2870 7.5 3.1 15 12
08:00:49 1 46 4096 2870 7.4 3.1 15 12
08:00:50 1 45 4096 2870 7.6 3.1 15 12
08:00:51 1 41 4096 2870 8.9 3.1 15 12
08:00:52 1 50 4096 2870 6.0 3.1 15 12
08:00:53 1 49 4096 2870 6.3 3.1 15 12
08:00:54 1 49 4096 2870 6.1 3.1 15 12
08:00:55 1 49 4096 2870 6.1 3.1 15 12
08:00:56 1 49 4096 2870 6.3 3.1 15 12
08:00:58 1 48 4096 2870 6.5 3.1 15 12
08:00:59 1 49 4096 2870 6.5 3.1 15 12
08:01:00 1 48 4096 2870 6.6 3.1 15 12
08:01:01 1 49 4096 2870 6.4 3.1 15 12
08:01:02 1 45 4096 2870 7.6 3.1 15 12
08:01:03 1 41 4096 2870 9.0 3.1 15 12
08:01:04 1 45 4096 2870 7.7 3.1 15 12
08:01:05 1 45 4096 2870 7.6 3.2 15 12
08:01:06 1 45 4096 2870 7.9 3.2 15 12
08:01:07 1 45 4096 2870 7.7 3.2 15 12
08:01:08 1 45 4096 2870 7.9 3.2 15 12
08:01:09 1 45 4096 2870 7.7 3.2 15 12
08:01:10 1 45 4096 2870 7.7 3.2 15 12
08:01:11 1 45 4096 2870 7.8 3.2 15 12
08:01:12 1 45 4096 2870 7.7 3.2 15 12
08:01:13 1 46 4096 2870 7.5 3.2 15 12
08:01:15 1 45 4096 2870 7.8 3.2 15 12
08:01:16 1 46 4096 2870 7.6 3.2 15 12
08:01:17 1 45 4096 2870 7.7 3.2 15 12
08:01:18 1 45 4096 2870 7.7 3.2 15 12
08:01:19 1 45 4096 2870 7.7 3.2 15 12
08:01:20 1 45 4096 2870 7.7 3.2 15 12
08:01:21 1 45 4096 2870 7.7 3.2 15 12
08:01:22 1 46 4096 2870 7.6 3.2 15 12
08:01:23 1 45 4096 2870 7.7 3.2 15 12
08:01:24 1 45 4096 2870 7.8 3.2 15 12
08:01:25 1 46 4096 2870 7.5 3.2 15 12
08:01:26 1 46 4096 2870 7.5 3.2 15 12
08:01:27 1 47 4096 2870 7.3 3.2 15 12
08:01:28 1 46 4096 2870 7.4 3.2 15 12
08:01:29 1 46 4096 2870 7.5 3.2 15 12
08:01:30 1 47 4096 2870 7.3 3.2 15 12
08:01:32 1 47 4096 2870 7.3 3.2 15 12
08:01:33 1 46 4096 2870 7.5 3.2 15 12
08:01:34 1 47 4096 2870 7.3 3.2 15 12
08:01:35 1 46 4096 2870 7.4 3.2 15 12
08:01:36 1 46 4096 2870 7.5 3.2 15 12
08:01:37 1 46 4096 2870 7.5 3.2 15 12
08:01:38 1 46 4096 2870 7.3 3.2 15 12
08:01:39 1 46 4096 2870 7.5 3.2 15 12
08:01:40 1 46 4096 2870 7.3 3.2 15 12
08:01:41 1 46 4096 2870 7.4 3.2 15 12
08:01:42 1 46 4096 2870 7.5 3.2 15 12
08:01:43 1 47 4096 2870 7.3 3.2 15 12
08:01:44 1 46 4096 2870 7.5 3.2 15 12
08:01:45 1 47 4096 2870 7.3 3.2 15 12
08:01:46 1 46 4096 2870 7.4 3.2 15 12
08:01:47 1 46 4096 2870 7.4 3.2 15 12
08:01:48 1 42 4096 2870 9.0 3.2 15 12
08:01:50 1 49 4096 2870 6.5 3.2 15 12
08:01:51 1 49 4096 2870 6.6 3.2 15 12
08:01:52 1 49 4096 2870 6.6 3.2 15 12
08:01:53 1 50 4096 2870 6.1 3.2 15 12
08:01:54 1 50 4096 2870 6.3 3.2 15 12
08:01:55 1 49 4096 2870 6.5 3.2 15 12
08:01:56 1 49 4096 2870 6.5 3.2 15 12
08:01:57 1 49 4096 2870 6.6 3.2 15 12
08:01:58 1 49 4096 2870 6.4 3.2 15 12
08:01:59 1 45 4096 2870 7.7 3.2 15 12
08:02:00 1 42 4096 2870 9.0 3.2 15 12
08:02:01 1 45 4096 2870 7.8 3.2 15 12
08:02:02 1 45 4096 2870 7.9 3.2 15 12
08:02:03 1 45 4096 2870 7.8 3.2 15 12
08:02:04 1 45 4096 2870 7.7 3.2 15 12
08:02:05 1 45 4096 2870 7.9 3.2 15 12
08:02:06 1 45 4096 2870 7.7 3.2 15 12
08:02:08 1 45 4096 2870 7.7 3.2 15 12
08:02:09 1 45 4096 2870 7.8 3.2 15 12
08:02:10 1 46 4096 2870 7.5 3.2 15 12
08:02:11 1 46 4096 2870 7.5 3.2 15 12
08:02:12 1 45 4096 2870 7.8 3.2 15 12
08:02:13 1 46 4096 2870 7.6 3.2 15 12
08:02:14 1 46 4096 2870 7.5 3.2 15 12
08:02:15 1 45 4096 2870 7.8 3.2 15 12
08:02:16 1 45 4096 2870 7.7 3.2 15 12
08:02:17 1 45 4096 2870 7.8 3.2 15 12
08:02:18 1 46 4096 2870 7.7 3.2 15 12
08:02:19 1 46 4096 2870 7.5 3.2 15 12
08:02:20 1 45 4096 2870 7.8 3.2 15 12
08:02:21 1 46 4096 2870 7.7 3.2 15 12
08:02:22 1 46 4096 2870 7.5 3.2 15 12
08:02:23 1 46 4096 2870 7.5 3.2 15 12
08:02:25 1 46 4096 2870 7.4 3.2 15 12
08:02:26 1 46 4096 2870 7.4 3.2 15 12
08:02:27 1 46 4096 2870 7.5 3.2 15 12
08:02:28 1 46 4096 2870 7.4 3.2 15 12
08:02:29 1 46 4096 2870 7.4 3.2 15 12
08:02:30 1 46 4096 2870 7.5 3.2 15 12
08:02:31 1 46 4096 2870 7.4 3.2 15 12
08:02:32 1 47 4096 2870 7.3 3.2 15 12
08:02:33 1 46 4096 2870 7.5 3.2 15 12
08:02:34 1 47 4096 2870 7.3 3.2 15 12
08:02:35 1 46 4096 2870 7.5 3.2 15 12
08:02:36 1 46 4096 2870 7.5 3.2 15 12
08:02:37 1 47 4096 2870 7.3 3.2 15 12
08:02:38 1 46 4096 2870 7.5 3.2 15 12
08:02:39 1 47 4096 2870 7.3 3.2 15 12
08:02:40 1 46 4096 2870 7.4 3.2 15 12
08:02:41 1 46 4096 2870 7.5 3.2 15 12
08:02:43 1 47 4096 2870 7.2 3.2 15 12
08:02:44 1 46 4096 2870 7.4 3.2 15 12
08:02:45 1 45 4096 2870 7.9 3.2 15 12
08:02:46 1 42 4096 2870 9.0 3.2 15 12
08:02:47 1 51 4096 2870 6.0 3.2 15 12
08:02:48 1 50 4096 2870 6.3 3.2 15 12
08:02:49 1 50 4096 2870 6.1 3.2 15 12
08:02:50 1 50 4096 2870 6.1 3.2 15 12
08:02:51 1 49 4096 2870 6.7 3.2 15 12
08:02:52 1 49 4096 2870 6.5 3.2 15 12
08:02:53 1 49 4096 2870 6.6 3.2 15 12
08:02:54 1 49 4096 2870 6.5 3.2 15 12
08:02:55 1 49 4096 2870 6.4 3.2 15 12
08:02:56 1 45 4096 2870 7.8 3.2 15 12
08:02:57 1 43 4096 2870 8.4 3.2 15 12
08:02:58 1 46 4096 2870 7.7 3.2 15 12
08:02:59 1 45 4096 2870 7.9 3.2 15 12
08:03:01 1 45 4096 2870 7.8 3.2 15 12
08:03:02 1 46 4096 2870 7.7 3.2 15 12
08:03:03 1 45 4096 2870 7.9 3.2 15 12
08:03:04 1 46 4096 2870 7.7 3.2 15 12
08:03:05 1 46 4096 2870 7.7 3.2 15 12
08:03:06 1 45 4096 2870 7.8 3.2 15 12
08:03:07 1 46 4096 2870 7.5 3.2 15 12
08:03:08 1 46 4096 2870 7.5 3.2 15 12
08:03:09 1 45 4096 2870 7.8 3.2 15 12
08:03:10 1 46 4096 2870 7.7 3.2 15 12
08:03:11 1 45 4096 2870 7.8 3.2 15 12
08:03:12 1 45 4096 2870 7.8 3.2 15 12
08:03:13 1 46 4096 2870 7.7 3.2 15 12
08:03:14 1 45 4096 2870 7.8 3.2 15 12
08:03:15 1 46 4096 2870 7.5 3.2 15 12
08:03:16 1 46 4096 2870 7.5 3.2 15 12
08:03:17 1 45 4096 2870 7.8 3.2 15 12
08:03:19 1 46 4096 2870 7.7 3.2 15 12
08:03:20 1 46 4096 2870 7.5 3.2 15 12
08:03:21 1 46 4096 2870 7.5 3.2 15 12
08:03:22 1 46 4096 2870 7.4 3.2 15 12
08:03:23 1 47 4096 2870 7.3 3.2 15 12
08:03:24 1 46 4096 2870 7.5 3.2 15 12
08:03:25 1 46 4096 2870 7.4 3.2 15 12
08:03:26 1 47 4096 2870 7.3 3.2 15 12
08:03:27 1 46 4096 2870 7.5 3.2 15 12
08:03:28 1 46 4096 2870 7.4 3.2 15 12
08:03:29 1 46 4096 2870 7.5 3.2 15 12
08:03:30 1 46 4096 2870 7.4 3.2 15 12
08:03:31 1 47 4096 2870 7.3 3.2 15 12
08:03:32 1 46 4096 2870 7.5 3.2 15 12
08:03:33 1 46 4096 2870 7.4 3.2 15 12
08:03:35 1 47 4096 2870 7.3 3.2 15 12
08:03:36 1 46 4096 2870 7.5 3.2 15 12
08:03:37 1 46 4096 2870 7.4 3.2 15 12
08:03:38 1 47 4096 2870 7.3 3.2 15 12
08:03:39 1 46 4096 2870 7.5 3.2 15 12
08:03:40 1 47 4096 2870 7.4 3.2 15 12
08:03:41 1 47 4096 2870 7.3 3.2 15 12
08:03:42 1 41 4096 2870 9.2 3.2 15 12
08:03:43 1 42 4096 2870 8.3 3.2 15 12
08:03:44 1 49 4096 2870 6.5 3.2 15 12
08:03:45 1 49 4096 2870 6.7 3.2 15 12
08:03:46 1 51 4096 2870 6.1 3.2 15 12
08:03:47 1 50 4096 2870 6.4 3.2 15 12
08:03:48 1 49 4096 2870 6.7 3.2 15 12
08:03:49 1 49 4096 2870 6.7 3.2 15 12
08:03:50 1 49 4096 2870 6.7 3.2 15 12
08:03:51 1 49 4096 2870 6.6 3.2 15 12
08:03:53 1 45 4096 2870 7.8 3.2 15 12
08:03:54 1 46 4096 2870 6.7 3.2 15 12
08:03:55 1 43 4096 2870 8.7 3.2 15 12
08:03:56 1 45 4096 2870 7.9 3.2 15 12
08:03:57 1 45 4096 2870 8.0 3.2 15 12
08:03:58 1 45 4096 2870 7.9 3.2 15 12
08:03:59 1 45 4096 2870 7.9 3.2 15 12
08:04:00 1 45 4096 2870 8.0 3.2 15 12
08:04:01 1 45 4096 2870 7.9 3.2 15 12
08:04:02 1 45 4096 2870 8.0 3.2 15 12
08:04:03 1 46 4096 2870 7.8 3.2 15 12
08:04:04 1 46 4096 2870 7.8 3.2 15 12
08:04:05 1 45 4096 2870 7.9 3.2 15 12
08:04:06 1 45 4096 2870 7.8 3.2 15 12
08:04:07 1 45 4096 2870 7.8 3.2 15 12
08:04:08 1 45 4096 2870 7.9 3.2 15 12
08:04:10 1 46 4096 2870 7.8 3.2 15 12
08:04:11 1 46 4096 2870 7.5 3.2 15 12
08:04:12 1 46 4096 2870 7.7 3.2 15 12
08:04:13 1 46 4096 2870 7.7 3.2 15 12
08:04:14 1 46 4096 2870 7.5 3.2 15 12
08:04:15 1 46 4096 2870 7.8 3.2 15 12
08:04:16 1 46 4096 2870 7.7 3.2 15 12
08:04:17 1 46 4096 2870 7.7 3.2 15 12
08:04:18 1 46 4096 2870 7.5 3.2 15 12
08:04:19 1 47 4096 2870 7.4 3.2 15 12
08:04:20 1 46 4096 2870 7.5 3.2 15 12
08:04:21 1 47 4096 2870 7.3 3.2 15 12
08:04:22 1 46 4096 2870 7.4 3.2 15 12
08:04:23 1 46 4096 2870 7.5 3.2 15 12
08:04:25 1 47 4096 2870 7.3 3.2 15 12
08:04:26 1 47 4096 2870 7.3 3.2 15 12
08:04:27 1 46 4096 2870 7.5 3.2 15 12
08:04:28 1 46 4096 2870 7.4 3.2 15 12
08:04:29 1 47 4096 2870 7.3 3.2 15 12
08:04:30 1 46 4096 2870 7.5 3.2 15 12
08:04:31 1 47 4096 2870 7.3 3.2 15 12
08:04:32 1 46 4096 2870 7.5 3.2 15 12
08:04:33 1 46 4096 2870 7.4 3.2 15 12
08:04:34 1 46 4096 2870 7.5 3.2 15 12
08:04:35 1 45 4096 2870 7.8 3.2 15 12
08:04:36 1 46 4096 2870 7.6 3.2 15 12
08:04:37 1 46 4096 2870 7.5 3.2 15 12
08:04:38 1 45 4096 2870 7.8 3.2 15 12
08:04:39 1 45 4096 2870 7.6 3.2 15 12
08:04:41 1 41 4096 2870 9.2 3.2 15 12
08:04:42 1 49 4096 2870 6.5 3.2 15 12
08:04:43 1 49 4096 2870 6.4 3.2 15 12
08:04:44 1 49 4096 2870 6.3 3.2 15 12
08:04:45 1 49 4096 2870 6.4 3.2 15 12
08:04:46 1 50 4096 2870 6.2 3.2 15 12
08:04:47 1 48 4096 2870 6.7 3.2 15 12
08:04:48 1 48 4096 2870 6.8 3.1 15 12
08:04:49 1 49 4096 2870 6.6 3.1 15 12
08:04:50 1 49 4096 2870 6.7 3.1 15 12
08:04:51 1 45 4096 2870 8.0 3.1 15 12
08:04:52 1 42 4096 2870 9.0 3.2 15 12
08:04:53 1 45 4096 2870 7.9 3.1 15 12
08:04:54 1 46 4096 2870 7.8 3.2 15 12
08:04:55 1 46 4096 2870 7.7 3.1 15 12
08:04:56 1 45 4096 2870 7.9 3.1 15 12
08:04:58 1 46 4096 2870 7.7 3.2 15 12
08:04:59 1 46 4096 2870 7.8 3.2 15 12
08:05:00 1 45 4096 2870 7.9 3.1 15 12
08:05:01 1 46 4096 2870 7.5 3.2 15 12
08:05:02 1 46 4096 2870 7.7 3.2 15 12
08:05:03 1 46 4096 2870 7.7 3.2 15 12
08:05:04 1 46 4096 2870 7.7 3.2 15 12
08:05:05 1 46 4096 2870 7.5 3.2 15 12
08:05:06 1 46 4096 2870 7.7 3.2 15 12
08:05:07 1 46 4096 2870 7.5 3.2 15 12
08:05:08 1 46 4096 2870 7.8 3.2 15 12
08:05:09 1 46 4096 2870 7.7 3.2 15 12
08:05:10 1 46 4096 2870 7.7 3.2 15 12
08:05:11 1 46 4096 2870 7.8 3.2 15 12
08:05:12 1 46 4096 2870 7.6 3.2 15 12
08:05:13 1 47 4096 2870 7.5 3.2 15 12
08:05:15 1 46 4096 2870 7.7 3.2 15 12
08:05:16 1 47 4096 2870 7.3 3.2 15 12
08:05:17 1 47 4096 2870 7.3 3.2 15 12
08:05:18 1 46 4096 2870 7.5 3.2 15 12
08:05:19 1 47 4096 2870 7.3 3.2 15 12
08:05:20 1 47 4096 2870 7.3 3.2 15 12
08:05:21 1 46 4096 2870 7.5 3.2 15 12
08:05:22 1 46 4096 2870 7.4 3.2 15 12
08:05:23 1 46 4096 2870 7.5 3.2 15 12
08:05:24 1 46 4096 2870 7.5 3.2 15 12
08:05:25 1 46 4096 2870 7.3 3.2 15 12
08:05:26 1 46 4096 2870 7.5 3.2 15 12
08:05:27 1 47 4096 2870 7.3 3.2 15 12
08:05:28 1 46 4096 2870 7.5 3.2 15 12
08:05:29 1 46 4096 2870 7.6 3.2 15 12
08:05:31 1 47 4096 2870 7.3 3.2 15 12
08:05:32 1 47 4096 2870 7.3 3.2 15 12
08:05:33 1 46 4096 2870 7.5 3.2 15 12
08:05:34 1 47 4096 2870 7.3 3.2 15 12
08:05:35 1 47 4096 2870 7.3 3.2 15 12
08:05:36 1 46 4096 2870 7.5 3.2 15 12
08:05:37 1 47 4096 2870 7.3 3.2 15 12
08:05:38 1 41 4096 2870 9.1 3.2 15 12
08:05:39 1 49 4096 2870 6.6 3.2 15 12
08:05:40 1 49 4096 2870 6.4 3.2 15 12
08:05:41 1 49 4096 2870 6.7 3.2 15 12
08:05:42 1 50 4096 2870 6.2 3.2 15 12
08:05:43 1 50 4096 2870 6.1 3.2 15 12
08:05:44 1 49 4096 2870 6.7 3.2 15 12
08:05:45 1 49 4096 2870 6.6 3.2 15 12
08:05:46 1 49 4096 2870 6.4 3.2 15 12
08:05:47 1 49 4096 2870 6.6 3.2 15 12
08:05:48 1 46 4096 2870 7.6 3.2 15 12
08:05:49 1 53 4096 2870 5.3 3.2 15 12
08:05:51 1 43 4096 2870 8.6 3.2 15 12
08:05:52 1 45 4096 2870 7.8 3.2 15 12
08:05:53 1 46 4096 2870 7.6 3.2 15 12
08:05:54 1 45 4096 2870 7.9 3.2 15 12
08:05:55 1 46 4096 2870 7.7 3.2 15 12
08:05:56 1 45 4096 2870 7.8 3.2 15 12
08:05:57 1 45 4096 2870 7.9 3.2 15 12
08:05:58 1 45 4096 2870 7.8 3.2 15 12
08:05:59 1 46 4096 2870 7.7 3.2 15 12
08:06:00 1 45 4096 2870 7.8 3.2 15 12
08:06:01 1 46 4096 2870 7.7 3.2 15 12
08:06:02 1 45 4096 2870 7.8 3.2 15 12
08:06:03 1 46 4096 2870 7.6 3.2 15 12
08:06:04 1 46 4096 2870 7.5 3.2 15 12
08:06:05 1 45 4096 2870 7.8 3.2 15 12
08:06:06 1 46 4096 2870 7.5 3.2 15 12
08:06:08 1 46 4096 2870 7.5 3.2 15 12
08:06:09 1 46 4096 2870 7.8 3.2 15 12
08:06:10 1 46 4096 2870 7.7 3.2 15 12
08:06:11 1 46 4096 2870 7.5 3.2 15 12
08:06:12 1 45 4096 2870 7.7 3.2 15 12
08:06:13 1 46 4096 2870 7.4 3.2 15 12
08:06:14 1 47 4096 2870 7.3 3.2 15 12
08:06:15 1 46 4096 2870 7.5 3.2 15 12
08:06:16 1 47 4096 2870 7.3 3.2 15 12
08:06:17 1 46 4096 2870 7.5 3.2 15 12
08:06:18 1 46 4096 2870 7.4 3.2 15 12
08:06:19 1 47 4096 2870 7.3 3.2 15 12
08:06:20 1 46 4096 2870 7.6 3.1 15 12
08:06:21 1 46 4096 2870 7.3 3.1 15 12
08:06:22 1 46 4096 2870 7.3 3.1 15 12
08:06:24 1 46 4096 2870 7.6 3.1 15 12
08:06:25 1 46 4096 2870 7.4 3.1 15 12
08:06:26 1 46 4096 2870 7.4 3.1 15 12
08:06:27 1 46 4096 2870 7.6 3.1 15 12
08:06:28 1 46 4096 2870 7.5 3.1 15 12
08:06:29 1 46 4096 2870 7.5 3.1 15 12
08:06:30 1 46 4096 2870 7.5 3.1 15 12
08:06:31 1 46 4096 2870 7.5 3.1 15 12
08:06:32 1 46 4096 2870 7.4 3.1 15 12
08:06:33 1 46 4096 2870 7.5 3.1 15 12
08:06:34 1 46 4096 2870 7.4 3.1 15 12
08:06:35 1 41 4096 2870 9.2 3.2 15 12
08:06:36 1 50 4096 2870 6.1 3.2 15 12
08:06:37 1 50 4096 2870 6.1 3.2 15 12
08:06:38 1 49 4096 2870 6.2 3.2 15 12
08:06:39 1 49 4096 2870 6.3 3.2 15 12
08:06:40 1 50 4096 2870 6.1 3.2 15 12
08:06:42 1 48 4096 2870 6.7 3.2 15 12
08:06:43 1 48 4096 2870 6.6 3.2 15 12
08:06:44 1 49 4096 2870 6.4 3.2 15 12
08:06:45 1 48 4096 2870 6.6 3.2 15 12
08:06:46 1 45 4096 2870 7.6 3.2 15 12
08:06:47 1 49 4096 2870 6.4 3.1 15 12
08:06:48 1 42 4096 2870 8.7 3.2 15 12
08:06:49 1 45 4096 2870 7.7 3.2 15 12
08:06:50 1 45 4096 2870 7.7 3.2 15 12
08:06:51 1 45 4096 2870 7.9 3.2 15 12
08:06:52 1 45 4096 2870 7.8 3.2 15 12
08:06:53 1 45 4096 2870 7.9 3.2 15 12
08:06:54 1 45 4096 2870 7.8 3.2 15 12
08:06:55 1 45 4096 2870 7.8 3.2 15 12
08:06:56 1 45 4096 2870 7.8 3.2 15 12
08:06:57 1 46 4096 2870 7.6 3.2 15 12
08:06:58 1 46 4096 2870 7.6 3.2 15 12
08:07:00 1 45 4096 2870 7.8 3.2 15 12
08:07:01 1 46 4096 2870 7.6 3.2 15 12
08:07:02 1 46 4096 2870 7.7 3.2 15 12
08:07:03 1 45 4096 2870 7.8 3.2 15 12
08:07:04 1 46 4096 2870 7.5 3.2 15 12
08:07:05 1 46 4096 2870 7.5 3.2 15 12
08:07:06 1 45 4096 2870 7.8 3.2 15 12
08:07:07 1 46 4096 2870 7.7 3.2 15 12
08:07:08 1 46 4096 2870 7.6 3.2 15 12
08:07:09 1 45 4096 2870 7.7 3.2 15 12
08:07:10 1 46 4096 2870 7.6 3.2 15 12
08:07:11 1 46 4096 2870 7.5 3.2 15 12
08:07:12 1 47 4096 2870 7.3 3.2 15 12
08:07:13 1 47 4096 2870 7.3 3.2 15 12
08:07:14 1 46 4096 2870 7.5 3.2 15 12
08:07:16 1 47 4096 2870 7.3 3.2 15 12
08:07:17 1 46 4096 2870 7.4 3.2 15 12
08:07:18 1 46 4096 2870 7.5 3.2 15 12
08:07:19 1 47 4096 2870 7.3 3.2 15 12
08:07:20 1 47 4096 2870 7.3 3.2 15 12
08:07:21 1 46 4096 2870 7.5 3.2 15 12
08:07:22 1 46 4096 2870 7.4 3.2 15 12
08:07:23 1 47 4096 2870 7.3 3.2 15 12
08:07:24 1 46 4096 2870 7.4 3.2 15 12
08:07:25 1 46 4096 2870 7.4 3.2 15 12
08:07:26 1 46 4096 2870 7.5 3.2 15 12
08:07:27 1 47 4096 2870 7.3 3.2 15 12
08:07:28 1 47 4096 2870 7.3 3.2 15 12
08:07:29 1 47 4096 2870 7.4 3.2 15 12
08:07:30 1 47 4096 2870 7.3 3.2 15 12
08:07:31 1 47 4096 2870 7.4 3.2 15 12
08:07:33 1 44 4096 2870 7.9 3.2 15 12
08:07:34 1 45 4096 2870 7.6 3.2 15 12
08:07:35 1 48 4096 2870 6.4 3.2 15 12
08:07:36 1 48 4096 2870 6.5 3.2 15 12
08:07:37 1 47 4096 2870 6.6 3.1 15 12
08:07:38 1 49 4096 2870 6.0 3.1 15 12
08:07:39 1 47 4096 2870 6.7 3.1 15 12
08:07:40 1 47 4096 2870 6.6 3.0 15 12
08:07:41 1 47 4096 2870 6.6 3.0 15 12
08:07:42 1 47 4096 2870 6.6 3.0 15 12
08:07:43 1 47 4096 2870 6.5 2.9 15 12
08:07:44 1 42 4096 2870 7.8 2.9 15 12
08:07:45 1 40 4096 2870 8.6 2.9 15 12
08:07:46 1 43 4096 2870 7.7 3.0 15 12
08:07:47 1 43 4096 2870 7.9 3.0 15 12
08:07:49 1 43 4096 2870 7.8 3.0 15 12
08:07:50 1 44 4096 2870 7.7 3.0 15 12
08:07:51 1 43 4096 2870 7.9 3.1 15 12
08:07:52 1 43 4096 2870 7.8 3.1 15 12
08:07:53 1 44 4096 2870 7.6 3.1 15 12
08:07:54 1 43 4096 2870 7.9 3.1 15 12
08:07:55 1 44 4096 2870 7.5 3.1 15 12
08:07:56 1 44 4096 2870 7.7 3.1 15 12
08:07:57 1 44 4096 2870 7.8 3.1 15 12
08:07:58 1 44 4096 2870 7.7 3.1 15 12
08:07:59 1 44 4096 2870 7.8 3.1 15 12
08:08:00 1 44 4096 2870 7.7 3.1 15 12
08:08:01 1 44 4096 2870 7.6 3.1 15 12
08:08:02 1 44 4096 2870 7.8 3.1 15 12
08:08:03 1 44 4096 2870 7.5 3.1 15 12
08:08:04 1 44 4096 2870 7.5 3.1 15 12
08:08:06 1 44 4096 2870 7.7 3.1 15 12
08:08:07 1 44 4096 2870 7.5 3.1 15 12
08:08:08 1 44 4096 2870 7.6 3.1 15 12
08:08:09 1 45 4096 2870 7.5 3.1 15 12
08:08:10 1 45 4096 2870 7.4 3.1 15 12
08:08:11 1 45 4096 2870 7.3 3.1 15 12
08:08:12 1 45 4096 2870 7.5 3.1 15 12
08:08:13 1 45 4096 2870 7.3 3.1 15 12
08:08:14 1 45 4096 2870 7.5 3.1 15 12
08:08:15 1 45 4096 2870 7.5 3.1 15 12
08:08:16 1 45 4096 2870 7.4 3.1 15 12
08:08:17 1 45 4096 2870 7.5 3.1 15 12
08:08:18 1 45 4096 2870 7.4 3.1 15 12
08:08:19 1 45 4096 2870 7.3 3.1 15 12
08:08:20 1 45 4096 2870 7.5 3.1 15 12
08:08:22 1 45 4096 2870 7.4 3.1 15 12
08:08:23 1 45 4096 2870 7.3 3.1 15 12
08:08:24 1 45 4096 2870 7.5 3.1 15 12
08:08:25 1 45 4096 2870 7.4 3.1 15 12
08:08:26 1 45 4096 2870 7.3 3.1 15 12
08:08:27 1 45 4096 2870 7.4 3.1 15 12
08:08:28 1 45 4096 2870 7.4 3.1 15 12
08:08:29 1 45 4096 2870 7.3 3.1 15 12
08:08:30 1 45 4096 2870 7.5 3.1 15 12
08:08:31 1 40 4096 2870 9.0 3.2 15 12
08:08:32 1 49 4096 2870 6.2 3.2 15 12
08:08:33 1 49 4096 2870 6.3 3.2 15 12
08:08:34 1 49 4096 2870 6.1 3.2 15 12
08:08:35 1 49 4096 2870 6.2 3.2 15 12
08:08:36 1 49 4096 2870 6.0 3.2 15 12
08:08:37 1 48 4096 2870 6.6 3.2 15 12
08:08:38 1 48 4096 2870 6.5 3.2 15 12
08:08:40 1 48 4096 2870 6.5 3.2 15 12
08:08:41 1 48 4096 2870 6.4 3.2 15 12
08:08:42 1 44 4096 2870 7.8 3.2 15 12
08:08:43 1 41 4096 2870 8.8 3.2 15 12
08:08:44 1 44 4096 2870 7.7 3.2 15 12
08:08:45 1 44 4096 2870 7.9 3.2 15 12
08:08:46 1 44 4096 2870 7.6 3.2 15 12
08:08:47 1 44 4096 2870 7.6 3.2 15 12
08:08:48 1 44 4096 2870 7.9 3.2 15 12
08:08:49 1 44 4096 2870 7.7 3.2 15 12
08:08:50 1 44 4096 2870 7.9 3.2 15 12
08:08:51 1 45 4096 2870 7.5 3.2 15 12
08:08:52 1 45 4096 2870 7.5 3.2 15 12
08:08:53 1 44 4096 2870 7.8 3.2 15 12
08:08:54 1 45 4096 2870 7.5 3.2 15 12
08:08:55 1 45 4096 2870 7.5 3.2 15 12
08:08:57 1 44 4096 2870 7.7 3.2 15 12
08:08:58 1 45 4096 2870 7.5 3.2 15 12
08:08:59 1 45 4096 2870 7.5 3.2 15 12
08:09:00 1 44 4096 2870 7.8 3.2 15 12
08:09:01 1 45 4096 2870 7.6 3.2 15 12
08:09:02 1 45 4096 2870 7.5 3.2 15 12
08:09:03 1 44 4096 2870 7.8 3.2 15 12
08:09:04 1 45 4096 2870 7.5 3.2 15 12
08:09:05 1 45 4096 2870 7.6 3.2 15 12
08:09:06 1 45 4096 2870 7.5 3.2 15 12
08:09:07 1 45 4096 2870 7.4 3.2 15 12
08:09:08 1 45 4096 2870 7.5 3.2 15 12
08:09:09 1 46 4096 2870 7.3 3.2 15 12
08:09:10 1 46 4096 2870 7.3 3.2 15 12
08:09:11 1 45 4096 2870 7.5 3.2 15 12
08:09:12 1 45 4096 2870 7.3 3.2 15 12
08:09:14 1 46 4096 2870 7.3 3.2 15 12
08:09:15 1 45 4096 2870 7.5 3.2 15 12
08:09:16 1 46 4096 2870 7.3 3.2 15 12
08:09:17 1 46 4096 2870 7.3 3.2 15 12
08:09:18 1 45 4096 2870 7.5 3.2 15 12
08:09:19 1 46 4096 2870 7.3 3.2 15 12
08:09:20 1 46 4096 2870 7.3 3.2 15 12
08:09:21 1 45 4096 2870 7.5 3.2 15 12
08:09:22 1 45 4096 2870 7.4 3.2 15 12
08:09:23 1 45 4096 2870 7.5 3.2 15 12
08:09:24 1 46 4096 2870 7.3 3.2 15 12
08:09:25 1 45 4096 2870 7.4 3.2 15 12
08:09:26 1 45 4096 2870 7.5 3.2 15 12
08:09:27 1 46 4096 2870 7.3 3.2 15 12
08:09:28 1 40 4096 2870 9.1 3.1 15 12
08:09:29 1 48 4096 2870 6.6 3.1 15 12
08:09:31 1 48 4096 2870 6.4 3.1 15 12
08:09:32 1 48 4096 2870 6.6 3.1 15 12
08:09:33 1 48 4096 2870 6.3 3.1 15 12
08:09:34 1 49 4096 2870 6.1 3.1 15 12
08:09:35 1 48 4096 2870 6.5 3.1 15 12
08:09:36 1 47 4096 2870 6.7 3.1 15 12
08:09:37 1 48 4096 2870 6.5 3.1 15 12
08:09:38 1 48 4096 2870 6.4 3.1 15 12
08:09:39 1 44 4096 2870 7.8 3.1 15 12
08:09:40 1 48 4096 2870 6.5 3.1 15 12
08:09:41 1 41 4096 2870 8.6 3.1 15 12
08:09:42 1 44 4096 2870 7.9 3.1 15 12
08:09:43 1 44 4096 2870 7.6 3.1 15 12
08:09:44 1 44 4096 2870 7.9 3.1 15 12
08:09:45 1 44 4096 2870 7.7 3.1 15 12
08:09:46 1 44 4096 2870 7.7 3.1 15 12
08:09:48 1 44 4096 2870 7.9 3.1 15 12
08:09:49 1 44 4096 2870 7.8 3.1 15 12
08:09:50 1 45 4096 2870 7.6 3.1 15 12
08:09:51 1 44 4096 2870 7.8 3.1 15 12
08:09:52 1 44 4096 2870 7.7 3.1 15 12
08:09:53 1 45 4096 2870 7.6 3.1 15 12
08:09:54 1 44 4096 2870 7.8 3.1 15 12
08:09:55 1 45 4096 2870 7.5 3.1 15 12
08:09:56 1 44 4096 2870 7.8 3.1 15 12
08:09:57 1 45 4096 2870 7.5 3.1 15 12
08:09:58 1 45 4096 2870 7.5 3.1 15 12
08:09:59 1 45 4096 2870 7.6 3.1 15 12
08:10:00 1 44 4096 2870 7.7 3.1 15 12
08:10:01 1 45 4096 2870 7.7 3.1 15 12
08:10:02 1 44 4096 2870 7.7 3.1 15 12
08:10:04 1 46 4096 2870 7.3 3.1 15 12
08:10:05 1 45 4096 2870 7.4 3.1 15 12
08:10:06 1 45 4096 2870 7.5 3.1 15 12
08:10:07 1 46 4096 2870 7.3 3.1 15 12
08:10:08 1 46 4096 2870 7.3 3.1 15 12
08:10:09 1 45 4096 2870 7.5 3.1 15 12
08:10:10 1 46 4096 2870 7.3 3.1 15 12
08:10:11 1 46 4096 2870 7.3 3.1 15 12
08:10:12 1 45 4096 2870 7.5 3.1 15 12
08:10:13 1 45 4096 2870 7.4 3.1 15 12
08:10:14 1 45 4096 2870 7.6 3.1 15 12
08:10:15 1 46 4096 2870 7.3 3.1 15 12
08:10:16 1 45 4096 2870 7.4 3.1 15 12
08:10:17 1 45 4096 2870 7.5 3.1 15 12
08:10:18 1 45 4096 2870 7.3 3.1 15 12
08:10:19 1 45 4096 2870 7.3 3.1 15 12
08:10:21 1 45 4096 2870 7.5 3.1 15 12
08:10:22 1 45 4096 2870 7.3 3.1 15 12
08:10:23 1 45 4096 2870 7.3 3.1 15 12
08:10:24 1 45 4096 2870 7.5 3.1 15 12
08:10:25 1 45 4096 2870 7.3 3.1 15 12
08:10:26 1 40 4096 2870 9.0 3.1 15 12
08:10:27 1 45 4096 2870 7.4 3.1 15 12
08:10:28 1 49 4096 2870 6.0 3.1 15 12
08:10:29 1 48 4096 2870 6.3 3.1 15 12
08:10:30 1 48 4096 2870 6.2 3.1 15 12
08:10:31 1 48 4096 2870 6.1 3.1 15 12
08:10:32 1 47 4096 2870 6.7 3.1 15 12
08:10:33 1 47 4096 2870 6.6 3.1 15 12
08:10:34 1 48 4096 2870 6.4 3.1 15 12
08:10:35 1 47 4096 2870 6.6 3.1 15 12
08:10:36 1 44 4096 2870 7.7 3.1 15 12
08:10:37 1 45 4096 2870 7.4 3.1 15 12
08:10:39 1 41 4096 2870 8.6 3.1 15 12
08:10:40 1 44 4096 2870 7.8 3.1 15 12
08:10:41 1 44 4096 2870 7.7 3.1 15 12
08:10:42 1 43 4096 2870 7.9 3.1 15 12
08:10:43 1 43 4096 2870 7.8 3.1 15 12
08:10:44 1 44 4096 2870 7.7 3.1 15 12
08:10:45 1 43 4096 2870 7.9 3.1 15 12
08:10:46 1 44 4096 2862 7.7 3.1 15 12
08:10:47 1 43 4096 2862 7.9 3.1 15 12
08:10:48 1 43 4096 2862 7.8 3.1 15 12
08:10:49 1 44 4096 2862 7.6 3.1 15 12
08:10:50 1 43 4096 2862 7.8 3.1 15 12
08:10:51 1 44 4096 2862 7.5 3.1 15 12
08:10:52 1 44 4096 2862 7.5 3.1 15 12
08:10:53 1 43 4096 2862 7.8 3.1 15 12
08:10:55 1 44 4096 2862 7.7 3.1 15 12
08:10:56 1 44 4096 2862 7.7 3.1 15 12
08:10:57 1 43 4096 2862 7.8 3.1 15 12
08:10:58 1 44 4096 2862 7.6 3.1 15 12
08:10:59 1 44 4096 2862 7.7 3.1 15 12
08:11:00 1 44 4096 2862 7.8 3.1 15 12
08:11:01 1 44 4096 2862 7.5 3.1 15 12
08:11:02 1 45 4096 2862 7.3 3.1 15 12
08:11:03 1 44 4096 2862 7.5 3.1 15 12
08:11:04 1 45 4096 2862 7.3 3.1 15 12
08:11:05 1 44 4096 2862 7.5 3.1 15 12
08:11:06 1 45 4096 2862 7.4 3.1 15 12
08:11:07 1 45 4096 2862 7.4 3.1 15 12
08:11:08 1 44 4096 2862 7.5 3.1 15 12
08:11:09 1 45 4096 2862 7.4 3.1 15 12
08:11:10 1 45 4096 2862 7.3 3.1 15 12
08:11:12 1 44 4096 2862 7.5 3.1 15 12
08:11:13 1 45 4096 2862 7.3 3.1 15 12
08:11:14 1 45 4096 2862 7.3 3.1 15 12
08:11:15 1 44 4096 2862 7.5 3.1 15 12
08:11:16 1 45 4096 2862 7.3 3.1 15 12
08:11:17 1 45 4096 2862 7.4 3.1 15 12
08:11:18 1 44 4096 2854 7.5 3.1 15 12
08:11:19 1 44 4096 2854 7.4 3.1 15 12
08:11:20 1 45 4096 2854 7.4 3.1 15 12
08:11:21 1 44 4096 2854 7.5 3.1 15 12
08:11:22 1 45 4096 2854 7.4 3.1 15 12
08:11:23 1 45 4096 2854 7.4 3.1 15 12
08:11:24 1 40 4096 2854 8.9 3.1 15 12
08:11:25 1 47 4096 2854 6.4 3.1 15 12
08:11:26 1 47 4096 2854 6.6 3.1 15 12
08:11:27 1 47 4096 2854 6.5 3.1 15 12
08:11:29 1 49 4096 2854 6.0 3.1 15 12
08:11:30 1 48 4096 2846 6.2 3.1 15 12
08:11:31 1 47 4096 2846 6.6 3.1 15 12
08:11:32 1 47 4096 2846 6.5 3.1 15 12
08:11:33 1 47 4096 2846 6.6 3.1 15 12
08:11:34 1 48 4096 2846 6.4 3.1 15 12
08:11:35 1 44 4096 2846 7.6 3.1 15 12
08:11:36 1 40 4096 2846 9.0 3.1 15 12
08:11:37 1 44 4096 2846 7.7 3.1 15 12
08:11:38 1 44 4096 2846 7.7 3.1 15 12
08:11:39 1 43 4096 2846 7.8 3.1 15 12
08:11:40 1 43 4096 2846 7.8 3.1 15 12
08:11:41 1 43 4096 2846 7.9 3.1 15 12
08:11:42 1 43 4096 2846 7.8 3.1 15 12
08:11:43 1 44 4096 2846 7.7 3.1 15 12
08:11:44 1 44 4096 2846 7.8 3.1 15 12
08:11:46 1 44 4096 2846 7.5 3.1 15 12
08:11:47 1 44 4096 2846 7.5 3.1 15 12
08:11:48 1 44 4096 2846 7.8 3.1 15 12
08:11:49 1 44 4096 2846 7.6 3.1 15 12
08:11:50 1 44 4096 2846 7.5 3.1 15 12
08:11:51 1 44 4096 2846 7.8 3.1 15 12
08:11:52 1 44 4096 2846 7.7 3.1 15 12
08:11:53 1 44 4096 2846 7.5 3.1 15 12
08:11:54 1 44 4096 2846 7.8 3.1 15 12
08:11:55 1 44 4096 2846 7.7 3.1 15 12
08:11:56 1 44 4096 2846 7.8 3.1 15 12
08:11:57 1 44 4096 2846 7.7 3.1 15 12
08:11:58 1 44 4096 2846 7.5 3.1 15 12
08:11:59 1 44 4096 2846 7.5 3.1 15 12
08:12:00 1 45 4096 2846 7.4 3.1 15 12
08:12:01 1 45 4096 2846 7.3 3.1 15 12
08:12:03 1 44 4096 2846 7.5 3.1 15 12
08:12:04 1 45 4096 2846 7.4 3.1 15 12
08:12:05 1 45 4096 2846 7.3 3.1 15 12
08:12:06 1 44 4096 2846 7.5 3.1 15 12
08:12:07 1 45 4096 2846 7.3 3.1 15 12
08:12:08 1 45 4096 2846 7.4 3.1 15 12
08:12:09 1 44 4096 2846 7.5 3.1 15 12
08:12:10 1 45 4096 2846 7.3 3.1 15 12
08:12:11 1 44 4096 2846 7.5 3.1 15 12
08:12:12 1 44 4096 2846 7.5 3.1 15 12
08:12:13 1 45 4096 2846 7.4 3.1 15 12
08:12:14 1 44 4096 2846 7.5 3.1 15 12
08:12:15 1 45 4096 2846 7.3 3.1 15 12
08:12:16 1 45 4096 2846 7.3 3.1 15 12
08:12:17 1 44 4096 2846 7.5 3.1 15 12
08:12:19 1 45 4096 2846 7.4 3.1 15 12
08:12:20 1 45 4096 2846 7.3 3.1 15 12
08:12:21 1 45 4096 2846 7.4 3.1 15 12
08:12:22 1 40 4096 2846 9.0 3.1 15 12
08:12:23 1 49 4096 2846 6.0 3.1 15 12
08:12:24 1 48 4096 2846 6.2 3.1 15 12
08:12:25 1 49 4096 2846 6.1 3.1 15 12
08:12:26 1 49 4096 2846 6.0 3.1 15 12
08:12:27 1 48 4096 2846 6.2 3.1 15 12
08:12:28 1 47 4096 2846 6.6 3.1 15 12
08:12:29 1 48 4096 2846 6.7 3.1 15 12
08:12:30 1 48 4096 2846 6.4 3.1 15 12
08:12:31 1 48 4096 2846 6.4 3.1 15 12
08:12:32 1 44 4096 2846 7.8 3.1 15 12
08:12:33 1 41 4096 2846 8.7 3.1 15 12
08:12:34 1 41 4096 2846 8.8 3.1 15 12
08:12:35 1 44 4096 2846 7.8 3.1 15 12
08:12:36 1 44 4096 2846 7.7 3.1 15 12
08:12:38 1 44 4096 2846 7.8 3.1 15 12
08:12:39 1 44 4096 2846 7.9 3.1 15 12
08:12:40 1 44 4096 2846 7.6 3.1 15 12
08:12:41 1 44 4096 2846 7.6 3.1 15 12
08:12:42 1 39 4096 2846 8.9 3.1 15 12
08:12:43 1 43 4096 2846 7.5 3.1 15 12
08:12:44 1 43 4096 2846 7.5 3.1 15 12
08:12:45 1 43 4096 2846 7.7 3.1 15 12
08:12:46 1 40 4096 2846 8.7 3.1 15 12
08:12:47 1 43 4096 2846 7.8 3.1 15 12
08:12:48 1 43 4096 2846 7.7 3.1 15 12
08:12:49 1 43 4096 2846 7.5 3.1 15 12
08:12:50 1 43 4096 2846 7.8 3.1 15 12
08:12:51 1 42 4096 2846 8.1 3.1 15 12
08:12:52 1 40 4096 2846 8.7 3.1 15 12
08:12:53 1 43 4096 2846 7.8 3.1 15 12
08:12:55 1 43 4096 2846 7.7 3.1 15 12
08:12:56 1 42 4096 2846 8.1 3.1 15 12
08:12:57 1 40 4096 2846 8.8 3.1 15 12
08:12:58 1 43 4096 2846 7.5 3.1 15 12
08:12:59 1 43 4096 2846 7.7 3.1 15 12
08:13:00 1 44 4096 2846 7.4 3.1 15 12
08:13:01 1 41 4096 2846 8.3 3.1 15 12
08:13:02 1 44 4096 2846 7.3 3.1 15 12
08:13:03 1 43 4096 2846 7.6 3.1 15 12
08:13:04 1 44 4096 2846 7.4 3.1 15 12
08:13:05 1 43 4096 2846 7.6 3.1 15 12
08:13:06 1 44 4096 2846 7.3 3.1 15 12
08:13:07 1 44 4096 2846 7.3 3.1 15 12
08:13:08 1 43 4096 2846 7.5 3.1 15 12
08:13:09 1 44 4096 2846 7.4 3.1 15 12
08:13:11 1 44 4096 2846 7.3 3.1 15 12
08:13:12 1 43 4096 2846 7.6 3.1 15 12
08:13:13 1 44 4096 2846 7.5 3.1 15 12
08:13:14 1 44 4096 2846 7.3 3.1 15 12
08:13:15 1 44 4096 2846 7.4 3.1 15 12
08:13:16 1 44 4096 2846 7.4 3.1 15 12
08:13:17 1 44 4096 2846 7.4 3.1 15 12
08:13:18 1 44 4096 2846 7.5 3.1 15 12
08:13:19 1 44 4096 2846 7.4 3.1 15 12
08:13:20 1 44 4096 2846 7.5 3.1 15 12
08:13:21 1 44 4096 2846 7.5 3.1 15 12
08:13:22 1 40 4096 2846 9.0 3.1 15 12
08:13:23 1 47 4096 2846 6.6 3.1 15 12
08:13:24 1 47 4096 2846 6.5 3.1 15 12
08:13:25 1 47 4096 2846 6.5 3.1 15 12
08:13:26 1 48 4096 2846 6.1 3.1 15 12
08:13:27 1 48 4096 2846 6.1 3.1 15 12
08:13:29 1 47 4096 2846 6.6 3.1 15 12
08:13:30 1 47 4096 2846 6.7 3.1 15 12
08:13:31 1 47 4096 2846 6.5 3.1 15 12
08:13:32 1 48 4096 2846 6.4 3.1 15 12
08:13:33 1 44 4096 2846 7.8 3.1 15 12
08:13:34 1 48 4096 2846 6.3 3.1 15 12
08:13:35 1 42 4096 2846 8.4 3.1 15 12
08:13:36 1 43 4096 2846 7.9 3.1 15 12
08:13:37 1 44 4096 2846 7.6 3.1 15 12
08:13:38 1 43 4096 2846 7.9 3.1 15 12
08:13:39 1 44 4096 2846 7.7 3.1 15 12
08:13:40 1 44 4096 2846 7.6 3.1 15 12
08:13:41 1 43 4096 2846 7.9 3.1 15 12
08:13:42 1 44 4096 2846 7.8 3.1 15 12
08:13:43 1 44 4096 2846 7.5 3.1 15 12
08:13:44 1 44 4096 2846 7.8 3.1 15 12
08:13:46 1 44 4096 2846 7.5 3.1 15 12
08:13:47 1 44 4096 2846 7.5 3.1 15 12
08:13:48 1 44 4096 2846 7.7 3.1 15 12
08:13:49 1 44 4096 2846 7.5 3.1 15 12
08:13:50 1 44 4096 2846 7.5 3.1 15 12
08:13:51 1 44 4096 2846 7.8 3.1 15 12
08:13:52 1 44 4096 2846 7.5 3.1 15 12
08:13:53 1 44 4096 2846 7.7 3.1 15 12
08:13:54 1 44 4096 2846 7.7 3.1 15 12
08:13:55 1 44 4096 2846 7.6 3.1 15 12
08:13:56 1 44 4096 2846 7.7 3.1 15 12
08:13:57 1 44 4096 2846 7.7 3.1 15 12
08:13:58 1 46 4096 2846 7.2 3.1 15 12
08:13:59 1 45 4096 2846 7.5 3.1 15 12
08:14:00 1 46 4096 2846 7.3 3.1 15 12
08:14:01 1 46 4096 2846 7.3 3.1 15 12
08:14:03 1 45 4096 2846 7.5 3.1 15 12
08:14:04 1 45 4096 2846 7.4 3.1 15 12
08:14:05 1 45 4096 2846 7.3 3.1 15 12
08:14:06 1 45 4096 2846 7.5 3.1 15 12
08:14:07 1 45 4096 2846 7.5 3.1 15 12
08:14:08 1 45 4096 2846 7.5 3.1 15 12
08:14:09 1 45 4096 2846 7.4 3.1 15 12
08:14:10 1 46 4096 2846 7.3 3.1 15 12
08:14:11 1 45 4096 2846 7.5 3.1 15 12
08:14:12 1 45 4096 2846 7.4 3.1 15 12
08:14:13 1 45 4096 2846 7.5 3.1 15 12
08:14:14 1 45 4096 2846 7.5 3.1 15 12
08:14:15 1 45 4096 2846 7.4 3.1 15 12
08:14:16 1 45 4096 2846 7.4 3.1 15 12
08:14:17 1 45 4096 2846 7.5 3.1 15 12
08:14:19 1 45 4096 2846 7.4 3.1 15 12
08:14:20 1 45 4096 2846 7.5 3.1 15 12
08:14:21 1 40 4096 2846 9.0 3.1 15 12
08:14:22 1 50 4096 2846 6.0 3.1 15 12
08:14:23 1 49 4096 2846 6.2 3.1 15 12
08:14:24 1 49 4096 2846 6.2 3.1 15 12
08:14:25 1 49 4096 2846 6.1 3.1 15 12
08:14:26 1 48 4096 2846 6.4 3.1 15 12
08:14:27 1 48 4096 2846 6.6 3.1 15 12
08:14:28 1 48 4096 2846 6.5 3.1 15 12
08:14:29 1 48 4096 2846 6.5 3.1 15 12
08:14:30 1 48 4096 2846 6.6 3.1 15 12
08:14:31 1 45 4096 2846 7.6 3.1 15 12
08:14:32 1 41 4096 2846 9.0 3.1 15 12
08:14:33 1 45 4096 2846 7.7 3.1 15 12
08:14:34 1 45 4096 2846 7.6 3.1 15 12
08:14:35 1 44 4096 2846 7.9 3.1 15 12
08:14:37 1 44 4096 2846 7.8 3.1 15 12
08:14:38 1 44 4096 2846 7.8 3.1 15 12
08:14:39 1 44 4096 2846 7.9 3.1 15 12
08:14:40 1 45 4096 2846 7.6 3.1 15 12
08:14:41 1 45 4096 2846 7.5 3.1 15 12
08:14:42 1 44 4096 2846 7.7 3.1 15 12
08:14:43 1 45 4096 2846 7.6 3.1 15 12
08:14:44 1 45 4096 2846 7.5 3.1 15 12
08:14:45 1 44 4096 2846 7.8 3.1 15 12
08:14:46 1 45 4096 2846 7.5 3.1 15 12
08:14:47 1 44 4096 2846 7.8 3.1 15 12
08:14:48 1 45 4096 2846 7.7 3.1 15 12
08:14:49 1 45 4096 2846 7.5 3.1 15 12
08:14:50 1 44 4096 2846 7.8 3.1 15 12
08:14:51 1 45 4096 2846 7.7 3.1 15 12
08:14:52 1 45 4096 2846 7.5 3.1 15 12
08:14:54 1 44 4096 2846 7.7 3.1 15 12
08:14:55 1 45 4096 2846 7.5 3.1 15 12
08:14:56 1 46 4096 2846 7.3 3.1 15 12
08:14:57 1 45 4096 2846 7.5 3.1 15 12
08:14:58 1 45 4096 2846 7.4 3.1 15 12
08:14:59 1 46 4096 2846 7.3 3.1 15 12
08:15:00 1 45 4096 2846 7.5 3.1 15 12
08:15:01 1 46 4096 2846 7.3 3.1 15 12
08:15:02 1 45 4096 2846 7.5 3.1 15 12
08:15:03 1 45 4096 2846 7.5 3.1 15 12
08:15:04 1 45 4096 2846 7.4 3.1 15 12
08:15:05 1 45 4096 2846 7.5 3.1 15 12
08:15:06 1 45 4096 2846 7.5 3.1 15 12
08:15:07 1 45 4096 2846 7.4 3.1 15 12
08:15:08 1 45 4096 2846 7.6 3.1 15 12
08:15:10 1 45 4096 2846 7.4 3.1 15 12
08:15:11 1 46 4096 2846 7.3 3.1 15 12
08:15:12 1 45 4096 2846 7.5 3.1 15 12
08:15:13 1 46 4096 2846 7.3 3.1 15 12
08:15:14 1 46 4096 2846 7.3 3.1 15 12
08:15:15 1 45 4096 2846 7.5 3.1 15 12
08:15:16 1 46 4096 2846 7.3 3.1 15 12
08:15:17 1 46 4096 2846 7.4 3.1 15 12
08:15:18 1 40 4096 2846 9.3 3.1 15 12
08:15:19 1 48 4096 2846 6.5 3.1 15 12
08:15:20 1 47 4096 2846 6.6 3.1 15 12
08:15:21 1 48 4096 2846 6.5 3.1 15 12
08:15:22 1 49 4096 2846 6.2 3.1 15 12
08:15:23 1 49 4096 2846 6.2 3.1 15 12
08:15:24 1 48 4096 2846 6.5 3.1 15 12
08:15:25 1 48 4096 2846 6.4 3.1 15 12
08:15:26 1 47 4096 2846 6.6 3.1 15 12
08:15:28 1 48 4096 2846 6.4 3.1 15 12
08:15:29 1 45 4096 2846 7.6 3.1 15 12
08:15:30 1 48 4096 2846 6.6 3.1 15 12
08:15:31 1 42 4096 2846 8.5 3.1 15 12
08:15:32 1 44 4096 2846 7.7 3.1 15 12
08:15:33 1 44 4096 2846 7.9 3.1 15 12
08:15:34 1 44 4096 2846 7.7 3.1 15 12
08:15:35 1 44 4096 2846 7.7 3.1 15 12
08:15:36 1 44 4096 2846 7.9 3.1 15 12
08:15:37 1 44 4096 2846 7.8 3.1 15 12
08:15:38 1 44 4096 2846 7.9 3.1 15 12
08:15:39 1 44 4096 2846 7.8 3.1 15 12
08:15:40 1 45 4096 2846 7.6 3.1 15 12
08:15:41 1 44 4096 2846 7.8 3.1 15 12
08:15:42 1 44 4096 2846 7.7 3.1 15 12
08:15:43 1 45 4096 2846 7.5 3.1 15 12
08:15:45 1 44 4096 2846 7.8 3.1 15 12
08:15:46 1 45 4096 2846 7.6 3.1 15 12
08:15:47 1 44 4096 2846 7.7 3.1 15 12
08:15:48 1 44 4096 2846 7.8 3.1 15 12
08:15:49 1 45 4096 2846 7.5 3.1 15 12
08:15:50 1 44 4096 2846 7.7 3.1 15 12
08:15:51 1 44 4096 2846 7.7 3.1 15 12
08:15:52 1 45 4096 2846 7.6 3.1 15 12
08:15:53 1 45 4096 2846 7.4 3.1 15 12
08:15:54 1 45 4096 2846 7.4 3.1 15 12
08:15:55 1 45 4096 2846 7.4 3.1 15 12
08:15:56 1 45 4096 2846 7.5 3.1 15 12
08:15:57 1 45 4096 2846 7.3 3.1 15 12
08:15:58 1 46 4096 2846 7.3 3.1 15 12
08:15:59 1 45 4096 2846 7.6 3.1 15 12
08:16:01 1 46 4096 2846 7.3 3.1 15 12
08:16:02 1 46 4096 2846 7.3 3.1 15 12
08:16:03 1 45 4096 2846 7.5 3.1 15 12
08:16:04 1 45 4096 2846 7.4 3.1 15 12
08:16:05 1 46 4096 2846 7.3 3.1 15 12
08:16:06 1 45 4096 2846 7.6 3.1 15 12
08:16:07 1 45 4096 2846 7.5 3.1 15 12
08:16:08 1 45 4096 2846 7.4 3.1 15 12
08:16:09 1 45 4096 2846 7.4 3.1 15 12
08:16:10 1 45 4096 2846 7.5 3.1 15 12
08:16:11 1 45 4096 2846 7.6 3.1 15 12
08:16:12 1 46 4096 2846 7.3 3.1 15 12
08:16:13 1 46 4096 2846 7.3 3.1 15 12
08:16:14 1 45 4096 2846 7.5 3.1 15 12
08:16:15 1 40 4096 2846 9.2 3.1 15 12
08:16:16 1 41 4096 2846 9.0 3.1 15 12
08:16:18 1 49 4096 2846 6.2 3.1 15 12
08:16:19 1 50 4096 2846 6.1 3.1 15 12
08:16:20 1 49 4096 2846 6.2 3.1 15 12
08:16:21 1 49 4096 2846 6.1 3.1 15 12
08:16:22 1 48 4096 2846 6.5 3.1 15 12
08:16:23 1 49 4096 2846 6.5 3.1 15 12
08:16:24 1 48 4096 2846 6.6 3.1 15 12
08:16:25 1 49 4096 2846 6.4 3.1 15 12
08:16:26 1 45 4096 2846 7.6 3.1 15 12
08:16:27 1 44 4096 2846 7.8 3.1 15 12
08:16:28 1 42 4096 2846 8.6 3.1 15 12
08:16:29 1 44 4096 2846 7.9 3.1 15 12
08:16:30 1 45 4096 2846 7.8 3.1 15 12
08:16:31 1 45 4096 2846 7.8 3.1 15 12
08:16:32 1 44 4096 2846 7.9 3.1 15 12
08:16:33 1 45 4096 2846 7.8 3.1 15 12
08:16:34 1 45 4096 2846 7.7 3.1 15 12
08:16:36 1 44 4096 2846 7.9 3.1 15 12
08:16:37 1 45 4096 2846 7.7 3.1 15 12
08:16:38 1 45 4096 2846 7.7 3.1 15 12
08:16:39 1 45 4096 2846 7.8 3.1 15 12
08:16:40 1 45 4096 2846 7.7 3.1 15 12
08:16:41 1 45 4096 2846 7.6 3.1 15 12
08:16:42 1 45 4096 2846 7.8 3.1 15 12
08:16:43 1 45 4096 2846 7.5 3.1 15 12
08:16:44 1 45 4096 2846 7.8 3.1 15 12
08:16:45 1 45 4096 2846 7.8 3.1 15 12
08:16:46 1 45 4096 2846 7.7 3.1 15 12
08:16:47 1 45 4096 2846 7.8 3.1 15 12
08:16:48 1 45 4096 2846 7.7 3.1 15 12
08:16:49 1 45 4096 2846 7.6 3.1 15 12
08:16:50 1 45 4096 2846 7.5 3.1 15 12
08:16:52 1 46 4096 2846 7.3 3.1 15 12
08:16:53 1 46 4096 2846 7.3 3.1 15 12
08:16:54 1 45 4096 2846 7.5 3.1 15 12
08:16:55 1 46 4096 2846 7.4 3.1 15 12
08:16:56 1 46 4096 2846 7.3 3.1 15 12
08:16:57 1 45 4096 2846 7.5 3.1 15 12
08:16:58 1 46 4096 2846 7.4 3.1 15 12
08:16:59 1 46 4096 2846 7.3 3.1 15 12
08:17:00 1 46 4096 2846 7.4 3.1 15 12
08:17:01 1 46 4096 2846 7.3 3.1 15 12
08:17:02 1 46 4096 2846 7.4 3.1 15 12
08:17:03 1 46 4096 2846 7.4 3.1 15 12
08:17:04 1 46 4096 2846 7.4 3.1 15 12
08:17:05 1 45 4096 2846 7.5 3.1 15 12
08:17:06 1 46 4096 2846 7.3 3.1 15 12
08:17:07 1 46 4096 2846 7.4 3.1 15 12
08:17:09 1 45 4096 2846 7.5 3.1 15 12
08:17:10 1 46 4096 2846 7.4 3.1 15 12
08:17:11 1 46 4096 2846 7.4 3.1 15 12
08:17:12 1 45 4096 2846 7.5 3.1 15 12
08:17:13 1 46 4096 2846 7.4 3.1 15 12
08:17:14 1 41 4096 2846 8.9 3.1 15 12
08:17:15 1 48 4096 2846 6.6 3.1 15 12
08:17:16 1 48 4096 2846 6.5 3.1 15 12
08:17:17 1 48 4096 2846 6.6 3.1 15 12
08:17:18 1 49 4096 2846 6.3 3.1 15 12
08:17:19 1 48 4096 2846 6.6 3.1 15 12
08:17:20 1 48 4096 2846 6.6 3.1 15 12
08:17:21 1 49 4096 2846 6.4 3.1 15 12
08:17:22 1 48 4096 2846 6.5 3.1 15 12
08:17:23 1 48 4096 2846 6.6 3.1 15 12
08:17:24 1 45 4096 2846 7.6 3.1 15 12
08:17:26 1 43 4096 2846 8.4 3.1 15 12
08:17:27 1 44 4096 2846 7.9 3.1 15 12
08:17:28 1 45 4096 2846 7.7 3.1 15 12
08:17:29 1 45 4096 2846 7.8 3.1 15 12
08:17:30 1 44 4096 2846 7.9 3.1 15 12
08:17:31 1 45 4096 2846 7.6 3.1 15 12
08:17:32 1 45 4096 2846 7.6 3.1 15 12
08:17:33 1 44 4096 2846 7.9 3.1 15 12
08:17:34 1 45 4096 2846 7.5 3.1 15 12
08:17:35 1 45 4096 2846 7.7 3.1 15 12
08:17:36 1 45 4096 2846 7.6 3.1 15 12
08:17:37 1 45 4096 2846 7.6 3.1 15 12
08:17:38 1 45 4096 2846 7.8 3.1 15 12
08:17:39 1 45 4096 2846 7.5 3.1 15 12
08:17:40 1 45 4096 2838 7.7 3.1 15 12
08:17:41 1 45 4096 2838 7.8 3.1 15 12
08:17:43 1 45 4096 2838 7.6 3.1 15 12
08:17:44 1 45 4096 2838 7.5 3.1 15 12
08:17:45 1 45 4096 2838 7.8 3.1 15 12
08:17:46 1 45 4096 2838 7.7 3.1 15 12
08:17:47 1 45 4096 2838 7.5 3.1 15 12
08:17:48 1 45 4096 2838 7.7 3.1 15 12
08:17:49 1 46 4096 2838 7.3 3.1 15 12
08:17:50 1 46 4096 2838 7.4 3.1 15 12
08:17:51 1 45 4096 2838 7.5 3.1 15 12
08:17:52 1 46 4096 2838 7.4 3.1 15 12
08:17:53 1 46 4096 2838 7.5 3.1 15 12
08:17:54 1 46 4096 2838 7.3 3.1 15 12
08:17:55 1 46 4096 2838 7.3 3.1 15 12
08:17:56 1 45 4096 2838 7.5 3.1 15 12
08:17:57 1 46 4096 2838 7.4 3.1 15 12
08:17:59 1 46 4096 2838 7.3 3.1 15 12
08:18:00 1 45 4096 2838 7.5 3.1 15 12
08:18:01 1 46 4096 2838 7.4 3.1 15 12
08:18:02 1 46 4096 2838 7.3 3.1 15 12
08:18:03 1 45 4096 2838 7.5 3.1 15 12
08:18:04 1 46 4096 2838 7.4 3.1 15 12
08:18:05 1 47 4096 2838 7.3 3.1 15 12
08:18:06 1 46 4096 2838 7.5 3.1 15 12
08:18:07 1 47 4096 2838 7.3 3.1 15 12
08:18:08 1 47 4096 2838 7.5 3.1 15 12
08:18:09 1 47 4096 2838 7.5 3.1 15 12
08:18:10 1 47 4096 2838 7.3 3.1 15 12
08:18:11 1 41 4096 2838 9.2 3.1 15 12
08:18:12 1 51 4096 2838 6.0 3.1 15 12
08:18:13 1 51 4096 2838 6.0 3.1 15 12
08:18:14 1 50 4096 2838 6.3 3.1 15 12
08:18:15 1 50 4096 2838 6.1 3.1 15 12
08:18:17 1 50 4096 2838 6.1 3.1 15 12
08:18:18 1 49 4096 2838 6.7 3.1 15 12
08:18:19 1 49 4096 2838 6.4 3.1 15 12
08:18:20 1 49 4096 2838 6.4 3.1 15 12
08:18:21 1 49 4096 2838 6.6 3.1 15 12
08:18:22 1 46 4096 2838 7.6 3.1 15 12
08:18:23 1 50 4096 2838 6.3 3.1 15 12
08:18:24 1 43 4096 2838 8.6 3.1 15 12
08:18:25 1 46 4096 2838 7.6 3.1 15 12
08:18:26 1 45 4096 2838 7.9 3.1 15 12
08:18:27 1 45 4096 2838 7.9 3.1 15 12
08:18:28 1 46 4096 2838 7.7 3.1 15 12
08:18:29 1 45 4096 2838 7.9 3.1 15 12
08:18:30 1 46 4096 2838 7.6 3.1 15 12
08:18:31 1 46 4096 2838 7.6 3.1 15 12
08:18:32 1 45 4096 2838 7.8 3.1 15 12
08:18:34 1 46 4096 2838 7.5 3.1 15 12
08:18:35 1 46 4096 2838 7.5 3.1 15 12
08:18:36 1 45 4096 2838 7.8 3.1 15 12
08:18:37 1 46 4096 2838 7.5 3.1 15 12
08:18:38 1 46 4096 2838 7.5 3.1 15 12
08:18:39 1 45 4096 2838 7.8 3.1 15 12
08:18:40 1 46 4096 2838 7.5 3.1 15 12
08:18:41 1 46 4096 2838 7.5 3.1 15 12
08:18:42 1 45 4096 2838 7.7 3.1 15 12
08:18:43 1 46 4096 2838 7.5 3.1 15 12
08:18:44 1 46 4096 2838 7.7 3.1 15 12
08:18:45 1 46 4096 2838 7.7 3.1 15 12
08:18:46 1 47 4096 2838 7.3 3.1 15 12
08:18:47 1 47 4096 2838 7.4 3.1 15 12
08:18:48 1 47 4096 2838 7.3 3.1 15 12
08:18:49 1 47 4096 2838 7.3 3.1 15 12
08:18:51 1 46 4096 2838 7.5 3.1 15 12
08:18:52 1 47 4096 2838 7.3 3.1 15 12
08:18:53 1 47 4096 2838 7.3 3.1 15 12
08:18:54 1 46 4096 2838 7.5 3.1 15 12
08:18:55 1 47 4096 2838 7.3 3.1 15 12
08:18:56 1 47 4096 2838 7.3 3.1 15 12
08:18:57 1 46 4096 2838 7.5 3.1 15 12
08:18:58 1 46 4096 2838 7.4 3.1 15 12
08:18:59 1 47 4096 2838 7.4 3.1 15 12
08:19:00 1 46 4096 2838 7.4 3.1 15 12
08:19:01 1 47 4096 2838 7.3 3.1 15 12
08:19:02 1 46 4096 2838 7.5 3.1 15 12
08:19:03 1 47 4096 2838 7.3 3.1 15 12
08:19:04 1 47 4096 2838 7.3 3.1 15 12
08:19:05 1 46 4096 2838 7.7 3.1 15 12
08:19:07 1 47 4096 2838 7.3 3.1 15 12
08:19:08 1 47 4096 2838 7.3 3.1 15 12
08:19:09 1 41 4096 2838 9.2 3.1 15 12
08:19:10 1 49 4096 2838 6.4 3.1 15 12
08:19:11 1 49 4096 2838 6.5 3.1 15 12
08:19:12 1 49 4096 2838 6.6 3.1 15 12
08:19:13 1 50 4096 2838 6.0 3.1 15 12
08:19:14 1 50 4096 2838 6.0 3.1 15 12
08:19:15 1 48 4096 2838 6.7 3.1 15 12
08:19:16 1 49 4096 2838 6.4 3.1 15 12
08:19:17 1 48 4096 2838 6.6 3.1 15 12
08:19:18 1 48 4096 2838 6.6 3.1 15 12
08:19:19 1 45 4096 2838 7.7 3.1 15 12
08:19:20 1 49 4096 2838 6.6 3.1 15 12
08:19:21 1 47 4096 2838 7.1 3.1 15 12
08:19:22 1 50 4096 2838 6.1 3.1 15 12
08:19:23 1 50 4096 2838 6.2 3.1 15 12
08:19:24 1 50 4096 2838 6.0 3.1 15 12
08:19:26 1 51 4096 2838 6.0 3.2 15 12
08:19:27 1 50 4096 2838 6.1 3.2 15 12
08:19:28 1 51 4096 2838 5.9 3.2 15 12
08:19:29 1 51 4096 2838 5.9 3.2 15 12
08:19:30 1 48 4096 2838 7.1 3.4 15 12
08:19:31 1 60 4096 2838 3.0 3.4 15 12
08:19:32 1 60 4096 2838 2.8 3.4 15 12
08:19:33 1 58 4096 2838 3.6 3.4 15 12
08:19:34 1 73 4096 2838 2.8 0.6 15 12
