{
  "engine": "ctle_e2e_b1",
  "baseline": "B1_ctle_aaai2021_native_e2e",
  "base_substrate": "check2hgi_dk_ovl",
  "windowing": "stride-1 overlap (gated): window=9 stride=1 min_seq=10 emit_tail=False",
  "state": "florida",
  "seed": 0,
  "folds_run": 5,
  "epochs": 30,
  "pretrain_epochs": 10,
  "cat_f1_mean": 0.2968568801879883,
  "cat_f1_best_mean": 0.3344749748706818,
  "reg_top10_acc_indist_mean": 0.614383053779602,
  "geom_simple_mean": 0.427056483048172,
  "per_fold": [
    {
      "cat_f1": 0.30222272872924805,
      "cat_f1_best": 0.3347126543521881,
      "cat_f1_best_epoch": 5,
      "cat_accuracy": 0.3868504762649536,
      "reg_top10_acc_indist": 0.614808201789856,
      "reg_top5_acc_indist": 0.5517320036888123,
      "reg_top1_acc_indist": 0.392618328332901,
      "reg_n_indist": 254359.0,
      "reg_n_ood": 525.0,
      "geom_simple": 0.4310556952298072,
      "n_train": 1019534,
      "n_val": 254884,
      "n_train_users": 8484,
      "n_val_users": 2138,
      "fold": 0
    },
    {
      "cat_f1": 0.2937122583389282,
      "cat_f1_best": 0.33361101150512695,
      "cat_f1_best_epoch": 3,
      "cat_accuracy": 0.3877057731151581,
      "reg_top10_acc_indist": 0.6145758628845215,
      "reg_top5_acc_indist": 0.5542019009590149,
      "reg_top1_acc_indist": 0.4014550745487213,
      "reg_n_indist": 254696.0,
      "reg_n_ood": 188.0,
      "geom_simple": 0.42486287741859524,
      "n_train": 1019534,
      "n_val": 254884,
      "n_train_users": 8491,
      "n_val_users": 2131,
      "fold": 1
    },
    {
      "cat_f1": 0.2925274670124054,
      "cat_f1_best": 0.32847270369529724,
      "cat_f1_best_epoch": 3,
      "cat_accuracy": 0.38223662972450256,
      "reg_top10_acc_indist": 0.5989322662353516,
      "reg_top5_acc_indist": 0.5366243720054626,
      "reg_top1_acc_indist": 0.3850118815898895,
      "reg_n_indist": 254735.0,
      "reg_n_ood": 149.0,
      "geom_simple": 0.41857393463261305,
      "n_train": 1019534,
      "n_val": 254884,
      "n_train_users": 8490,
      "n_val_users": 2132,
      "fold": 2
    },
    {
      "cat_f1": 0.29353877902030945,
      "cat_f1_best": 0.33721014857292175,
      "cat_f1_best_epoch": 3,
      "cat_accuracy": 0.38608303666114807,
      "reg_top10_acc_indist": 0.6096872687339783,
      "reg_top5_acc_indist": 0.5469404458999634,
      "reg_top1_acc_indist": 0.3910430371761322,
      "reg_n_indist": 254706.0,
      "reg_n_ood": 177.0,
      "geom_simple": 0.4230447452083518,
      "n_train": 1019535,
      "n_val": 254883,
      "n_train_users": 8503,
      "n_val_users": 2119,
      "fold": 3
    },
    {
      "cat_f1": 0.3022831678390503,
      "cat_f1_best": 0.33836835622787476,
      "cat_f1_best_epoch": 4,
      "cat_accuracy": 0.3898533880710602,
      "reg_top10_acc_indist": 0.633911669254303,
      "reg_top5_acc_indist": 0.5727693438529968,
      "reg_top1_acc_indist": 0.40798819065093994,
      "reg_n_indist": 254750.0,
      "reg_n_ood": 133.0,
      "geom_simple": 0.4377451627514929,
      "n_train": 1019535,
      "n_val": 254883,
      "n_train_users": 8520,
      "n_val_users": 2102,
      "fold": 4
    }
  ],
  "wall_seconds": 6767.6,
  "smoke": false
}